year,month,quarter,state,brand,body_type,fuel_type,sale_price
2021,3,1,VIC,Ford,SUV,Diesel,57800.0
2024,8,3,NSW,Mitsubishi,SUV,Petrol,48700.0
2023,7,3,WA,Toyota,SUV,Petrol,51400.0
2023,3,1,NSW,Ford,Sedan,Hybrid,63300.0
2020,6,2,SA,Mazda,SUV,Diesel,39600.0
2020,4,2,WA,Hyundai,SUV,Diesel,39500.0
2019,11,4,VIC,Nissan,Ute,Petrol,37300.0
2024,5,2,QLD,Toyota,Ute,Petrol,45700.0
2023,11,4,QLD,Hyundai,Sedan,Hybrid,39000.0
2023,5,2,WA,Kia,SUV,Hybrid,48200.0
2019,7,3,VIC,Nissan,Sedan,Petrol,30700.0
2024,11,4,QLD,Ford,SUV,Electric,85900.0
2024,5,2,VIC,BYD,Van,Electric,95800.0
2020,11,4,SA,Nissan,Ute,Hybrid,40800.0
2020,3,1,VIC,Hyundai,SUV,Petrol,39800.0
2020,10,4,VIC,Hyundai,SUV,Diesel,40400.0
2021,5,2,QLD,Hyundai,Sedan,Petrol,31000.0
2022,7,3,WA,Isuzu,Sedan,Diesel,72200.0
2022,5,2,VIC,Toyota,Sedan,Petrol,39400.0
2021,5,2,NSW,Hyundai,Hatchback,Petrol,28100.0
2023,9,3,VIC,Tesla,Ute,Electric,160600.0
2020,3,1,ACT,Kia,Sedan,Hybrid,41200.0
2021,6,2,QLD,Ford,Hatchback,Diesel,43000.0
2021,1,1,WA,Kia,Ute,Diesel,37600.0
2022,10,4,NSW,Mazda,Ute,Petrol,43200.0
2024,5,2,VIC,Ford,Van,Petrol,53500.0
2020,8,3,QLD,Kia,SUV,Petrol,32500.0
2022,5,2,WA,Nissan,SUV,Petrol,40000.0
2023,9,3,NSW,Mazda,Hatchback,Diesel,36300.0
2019,11,4,WA,Nissan,Ute,Petrol,34300.0
2023,6,2,VIC,Mitsubishi,Hatchback,Diesel,39400.0
2020,8,3,NSW,Toyota,SUV,Petrol,49900.0
2019,10,4,NSW,Tesla,Sedan,Electric,127200.0
2024,8,3,NSW,Toyota,SUV,Petrol,49800.0
2024,3,1,VIC,Nissan,Sedan,Petrol,36800.0
2024,7,3,NSW,Nissan,SUV,Electric,71200.0
2021,7,3,NSW,Mazda,SUV,Petrol,40300.0
2019,10,4,WA,Mazda,SUV,Petrol,37300.0
2023,12,4,NSW,Hyundai,Ute,Hybrid,46500.0
2022,6,2,NSW,Hyundai,SUV,Electric,59300.0
2020,12,4,VIC,Hyundai,SUV,Diesel,43600.0
2022,7,3,VIC,Hyundai,SUV,Petrol,39600.0
2019,2,1,QLD,Mitsubishi,SUV,Petrol,40400.0
2024,9,3,VIC,Toyota,Van,Electric,75800.0
2021,10,4,QLD,Isuzu,SUV,Diesel,76100.0
2023,10,4,QLD,Isuzu,SUV,Diesel,77000.0
2021,1,1,NSW,Ford,Hatchback,Petrol,41100.0
2022,1,1,NSW,Isuzu,Ute,Petrol,74800.0
2022,3,1,VIC,Mazda,Ute,Petrol,38400.0
2020,3,1,VIC,Toyota,Ute,Diesel,47900.0
2024,1,1,QLD,Mitsubishi,Van,Petrol,41100.0
2023,12,4,VIC,Ford,SUV,Electric,87400.0
2024,7,3,VIC,Kia,Wagon,Petrol,36200.0
2024,4,2,NSW,Nissan,Hatchback,Hybrid,42400.0
2023,10,4,NSW,Nissan,Sedan,Petrol,38100.0
2024,2,1,VIC,Mitsubishi,Ute,Diesel,52400.0
2019,10,4,VIC,BYD,Ute,Electric,98400.0
2020,5,2,VIC,Toyota,SUV,Petrol,44400.0
2019,6,2,NSW,Toyota,SUV,Diesel,49400.0
2021,9,3,QLD,Tesla,Van,Electric,132700.0
2021,4,2,WA,Ford,Sedan,Diesel,50900.0
2021,2,1,NSW,Ford,SUV,Petrol,56600.0
2024,5,2,VIC,Hyundai,Ute,Hybrid,45500.0
2021,3,1,ACT,Mitsubishi,Sedan,Petrol,38800.0
2021,2,1,VIC,Mazda,SUV,Hybrid,51400.0
2022,12,4,VIC,Mitsubishi,Ute,Electric,73300.0
2020,1,1,NSW,Toyota,Ute,Hybrid,55000.0
2024,10,4,QLD,Toyota,SUV,Petrol,46300.0
2019,2,1,NSW,Hyundai,Van,Petrol,35000.0
2024,6,2,SA,Mazda,SUV,Electric,63300.0
2023,8,3,QLD,Nissan,Sedan,Diesel,36600.0
2020,3,1,QLD,Toyota,SUV,Petrol,43900.0
2019,11,4,QLD,Toyota,Sedan,Diesel,42200.0
2024,9,3,VIC,Kia,SUV,Petrol,41400.0
2023,12,4,VIC,Ford,SUV,Hybrid,72700.0
2023,9,3,WA,Toyota,Hatchback,Hybrid,44600.0
2023,2,1,SA,Toyota,SUV,Hybrid,56200.0
2019,8,3,VIC,Nissan,Ute,Petrol,35000.0
2021,10,4,SA,Mitsubishi,Sedan,Petrol,38500.0
2019,11,4,VIC,Hyundai,Wagon,Petrol,33100.0
2024,12,4,VIC,Ford,Sedan,Diesel,52400.0
2023,5,2,VIC,Mazda,SUV,Petrol,45100.0
2021,4,2,NSW,Hyundai,SUV,Petrol,38700.0
2019,10,4,NSW,Mitsubishi,Hatchback,Petrol,35500.0
2021,5,2,NSW,Nissan,Hatchback,Petrol,32400.0
2021,4,2,VIC,Mazda,SUV,Diesel,44200.0
2023,8,3,VIC,Isuzu,Sedan,Diesel,74500.0
2023,4,2,VIC,Toyota,Sedan,Petrol,43000.0
2024,10,4,TAS,Mazda,Van,Hybrid,43500.0
2022,12,4,VIC,Toyota,Van,Hybrid,57000.0
2019,6,2,VIC,Toyota,Wagon,Petrol,41400.0
2023,2,1,NSW,Nissan,Hatchback,Diesel,33400.0
2023,5,2,NSW,Ford,Hatchback,Petrol,45600.0
2023,6,2,QLD,Toyota,SUV,Petrol,49300.0
2023,5,2,VIC,Nissan,Hatchback,Electric,47000.0
2022,12,4,QLD,Nissan,Ute,Electric,57300.0
2022,2,1,NSW,BYD,Van,Electric,99400.0
2022,7,3,VIC,Nissan,Sedan,Diesel,37000.0
2019,4,2,NSW,Mazda,SUV,Diesel,47200.0
2019,8,3,NSW,Isuzu,Sedan,Diesel,62600.0
2019,7,3,NSW,Tesla,Ute,Electric,134300.0
2023,7,3,NSW,Nissan,SUV,Electric,64000.0
2021,9,3,NSW,BYD,SUV,Electric,105300.0
2022,1,1,NSW,Hyundai,Sedan,Diesel,37900.0
2024,10,4,TAS,BYD,SUV,Electric,98200.0
2020,6,2,NSW,Mazda,SUV,Petrol,40700.0
2022,6,2,NSW,Hyundai,SUV,Petrol,41700.0
2023,6,2,NSW,Toyota,Van,Petrol,44500.0
2020,12,4,VIC,Nissan,Ute,Petrol,36700.0
2019,6,2,NSW,Mazda,SUV,Diesel,42100.0
2021,12,4,WA,Kia,Ute,Diesel,35700.0
2020,10,4,ACT,Hyundai,Ute,Hybrid,44400.0
2024,7,3,NSW,Nissan,SUV,Petrol,42700.0
2024,10,4,VIC,Hyundai,SUV,Diesel,43700.0
2023,6,2,NSW,BYD,Sedan,Electric,97300.0
2024,1,1,QLD,Isuzu,Sedan,Petrol,60900.0
2024,3,1,VIC,Ford,Ute,Petrol,59300.0
2020,2,1,NSW,Hyundai,Sedan,Hybrid,40400.0
2024,6,2,NSW,BYD,SUV,Electric,109600.0
2022,8,3,QLD,Nissan,Wagon,Diesel,39200.0
2024,3,1,VIC,BYD,SUV,Electric,109300.0
2024,10,4,NSW,Mazda,Ute,Hybrid,50500.0
2021,8,3,QLD,Nissan,SUV,Petrol,41100.0
2019,8,3,VIC,Hyundai,SUV,Petrol,36800.0
2020,5,2,WA,Kia,Sedan,Diesel,35100.0
2022,8,3,NSW,Isuzu,SUV,Petrol,80800.0
2024,6,2,QLD,Mazda,Sedan,Petrol,34200.0
2024,5,2,QLD,BYD,SUV,Electric,100600.0
2019,9,3,NSW,Mitsubishi,Sedan,Petrol,35900.0
2022,7,3,QLD,Nissan,Ute,Diesel,43500.0
2022,8,3,VIC,Toyota,SUV,Electric,80900.0
2020,1,1,SA,Ford,Hatchback,Diesel,42100.0
2019,11,4,NSW,Isuzu,SUV,Hybrid,82800.0
2021,2,1,QLD,Toyota,SUV,Diesel,48200.0
2024,8,3,VIC,Toyota,Ute,Hybrid,62800.0
2021,12,4,SA,Nissan,Sedan,Petrol,34200.0
2022,9,3,VIC,Mazda,Sedan,Diesel,38500.0
2023,4,2,ACT,Nissan,SUV,Petrol,41800.0
2021,12,4,SA,Toyota,Ute,Diesel,46100.0
2024,10,4,NSW,Hyundai,Sedan,Petrol,33100.0
2024,11,4,WA,BYD,SUV,Electric,114100.0
2021,10,4,TAS,Mitsubishi,SUV,Petrol,41400.0
2022,9,3,NSW,Kia,Hatchback,Electric,45500.0
2021,4,2,VIC,Kia,Sedan,Petrol,31000.0
2021,10,4,VIC,Isuzu,SUV,Hybrid,88300.0
2019,10,4,NSW,Mazda,SUV,Diesel,43200.0
2023,10,4,NSW,Ford,SUV,Petrol,62200.0
2022,9,3,NSW,Toyota,Sedan,Hybrid,53800.0
2019,11,4,NSW,Mitsubishi,Hatchback,Diesel,35900.0
2021,7,3,VIC,Mazda,Sedan,Petrol,34800.0
2024,2,1,NSW,Hyundai,Sedan,Hybrid,40200.0
2020,9,3,WA,Ford,Hatchback,Diesel,41800.0
2020,4,2,QLD,Toyota,Sedan,Petrol,38800.0
2022,8,3,NSW,Toyota,Sedan,Petrol,43000.0
2024,7,3,QLD,Tesla,SUV,Electric,155800.0
2020,7,3,QLD,Ford,Sedan,Petrol,46200.0
2023,8,3,SA,Nissan,Sedan,Petrol,33800.0
2023,1,1,NSW,Tesla,SUV,Electric,162100.0
2020,5,2,NSW,Toyota,Wagon,Petrol,40900.0
2023,2,1,SA,Mitsubishi,Hatchback,Hybrid,42600.0
2021,2,1,SA,Toyota,Ute,Petrol,43400.0
2023,1,1,QLD,BYD,Sedan,Electric,81900.0
2023,5,2,QLD,Nissan,Sedan,Electric,54600.0
2022,2,1,NSW,Kia,SUV,Petrol,38200.0
2019,4,2,VIC,Tesla,SUV,Electric,153300.0
2024,3,1,NSW,Mazda,Ute,Diesel,50800.0
2021,3,1,NSW,Ford,Sedan,Diesel,54100.0
2020,2,1,WA,Nissan,Hatchback,Hybrid,37100.0
2019,6,2,NSW,Toyota,SUV,Petrol,44200.0
2023,2,1,VIC,Mazda,Sedan,Petrol,37700.0
2023,8,3,SA,Ford,Ute,Hybrid,65800.0
2019,8,3,NSW,Tesla,Sedan,Electric,126900.0
2022,12,4,ACT,Hyundai,Hatchback,Petrol,31100.0
2020,5,2,TAS,Nissan,Wagon,Petrol,33800.0
2023,10,4,VIC,Toyota,SUV,Diesel,53500.0
2020,7,3,NSW,Hyundai,SUV,Diesel,39600.0
2023,4,2,NSW,Tesla,SUV,Electric,169200.0
2021,1,1,VIC,Mazda,Ute,Petrol,41800.0
2024,11,4,NSW,Mitsubishi,SUV,Diesel,57900.0
2020,2,1,NSW,Toyota,Ute,Diesel,51400.0
2021,10,4,ACT,Toyota,SUV,Hybrid,64900.0
2019,10,4,NSW,Toyota,Sedan,Petrol,41000.0
2024,4,2,QLD,Nissan,Ute,Petrol,37200.0
2024,1,1,NSW,Kia,Sedan,Diesel,39100.0
2021,8,3,VIC,BYD,Sedan,Electric,83300.0
2023,9,3,SA,Hyundai,SUV,Petrol,36000.0
2024,4,2,NSW,Mitsubishi,Sedan,Hybrid,51100.0
2022,10,4,NSW,Ford,Sedan,Diesel,53200.0
2022,3,1,QLD,Nissan,Sedan,Hybrid,40100.0
2020,2,1,QLD,BYD,Hatchback,Electric,67900.0
2019,5,2,QLD,Tesla,Hatchback,Electric,101300.0
2024,3,1,NSW,Toyota,Hatchback,Hybrid,45000.0
2024,10,4,NSW,Kia,SUV,Electric,62400.0
2023,7,3,SA,Ford,Ute,Petrol,54000.0
2021,11,4,SA,Nissan,SUV,Electric,62000.0
2021,6,2,VIC,Mazda,SUV,Petrol,44000.0
2023,1,1,WA,Mazda,SUV,Hybrid,52700.0
2024,12,4,VIC,Ford,SUV,Diesel,68300.0
2024,8,3,VIC,Mazda,SUV,Hybrid,53400.0
2023,2,1,NSW,Toyota,Sedan,Diesel,45300.0
2023,5,2,VIC,Nissan,Van,Hybrid,48900.0
2019,9,3,VIC,Kia,SUV,Hybrid,43900.0
2020,8,3,NSW,Nissan,Hatchback,Diesel,34700.0
2024,2,1,VIC,Isuzu,SUV,Hybrid,98300.0
2023,9,3,QLD,Mazda,SUV,Petrol,40000.0
2019,5,2,QLD,Kia,Sedan,Petrol,29800.0
2019,10,4,QLD,Toyota,Ute,Hybrid,51800.0
2023,6,2,SA,Nissan,SUV,Hybrid,50700.0
2019,3,1,NSW,Ford,SUV,Petrol,56600.0
2020,3,1,VIC,Hyundai,Sedan,Petrol,30800.0
2022,10,4,QLD,Hyundai,SUV,Petrol,35100.0
2023,8,3,VIC,Ford,Ute,Petrol,53300.0
2023,11,4,VIC,Mazda,Sedan,Diesel,38800.0
2020,10,4,NSW,Hyundai,SUV,Petrol,36700.0
2023,10,4,WA,BYD,Hatchback,Electric,79100.0
2020,12,4,VIC,Isuzu,SUV,Petrol,76400.0
2021,2,1,WA,Hyundai,Ute,Petrol,37900.0
2023,11,4,VIC,Ford,Ute,Diesel,63300.0
2023,12,4,QLD,Nissan,Van,Petrol,34800.0
2024,12,4,WA,Toyota,Sedan,Diesel,46900.0
2023,2,1,QLD,Nissan,Sedan,Electric,54800.0
2023,5,2,VIC,Mazda,SUV,Diesel,46000.0
2019,6,2,VIC,Tesla,Ute,Electric,145300.0
2021,12,4,WA,Kia,Sedan,Diesel,36100.0
2021,2,1,VIC,Kia,Sedan,Hybrid,37500.0
2020,5,2,VIC,Nissan,Hatchback,Petrol,30600.0
2024,7,3,NSW,Toyota,SUV,Petrol,50400.0
2022,10,4,SA,Hyundai,Hatchback,Diesel,30800.0
2024,10,4,NSW,Kia,Hatchback,Diesel,30900.0
2023,8,3,QLD,Isuzu,Sedan,Petrol,59500.0
2024,12,4,VIC,Mazda,Sedan,Petrol,39400.0
2022,7,3,VIC,Isuzu,SUV,Diesel,85800.0
2023,8,3,QLD,Hyundai,Wagon,Petrol,34600.0
2022,12,4,NSW,Mazda,SUV,Electric,67900.0
2020,9,3,VIC,BYD,Sedan,Electric,87200.0
2023,5,2,QLD,Toyota,Ute,Petrol,47600.0
2021,5,2,WA,Kia,Van,Hybrid,43600.0
2019,11,4,NSW,Toyota,Ute,Petrol,47100.0
2023,10,4,WA,Hyundai,Ute,Petrol,39300.0
2020,4,2,QLD,Mitsubishi,SUV,Petrol,43800.0
2024,9,3,WA,Kia,SUV,Electric,61500.0
2024,5,2,VIC,Ford,SUV,Petrol,57000.0
2024,2,1,VIC,Ford,Hatchback,Diesel,47000.0
2021,10,4,SA,Mazda,Ute,Hybrid,47500.0
2019,8,3,WA,Ford,Ute,Diesel,57600.0
2024,7,3,VIC,Nissan,Ute,Petrol,42200.0
2022,8,3,NSW,Isuzu,Sedan,Electric,100600.0
2024,12,4,VIC,Toyota,SUV,Electric,75200.0
2024,3,1,VIC,Toyota,SUV,Petrol,50700.0
2024,4,2,NSW,Nissan,SUV,Diesel,48500.0
2021,5,2,NSW,Kia,Ute,Hybrid,43600.0
2021,6,2,WA,Kia,SUV,Electric,60200.0
2024,1,1,NSW,BYD,Ute,Electric,100800.0
2021,4,2,QLD,Hyundai,Ute,Petrol,34700.0
2020,11,4,NSW,Ford,Sedan,Diesel,51100.0
2022,12,4,VIC,Nissan,SUV,Petrol,44700.0
2024,10,4,NSW,Tesla,SUV,Electric,177100.0
2023,5,2,NSW,Toyota,SUV,Petrol,51300.0
2023,7,3,QLD,Toyota,Ute,Petrol,49100.0
2019,5,2,WA,Mazda,SUV,Petrol,39800.0
2023,1,1,NSW,BYD,Hatchback,Electric,78100.0
2024,11,4,VIC,Mazda,Ute,Diesel,47500.0
2020,7,3,VIC,Toyota,SUV,Petrol,45500.0
2022,8,3,WA,Nissan,Ute,Petrol,40000.0
2024,7,3,QLD,Toyota,Ute,Petrol,49800.0
2023,11,4,VIC,Toyota,Ute,Petrol,50200.0
2023,4,2,QLD,Mazda,SUV,Electric,63000.0
2023,8,3,WA,Mazda,SUV,Hybrid,51800.0
2021,5,2,NSW,Ford,SUV,Petrol,53800.0
2021,10,4,VIC,Nissan,SUV,Hybrid,48300.0
2024,9,3,SA,Nissan,Ute,Petrol,36500.0
2024,12,4,QLD,Ford,Ute,Hybrid,66300.0
2024,12,4,VIC,Ford,Hatchback,Electric,71600.0
2024,10,4,VIC,Kia,SUV,Petrol,41000.0
2022,5,2,VIC,Mazda,SUV,Hybrid,49400.0
2022,1,1,VIC,Toyota,Ute,Petrol,46100.0
2024,12,4,QLD,Nissan,SUV,Petrol,40400.0
2023,9,3,VIC,Mazda,SUV,Diesel,45800.0
2023,12,4,QLD,Mazda,Sedan,Electric,54100.0
2024,5,2,WA,Ford,SUV,Diesel,63700.0
2024,6,2,NSW,Ford,Ute,Electric,91900.0
2021,4,2,VIC,Toyota,SUV,Hybrid,62300.0
2021,6,2,VIC,Toyota,Ute,Petrol,45700.0
2019,12,4,QLD,Hyundai,Hatchback,Petrol,26800.0
2023,8,3,NSW,Tesla,SUV,Electric,156600.0
2019,3,1,QLD,Mazda,Van,Diesel,40500.0
2022,5,2,WA,Ford,Sedan,Diesel,50500.0
2022,2,1,VIC,Kia,Hatchback,Petrol,27000.0
2021,2,1,SA,Nissan,SUV,Electric,55700.0
2023,7,3,TAS,Hyundai,Sedan,Hybrid,36400.0
2019,10,4,NSW,Toyota,SUV,Petrol,47400.0
2019,10,4,NSW,Ford,Ute,Diesel,60800.0
2024,11,4,SA,BYD,Sedan,Electric,90600.0
2021,10,4,SA,Toyota,Sedan,Petrol,37700.0
2020,6,2,NSW,Ford,Hatchback,Petrol,42100.0
2022,4,2,NSW,Toyota,SUV,Electric,79800.0
2023,5,2,NSW,Toyota,SUV,Electric,83900.0
2020,1,1,TAS,Ford,Sedan,Petrol,43300.0
2023,7,3,NSW,Mazda,Sedan,Diesel,42300.0
2019,8,3,VIC,Isuzu,Sedan,Diesel,67300.0
2019,9,3,WA,Mitsubishi,Sedan,Petrol,38000.0
2022,8,3,NSW,Ford,Van,Petrol,50900.0
2022,5,2,QLD,Ford,Ute,Diesel,54700.0
2023,3,1,NSW,Kia,SUV,Diesel,44600.0
2023,10,4,WA,Toyota,SUV,Petrol,52800.0
2024,11,4,NSW,Nissan,Wagon,Petrol,39200.0
2022,9,3,QLD,Nissan,Ute,Petrol,40300.0
2021,6,2,QLD,Toyota,Hatchback,Petrol,33000.0
2024,5,2,NSW,Toyota,SUV,Diesel,57600.0
2021,3,1,NSW,Toyota,Ute,Petrol,46100.0
2022,6,2,VIC,Mitsubishi,Ute,Petrol,47300.0
2019,3,1,NSW,Mitsubishi,SUV,Hybrid,52800.0
2019,10,4,WA,Isuzu,Sedan,Petrol,58900.0
2024,12,4,WA,BYD,Sedan,Electric,88400.0
2024,6,2,VIC,Ford,Sedan,Diesel,56300.0
2023,4,2,QLD,Mitsubishi,Hatchback,Electric,55600.0
2022,2,1,QLD,Tesla,Hatchback,Electric,109000.0
2020,8,3,WA,Kia,Hatchback,Diesel,30600.0
2020,4,2,VIC,Ford,Ute,Diesel,60500.0
2021,9,3,NSW,Mitsubishi,Sedan,Petrol,37300.0
2022,7,3,NSW,Kia,SUV,Petrol,40000.0
2023,12,4,VIC,Mitsubishi,Hatchback,Diesel,38100.0
2023,2,1,VIC,Mitsubishi,Sedan,Diesel,42800.0
2021,4,2,VIC,Tesla,SUV,Electric,156500.0
2024,5,2,NSW,Mitsubishi,Sedan,Petrol,43700.0
2023,3,1,QLD,Kia,SUV,Diesel,40000.0
2022,9,3,NSW,Tesla,Ute,Electric,143000.0
2023,5,2,NSW,Ford,SUV,Electric,98300.0
2022,2,1,VIC,Mazda,SUV,Petrol,44500.0
2020,11,4,NSW,Toyota,Van,Petrol,42800.0
2021,3,1,VIC,Kia,Ute,Petrol,35100.0
2023,9,3,VIC,Mitsubishi,Ute,Hybrid,52000.0
2019,7,3,VIC,Nissan,Sedan,Diesel,35400.0
2019,2,1,VIC,Hyundai,Hatchback,Diesel,30000.0
2019,9,3,NSW,Hyundai,Ute,Petrol,35400.0
2019,4,2,NSW,Mazda,Sedan,Petrol,33200.0
2024,9,3,WA,Toyota,Van,Petrol,48900.0
2023,2,1,VIC,BYD,SUV,Electric,104700.0
2022,12,4,VIC,Mazda,Van,Hybrid,48700.0
2019,10,4,NSW,Mitsubishi,SUV,Diesel,47500.0
2022,12,4,VIC,Tesla,Sedan,Electric,132500.0
2022,4,2,VIC,Ford,SUV,Electric,85500.0
2020,5,2,VIC,Nissan,Sedan,Petrol,34400.0
2022,2,1,QLD,Ford,Sedan,Diesel,50500.0
2022,10,4,NSW,Mazda,Wagon,Diesel,40100.0
2023,1,1,NSW,Nissan,Wagon,Petrol,36200.0
2023,7,3,WA,Nissan,Van,Diesel,42500.0
2019,10,4,SA,Toyota,SUV,Petrol,41100.0
2021,1,1,NSW,Toyota,Wagon,Hybrid,54300.0
2023,11,4,VIC,Toyota,Sedan,Petrol,42500.0
2022,11,4,NSW,Mazda,Hatchback,Electric,51900.0
2024,8,3,NSW,Nissan,SUV,Diesel,52200.0
2023,3,1,VIC,Kia,Sedan,Petrol,33000.0
2020,10,4,NSW,Hyundai,Van,Petrol,36300.0
2019,6,2,QLD,Nissan,Van,Petrol,35100.0
2023,7,3,VIC,Ford,Ute,Diesel,65000.0
2019,10,4,NSW,Hyundai,Ute,Petrol,33900.0
2023,1,1,NSW,Nissan,SUV,Diesel,50200.0
2024,6,2,WA,Isuzu,Ute,Electric,122100.0
2023,7,3,NSW,Isuzu,Sedan,Hybrid,80500.0
2021,6,2,QLD,Kia,SUV,Diesel,37700.0
2023,4,2,VIC,BYD,SUV,Electric,114600.0
2022,1,1,VIC,Toyota,SUV,Petrol,50500.0
2022,11,4,NSW,Kia,Ute,Diesel,39700.0
2024,9,3,NSW,Nissan,SUV,Petrol,46400.0
2021,4,2,NSW,Mazda,Sedan,Hybrid,43200.0
2024,7,3,NSW,BYD,SUV,Electric,107300.0
2024,7,3,VIC,Ford,Sedan,Petrol,51300.0
2020,2,1,QLD,Toyota,Ute,Petrol,43100.0
2019,1,1,NSW,BYD,Ute,Electric,99100.0
2019,8,3,NSW,Toyota,Sedan,Diesel,43600.0
2019,8,3,VIC,Mitsubishi,Sedan,Petrol,38700.0
2019,7,3,QLD,Toyota,SUV,Diesel,47100.0
2023,8,3,ACT,Nissan,Hatchback,Petrol,33800.0
2019,3,1,VIC,Mazda,SUV,Petrol,38500.0
2021,11,4,VIC,Mazda,SUV,Diesel,45600.0
2024,2,1,VIC,Toyota,Ute,Diesel,57000.0
2019,7,3,SA,Nissan,SUV,Petrol,34800.0
2024,8,3,WA,Tesla,Hatchback,Electric,127400.0
2021,1,1,VIC,BYD,SUV,Electric,99700.0
2019,12,4,NSW,Kia,Ute,Petrol,31900.0
2023,10,4,NSW,Ford,SUV,Hybrid,69200.0
2023,9,3,VIC,Toyota,SUV,Electric,81500.0
2024,11,4,QLD,Kia,SUV,Diesel,40100.0
2023,4,2,VIC,Mazda,Hatchback,Hybrid,41000.0
2024,12,4,NSW,Nissan,Van,Diesel,46200.0
2021,4,2,QLD,BYD,Sedan,Electric,81100.0
2020,3,1,WA,Ford,Hatchback,Petrol,40300.0
2023,6,2,NSW,Toyota,Ute,Petrol,48500.0
2024,1,1,QLD,BYD,Van,Electric,102000.0
2024,6,2,VIC,Toyota,Hatchback,Diesel,41500.0
2022,2,1,WA,Mazda,SUV,Diesel,44900.0
2021,9,3,WA,Mazda,Ute,Diesel,42700.0
2023,2,1,VIC,Kia,Sedan,Hybrid,41000.0
2021,7,3,QLD,BYD,SUV,Electric,100600.0
2024,12,4,WA,Hyundai,SUV,Electric,66700.0
2024,1,1,VIC,Toyota,Hatchback,Diesel,44900.0
2022,12,4,NSW,Ford,Hatchback,Petrol,42400.0
2023,7,3,QLD,BYD,Ute,Electric,96700.0
2023,5,2,NSW,Mazda,Wagon,Petrol,41400.0
2019,8,3,VIC,Mazda,Ute,Petrol,40300.0
2024,4,2,WA,Nissan,SUV,Hybrid,51700.0
2022,12,4,QLD,Nissan,SUV,Petrol,39500.0
2024,10,4,VIC,Nissan,SUV,Electric,71600.0
2021,7,3,NSW,Isuzu,SUV,Electric,114600.0
2024,6,2,VIC,Mazda,SUV,Diesel,49500.0
2021,5,2,NSW,Mazda,Sedan,Petrol,38400.0
2019,4,2,NSW,Hyundai,Hatchback,Petrol,28900.0
2024,7,3,QLD,Hyundai,Hatchback,Petrol,28100.0
2019,12,4,NSW,Nissan,Sedan,Petrol,32800.0
2021,5,2,VIC,BYD,Hatchback,Electric,75100.0
2024,5,2,VIC,Tesla,Sedan,Electric,148200.0
2024,1,1,TAS,Mazda,Hatchback,Diesel,35800.0
2023,2,1,VIC,Nissan,Sedan,Petrol,37600.0
2023,5,2,NSW,Isuzu,SUV,Hybrid,96200.0
2022,3,1,NSW,Toyota,Hatchback,Petrol,35200.0
2021,2,1,VIC,Nissan,SUV,Petrol,42000.0
2021,4,2,VIC,Mazda,Sedan,Petrol,35100.0
2023,4,2,VIC,Toyota,SUV,Electric,80200.0
2023,4,2,VIC,Mitsubishi,Ute,Hybrid,56600.0
2024,4,2,NSW,Mitsubishi,Wagon,Diesel,49000.0
2024,3,1,VIC,Toyota,SUV,Hybrid,67300.0
2019,12,4,VIC,Hyundai,Hatchback,Diesel,27900.0
2022,7,3,NSW,Nissan,SUV,Electric,68000.0
2019,9,3,NSW,Tesla,SUV,Electric,147900.0
2022,12,4,NSW,Tesla,SUV,Electric,165800.0
2022,5,2,NSW,Mazda,Ute,Petrol,42700.0
2024,4,2,QLD,Toyota,SUV,Hybrid,56200.0
2021,11,4,NSW,Mazda,Sedan,Petrol,35300.0
2019,2,1,NSW,Mazda,SUV,Hybrid,47700.0
2020,2,1,NSW,Mazda,SUV,Petrol,40000.0
2023,5,2,SA,Mazda,Ute,Electric,62400.0
2023,7,3,WA,Kia,SUV,Electric,57300.0
2019,10,4,NSW,Hyundai,SUV,Petrol,37000.0
2019,10,4,VIC,Isuzu,SUV,Hybrid,83000.0
2023,9,3,NSW,Toyota,Sedan,Petrol,44400.0
2019,7,3,VIC,Ford,Ute,Petrol,52300.0
2024,5,2,NSW,Toyota,SUV,Diesel,56900.0
2023,10,4,QLD,Ford,SUV,Electric,88000.0
2019,10,4,VIC,Toyota,Sedan,Petrol,40900.0
2019,10,4,WA,Nissan,SUV,Petrol,36300.0
2024,6,2,NSW,BYD,Hatchback,Electric,86300.0
2021,11,4,WA,Ford,Ute,Diesel,56600.0
2021,12,4,QLD,Toyota,Sedan,Hybrid,45200.0
2024,3,1,NSW,Mitsubishi,SUV,Hybrid,61600.0
2024,5,2,VIC,BYD,Ute,Electric,100600.0
2024,8,3,NSW,Mazda,Hatchback,Petrol,35800.0
2023,1,1,NSW,Kia,Sedan,Petrol,31400.0
2021,12,4,NSW,Isuzu,Ute,Petrol,67600.0
2019,1,1,VIC,BYD,Ute,Electric,93300.0
2023,7,3,VIC,Isuzu,Sedan,Diesel,73200.0
2022,5,2,SA,Nissan,SUV,Petrol,40200.0
2022,5,2,NSW,Nissan,Ute,Petrol,39100.0
2024,1,1,ACT,Ford,SUV,Electric,102500.0
2019,9,3,NSW,Kia,Ute,Petrol,36300.0
2022,1,1,QLD,BYD,Ute,Electric,95100.0
2019,5,2,VIC,Tesla,Hatchback,Electric,113600.0
2022,10,4,NSW,Nissan,Sedan,Diesel,39900.0
2019,9,3,WA,Toyota,SUV,Petrol,43000.0
2019,4,2,NSW,Hyundai,SUV,Petrol,36300.0
2019,8,3,QLD,Mazda,Ute,Petrol,34100.0
2023,6,2,VIC,Mazda,Hatchback,Petrol,35200.0
2023,11,4,VIC,Mazda,Ute,Electric,62400.0
2023,3,1,VIC,Tesla,SUV,Electric,164700.0
2024,4,2,QLD,Toyota,Van,Petrol,43900.0
2021,2,1,NSW,BYD,Wagon,Electric,95300.0
2021,1,1,QLD,Tesla,Sedan,Electric,119400.0
2024,8,3,WA,Mazda,Sedan,Petrol,39400.0
2020,1,1,NSW,Mazda,Ute,Diesel,41400.0
2024,11,4,NSW,Mitsubishi,Ute,Hybrid,61300.0
2019,1,1,QLD,BYD,Van,Electric,89400.0
2024,4,2,VIC,Nissan,SUV,Hybrid,54700.0
2019,10,4,VIC,Isuzu,Sedan,Hybrid,68500.0
2024,12,4,NSW,Nissan,Ute,Hybrid,49500.0
2022,10,4,VIC,Kia,Hatchback,Petrol,29700.0
2024,6,2,NSW,Nissan,Hatchback,Hybrid,38400.0
2019,9,3,VIC,Isuzu,Wagon,Petrol,59700.0
2022,1,1,QLD,Nissan,Sedan,Petrol,33900.0
2024,7,3,NSW,Toyota,Hatchback,Petrol,38300.0
2022,10,4,VIC,Nissan,Sedan,Petrol,34100.0
2023,11,4,TAS,Ford,Sedan,Petrol,45500.0
2023,5,2,QLD,BYD,SUV,Electric,100700.0
2022,12,4,WA,Toyota,Hatchback,Petrol,34800.0
2023,8,3,VIC,Hyundai,Wagon,Petrol,35900.0
2023,7,3,QLD,Mazda,SUV,Electric,64000.0
2024,4,2,NSW,Mazda,SUV,Electric,73600.0
2019,4,2,NSW,Toyota,Hatchback,Diesel,36500.0
2021,6,2,NSW,Isuzu,Sedan,Diesel,71500.0
2024,6,2,VIC,Toyota,Van,Petrol,47100.0
2024,9,3,WA,Hyundai,SUV,Electric,62100.0
2022,12,4,VIC,Toyota,SUV,Diesel,52600.0
2023,5,2,QLD,Mitsubishi,Sedan,Petrol,36300.0
2021,8,3,QLD,Mazda,SUV,Petrol,42000.0
2020,5,2,VIC,Mazda,SUV,Petrol,40100.0
2022,2,1,VIC,Ford,SUV,Petrol,58900.0
2021,6,2,VIC,Mitsubishi,SUV,Petrol,48800.0
2023,9,3,VIC,Toyota,SUV,Petrol,51300.0
2019,3,1,NSW,Toyota,Van,Petrol,42500.0
2024,1,1,TAS,Mazda,SUV,Petrol,39400.0
2024,1,1,NSW,Nissan,Sedan,Electric,62200.0
2023,3,1,NSW,Hyundai,Hatchback,Petrol,31300.0
2022,10,4,WA,Mitsubishi,Ute,Petrol,45200.0
2021,5,2,NSW,Mazda,Sedan,Diesel,39600.0
2024,3,1,QLD,Ford,Ute,Hybrid,69500.0
2023,9,3,VIC,Toyota,Hatchback,Petrol,39000.0
2020,8,3,VIC,Toyota,Hatchback,Hybrid,41800.0
2024,3,1,NSW,Ford,Ute,Petrol,59000.0
2024,9,3,VIC,Hyundai,Hatchback,Petrol,30300.0
2024,6,2,VIC,Toyota,Sedan,Petrol,41000.0
2023,7,3,QLD,Tesla,SUV,Electric,160400.0
2023,4,2,VIC,Nissan,Hatchback,Diesel,33200.0
2022,4,2,SA,Hyundai,Sedan,Petrol,31000.0
2024,12,4,NSW,Mitsubishi,Hatchback,Hybrid,44600.0
2024,2,1,VIC,Nissan,SUV,Petrol,42800.0
2019,5,2,VIC,Isuzu,SUV,Diesel,77300.0
2019,8,3,SA,Ford,Van,Petrol,48800.0
2021,7,3,NSW,Tesla,SUV,Electric,155300.0
2024,7,3,VIC,Toyota,Van,Diesel,50000.0
2024,6,2,WA,Kia,Van,Diesel,40200.0
2020,3,1,NSW,Mazda,Hatchback,Diesel,33100.0
2023,5,2,WA,Toyota,Sedan,Petrol,40300.0
2021,1,1,NSW,Ford,Ute,Diesel,56000.0
2024,7,3,QLD,Toyota,Hatchback,Hybrid,42000.0
2024,9,3,SA,Tesla,Ute,Electric,144800.0
2024,1,1,QLD,Ford,Ute,Petrol,53800.0
2022,2,1,VIC,Kia,Wagon,Electric,50000.0
2022,3,1,NSW,Toyota,Ute,Hybrid,60900.0
2021,3,1,SA,Toyota,Wagon,Petrol,38100.0
2019,8,3,VIC,Kia,SUV,Petrol,37300.0
2024,7,3,NSW,Nissan,SUV,Diesel,49700.0
2024,6,2,QLD,Toyota,Sedan,Petrol,39100.0
2024,10,4,VIC,Mazda,SUV,Petrol,48000.0
2024,10,4,NSW,Nissan,Ute,Petrol,41200.0
2022,11,4,NSW,Toyota,SUV,Hybrid,61300.0
2023,4,2,NSW,Nissan,Wagon,Petrol,37600.0
2024,9,3,VIC,Kia,SUV,Hybrid,49900.0
2024,1,1,QLD,Ford,Sedan,Petrol,48400.0
2020,11,4,VIC,Hyundai,SUV,Petrol,35500.0
2022,2,1,WA,Mazda,Sedan,Hybrid,41700.0
2020,4,2,WA,Hyundai,SUV,Diesel,42000.0
2024,3,1,QLD,Nissan,SUV,Petrol,40100.0
2023,1,1,NSW,Tesla,Ute,Electric,148500.0
2020,5,2,QLD,Tesla,SUV,Electric,143300.0
2023,7,3,VIC,BYD,SUV,Electric,112300.0
2023,2,1,VIC,Mazda,Ute,Petrol,40600.0
2021,5,2,QLD,Mitsubishi,SUV,Petrol,42300.0
2019,6,2,VIC,Ford,Sedan,Diesel,52200.0
2023,11,4,SA,BYD,SUV,Electric,95500.0
2022,7,3,NSW,Hyundai,SUV,Petrol,40600.0
2023,1,1,QLD,Mitsubishi,Ute,Hybrid,56400.0
2022,7,3,NSW,Nissan,SUV,Diesel,49100.0
2024,4,2,SA,Ford,Hatchback,Petrol,39300.0
2022,8,3,NSW,Toyota,Hatchback,Petrol,36800.0
2023,4,2,NSW,Kia,SUV,Petrol,37500.0
2024,6,2,VIC,Hyundai,Wagon,Petrol,38800.0
2022,9,3,VIC,Tesla,SUV,Electric,168700.0
2020,5,2,NSW,Nissan,SUV,Petrol,39100.0
2019,12,4,VIC,Ford,SUV,Petrol,54700.0
2023,4,2,VIC,Ford,SUV,Hybrid,75200.0
2023,8,3,NSW,Mitsubishi,Sedan,Petrol,40000.0
2023,9,3,NSW,Toyota,SUV,Electric,76800.0
2020,4,2,WA,Mazda,Hatchback,Petrol,28300.0
2020,3,1,QLD,Nissan,Ute,Petrol,35600.0
2019,8,3,QLD,Tesla,SUV,Electric,147600.0
2021,5,2,QLD,Toyota,Ute,Diesel,50900.0
2023,2,1,NSW,Mazda,Van,Hybrid,47600.0
2022,10,4,NSW,Tesla,SUV,Electric,154400.0
2022,9,3,NSW,BYD,SUV,Electric,106000.0
2024,3,1,WA,Isuzu,Sedan,Petrol,69200.0
2021,12,4,TAS,Mazda,Sedan,Diesel,36000.0
2022,2,1,VIC,Nissan,Sedan,Electric,55000.0
2024,1,1,NSW,Kia,SUV,Hybrid,50000.0
2022,8,3,NSW,Tesla,Ute,Electric,144200.0
2023,11,4,VIC,Mitsubishi,Ute,Petrol,45500.0
2024,3,1,VIC,Toyota,Sedan,Hybrid,57400.0
2024,7,3,NSW,Nissan,SUV,Hybrid,51300.0
2020,1,1,SA,Toyota,Sedan,Diesel,41200.0
2024,1,1,VIC,Mazda,SUV,Hybrid,53500.0
2022,12,4,SA,Isuzu,Sedan,Electric,93300.0
2021,9,3,QLD,Mitsubishi,Hatchback,Petrol,32900.0
2022,12,4,QLD,Isuzu,Sedan,Petrol,61800.0
2024,8,3,QLD,Kia,SUV,Diesel,43500.0
2022,12,4,QLD,Hyundai,Sedan,Petrol,31100.0
2021,3,1,QLD,Nissan,Hatchback,Petrol,29000.0
2023,6,2,QLD,Toyota,Ute,Diesel,47000.0
2020,11,4,VIC,Nissan,Sedan,Petrol,35200.0
2019,3,1,TAS,Mazda,SUV,Diesel,38500.0
2020,12,4,QLD,Isuzu,Sedan,Diesel,66900.0
2020,4,2,QLD,Toyota,Sedan,Petrol,36900.0
2020,1,1,WA,Kia,Wagon,Hybrid,36200.0
2020,5,2,NSW,Nissan,Ute,Petrol,36700.0
2023,1,1,NSW,Ford,Ute,Hybrid,74200.0
2020,1,1,VIC,BYD,Sedan,Electric,82900.0
2021,10,4,VIC,Isuzu,SUV,Diesel,77000.0
2024,11,4,WA,Tesla,Hatchback,Electric,115600.0
2022,11,4,VIC,Nissan,Sedan,Petrol,34500.0
2023,7,3,VIC,Ford,Wagon,Petrol,49000.0
2020,12,4,VIC,Toyota,Sedan,Petrol,40200.0
2020,6,2,NSW,Toyota,SUV,Diesel,51000.0
2019,2,1,QLD,Mazda,Ute,Diesel,40000.0
2020,11,4,WA,Toyota,SUV,Petrol,44500.0
2021,12,4,NSW,Kia,SUV,Diesel,41100.0
2020,2,1,VIC,Mazda,SUV,Petrol,41700.0
2019,11,4,VIC,Toyota,Ute,Petrol,41100.0
2020,7,3,NSW,Toyota,Sedan,Electric,62500.0
2022,1,1,NSW,Isuzu,SUV,Petrol,75100.0
2020,2,1,TAS,Mitsubishi,Sedan,Hybrid,40300.0
2021,12,4,VIC,Hyundai,Sedan,Diesel,36200.0
2022,8,3,NSW,Nissan,Hatchback,Electric,49900.0
2023,6,2,NSW,Toyota,Sedan,Petrol,44700.0
2019,2,1,QLD,Nissan,Ute,Petrol,33400.0
2024,7,3,QLD,Mitsubishi,SUV,Petrol,45400.0
2023,4,2,QLD,Toyota,Ute,Hybrid,53700.0
2019,2,1,NSW,Tesla,Ute,Electric,143000.0
2024,12,4,WA,BYD,Hatchback,Electric,80900.0
2024,6,2,VIC,Ford,SUV,Diesel,64600.0
2019,11,4,NSW,Nissan,Sedan,Petrol,34900.0
2021,9,3,VIC,Toyota,Ute,Diesel,47800.0
2024,11,4,VIC,Mazda,SUV,Petrol,48100.0
2023,9,3,WA,Toyota,Sedan,Petrol,40300.0
2020,8,3,SA,Mazda,Van,Petrol,36400.0
2020,3,1,NSW,Mazda,Sedan,Petrol,34900.0
2021,3,1,WA,Nissan,Wagon,Petrol,37800.0
2022,2,1,QLD,Toyota,SUV,Petrol,44400.0
2023,5,2,SA,Ford,Ute,Hybrid,62400.0
2021,12,4,NSW,Kia,Sedan,Diesel,34400.0
2022,4,2,VIC,Nissan,Sedan,Diesel,41700.0
2023,7,3,NSW,Nissan,Wagon,Hybrid,50600.0
2019,4,2,WA,BYD,SUV,Electric,92800.0
2021,9,3,NSW,Nissan,Hatchback,Petrol,31600.0
2023,12,4,VIC,BYD,Ute,Electric,102800.0
2024,12,4,VIC,Nissan,SUV,Petrol,41600.0
2022,2,1,VIC,Tesla,Hatchback,Electric,112300.0
2022,11,4,QLD,Toyota,Sedan,Hybrid,52200.0
2019,6,2,WA,Ford,Hatchback,Diesel,43200.0
2022,7,3,QLD,Mitsubishi,SUV,Diesel,46600.0
2022,4,2,WA,Hyundai,Hatchback,Diesel,30600.0
2020,6,2,NSW,Mazda,Ute,Diesel,42300.0
2021,7,3,VIC,Kia,SUV,Petrol,37100.0
2021,4,2,VIC,Nissan,Ute,Hybrid,46200.0
2019,8,3,NSW,Toyota,SUV,Petrol,46800.0
2021,9,3,VIC,BYD,Sedan,Electric,83100.0
2020,1,1,QLD,Tesla,SUV,Electric,139800.0
2021,7,3,VIC,Nissan,SUV,Hybrid,46800.0
2019,9,3,QLD,Nissan,SUV,Petrol,39000.0
2024,12,4,VIC,BYD,Sedan,Electric,89500.0
2023,10,4,NSW,Kia,Sedan,Petrol,34700.0
2023,5,2,NSW,Mazda,Sedan,Diesel,41000.0
2024,12,4,VIC,Kia,SUV,Petrol,39500.0
2022,2,1,NSW,BYD,Ute,Electric,98900.0
2019,10,4,NSW,Nissan,Ute,Diesel,42500.0
2022,6,2,VIC,BYD,SUV,Electric,110400.0
2023,12,4,VIC,Mazda,Hatchback,Petrol,31900.0
2023,12,4,VIC,Mitsubishi,Ute,Hybrid,53700.0
2022,7,3,QLD,Hyundai,Ute,Petrol,36300.0
2020,2,1,QLD,Toyota,SUV,Petrol,43100.0
2021,2,1,VIC,Mazda,SUV,Petrol,42900.0
2021,10,4,QLD,Toyota,Hatchback,Diesel,35700.0
2023,12,4,QLD,Isuzu,Hatchback,Diesel,61500.0
2023,10,4,QLD,Mazda,SUV,Diesel,46300.0
2021,1,1,VIC,Mazda,SUV,Electric,61700.0
2024,4,2,NSW,Nissan,Ute,Hybrid,52700.0
2023,7,3,QLD,Hyundai,Ute,Electric,55700.0
2020,9,3,VIC,Toyota,Hatchback,Petrol,33900.0
2019,3,1,SA,Mazda,SUV,Petrol,36600.0
2020,12,4,WA,Toyota,Sedan,Petrol,39700.0
2020,11,4,VIC,Toyota,SUV,Petrol,44600.0
2020,7,3,NSW,Toyota,SUV,Petrol,51400.0
2020,7,3,NSW,Mitsubishi,SUV,Petrol,46800.0
2021,7,3,VIC,Mazda,Hatchback,Petrol,29700.0
2020,2,1,VIC,Hyundai,Sedan,Diesel,36400.0
2024,6,2,NSW,Nissan,Hatchback,Electric,50300.0
2019,2,1,VIC,Ford,SUV,Hybrid,66100.0
2022,6,2,NSW,Nissan,SUV,Petrol,41300.0
2022,10,4,ACT,Kia,SUV,Petrol,41000.0
2024,3,1,NSW,Hyundai,SUV,Petrol,43100.0
2019,2,1,SA,BYD,Ute,Electric,87300.0
2022,12,4,SA,Toyota,SUV,Petrol,44600.0
2024,6,2,VIC,Toyota,SUV,Diesel,55200.0
2024,2,1,QLD,Mitsubishi,SUV,Diesel,50700.0
2024,5,2,VIC,Ford,SUV,Petrol,57200.0
2021,2,1,QLD,BYD,Ute,Electric,90800.0
2020,3,1,VIC,Nissan,Sedan,Diesel,38100.0
2023,3,1,NSW,Hyundai,Ute,Hybrid,49500.0
2024,6,2,VIC,Mitsubishi,Ute,Petrol,45600.0
2022,6,2,VIC,Kia,SUV,Petrol,36500.0
2023,10,4,VIC,Nissan,SUV,Electric,69400.0
2021,3,1,NSW,Isuzu,Ute,Petrol,75500.0
2023,3,1,VIC,Nissan,Ute,Petrol,40100.0
2020,12,4,NSW,Mazda,SUV,Petrol,39100.0
2021,1,1,NSW,BYD,SUV,Electric,107700.0
2022,7,3,NSW,Mazda,SUV,Petrol,45700.0
2022,8,3,NSW,Mazda,SUV,Petrol,41000.0
2020,2,1,NSW,Nissan,SUV,Diesel,45300.0
2019,4,2,WA,Toyota,SUV,Petrol,46300.0
2023,10,4,NSW,Nissan,Sedan,Petrol,36300.0
2021,7,3,QLD,Toyota,SUV,Petrol,47800.0
2023,8,3,NSW,Isuzu,SUV,Hybrid,95500.0
2020,1,1,WA,Mazda,Hatchback,Petrol,31100.0
2022,4,2,VIC,Hyundai,Sedan,Petrol,33300.0
2022,6,2,NSW,Mazda,Van,Diesel,42700.0
2019,3,1,VIC,Kia,SUV,Petrol,35800.0
2021,5,2,VIC,Hyundai,Ute,Petrol,37500.0
2020,10,4,VIC,Mitsubishi,SUV,Petrol,47800.0
2019,9,3,NSW,Toyota,Sedan,Diesel,43200.0
2024,11,4,TAS,Toyota,SUV,Electric,68300.0
2021,3,1,VIC,Toyota,SUV,Petrol,51800.0
2024,5,2,VIC,Ford,Van,Petrol,56000.0
2021,8,3,QLD,Isuzu,Sedan,Petrol,63400.0
2023,6,2,VIC,Nissan,Hatchback,Hybrid,36800.0
2023,4,2,WA,Mazda,SUV,Diesel,47000.0
2023,8,3,VIC,Kia,SUV,Hybrid,44900.0
2022,11,4,QLD,BYD,SUV,Electric,104900.0
2022,3,1,NSW,Mazda,Ute,Hybrid,53600.0
2021,3,1,WA,Ford,Sedan,Hybrid,57500.0
2024,4,2,QLD,Kia,Hatchback,Electric,41700.0
2024,9,3,NSW,Toyota,SUV,Hybrid,61200.0
2024,5,2,NSW,Toyota,Ute,Diesel,56000.0
2020,8,3,NSW,Toyota,SUV,Petrol,48300.0
2023,6,2,ACT,Mitsubishi,SUV,Diesel,57000.0
2024,3,1,NSW,Toyota,Sedan,Diesel,48000.0
2020,8,3,VIC,Mazda,Sedan,Diesel,37800.0
2019,12,4,NSW,Hyundai,SUV,Petrol,34700.0
2023,9,3,VIC,Toyota,SUV,Diesel,56700.0
2023,8,3,VIC,Mazda,SUV,Diesel,48000.0
2024,4,2,SA,Nissan,SUV,Diesel,47500.0
2020,11,4,VIC,Toyota,SUV,Petrol,48300.0
2024,6,2,WA,Mitsubishi,SUV,Petrol,48100.0
2020,1,1,VIC,Hyundai,SUV,Petrol,36100.0
2020,4,2,NSW,Tesla,Wagon,Electric,144400.0
2020,8,3,NSW,Mitsubishi,Van,Hybrid,47600.0
2024,1,1,VIC,Mazda,Sedan,Diesel,41000.0
2023,3,1,SA,Isuzu,Wagon,Petrol,68300.0
2022,1,1,WA,Ford,Ute,Petrol,55200.0
2021,9,3,NSW,Isuzu,SUV,Diesel,83400.0
2024,2,1,NSW,Ford,SUV,Petrol,58800.0
2022,9,3,NSW,Nissan,Hatchback,Electric,51600.0
2024,4,2,SA,BYD,Ute,Electric,93500.0
2022,2,1,WA,Nissan,Hatchback,Diesel,32800.0
2021,4,2,QLD,Kia,Hatchback,Petrol,25100.0
2022,12,4,VIC,Ford,Sedan,Diesel,51000.0
2021,11,4,VIC,BYD,SUV,Electric,109400.0
2023,11,4,VIC,Nissan,SUV,Petrol,43400.0
2022,10,4,NSW,Nissan,SUV,Hybrid,53000.0
2020,6,2,VIC,Hyundai,SUV,Petrol,39800.0
2024,11,4,NSW,BYD,Sedan,Electric,91600.0
2021,7,3,NSW,Mazda,SUV,Electric,61900.0
2022,3,1,WA,Kia,SUV,Diesel,41800.0
2024,3,1,QLD,Toyota,Sedan,Hybrid,51200.0
2023,12,4,VIC,Hyundai,SUV,Petrol,40000.0
2019,10,4,VIC,Nissan,Sedan,Petrol,30900.0
2024,12,4,VIC,Toyota,Sedan,Hybrid,53400.0
2023,8,3,QLD,Mitsubishi,Ute,Diesel,46400.0
2021,5,2,QLD,Mitsubishi,Van,Petrol,38700.0
2020,4,2,QLD,Toyota,SUV,Petrol,43300.0
2024,7,3,QLD,Hyundai,SUV,Petrol,38100.0
2023,7,3,NSW,Kia,Hatchback,Diesel,31800.0
2022,9,3,VIC,Mazda,Sedan,Petrol,35600.0
2024,9,3,VIC,BYD,Ute,Electric,111600.0
2024,5,2,VIC,Nissan,SUV,Petrol,46400.0
2020,12,4,QLD,Mazda,Hatchback,Petrol,29500.0
2021,8,3,VIC,Mazda,Hatchback,Petrol,33500.0
2020,10,4,NSW,Ford,Ute,Petrol,56700.0
2023,1,1,VIC,BYD,SUV,Electric,105600.0
2019,9,3,ACT,Mazda,Hatchback,Hybrid,38000.0
2023,8,3,NSW,Toyota,Ute,Petrol,52300.0
2023,6,2,QLD,Kia,Ute,Electric,55100.0
2024,3,1,VIC,Nissan,SUV,Petrol,42000.0
2021,3,1,NSW,Hyundai,Ute,Petrol,38000.0
2024,8,3,VIC,Ford,SUV,Petrol,57700.0
2019,5,2,QLD,Nissan,SUV,Diesel,39800.0
2024,10,4,VIC,Tesla,Sedan,Electric,134700.0
2020,11,4,WA,Tesla,SUV,Electric,143800.0
2022,7,3,NSW,Kia,Ute,Hybrid,41600.0
2024,5,2,NSW,Nissan,Sedan,Diesel,43800.0
2020,8,3,SA,Tesla,SUV,Electric,136400.0
2020,10,4,VIC,Nissan,Ute,Petrol,35600.0
2023,10,4,VIC,Tesla,Hatchback,Electric,113600.0
2023,4,2,QLD,Tesla,SUV,Electric,155000.0
2023,2,1,VIC,Mazda,Sedan,Electric,62000.0
2023,3,1,QLD,Hyundai,SUV,Electric,56200.0
2022,8,3,NSW,BYD,Sedan,Electric,85900.0
2021,11,4,NSW,Mazda,SUV,Petrol,42600.0
2021,7,3,NSW,Kia,SUV,Diesel,41900.0
2020,2,1,WA,Mazda,SUV,Petrol,39500.0
2024,6,2,NSW,Isuzu,Wagon,Petrol,69900.0
2023,9,3,QLD,Toyota,Sedan,Petrol,40500.0
2022,4,2,SA,Isuzu,Sedan,Diesel,64100.0
2022,9,3,VIC,Mitsubishi,SUV,Hybrid,60700.0
2024,2,1,VIC,Mazda,Sedan,Petrol,35800.0
2020,2,1,VIC,Kia,SUV,Diesel,38300.0
2023,9,3,VIC,Mazda,SUV,Electric,71300.0
2022,12,4,VIC,Hyundai,Sedan,Petrol,34800.0
2023,7,3,QLD,Hyundai,SUV,Petrol,36100.0
2019,7,3,TAS,Toyota,SUV,Diesel,48900.0
2024,1,1,SA,Nissan,Sedan,Petrol,35500.0
2024,11,4,WA,Toyota,Hatchback,Petrol,37200.0
2023,6,2,WA,Mitsubishi,SUV,Petrol,47400.0
2023,7,3,VIC,Hyundai,SUV,Petrol,39000.0
2024,11,4,QLD,Mitsubishi,SUV,Hybrid,54300.0
2023,6,2,WA,Hyundai,Wagon,Diesel,37700.0
2020,6,2,VIC,Tesla,Hatchback,Electric,113600.0
2023,2,1,ACT,Tesla,Sedan,Electric,150200.0
2023,6,2,VIC,Tesla,Hatchback,Electric,118200.0
2022,4,2,QLD,Toyota,Sedan,Petrol,39200.0
2023,9,3,QLD,Mitsubishi,Wagon,Diesel,44600.0
2024,12,4,SA,Mazda,SUV,Electric,66500.0
2024,1,1,NSW,Toyota,SUV,Petrol,54800.0
2022,8,3,QLD,Ford,Ute,Petrol,50700.0
2019,5,2,VIC,Ford,SUV,Hybrid,66000.0
2024,1,1,NSW,Ford,Sedan,Electric,79300.0
2024,4,2,QLD,Tesla,SUV,Electric,162000.0
2020,1,1,VIC,Hyundai,Sedan,Petrol,30200.0
2024,6,2,QLD,Hyundai,SUV,Petrol,37700.0
2024,2,1,VIC,Toyota,SUV,Petrol,51400.0
2022,5,2,VIC,Tesla,Hatchback,Electric,124200.0
2023,7,3,QLD,Kia,Hatchback,Petrol,27800.0
2022,2,1,VIC,Hyundai,Wagon,Diesel,40900.0
2019,6,2,NSW,Tesla,Ute,Electric,134300.0
2021,6,2,ACT,Kia,Ute,Petrol,36600.0
2024,5,2,VIC,Ford,Sedan,Petrol,50400.0
2019,5,2,QLD,Kia,SUV,Petrol,34000.0
2021,3,1,VIC,Mitsubishi,SUV,Hybrid,58500.0
2022,10,4,VIC,Mitsubishi,SUV,Petrol,49300.0
2022,10,4,VIC,Mazda,Hatchback,Petrol,32900.0
2024,11,4,VIC,Toyota,SUV,Electric,82100.0
2021,12,4,VIC,Toyota,Hatchback,Petrol,38400.0
2021,2,1,VIC,Mitsubishi,Sedan,Petrol,38300.0
2023,7,3,VIC,Nissan,Ute,Petrol,42500.0
2022,1,1,NSW,Ford,SUV,Petrol,62100.0
2020,6,2,VIC,Toyota,SUV,Petrol,47300.0
2022,6,2,NSW,BYD,Van,Electric,101400.0
2020,3,1,NSW,Isuzu,SUV,Petrol,72400.0
2020,2,1,SA,Nissan,SUV,Petrol,35400.0
2022,12,4,QLD,Mitsubishi,SUV,Petrol,45300.0
2022,2,1,QLD,Nissan,SUV,Petrol,38100.0
2024,9,3,VIC,Toyota,SUV,Diesel,56800.0
2021,11,4,SA,Toyota,Ute,Petrol,45100.0
2023,5,2,QLD,Toyota,Sedan,Petrol,38600.0
2023,7,3,QLD,Tesla,Sedan,Electric,121800.0
2019,12,4,VIC,Toyota,SUV,Hybrid,57200.0
2023,5,2,ACT,Kia,Ute,Diesel,41400.0
2020,7,3,WA,Ford,Ute,Petrol,50900.0
2024,4,2,WA,Hyundai,SUV,Hybrid,48900.0
2020,8,3,NSW,Nissan,SUV,Petrol,38300.0
2022,11,4,NSW,Toyota,SUV,Hybrid,57500.0
2019,10,4,NSW,Hyundai,Ute,Diesel,41000.0
2024,11,4,NSW,BYD,Ute,Electric,102400.0
2022,10,4,WA,Toyota,Hatchback,Diesel,39900.0
2023,7,3,NSW,Tesla,SUV,Electric,175700.0
2019,10,4,NSW,Isuzu,Sedan,Diesel,70100.0
2023,5,2,NSW,Nissan,SUV,Petrol,41200.0
2020,11,4,NSW,Nissan,SUV,Diesel,44800.0
2024,6,2,NSW,Hyundai,Sedan,Petrol,36600.0
2020,5,2,QLD,Mitsubishi,SUV,Petrol,43900.0
2020,7,3,VIC,Toyota,Ute,Hybrid,56800.0
2019,12,4,NSW,Mazda,Sedan,Petrol,34400.0
2022,2,1,VIC,Toyota,Hatchback,Electric,54800.0
2023,5,2,VIC,Hyundai,SUV,Petrol,39900.0
2019,10,4,NSW,Nissan,Hatchback,Petrol,30200.0
2023,3,1,QLD,Hyundai,Wagon,Petrol,34500.0
2022,9,3,QLD,Kia,Hatchback,Diesel,27800.0
2022,6,2,QLD,Ford,Ute,Petrol,48800.0
2022,10,4,QLD,Ford,Hatchback,Petrol,43400.0
2022,3,1,NSW,Nissan,Sedan,Petrol,34400.0
2022,7,3,SA,Mazda,SUV,Hybrid,47600.0
2020,4,2,WA,Mitsubishi,Ute,Petrol,43700.0
2020,3,1,SA,Ford,Ute,Diesel,52700.0
2024,8,3,NSW,Toyota,Wagon,Petrol,45000.0
2024,4,2,SA,Ford,Sedan,Petrol,47300.0
2021,11,4,WA,Isuzu,SUV,Petrol,74000.0
2021,1,1,WA,Toyota,Ute,Hybrid,55200.0
2023,6,2,NSW,Toyota,Wagon,Petrol,48800.0
2022,10,4,QLD,Toyota,SUV,Petrol,45800.0
2019,11,4,SA,BYD,SUV,Electric,93400.0
2020,11,4,QLD,Tesla,Sedan,Electric,114900.0
2023,1,1,VIC,Kia,SUV,Hybrid,46600.0
2023,5,2,SA,Ford,SUV,Petrol,56700.0
2019,7,3,VIC,Nissan,SUV,Diesel,41100.0
2020,6,2,VIC,BYD,Hatchback,Electric,75800.0
2020,2,1,VIC,Isuzu,SUV,Petrol,68700.0
2023,11,4,SA,Isuzu,Sedan,Diesel,63600.0
2019,4,2,NSW,Mitsubishi,Ute,Petrol,42500.0
2019,11,4,VIC,Ford,Van,Petrol,50100.0
2024,2,1,QLD,Nissan,Wagon,Hybrid,42700.0
2020,11,4,QLD,Nissan,Sedan,Diesel,37400.0
2023,1,1,VIC,Toyota,Van,Diesel,49200.0
2020,3,1,SA,Toyota,SUV,Hybrid,51000.0
2019,3,1,SA,Nissan,Ute,Petrol,33000.0
2020,12,4,NSW,Mazda,Ute,Petrol,37900.0
2023,7,3,VIC,Nissan,SUV,Diesel,44400.0
2024,1,1,NSW,Hyundai,Sedan,Diesel,40600.0
2024,9,3,VIC,Toyota,SUV,Petrol,51900.0
2022,11,4,VIC,Toyota,Hatchback,Diesel,40100.0
2023,6,2,SA,Toyota,SUV,Petrol,50300.0
2020,4,2,WA,Mazda,Sedan,Diesel,37300.0
2021,3,1,NSW,Ford,SUV,Diesel,60000.0
2024,3,1,NSW,Tesla,SUV,Electric,163200.0
2019,2,1,VIC,Nissan,Wagon,Petrol,33300.0
2019,2,1,VIC,Ford,Ute,Petrol,50700.0
2020,12,4,NSW,Kia,Van,Diesel,36000.0
2019,10,4,WA,Kia,SUV,Diesel,38500.0
2020,5,2,SA,Kia,SUV,Petrol,34500.0
2023,9,3,VIC,Kia,Sedan,Diesel,37500.0
2022,2,1,WA,Toyota,Sedan,Electric,66500.0
2024,2,1,VIC,Toyota,SUV,Petrol,49800.0
2024,12,4,QLD,Toyota,Ute,Petrol,44400.0
2021,6,2,VIC,Toyota,SUV,Petrol,48800.0
2021,10,4,NSW,Tesla,SUV,Electric,150700.0
2021,2,1,SA,Mazda,SUV,Petrol,37000.0
2023,12,4,VIC,Nissan,Sedan,Electric,56400.0
2021,4,2,QLD,Nissan,Ute,Diesel,39600.0
2023,6,2,VIC,Nissan,Sedan,Petrol,37600.0
2022,5,2,NSW,Nissan,Sedan,Diesel,38700.0
2022,1,1,NSW,Mazda,SUV,Diesel,51600.0
2022,6,2,VIC,Kia,Hatchback,Diesel,32200.0
2021,1,1,QLD,Toyota,Hatchback,Petrol,32300.0
2024,3,1,VIC,Isuzu,Ute,Diesel,82900.0
2023,10,4,QLD,Nissan,SUV,Petrol,41100.0
2020,5,2,QLD,Isuzu,Sedan,Petrol,59900.0
2024,10,4,QLD,Ford,Sedan,Diesel,53300.0
2022,5,2,VIC,BYD,Wagon,Electric,93500.0
2024,10,4,SA,Toyota,Wagon,Electric,65600.0
2024,6,2,VIC,Toyota,Hatchback,Petrol,37500.0
2022,12,4,VIC,BYD,SUV,Electric,111900.0
2019,10,4,NSW,Ford,Van,Hybrid,59300.0
2021,8,3,NSW,Nissan,Sedan,Petrol,33100.0
2022,5,2,NSW,Toyota,Ute,Hybrid,55900.0
2023,11,4,QLD,Isuzu,SUV,Petrol,77500.0
2021,1,1,NSW,Ford,SUV,Petrol,57900.0
2020,5,2,NSW,Isuzu,Sedan,Petrol,64900.0
2024,3,1,QLD,Isuzu,SUV,Diesel,86600.0
2024,4,2,VIC,Nissan,SUV,Hybrid,55800.0
2022,8,3,NSW,Mazda,Hatchback,Diesel,36300.0
2020,7,3,NSW,Nissan,SUV,Diesel,42700.0
2021,11,4,QLD,Toyota,SUV,Hybrid,53500.0
2019,5,2,NSW,Toyota,SUV,Petrol,47600.0
2024,2,1,VIC,Ford,SUV,Petrol,59000.0
2019,6,2,VIC,Isuzu,Wagon,Petrol,63200.0
2023,11,4,QLD,Ford,SUV,Petrol,56000.0
2021,6,2,QLD,Isuzu,SUV,Diesel,78600.0
2022,10,4,WA,Tesla,Hatchback,Electric,109000.0
2023,10,4,NSW,Mazda,Hatchback,Petrol,31300.0
2024,11,4,NSW,Nissan,SUV,Petrol,46000.0
2020,6,2,NSW,Toyota,Ute,Petrol,43800.0
2019,9,3,NSW,Nissan,Ute,Diesel,42300.0
2020,11,4,NSW,Hyundai,Ute,Petrol,36400.0
2024,8,3,NSW,Kia,Sedan,Petrol,36600.0
2024,8,3,VIC,Ford,Wagon,Diesel,61700.0
2023,1,1,QLD,Toyota,SUV,Hybrid,58300.0
2023,5,2,VIC,Hyundai,SUV,Petrol,40800.0
2023,7,3,QLD,Mazda,SUV,Diesel,43700.0
2020,6,2,VIC,Mazda,Sedan,Petrol,34300.0
2024,5,2,NSW,Mazda,Hatchback,Electric,54900.0
2022,8,3,VIC,Ford,Sedan,Petrol,49600.0
2021,3,1,NSW,BYD,SUV,Electric,104600.0
2022,6,2,NSW,Kia,SUV,Electric,57200.0
2019,5,2,VIC,Nissan,Sedan,Hybrid,41900.0
2020,8,3,SA,Mitsubishi,Van,Diesel,40700.0
2023,4,2,QLD,Tesla,Sedan,Electric,136200.0
2019,8,3,NSW,Tesla,Ute,Electric,144400.0
2023,10,4,WA,Ford,Ute,Petrol,54300.0
2020,2,1,QLD,Tesla,Ute,Electric,127300.0
2021,9,3,QLD,Toyota,Ute,Petrol,42200.0
2021,9,3,WA,Nissan,SUV,Petrol,42600.0
2021,10,4,VIC,BYD,Hatchback,Electric,80100.0
2023,10,4,NSW,Mazda,Ute,Electric,66900.0
2021,6,2,VIC,BYD,Ute,Electric,97200.0
2023,4,2,VIC,Toyota,Wagon,Hybrid,56300.0
2022,4,2,VIC,Mazda,Ute,Electric,63100.0
2023,6,2,VIC,Toyota,Hatchback,Diesel,42500.0
2024,5,2,SA,BYD,Van,Electric,91500.0
2023,6,2,SA,BYD,SUV,Electric,105200.0
2020,7,3,WA,Isuzu,Sedan,Petrol,62400.0
2019,7,3,WA,Toyota,Sedan,Petrol,37800.0
2021,9,3,SA,Kia,SUV,Petrol,36100.0
2023,8,3,NSW,Tesla,Hatchback,Electric,122700.0
2019,6,2,NSW,Toyota,Ute,Petrol,42700.0
2022,12,4,VIC,Mitsubishi,Ute,Diesel,46200.0
2023,6,2,WA,Toyota,Wagon,Electric,71300.0
2021,5,2,VIC,Toyota,SUV,Diesel,56100.0
2023,1,1,QLD,Ford,Ute,Hybrid,67600.0
2019,9,3,NSW,Mitsubishi,Sedan,Hybrid,47100.0
2019,9,3,NSW,Toyota,SUV,Petrol,44700.0
2023,9,3,QLD,Mazda,SUV,Petrol,39600.0
2022,11,4,NSW,Mazda,Hatchback,Diesel,35300.0
2023,8,3,VIC,Mazda,Sedan,Diesel,43200.0
2022,10,4,NSW,Mazda,Hatchback,Petrol,34900.0
2020,3,1,VIC,Hyundai,Sedan,Petrol,30500.0
2024,1,1,QLD,Mitsubishi,SUV,Electric,75300.0
2024,11,4,VIC,Ford,SUV,Petrol,60800.0
2023,12,4,VIC,BYD,SUV,Electric,100700.0
2021,12,4,NSW,Tesla,Wagon,Electric,140800.0
2023,8,3,WA,Toyota,SUV,Hybrid,64000.0
2021,7,3,VIC,Toyota,Wagon,Diesel,46000.0
2019,5,2,QLD,Nissan,Wagon,Diesel,38200.0
2024,10,4,QLD,Toyota,Wagon,Diesel,46600.0
2020,7,3,NSW,Toyota,Sedan,Diesel,42300.0
2024,10,4,WA,Toyota,Van,Petrol,44900.0
2022,4,2,QLD,Mitsubishi,SUV,Petrol,46900.0
2020,9,3,VIC,Kia,SUV,Hybrid,43600.0
2022,11,4,NSW,Nissan,SUV,Petrol,44400.0
2024,10,4,SA,Nissan,Van,Hybrid,45700.0
2023,2,1,QLD,Ford,SUV,Diesel,61400.0
2024,9,3,NSW,Hyundai,Sedan,Petrol,37000.0
2023,9,3,VIC,Mazda,SUV,Electric,67700.0
2023,5,2,WA,Toyota,SUV,Hybrid,64000.0
2024,11,4,QLD,Toyota,SUV,Petrol,46700.0
2020,1,1,QLD,Toyota,Hatchback,Electric,53100.0
2022,7,3,VIC,Toyota,Sedan,Hybrid,52800.0
2020,10,4,QLD,Mazda,Hatchback,Petrol,30800.0
2024,10,4,VIC,Hyundai,Ute,Diesel,41200.0
2024,4,2,NSW,Nissan,Wagon,Petrol,40300.0
2019,9,3,QLD,Kia,Sedan,Petrol,28200.0
2023,6,2,ACT,Nissan,Ute,Petrol,41900.0
2024,3,1,NSW,Hyundai,Sedan,Diesel,36800.0
2020,6,2,VIC,Ford,Sedan,Petrol,44100.0
2023,10,4,QLD,Hyundai,Hatchback,Hybrid,36400.0
2024,6,2,VIC,Toyota,Ute,Hybrid,62300.0
2019,5,2,WA,Toyota,Ute,Petrol,42700.0
2023,2,1,QLD,Nissan,Ute,Electric,62600.0
2021,10,4,NSW,Nissan,SUV,Petrol,39200.0
2024,10,4,TAS,Toyota,Ute,Diesel,49800.0
2024,2,1,QLD,Toyota,SUV,Petrol,52000.0
2024,7,3,WA,Ford,Sedan,Hybrid,64500.0
2022,2,1,QLD,Mazda,Ute,Electric,59300.0
2024,12,4,WA,Hyundai,Wagon,Hybrid,45600.0
2024,6,2,NSW,Toyota,SUV,Electric,81300.0
2021,5,2,VIC,Ford,SUV,Petrol,58800.0
2024,4,2,WA,Mazda,SUV,Hybrid,54700.0
2019,7,3,NSW,Hyundai,SUV,Petrol,38500.0
2023,8,3,NSW,Toyota,Hatchback,Petrol,36300.0
2020,4,2,QLD,Ford,Hatchback,Diesel,43300.0
2020,1,1,WA,Nissan,Ute,Diesel,41500.0
2019,1,1,NSW,Hyundai,Hatchback,Petrol,28100.0
2023,1,1,WA,Nissan,SUV,Petrol,43500.0
2021,11,4,QLD,Isuzu,SUV,Petrol,74500.0
2023,1,1,VIC,Nissan,SUV,Petrol,44500.0
2019,5,2,WA,BYD,Hatchback,Electric,69500.0
2021,4,2,VIC,Mitsubishi,Ute,Petrol,45600.0
2022,9,3,NSW,Nissan,Ute,Petrol,38300.0
2024,3,1,NSW,Toyota,SUV,Petrol,53900.0
2021,7,3,VIC,Ford,SUV,Hybrid,72200.0
2023,11,4,VIC,Nissan,Van,Hybrid,45100.0
2024,8,3,WA,BYD,SUV,Electric,114500.0
2023,6,2,QLD,Nissan,Ute,Petrol,40300.0
2020,12,4,VIC,BYD,SUV,Electric,100500.0
2019,10,4,QLD,Nissan,SUV,Hybrid,43900.0
2024,1,1,NSW,Tesla,Ute,Electric,157800.0
2019,8,3,NSW,BYD,SUV,Electric,106400.0
2024,10,4,WA,Kia,Ute,Diesel,39300.0
2022,3,1,NSW,Nissan,Ute,Diesel,45000.0
2024,8,3,NSW,Isuzu,Sedan,Diesel,71000.0
2024,12,4,QLD,Isuzu,Ute,Petrol,68800.0
2024,4,2,VIC,Tesla,Sedan,Electric,145300.0
2021,8,3,WA,Hyundai,SUV,Petrol,36900.0
2023,11,4,NSW,Toyota,Ute,Petrol,52500.0
2022,1,1,NSW,Nissan,Sedan,Diesel,39700.0
2022,3,1,NSW,Mitsubishi,SUV,Diesel,52900.0
2023,6,2,VIC,Mazda,Hatchback,Hybrid,37500.0
2024,9,3,VIC,Toyota,Sedan,Petrol,46800.0
2024,2,1,VIC,Isuzu,Hatchback,Hybrid,68900.0
2023,11,4,WA,Isuzu,Hatchback,Diesel,63300.0
2022,1,1,SA,Isuzu,Sedan,Electric,91400.0
2022,10,4,NSW,Mitsubishi,Sedan,Petrol,40200.0
2023,3,1,VIC,Hyundai,Sedan,Electric,53700.0
2020,4,2,VIC,Hyundai,Sedan,Diesel,35600.0
2019,11,4,SA,Toyota,Hatchback,Diesel,33600.0
2021,5,2,TAS,Isuzu,Ute,Diesel,69800.0
2021,3,1,NSW,Toyota,SUV,Petrol,51400.0
2021,10,4,QLD,Mitsubishi,Sedan,Hybrid,44800.0
2020,11,4,VIC,Kia,Wagon,Petrol,30600.0
2019,2,1,NSW,Kia,Sedan,Petrol,29700.0
2019,2,1,NSW,Nissan,Ute,Petrol,36100.0
2024,7,3,VIC,Toyota,Ute,Petrol,46700.0
2022,9,3,VIC,BYD,SUV,Electric,103500.0
2021,10,4,NSW,Toyota,SUV,Diesel,54700.0
2023,2,1,QLD,Toyota,Ute,Electric,66900.0
2020,7,3,NSW,Ford,Sedan,Petrol,48000.0
2024,7,3,VIC,Toyota,Sedan,Electric,73000.0
2024,11,4,NSW,BYD,Ute,Electric,113600.0
2019,7,3,NSW,Kia,Ute,Diesel,39200.0
2022,3,1,VIC,Toyota,SUV,Petrol,48000.0
2024,12,4,NSW,Toyota,SUV,Petrol,49400.0
2024,7,3,VIC,Mitsubishi,SUV,Hybrid,62900.0
2022,1,1,NSW,Isuzu,Sedan,Petrol,61400.0
2023,10,4,VIC,Ford,SUV,Diesel,62000.0
2020,1,1,NSW,Kia,Sedan,Petrol,31400.0
2024,5,2,QLD,BYD,SUV,Electric,100100.0
2020,2,1,QLD,Mitsubishi,Sedan,Petrol,37900.0
2024,9,3,NSW,Mazda,SUV,Hybrid,58300.0
2023,7,3,VIC,Mitsubishi,Sedan,Diesel,46500.0
2023,4,2,NSW,Mitsubishi,Sedan,Petrol,43400.0
2022,4,2,VIC,Tesla,SUV,Electric,151800.0
2020,2,1,NSW,Mitsubishi,Hatchback,Petrol,35200.0
2020,5,2,VIC,Nissan,SUV,Petrol,39100.0
2020,4,2,VIC,Mazda,Ute,Petrol,39900.0
2020,12,4,SA,Nissan,Hatchback,Diesel,28900.0
2023,1,1,VIC,Kia,Sedan,Diesel,37200.0
2021,12,4,VIC,Tesla,Hatchback,Electric,122700.0
2019,8,3,VIC,Toyota,SUV,Petrol,43200.0
2024,3,1,SA,Hyundai,Sedan,Petrol,30600.0
2024,6,2,QLD,BYD,Sedan,Electric,84200.0
2024,4,2,NSW,Tesla,SUV,Electric,166900.0
2024,9,3,WA,Toyota,Sedan,Petrol,42300.0
2020,7,3,VIC,Kia,SUV,Petrol,37700.0
2022,9,3,WA,Toyota,Ute,Diesel,51100.0
2023,10,4,WA,Nissan,Van,Petrol,38700.0
2023,3,1,NSW,Nissan,SUV,Petrol,44900.0
2020,1,1,QLD,Toyota,SUV,Diesel,48600.0
2024,5,2,NSW,Nissan,Sedan,Petrol,37000.0
2020,3,1,NSW,Nissan,Sedan,Diesel,39200.0
2020,6,2,NSW,Hyundai,Ute,Petrol,37600.0
2022,8,3,QLD,Tesla,Sedan,Electric,118700.0
2023,11,4,NSW,Ford,SUV,Petrol,57000.0
2023,4,2,NSW,Mitsubishi,Ute,Hybrid,54500.0
2019,5,2,QLD,Hyundai,Hatchback,Petrol,25300.0
2024,5,2,NSW,Hyundai,Sedan,Diesel,37800.0
2021,4,2,NSW,Ford,Sedan,Diesel,54600.0
2020,4,2,NSW,Toyota,SUV,Diesel,55500.0
2024,4,2,VIC,Isuzu,SUV,Electric,117600.0
2024,4,2,VIC,Hyundai,SUV,Diesel,45500.0
2024,4,2,NSW,Hyundai,Sedan,Hybrid,42400.0
2024,5,2,ACT,Nissan,Hatchback,Petrol,34200.0
2023,2,1,QLD,Kia,Sedan,Diesel,35000.0
2022,2,1,VIC,Kia,SUV,Petrol,40000.0
2019,9,3,NSW,Nissan,SUV,Petrol,37900.0
2022,2,1,VIC,Nissan,SUV,Diesel,43300.0
2021,6,2,QLD,Toyota,Sedan,Diesel,43800.0
2021,2,1,NSW,Ford,Sedan,Petrol,47800.0
2023,5,2,NSW,Nissan,SUV,Hybrid,50700.0
2022,4,2,WA,Hyundai,Sedan,Diesel,34200.0
2019,12,4,NSW,Hyundai,SUV,Petrol,37500.0
2020,7,3,VIC,Mazda,SUV,Petrol,40000.0
2023,7,3,WA,Toyota,SUV,Petrol,53800.0
2019,6,2,QLD,Tesla,SUV,Electric,138000.0
2024,10,4,VIC,BYD,SUV,Electric,105800.0
2022,5,2,QLD,Nissan,SUV,Petrol,40500.0
2022,1,1,NSW,BYD,Ute,Electric,98200.0
2023,12,4,QLD,Mazda,Ute,Diesel,43800.0
2024,3,1,VIC,Toyota,Sedan,Petrol,43900.0
2021,9,3,WA,Nissan,Hatchback,Petrol,30000.0
2023,1,1,SA,Hyundai,SUV,Hybrid,47500.0
2023,5,2,SA,Hyundai,Hatchback,Diesel,29400.0
2021,2,1,SA,Nissan,SUV,Petrol,40200.0
2024,4,2,VIC,Kia,SUV,Petrol,41300.0
2024,11,4,VIC,Mazda,SUV,Petrol,44100.0
2023,1,1,VIC,Nissan,SUV,Hybrid,49900.0
2024,3,1,QLD,Nissan,Wagon,Electric,55600.0
2024,10,4,WA,Toyota,SUV,Hybrid,61300.0
2023,7,3,NSW,Nissan,SUV,Petrol,44000.0
2024,10,4,SA,Hyundai,SUV,Hybrid,43700.0
2023,3,1,WA,Kia,SUV,Petrol,40600.0
2023,4,2,ACT,Nissan,SUV,Petrol,42300.0
2023,2,1,WA,Nissan,SUV,Petrol,41100.0
2023,3,1,NSW,Mazda,SUV,Hybrid,51900.0
2020,9,3,NSW,Mazda,Hatchback,Diesel,33200.0
2024,3,1,NSW,Toyota,SUV,Diesel,61000.0
2024,11,4,NSW,Kia,SUV,Hybrid,50100.0
2019,5,2,QLD,Toyota,Ute,Petrol,40100.0
2024,2,1,WA,Ford,Wagon,Diesel,61400.0
2020,4,2,WA,Toyota,SUV,Diesel,53700.0
2021,12,4,QLD,Ford,SUV,Diesel,60900.0
2023,7,3,NSW,Toyota,Wagon,Hybrid,59000.0
2020,7,3,NSW,Isuzu,SUV,Petrol,74900.0
2024,12,4,NSW,Mazda,Sedan,Hybrid,47600.0
2024,3,1,VIC,Hyundai,SUV,Diesel,44300.0
2022,5,2,VIC,Nissan,Van,Hybrid,44900.0
2019,1,1,NSW,BYD,Wagon,Electric,89600.0
2021,10,4,VIC,Mazda,Hatchback,Petrol,33100.0
2023,10,4,NSW,Toyota,SUV,Electric,81300.0
2024,10,4,QLD,Tesla,SUV,Electric,166500.0
2023,11,4,VIC,Hyundai,SUV,Petrol,39300.0
2021,1,1,VIC,BYD,Hatchback,Electric,78800.0
2023,5,2,VIC,Ford,Hatchback,Hybrid,54600.0
2022,10,4,SA,Hyundai,Sedan,Diesel,34900.0
2023,9,3,NSW,Ford,Ute,Petrol,58100.0
2019,1,1,VIC,BYD,SUV,Electric,94100.0
2023,1,1,QLD,Nissan,Sedan,Petrol,32800.0
2022,4,2,VIC,Toyota,Ute,Hybrid,61300.0
2024,4,2,SA,Kia,SUV,Petrol,34600.0
2021,2,1,VIC,Toyota,SUV,Petrol,48300.0
2023,9,3,VIC,Ford,SUV,Electric,90200.0
2024,9,3,NSW,Nissan,Ute,Hybrid,50600.0
2019,2,1,QLD,Hyundai,Hatchback,Petrol,26900.0
2024,9,3,NSW,Nissan,Van,Diesel,46400.0
2023,6,2,NSW,Mitsubishi,Ute,Diesel,54100.0
2019,8,3,VIC,Nissan,Sedan,Diesel,35700.0
2021,10,4,VIC,BYD,SUV,Electric,103800.0
2023,4,2,NSW,Toyota,Wagon,Hybrid,59300.0
2019,2,1,QLD,Mazda,Sedan,Diesel,38000.0
2023,2,1,QLD,Hyundai,Ute,Petrol,38600.0
2021,9,3,NSW,Toyota,Ute,Diesel,53200.0
2023,1,1,VIC,Ford,Hatchback,Petrol,41700.0
2019,12,4,QLD,Ford,SUV,Petrol,47500.0
2024,7,3,VIC,Nissan,SUV,Hybrid,55800.0
2024,11,4,VIC,Ford,Ute,Petrol,59800.0
2024,3,1,VIC,BYD,Hatchback,Electric,85000.0
2023,3,1,QLD,Nissan,Ute,Diesel,41200.0
2020,2,1,SA,Nissan,Sedan,Diesel,35300.0
2023,10,4,QLD,Mazda,SUV,Petrol,40900.0
2019,6,2,NSW,Kia,Ute,Petrol,33900.0
2019,10,4,VIC,Hyundai,Ute,Diesel,37400.0
2021,2,1,WA,Hyundai,Sedan,Hybrid,41500.0
2022,10,4,NSW,Hyundai,SUV,Hybrid,46900.0
2023,4,2,TAS,Isuzu,Hatchback,Diesel,58100.0
2023,10,4,SA,Ford,Sedan,Petrol,45600.0
2022,9,3,NSW,Kia,Ute,Petrol,37500.0
2021,9,3,SA,Nissan,SUV,Diesel,42200.0
2024,6,2,VIC,Toyota,SUV,Petrol,55000.0
2022,4,2,WA,Ford,Hatchback,Hybrid,48900.0
2022,7,3,VIC,BYD,SUV,Electric,101200.0
2020,1,1,VIC,Toyota,Sedan,Petrol,41600.0
2024,12,4,QLD,Mitsubishi,Sedan,Diesel,42900.0
2023,4,2,QLD,Mazda,Ute,Hybrid,46300.0
2020,5,2,NSW,Nissan,SUV,Diesel,44700.0
2019,8,3,VIC,Hyundai,SUV,Diesel,41000.0
2023,12,4,NSW,Hyundai,Hatchback,Electric,44300.0
2023,2,1,VIC,Mitsubishi,Sedan,Electric,61400.0
2021,12,4,VIC,Toyota,SUV,Hybrid,61700.0
2024,5,2,VIC,Mazda,SUV,Hybrid,55200.0
2020,6,2,VIC,Ford,Wagon,Diesel,50200.0
2022,5,2,NSW,Hyundai,SUV,Hybrid,47300.0
2024,9,3,NSW,Kia,Sedan,Petrol,34900.0
2022,10,4,NSW,Mitsubishi,Sedan,Petrol,38900.0
2023,1,1,VIC,Kia,Hatchback,Petrol,30200.0
2022,3,1,SA,Mitsubishi,Ute,Petrol,42600.0
2021,2,1,NSW,Hyundai,Sedan,Petrol,32900.0
2024,12,4,SA,Toyota,SUV,Petrol,51200.0
2022,3,1,QLD,BYD,Hatchback,Electric,73600.0
2024,10,4,QLD,Isuzu,Sedan,Electric,95400.0
2020,9,3,QLD,Mazda,Van,Diesel,40300.0
2020,9,3,WA,Ford,Sedan,Petrol,46500.0
2019,10,4,NSW,Kia,Ute,Petrol,33300.0
2023,2,1,VIC,Kia,SUV,Hybrid,46300.0
2021,3,1,QLD,Mitsubishi,Ute,Diesel,45000.0
2024,4,2,VIC,Toyota,SUV,Electric,78200.0
2022,9,3,WA,Tesla,SUV,Electric,161000.0
2024,3,1,NSW,Toyota,SUV,Electric,83800.0
2020,7,3,QLD,Ford,SUV,Hybrid,63100.0
2024,12,4,VIC,Isuzu,SUV,Petrol,78200.0
2023,3,1,VIC,Ford,SUV,Petrol,57700.0
2023,7,3,VIC,Toyota,Hatchback,Hybrid,44800.0
2024,7,3,QLD,Nissan,SUV,Petrol,39200.0
2023,9,3,WA,Nissan,Ute,Hybrid,47500.0
2023,2,1,VIC,BYD,SUV,Electric,105100.0
2020,6,2,WA,Ford,Sedan,Petrol,46300.0
2019,9,3,VIC,Toyota,Sedan,Diesel,44700.0
2024,12,4,NSW,Nissan,Wagon,Petrol,39100.0
2023,12,4,NSW,Kia,Hatchback,Diesel,34400.0
2024,2,1,NSW,Isuzu,Sedan,Diesel,78800.0
2022,2,1,VIC,Hyundai,Ute,Electric,61600.0
2019,5,2,VIC,Hyundai,SUV,Petrol,38400.0
2020,10,4,QLD,Nissan,Sedan,Hybrid,39900.0
2023,10,4,QLD,Kia,SUV,Hybrid,45600.0
2022,12,4,NSW,Toyota,SUV,Hybrid,58500.0
2020,10,4,NSW,Mazda,SUV,Diesel,47500.0
2022,8,3,NSW,Ford,Ute,Diesel,62000.0
2019,11,4,VIC,Toyota,Sedan,Petrol,39200.0
2023,9,3,NSW,Ford,Ute,Petrol,58500.0
2021,2,1,NSW,Ford,Sedan,Hybrid,58700.0
2024,5,2,SA,BYD,SUV,Electric,103100.0
2021,7,3,WA,Hyundai,Ute,Diesel,39000.0
2022,6,2,NSW,Nissan,Hatchback,Petrol,32800.0
2019,6,2,VIC,Toyota,Hatchback,Diesel,39900.0
2019,7,3,VIC,Mitsubishi,Sedan,Petrol,38800.0
2022,3,1,QLD,Toyota,Ute,Petrol,46600.0
2022,3,1,VIC,Tesla,Ute,Electric,139700.0
2023,10,4,NSW,Nissan,SUV,Diesel,50700.0
2021,9,3,QLD,Isuzu,SUV,Petrol,68200.0
2023,8,3,VIC,Kia,SUV,Petrol,40900.0
2024,5,2,NSW,Ford,SUV,Diesel,64600.0
2023,6,2,VIC,Isuzu,Sedan,Diesel,71700.0
2019,11,4,VIC,Nissan,Wagon,Petrol,35800.0
2022,12,4,VIC,Nissan,Sedan,Petrol,36100.0
2019,10,4,NSW,Hyundai,Ute,Petrol,34900.0
2020,1,1,VIC,Nissan,Ute,Petrol,38800.0
2024,10,4,NSW,Toyota,SUV,Petrol,53300.0
2020,12,4,QLD,Mazda,SUV,Petrol,37900.0
2022,1,1,NSW,Toyota,Sedan,Petrol,43800.0
2023,4,2,NSW,Mazda,Ute,Hybrid,49900.0
2023,2,1,QLD,BYD,Wagon,Electric,93700.0
2022,11,4,QLD,Isuzu,SUV,Petrol,67100.0
2019,7,3,WA,BYD,Hatchback,Electric,72800.0
2021,2,1,VIC,Mitsubishi,SUV,Petrol,45300.0
2022,10,4,NSW,Kia,Ute,Petrol,35700.0
2019,2,1,QLD,Tesla,Sedan,Electric,118700.0
2021,5,2,QLD,Hyundai,SUV,Petrol,37200.0
2019,4,2,NSW,Isuzu,SUV,Diesel,84200.0
2019,8,3,SA,Tesla,SUV,Electric,143300.0
2022,4,2,NSW,Tesla,SUV,Electric,165900.0
2020,12,4,TAS,Kia,Ute,Petrol,30900.0
2023,6,2,WA,Nissan,SUV,Petrol,41700.0
2023,5,2,QLD,Mazda,Sedan,Petrol,33200.0
2024,11,4,SA,Hyundai,SUV,Diesel,41200.0
2020,2,1,QLD,BYD,Ute,Electric,95100.0
2020,11,4,NSW,Ford,Ute,Petrol,52200.0
2019,12,4,VIC,Nissan,Ute,Diesel,40400.0
2023,8,3,NSW,Hyundai,Sedan,Petrol,33500.0
2023,2,1,VIC,Hyundai,SUV,Petrol,38800.0
2019,9,3,QLD,Nissan,Ute,Diesel,36300.0
2024,9,3,VIC,Ford,SUV,Hybrid,74600.0
2019,3,1,VIC,Kia,SUV,Diesel,38500.0
2022,4,2,VIC,Hyundai,SUV,Petrol,39800.0
2023,8,3,WA,Mazda,Ute,Diesel,45900.0
2024,9,3,NSW,Mitsubishi,Ute,Petrol,49600.0
2023,3,1,VIC,Toyota,Ute,Hybrid,60900.0
2024,5,2,NSW,Nissan,Sedan,Diesel,43200.0
2021,11,4,QLD,BYD,SUV,Electric,97900.0
2024,8,3,NSW,Mazda,Hatchback,Petrol,33600.0
2019,3,1,QLD,Tesla,Sedan,Electric,125700.0
2024,7,3,NSW,Mitsubishi,SUV,Diesel,51800.0
2022,11,4,NSW,Mazda,Sedan,Hybrid,43200.0
2024,8,3,SA,Mazda,SUV,Petrol,41600.0
2022,10,4,NSW,Ford,SUV,Hybrid,72600.0
2023,11,4,VIC,Tesla,SUV,Electric,150500.0
2022,3,1,NSW,Mitsubishi,SUV,Hybrid,60300.0
2023,2,1,VIC,Kia,SUV,Petrol,39100.0
2019,10,4,VIC,BYD,Hatchback,Electric,72900.0
2019,7,3,VIC,BYD,Sedan,Electric,82100.0
2020,12,4,NSW,Mitsubishi,Sedan,Hybrid,47400.0
2020,9,3,VIC,BYD,Ute,Electric,90800.0
2024,1,1,QLD,Hyundai,Van,Diesel,37100.0
2020,3,1,QLD,Nissan,SUV,Diesel,40500.0
2024,5,2,VIC,Mitsubishi,Hatchback,Hybrid,46100.0
2021,3,1,VIC,Isuzu,Sedan,Petrol,63500.0
2020,1,1,NSW,Kia,SUV,Petrol,36700.0
2024,7,3,NSW,Mazda,SUV,Electric,72000.0
2023,7,3,NSW,Kia,Sedan,Petrol,33800.0
2022,10,4,NSW,Hyundai,Ute,Petrol,36900.0
2022,12,4,NSW,Tesla,SUV,Electric,152000.0
2023,8,3,VIC,Ford,Sedan,Petrol,52600.0
2020,5,2,VIC,Isuzu,Ute,Diesel,76500.0
2024,10,4,SA,Tesla,Sedan,Electric,134200.0
2024,12,4,NSW,Tesla,Hatchback,Electric,125000.0
2023,5,2,QLD,Mazda,Hatchback,Electric,50300.0
2020,5,2,WA,Nissan,Sedan,Petrol,33900.0
2023,1,1,VIC,Isuzu,Wagon,Hybrid,78900.0
2019,10,4,NSW,BYD,SUV,Electric,105300.0
2019,5,2,NSW,Hyundai,SUV,Petrol,36200.0
2021,6,2,NSW,Kia,SUV,Hybrid,43700.0
2022,12,4,NSW,Toyota,Sedan,Diesel,44500.0
2024,1,1,QLD,Kia,Sedan,Petrol,33000.0
2023,11,4,NSW,Toyota,Sedan,Petrol,45100.0
2023,7,3,NSW,Kia,SUV,Petrol,40600.0
2022,1,1,QLD,Mitsubishi,SUV,Petrol,47400.0
2021,11,4,QLD,Hyundai,Hatchback,Diesel,29300.0
2021,2,1,VIC,Kia,Hatchback,Petrol,27800.0
2024,2,1,QLD,Nissan,Ute,Electric,62300.0
2019,5,2,VIC,Toyota,Ute,Diesel,51500.0
2024,10,4,NSW,BYD,Sedan,Electric,92700.0
2023,7,3,VIC,Toyota,SUV,Hybrid,65900.0
2022,1,1,VIC,Toyota,Sedan,Petrol,40000.0
2023,10,4,SA,Mazda,Ute,Electric,62700.0
2022,1,1,NSW,BYD,Sedan,Electric,92700.0
2024,1,1,VIC,Ford,SUV,Hybrid,76700.0
2024,6,2,VIC,Nissan,Van,Hybrid,45600.0
2022,2,1,VIC,Kia,Hatchback,Electric,41200.0
2021,1,1,NSW,Toyota,SUV,Petrol,46500.0
2023,6,2,NSW,Tesla,Sedan,Electric,141500.0
2024,2,1,WA,Toyota,Hatchback,Petrol,38900.0
2020,6,2,VIC,BYD,SUV,Electric,106100.0
2023,10,4,VIC,Toyota,Sedan,Hybrid,52300.0
2023,8,3,NSW,Hyundai,Sedan,Hybrid,39700.0
2023,2,1,NSW,BYD,Sedan,Electric,89300.0
2020,11,4,VIC,Nissan,Hatchback,Diesel,30500.0
2023,9,3,WA,Hyundai,SUV,Petrol,41300.0
2024,8,3,ACT,Isuzu,SUV,Diesel,95500.0
2020,12,4,VIC,Mazda,SUV,Petrol,44000.0
2020,10,4,VIC,Isuzu,SUV,Petrol,71400.0
2024,1,1,WA,Mitsubishi,SUV,Diesel,50000.0
2020,7,3,VIC,Mazda,Ute,Petrol,37600.0
2024,10,4,VIC,Hyundai,SUV,Diesel,45700.0
2022,6,2,NSW,Toyota,Ute,Electric,79300.0
2020,6,2,QLD,Hyundai,Ute,Diesel,35100.0
2024,6,2,VIC,Mazda,SUV,Electric,66200.0
2022,6,2,WA,Mitsubishi,Sedan,Hybrid,49500.0
2022,10,4,QLD,Nissan,Ute,Petrol,38600.0
2021,7,3,NSW,Toyota,Sedan,Diesel,44500.0
2023,12,4,QLD,Kia,SUV,Electric,59700.0
2020,3,1,WA,Kia,Sedan,Hybrid,35100.0
2022,6,2,VIC,Nissan,Wagon,Hybrid,48100.0
2024,3,1,NSW,Kia,Sedan,Petrol,32800.0
2021,7,3,NSW,Kia,SUV,Petrol,35500.0
2023,7,3,VIC,Ford,Sedan,Petrol,48700.0
2021,8,3,VIC,Mazda,SUV,Hybrid,49100.0
2023,2,1,VIC,Toyota,Sedan,Diesel,47500.0
2020,9,3,NSW,Ford,SUV,Diesel,63100.0
2024,5,2,WA,Toyota,SUV,Diesel,56500.0
2022,9,3,NSW,Kia,Sedan,Hybrid,40800.0
2020,10,4,NSW,Hyundai,SUV,Petrol,37400.0
2019,5,2,VIC,Kia,SUV,Petrol,32900.0
2020,7,3,VIC,Toyota,SUV,Petrol,50500.0
2022,11,4,NSW,Nissan,SUV,Diesel,49000.0
2021,9,3,NSW,Nissan,Hatchback,Petrol,29200.0
2024,4,2,NSW,Mazda,Hatchback,Hybrid,41600.0
2022,2,1,QLD,Hyundai,SUV,Petrol,38000.0
2020,9,3,QLD,Mitsubishi,Sedan,Diesel,38100.0
2023,2,1,VIC,Toyota,SUV,Petrol,51400.0
2023,3,1,QLD,Hyundai,Sedan,Hybrid,39600.0
2020,10,4,QLD,Mazda,Sedan,Petrol,31800.0
2020,2,1,NSW,Nissan,SUV,Diesel,42500.0
2019,3,1,ACT,Isuzu,Ute,Petrol,72700.0
2023,6,2,WA,Kia,SUV,Hybrid,45700.0
2023,3,1,NSW,Kia,SUV,Electric,59100.0
2022,10,4,NSW,Nissan,Ute,Petrol,41800.0
2024,8,3,NSW,Nissan,Ute,Petrol,43700.0
2024,11,4,NSW,Nissan,Sedan,Hybrid,44700.0
2023,6,2,QLD,Toyota,Sedan,Diesel,47400.0
2024,7,3,VIC,Toyota,Sedan,Petrol,45200.0
2020,1,1,QLD,Tesla,Sedan,Electric,118800.0
2019,3,1,QLD,Kia,SUV,Petrol,33200.0
2021,3,1,QLD,Toyota,Sedan,Petrol,40300.0
2019,2,1,QLD,Toyota,Sedan,Petrol,35700.0
2022,7,3,NSW,Nissan,Ute,Petrol,40300.0
2024,9,3,NSW,Nissan,Ute,Hybrid,52800.0
2019,4,2,QLD,Hyundai,SUV,Petrol,34900.0
2020,12,4,NSW,Nissan,Sedan,Diesel,38500.0
2022,5,2,NSW,Mitsubishi,SUV,Hybrid,58900.0
2024,3,1,WA,Isuzu,Sedan,Petrol,63800.0
2021,11,4,QLD,Ford,Sedan,Diesel,49200.0
2022,9,3,NSW,Toyota,Hatchback,Hybrid,46300.0
2019,4,2,QLD,Ford,Ute,Petrol,50200.0
2020,5,2,QLD,Ford,Hatchback,Petrol,39700.0
2024,1,1,NSW,Kia,Ute,Electric,58900.0
2024,11,4,NSW,Toyota,Wagon,Electric,77900.0
2019,12,4,SA,Nissan,Ute,Petrol,32500.0
2024,2,1,VIC,Mazda,Van,Petrol,39600.0
2023,12,4,NSW,Mazda,SUV,Petrol,44000.0
2024,9,3,VIC,Kia,SUV,Petrol,38100.0
2022,2,1,QLD,Kia,Sedan,Diesel,34200.0
2022,5,2,NSW,Ford,Wagon,Diesel,53700.0
2022,8,3,NSW,BYD,Sedan,Electric,86900.0
2023,3,1,NSW,Kia,SUV,Electric,59500.0
2020,6,2,TAS,Mitsubishi,Sedan,Petrol,35200.0
2019,4,2,NSW,Tesla,Ute,Electric,149700.0
2021,11,4,VIC,Toyota,SUV,Diesel,55600.0
2023,7,3,SA,Kia,Ute,Petrol,32800.0
2020,10,4,NSW,Nissan,Wagon,Petrol,36500.0
2023,3,1,ACT,Toyota,Hatchback,Diesel,40800.0
2024,6,2,SA,Ford,SUV,Petrol,54600.0
2019,12,4,WA,Nissan,SUV,Petrol,40200.0
2023,10,4,NSW,Hyundai,SUV,Electric,63000.0
2022,9,3,QLD,Ford,SUV,Petrol,52000.0
2024,11,4,QLD,Nissan,SUV,Hybrid,50400.0
2020,10,4,TAS,Mazda,Ute,Petrol,33700.0
2023,1,1,NSW,Toyota,SUV,Petrol,51000.0
2024,3,1,QLD,Nissan,Hatchback,Diesel,34100.0
2024,2,1,VIC,Nissan,Hatchback,Hybrid,39000.0
2023,8,3,NSW,Ford,SUV,Petrol,63600.0
2022,7,3,VIC,Kia,Wagon,Diesel,37400.0
2023,2,1,QLD,Isuzu,Ute,Electric,113800.0
2024,6,2,VIC,Tesla,Sedan,Electric,145200.0
2023,3,1,VIC,Mazda,SUV,Hybrid,55000.0
2019,8,3,TAS,Toyota,Sedan,Petrol,35300.0
2024,10,4,VIC,Ford,SUV,Hybrid,68300.0
2023,3,1,QLD,Nissan,Sedan,Diesel,38500.0
2023,10,4,VIC,Nissan,SUV,Hybrid,51100.0
2020,9,3,VIC,Nissan,Sedan,Petrol,32000.0
2023,1,1,QLD,Nissan,SUV,Petrol,40400.0
2022,5,2,SA,Kia,SUV,Diesel,40100.0
2023,3,1,VIC,Ford,Sedan,Diesel,58400.0
2019,6,2,QLD,BYD,Sedan,Electric,77600.0
2023,10,4,NSW,Tesla,Sedan,Electric,140500.0
2024,2,1,NSW,Kia,SUV,Diesel,46700.0
2019,9,3,VIC,Toyota,Hatchback,Hybrid,41000.0
2024,6,2,NSW,Nissan,Sedan,Electric,55700.0
2022,7,3,NSW,Ford,SUV,Diesel,62500.0
2024,5,2,VIC,Hyundai,Sedan,Diesel,40400.0
2024,9,3,NSW,Mitsubishi,Sedan,Diesel,44500.0
2023,1,1,NSW,Tesla,SUV,Electric,160800.0
2023,5,2,VIC,Mazda,Sedan,Diesel,40900.0
2024,11,4,VIC,Isuzu,Ute,Electric,122300.0
2022,10,4,SA,Mazda,Ute,Diesel,44500.0
2021,11,4,QLD,Mazda,SUV,Petrol,39700.0
2023,6,2,VIC,Ford,Hatchback,Diesel,51200.0
2024,7,3,SA,Tesla,SUV,Electric,146800.0
2023,12,4,QLD,Nissan,Van,Diesel,39000.0
2024,4,2,NSW,Isuzu,SUV,Diesel,94500.0
2022,12,4,NSW,Nissan,Sedan,Diesel,39800.0
2024,1,1,QLD,Toyota,Sedan,Petrol,40100.0
2020,11,4,VIC,Toyota,SUV,Petrol,47300.0
2022,8,3,QLD,Kia,Ute,Petrol,35600.0
2019,10,4,QLD,Mazda,Sedan,Petrol,33800.0
2021,4,2,QLD,Isuzu,SUV,Petrol,74000.0
2021,3,1,TAS,Tesla,Sedan,Electric,119200.0
2022,12,4,VIC,Nissan,Sedan,Hybrid,45400.0
2023,7,3,NSW,Mazda,SUV,Petrol,45000.0
2021,12,4,WA,Ford,Wagon,Hybrid,61300.0
2022,2,1,NSW,Kia,Hatchback,Petrol,29800.0
2020,8,3,QLD,Mazda,SUV,Petrol,38700.0
2021,6,2,SA,Mitsubishi,Sedan,Petrol,34100.0
2020,7,3,QLD,Ford,SUV,Petrol,51100.0
2019,5,2,VIC,Ford,Ute,Hybrid,63000.0
2023,9,3,VIC,Hyundai,Van,Petrol,35100.0
2023,5,2,VIC,Toyota,SUV,Petrol,48300.0
2023,11,4,VIC,Kia,Ute,Electric,55400.0
2022,5,2,QLD,Hyundai,Sedan,Petrol,29500.0
2021,3,1,QLD,Toyota,SUV,Petrol,47700.0
2024,11,4,QLD,Hyundai,Van,Petrol,34500.0
2022,1,1,NSW,Mazda,Sedan,Diesel,38800.0
2022,2,1,VIC,Hyundai,Sedan,Petrol,34100.0
2019,8,3,QLD,Toyota,Ute,Petrol,43700.0
2021,1,1,VIC,Kia,SUV,Diesel,38000.0
2021,7,3,VIC,Tesla,SUV,Electric,148500.0
2022,5,2,QLD,Mitsubishi,Van,Hybrid,53100.0
2023,3,1,QLD,Isuzu,Ute,Petrol,68900.0
2022,12,4,VIC,Ford,Hatchback,Petrol,45500.0
2023,12,4,WA,Kia,SUV,Petrol,37200.0
2023,11,4,NSW,Isuzu,Sedan,Diesel,70800.0
2024,7,3,TAS,Ford,Wagon,Petrol,46400.0
2023,9,3,NSW,Tesla,SUV,Electric,155200.0
2024,2,1,NSW,Ford,SUV,Hybrid,79000.0
2019,8,3,WA,Ford,Sedan,Diesel,52700.0
2020,9,3,NSW,BYD,SUV,Electric,108900.0
2019,11,4,QLD,Toyota,SUV,Petrol,46100.0
2023,3,1,WA,Hyundai,Hatchback,Diesel,34200.0
2024,2,1,WA,Mazda,Wagon,Petrol,40700.0
2020,7,3,TAS,Hyundai,Sedan,Petrol,29900.0
2024,5,2,NSW,Mazda,Ute,Petrol,41900.0
2019,5,2,QLD,Kia,Hatchback,Petrol,24600.0
2024,10,4,NSW,BYD,Ute,Electric,108700.0
2021,5,2,VIC,BYD,SUV,Electric,108300.0
2019,4,2,WA,Hyundai,SUV,Diesel,40600.0
2022,5,2,VIC,Nissan,SUV,Diesel,48200.0
2021,4,2,VIC,Mitsubishi,SUV,Petrol,45800.0
2021,6,2,VIC,Hyundai,SUV,Electric,61100.0
2021,4,2,QLD,Isuzu,SUV,Petrol,75200.0
2024,2,1,ACT,Tesla,SUV,Electric,164900.0
2022,9,3,NSW,BYD,SUV,Electric,113800.0
2021,2,1,VIC,Mazda,Sedan,Petrol,35800.0
2023,9,3,WA,Ford,SUV,Petrol,59400.0
2023,10,4,VIC,Nissan,Ute,Diesel,47000.0
2021,6,2,NSW,Kia,SUV,Hybrid,45400.0
2022,9,3,VIC,Tesla,Hatchback,Electric,116500.0
2020,9,3,VIC,Mitsubishi,Van,Petrol,41200.0
2020,3,1,NSW,Isuzu,Ute,Hybrid,79600.0
2023,1,1,WA,Mazda,Ute,Diesel,45600.0
2020,1,1,VIC,Kia,Van,Petrol,32100.0
2022,3,1,SA,Toyota,SUV,Diesel,54000.0
2023,5,2,WA,Tesla,Wagon,Electric,134200.0
2019,3,1,QLD,Tesla,Ute,Electric,131900.0
2023,12,4,NSW,Toyota,Ute,Hybrid,63700.0
2021,9,3,VIC,Tesla,SUV,Electric,163000.0
2024,9,3,NSW,Ford,Sedan,Petrol,53400.0
2022,3,1,SA,Toyota,Ute,Hybrid,54300.0
2024,3,1,NSW,Ford,Sedan,Petrol,50400.0
2022,12,4,NSW,Mazda,Ute,Petrol,40900.0
2019,5,2,VIC,Ford,SUV,Petrol,50400.0
2023,2,1,NSW,Hyundai,SUV,Diesel,46800.0
2024,6,2,NSW,Tesla,Sedan,Electric,139300.0
2023,7,3,VIC,BYD,SUV,Electric,110300.0
2024,9,3,NSW,Mitsubishi,SUV,Petrol,49200.0
2024,6,2,NSW,Toyota,SUV,Petrol,52700.0
2020,3,1,VIC,Nissan,SUV,Petrol,40200.0
2020,12,4,QLD,Tesla,Sedan,Electric,126600.0
2023,5,2,VIC,Toyota,SUV,Hybrid,59500.0
2022,4,2,VIC,Isuzu,Van,Hybrid,83400.0
2024,5,2,VIC,Mazda,Ute,Hybrid,49500.0
2024,8,3,VIC,Kia,Ute,Petrol,35400.0
2021,8,3,SA,Ford,SUV,Electric,82300.0
2020,6,2,NSW,Ford,Sedan,Diesel,49800.0
2024,1,1,QLD,Nissan,Sedan,Petrol,33100.0
2021,8,3,WA,Ford,Wagon,Petrol,52200.0
2024,8,3,WA,Toyota,Ute,Petrol,49100.0
2022,2,1,NSW,Nissan,Sedan,Diesel,37700.0
2023,4,2,NSW,Nissan,Hatchback,Hybrid,37200.0
2019,12,4,QLD,Tesla,SUV,Electric,132400.0
2023,2,1,NSW,Ford,SUV,Hybrid,72900.0
2022,4,2,WA,Toyota,Ute,Hybrid,58300.0
2023,12,4,QLD,BYD,SUV,Electric,104600.0
2020,10,4,QLD,Toyota,SUV,Petrol,42800.0
2023,7,3,NSW,Toyota,Ute,Diesel,55100.0
2024,9,3,QLD,Kia,SUV,Petrol,37200.0
2020,8,3,QLD,Toyota,Sedan,Petrol,38000.0
2019,12,4,WA,Toyota,Hatchback,Diesel,39100.0
2019,9,3,NSW,Ford,SUV,Petrol,53200.0
2023,8,3,NSW,Toyota,SUV,Hybrid,60100.0
2023,2,1,VIC,Toyota,SUV,Diesel,58800.0
2022,7,3,NSW,Toyota,SUV,Hybrid,59300.0
2020,2,1,VIC,Mazda,SUV,Petrol,39900.0
2022,12,4,SA,Tesla,SUV,Electric,151500.0
2023,11,4,VIC,Isuzu,Sedan,Hybrid,82200.0
2022,2,1,WA,Ford,SUV,Electric,92000.0
2024,4,2,NSW,Kia,Ute,Hybrid,44700.0
2020,1,1,NSW,Toyota,Hatchback,Diesel,38800.0
2023,5,2,NSW,Toyota,Ute,Hybrid,56800.0
2022,6,2,VIC,Mazda,Sedan,Petrol,36700.0
2022,9,3,SA,Kia,SUV,Hybrid,41800.0
2023,10,4,NSW,Tesla,Ute,Electric,160500.0
2023,8,3,QLD,Mitsubishi,SUV,Hybrid,52000.0
2024,2,1,VIC,Hyundai,SUV,Diesel,42300.0
2020,1,1,SA,Toyota,Hatchback,Diesel,35900.0
2019,2,1,NSW,BYD,SUV,Electric,106300.0
2023,7,3,NSW,Hyundai,SUV,Diesel,47400.0
2023,4,2,NSW,Tesla,Hatchback,Electric,131400.0
2021,10,4,VIC,Kia,Hatchback,Petrol,27300.0
2019,5,2,NSW,Tesla,SUV,Electric,140300.0
2019,12,4,WA,Nissan,SUV,Petrol,37500.0
2024,7,3,QLD,Nissan,Sedan,Petrol,36100.0
2020,3,1,QLD,Kia,Ute,Petrol,31000.0
2021,10,4,VIC,Kia,SUV,Petrol,36000.0
2020,2,1,NSW,Mazda,Sedan,Petrol,33300.0
2021,7,3,VIC,Nissan,Van,Diesel,41000.0
2019,5,2,TAS,Ford,SUV,Petrol,46300.0
2022,1,1,WA,Toyota,Hatchback,Petrol,34600.0
2019,1,1,WA,Ford,Van,Petrol,47900.0
2024,9,3,WA,Toyota,SUV,Petrol,50400.0
2020,5,2,NSW,Kia,Ute,Petrol,35100.0
2022,1,1,NSW,Kia,SUV,Petrol,40000.0
2024,7,3,NSW,Hyundai,Ute,Electric,58200.0
2023,9,3,NSW,Toyota,Ute,Petrol,51200.0
2022,11,4,NSW,Nissan,SUV,Hybrid,48500.0
2021,1,1,VIC,BYD,Ute,Electric,96900.0
2021,10,4,QLD,Isuzu,Hatchback,Diesel,58500.0
2023,4,2,WA,Hyundai,SUV,Electric,65500.0
2024,3,1,QLD,BYD,SUV,Electric,105900.0
2023,5,2,SA,Ford,SUV,Petrol,52200.0
2022,7,3,NSW,Mazda,Sedan,Diesel,41100.0
2023,8,3,NSW,Toyota,Wagon,Petrol,45400.0
2022,2,1,QLD,Hyundai,Hatchback,Diesel,30500.0
2019,7,3,NSW,Toyota,Sedan,Petrol,38200.0
2023,1,1,NSW,Nissan,Sedan,Hybrid,45100.0
2024,7,3,VIC,Toyota,SUV,Petrol,49400.0
2020,8,3,NSW,Ford,SUV,Petrol,57800.0
2023,2,1,VIC,Ford,Sedan,Diesel,55600.0
2020,9,3,VIC,Hyundai,Sedan,Hybrid,36400.0
2022,1,1,VIC,Kia,Sedan,Diesel,37200.0
2019,6,2,QLD,Toyota,Van,Petrol,40900.0
2022,1,1,VIC,BYD,Sedan,Electric,86900.0
2023,3,1,NSW,Hyundai,Sedan,Petrol,32400.0
2021,11,4,NSW,Mitsubishi,SUV,Petrol,47700.0
2023,6,2,VIC,Tesla,Wagon,Electric,141300.0
2024,3,1,QLD,Nissan,Ute,Hybrid,51000.0
2024,8,3,QLD,Isuzu,Hatchback,Hybrid,64200.0
2020,5,2,QLD,Mitsubishi,Sedan,Diesel,37200.0
2022,2,1,NSW,Hyundai,Sedan,Petrol,36000.0
2020,4,2,VIC,Kia,Sedan,Diesel,35900.0
2024,9,3,VIC,BYD,SUV,Electric,102900.0
2024,4,2,VIC,Nissan,Ute,Diesel,47100.0
2022,10,4,VIC,Toyota,Hatchback,Electric,55200.0
2024,10,4,VIC,Hyundai,SUV,Diesel,46400.0
2022,8,3,VIC,BYD,SUV,Electric,110700.0
2023,5,2,QLD,Ford,Ute,Petrol,50200.0
2019,11,4,NSW,Hyundai,SUV,Petrol,35800.0
2023,11,4,QLD,Ford,Sedan,Petrol,44300.0
2020,10,4,NSW,Mitsubishi,Ute,Diesel,44700.0
2024,1,1,NSW,Nissan,SUV,Hybrid,50800.0
2024,7,3,ACT,Ford,Hatchback,Petrol,49000.0
2023,3,1,SA,Mazda,Sedan,Petrol,33900.0
2019,10,4,NSW,Toyota,Hatchback,Petrol,35100.0
2021,8,3,VIC,Toyota,Ute,Hybrid,58400.0
2021,12,4,NSW,Kia,Hatchback,Petrol,28100.0
2021,3,1,VIC,Kia,SUV,Petrol,36600.0
2019,1,1,WA,Mazda,SUV,Petrol,37000.0
2024,5,2,SA,Tesla,SUV,Electric,155500.0
2022,2,1,QLD,BYD,Sedan,Electric,80500.0
2021,11,4,VIC,Mazda,Hatchback,Petrol,32600.0
2022,4,2,QLD,Hyundai,Sedan,Hybrid,37300.0
2022,1,1,NSW,Nissan,Hatchback,Hybrid,39700.0
2023,9,3,SA,Hyundai,SUV,Petrol,38100.0
2022,6,2,WA,BYD,SUV,Electric,106000.0
2024,8,3,VIC,Ford,Hatchback,Hybrid,53000.0
2022,11,4,VIC,BYD,Sedan,Electric,86300.0
2024,4,2,NSW,BYD,Ute,Electric,112100.0
2024,9,3,NSW,Tesla,SUV,Electric,157000.0
2020,2,1,WA,Isuzu,Van,Petrol,62600.0
2024,9,3,VIC,Nissan,Sedan,Electric,58400.0
2019,12,4,VIC,Kia,Ute,Petrol,34900.0
2024,5,2,VIC,Mazda,SUV,Petrol,44200.0
2021,6,2,WA,Hyundai,Sedan,Petrol,32800.0
2024,3,1,NSW,BYD,Hatchback,Electric,84500.0
2024,4,2,WA,Mitsubishi,Hatchback,Petrol,34100.0
2024,6,2,WA,Toyota,SUV,Petrol,52300.0
2024,7,3,SA,Toyota,SUV,Hybrid,61700.0
2021,1,1,VIC,Tesla,Sedan,Electric,139800.0
2019,7,3,NSW,Mazda,SUV,Diesel,42000.0
2022,1,1,VIC,Kia,Ute,Diesel,40400.0
2020,5,2,VIC,BYD,SUV,Electric,99200.0
2023,6,2,NSW,Kia,SUV,Hybrid,44900.0
2021,2,1,QLD,Toyota,Ute,Petrol,44500.0
2024,10,4,VIC,Mazda,Sedan,Diesel,39800.0
2023,9,3,WA,Mazda,Ute,Diesel,44800.0
2024,10,4,NSW,Mazda,Van,Hybrid,49600.0
2020,6,2,QLD,Kia,SUV,Petrol,33700.0
2024,7,3,QLD,Kia,Ute,Petrol,35800.0
2024,10,4,QLD,Mazda,SUV,Petrol,42100.0
2022,8,3,WA,Toyota,Sedan,Diesel,46200.0
2023,11,4,QLD,Toyota,SUV,Hybrid,56800.0
2023,10,4,SA,Nissan,SUV,Petrol,40600.0
2020,1,1,VIC,Ford,SUV,Petrol,57500.0
2022,8,3,VIC,Nissan,SUV,Petrol,40200.0
2022,4,2,NSW,Isuzu,Hatchback,Petrol,57700.0
2020,10,4,NSW,Kia,Ute,Diesel,39300.0
2021,8,3,NSW,Tesla,Wagon,Electric,141200.0
2019,6,2,NSW,Mazda,Sedan,Petrol,34000.0
2019,11,4,NSW,Tesla,SUV,Electric,152800.0
2020,9,3,NSW,Mazda,SUV,Diesel,43100.0
2024,11,4,NSW,Isuzu,SUV,Petrol,79400.0
2022,4,2,SA,Toyota,SUV,Electric,72100.0
2024,2,1,NSW,BYD,Ute,Electric,99500.0
2022,2,1,QLD,Toyota,Sedan,Electric,62100.0
2021,5,2,NSW,Nissan,SUV,Diesel,46800.0
2022,10,4,SA,Hyundai,SUV,Hybrid,46200.0
2022,9,3,WA,Mitsubishi,SUV,Diesel,48500.0
2019,12,4,QLD,Ford,SUV,Hybrid,66300.0
2023,3,1,QLD,Hyundai,SUV,Hybrid,47200.0
2020,8,3,NSW,Mitsubishi,Ute,Electric,66000.0
2023,4,2,TAS,Nissan,SUV,Diesel,41000.0
2023,6,2,WA,Toyota,Ute,Hybrid,58900.0
2020,10,4,WA,Nissan,SUV,Petrol,41600.0
2019,6,2,QLD,Mitsubishi,SUV,Petrol,41800.0
2024,3,1,VIC,Isuzu,Hatchback,Petrol,60500.0
2022,5,2,WA,Hyundai,Sedan,Electric,50000.0
2019,12,4,NSW,Ford,SUV,Petrol,53700.0
2024,3,1,VIC,Nissan,Hatchback,Diesel,34800.0
2019,11,4,NSW,Ford,SUV,Petrol,56100.0
2023,11,4,SA,Kia,SUV,Petrol,35400.0
2024,1,1,NSW,Toyota,Ute,Electric,74600.0
2020,7,3,NSW,Toyota,Ute,Diesel,49500.0
2020,4,2,VIC,Mitsubishi,SUV,Diesel,51800.0
2020,7,3,QLD,Tesla,SUV,Electric,148100.0
2021,3,1,QLD,Kia,Hatchback,Petrol,25700.0
2019,12,4,NSW,Toyota,SUV,Petrol,49800.0
2023,11,4,NSW,Ford,SUV,Petrol,56400.0
2019,5,2,QLD,Hyundai,Sedan,Petrol,27500.0
2022,5,2,TAS,Ford,Hatchback,Petrol,36700.0
2024,2,1,WA,Nissan,SUV,Diesel,45100.0
2024,11,4,VIC,BYD,Ute,Electric,98600.0
2023,10,4,SA,Toyota,Sedan,Petrol,41000.0
2021,12,4,VIC,Nissan,Sedan,Diesel,38600.0
2023,2,1,VIC,Ford,Ute,Petrol,57000.0
2022,4,2,VIC,BYD,Van,Electric,98900.0
2022,4,2,VIC,Toyota,SUV,Petrol,51400.0
2020,4,2,QLD,Tesla,SUV,Electric,137400.0
2024,6,2,VIC,Mazda,Hatchback,Petrol,34200.0
2022,2,1,NSW,Ford,Ute,Electric,87200.0
2020,6,2,NSW,Toyota,Sedan,Petrol,43400.0
2021,7,3,NSW,Toyota,Sedan,Petrol,40300.0
2022,11,4,VIC,Toyota,Ute,Diesel,48600.0
2024,10,4,NSW,Mazda,Ute,Hybrid,54400.0
2023,3,1,NSW,Toyota,Hatchback,Hybrid,48700.0
2023,11,4,QLD,Tesla,Sedan,Electric,126400.0
2019,12,4,QLD,Toyota,SUV,Diesel,48800.0
2022,8,3,QLD,Mitsubishi,Ute,Petrol,39900.0
2022,2,1,VIC,Toyota,Sedan,Diesel,49300.0
2019,11,4,WA,Nissan,Sedan,Diesel,33900.0
2021,8,3,SA,Nissan,Sedan,Petrol,30300.0
2023,11,4,WA,Mazda,SUV,Electric,63400.0
2020,5,2,QLD,Mitsubishi,Sedan,Petrol,35800.0
2022,2,1,NSW,Toyota,Ute,Petrol,45300.0
2020,7,3,TAS,Nissan,Ute,Hybrid,43100.0
2019,2,1,NSW,Kia,Sedan,Diesel,35400.0
2020,6,2,NSW,Toyota,SUV,Petrol,46600.0
2024,10,4,VIC,Hyundai,Sedan,Petrol,35400.0
2024,3,1,NSW,Toyota,Ute,Hybrid,57400.0
2024,9,3,ACT,Hyundai,Sedan,Petrol,35900.0
2022,3,1,VIC,Tesla,Ute,Electric,145600.0
2019,11,4,VIC,Ford,Sedan,Petrol,43600.0
2022,12,4,QLD,Hyundai,SUV,Petrol,38000.0
2022,12,4,VIC,Toyota,Ute,Electric,69300.0
2024,3,1,NSW,Mazda,SUV,Electric,74900.0
2019,5,2,QLD,Toyota,Sedan,Petrol,38100.0
2022,7,3,QLD,Isuzu,SUV,Diesel,81700.0
2020,8,3,VIC,Toyota,SUV,Petrol,50200.0
2021,12,4,QLD,Mitsubishi,Sedan,Petrol,39300.0
2023,11,4,NSW,Hyundai,Sedan,Hybrid,42600.0
2022,7,3,NSW,Mazda,Ute,Petrol,41700.0
2021,9,3,NSW,Mitsubishi,Ute,Petrol,43400.0
2022,5,2,VIC,Ford,Ute,Diesel,61800.0
2022,10,4,WA,Hyundai,SUV,Petrol,39000.0
2024,11,4,WA,Mitsubishi,Ute,Diesel,54000.0
2024,3,1,VIC,Ford,Sedan,Diesel,54000.0
2024,6,2,VIC,Hyundai,Sedan,Hybrid,41300.0
2024,5,2,QLD,Kia,Sedan,Petrol,31100.0
2021,12,4,NSW,Tesla,Van,Electric,150100.0
2023,4,2,NSW,Toyota,SUV,Petrol,48900.0
2022,12,4,ACT,Ford,Hatchback,Diesel,49100.0
2021,2,1,QLD,Toyota,SUV,Electric,70800.0
2024,7,3,TAS,Mazda,SUV,Petrol,38300.0
2019,5,2,VIC,Kia,SUV,Electric,53900.0
2024,4,2,QLD,Nissan,Sedan,Hybrid,43100.0
2022,12,4,NSW,Nissan,SUV,Hybrid,48800.0
2023,8,3,NSW,Toyota,Hatchback,Petrol,38700.0
2023,9,3,VIC,Ford,Hatchback,Petrol,46700.0
2024,9,3,NSW,Kia,Ute,Petrol,40900.0
2023,3,1,NSW,Toyota,Sedan,Petrol,44100.0
2023,3,1,NSW,BYD,Van,Electric,100800.0
2019,5,2,NSW,BYD,Hatchback,Electric,72200.0
2022,5,2,QLD,Nissan,Sedan,Electric,55900.0
2020,10,4,VIC,Toyota,Ute,Petrol,43500.0
2023,2,1,NSW,Mazda,Sedan,Diesel,41700.0
2022,1,1,NSW,Isuzu,Sedan,Petrol,60900.0
2023,8,3,NSW,Tesla,SUV,Electric,161300.0
2019,3,1,QLD,Nissan,Sedan,Diesel,32400.0
2019,1,1,NSW,Toyota,SUV,Petrol,48700.0
2023,1,1,QLD,Mitsubishi,SUV,Petrol,46200.0
2019,11,4,NSW,Kia,Ute,Petrol,34400.0
2019,2,1,NSW,Toyota,Van,Diesel,46000.0
2019,6,2,WA,Kia,Van,Petrol,33400.0
2024,6,2,QLD,Mitsubishi,Sedan,Petrol,36900.0
2023,3,1,NSW,Mazda,Sedan,Petrol,37200.0
2021,12,4,WA,Mazda,SUV,Hybrid,52000.0
2021,4,2,VIC,Mitsubishi,Ute,Diesel,50700.0
2021,12,4,WA,Ford,SUV,Diesel,58900.0
2023,2,1,QLD,Nissan,SUV,Diesel,45000.0
2023,2,1,QLD,Hyundai,Ute,Petrol,36400.0
2020,7,3,TAS,Mazda,SUV,Diesel,43000.0
2020,1,1,NSW,Nissan,SUV,Petrol,38100.0
2019,7,3,QLD,Nissan,Hatchback,Petrol,27300.0
2023,12,4,VIC,Toyota,SUV,Diesel,53400.0
2023,12,4,NSW,BYD,SUV,Electric,102500.0
2021,1,1,NSW,Toyota,SUV,Petrol,47000.0
2019,6,2,NSW,Toyota,SUV,Petrol,50200.0
2019,3,1,QLD,Mazda,SUV,Petrol,36600.0
2024,8,3,VIC,Mazda,Ute,Hybrid,55400.0
2021,6,2,VIC,Isuzu,SUV,Diesel,78100.0
2023,11,4,NSW,Tesla,Ute,Electric,165800.0
2023,2,1,VIC,Nissan,SUV,Petrol,43700.0
2021,8,3,SA,Tesla,Sedan,Electric,115300.0
2020,5,2,VIC,Ford,Ute,Petrol,52600.0
2020,8,3,QLD,Tesla,Ute,Electric,132600.0
2023,8,3,QLD,Nissan,Sedan,Electric,52600.0
2023,6,2,QLD,Tesla,Hatchback,Electric,113700.0
2023,2,1,VIC,BYD,SUV,Electric,106600.0
2022,8,3,WA,Nissan,Sedan,Hybrid,43800.0
2019,11,4,VIC,Toyota,Hatchback,Electric,55400.0
2024,6,2,WA,Tesla,SUV,Electric,159800.0
2024,6,2,NSW,Isuzu,SUV,Petrol,85600.0
2021,8,3,NSW,Nissan,SUV,Petrol,44200.0
2024,1,1,NSW,Mazda,Ute,Petrol,40900.0
2023,2,1,QLD,Kia,SUV,Diesel,37800.0
2023,12,4,VIC,Tesla,SUV,Electric,159900.0
2023,12,4,NSW,Mazda,Sedan,Petrol,38600.0
2024,9,3,NSW,Mitsubishi,Sedan,Petrol,41200.0
2023,11,4,SA,Mazda,SUV,Petrol,39700.0
2020,12,4,WA,Hyundai,SUV,Diesel,41700.0
2021,8,3,VIC,Ford,Sedan,Petrol,48300.0
2024,12,4,QLD,Kia,Van,Diesel,36200.0
2020,7,3,VIC,Ford,Ute,Hybrid,66900.0
2021,7,3,VIC,Ford,Ute,Diesel,60100.0
2022,5,2,SA,Mazda,SUV,Diesel,43400.0
2022,2,1,NSW,Toyota,SUV,Electric,80500.0
2023,11,4,VIC,Toyota,Sedan,Diesel,44800.0
2024,6,2,VIC,Mazda,Ute,Petrol,42600.0
2020,10,4,VIC,Kia,Sedan,Electric,45300.0
2020,3,1,VIC,BYD,Hatchback,Electric,70100.0
2020,4,2,VIC,Toyota,Wagon,Petrol,41200.0
2024,10,4,NSW,Toyota,SUV,Diesel,55400.0
2023,12,4,VIC,BYD,SUV,Electric,109800.0
2021,11,4,NSW,Hyundai,SUV,Petrol,40000.0
2024,2,1,NSW,Nissan,SUV,Diesel,46700.0
2024,2,1,NSW,Tesla,SUV,Electric,157300.0
2024,12,4,QLD,Hyundai,Hatchback,Diesel,33300.0
2024,8,3,VIC,Mazda,SUV,Petrol,42000.0
2021,8,3,QLD,Kia,SUV,Petrol,34400.0
2023,10,4,QLD,Toyota,SUV,Hybrid,58900.0
2022,6,2,QLD,Toyota,Van,Petrol,45200.0
2024,5,2,VIC,Toyota,Ute,Petrol,51700.0
2023,8,3,VIC,BYD,Hatchback,Electric,82900.0
2023,4,2,VIC,Kia,Wagon,Petrol,33300.0
2023,11,4,QLD,Toyota,Sedan,Hybrid,51500.0
2020,4,2,VIC,Tesla,SUV,Electric,145300.0
2022,5,2,WA,Ford,SUV,Hybrid,66700.0
2024,1,1,WA,Kia,SUV,Hybrid,48200.0
2024,1,1,NSW,Mazda,Ute,Petrol,44800.0
2019,2,1,NSW,Kia,SUV,Petrol,33700.0
2020,8,3,QLD,Nissan,SUV,Petrol,35600.0
2020,7,3,NSW,Toyota,Sedan,Petrol,42500.0
2023,10,4,NSW,Mazda,Ute,Diesel,49300.0
2024,9,3,WA,Mazda,Ute,Electric,66700.0
2020,5,2,NSW,Mazda,SUV,Petrol,41500.0
2022,2,1,SA,Hyundai,Ute,Electric,56300.0
2024,7,3,QLD,Isuzu,Sedan,Petrol,66000.0
2023,8,3,QLD,Nissan,SUV,Electric,63800.0
2022,12,4,NSW,Mazda,Ute,Petrol,40700.0
2023,7,3,NSW,Kia,Van,Electric,53700.0
2022,7,3,VIC,Mitsubishi,SUV,Petrol,46500.0
2021,12,4,NSW,Kia,SUV,Hybrid,44700.0
2023,5,2,NSW,Ford,Sedan,Petrol,49700.0
2023,2,1,VIC,Mazda,SUV,Petrol,44200.0
2024,6,2,NSW,Ford,Hatchback,Diesel,48000.0
2023,4,2,NSW,Ford,SUV,Petrol,62500.0
2023,10,4,QLD,BYD,Ute,Electric,92500.0
2020,2,1,NSW,BYD,Ute,Electric,96900.0
2022,12,4,NSW,Toyota,Sedan,Hybrid,54100.0
2019,9,3,QLD,Toyota,SUV,Hybrid,53500.0
2020,7,3,ACT,Nissan,SUV,Diesel,45100.0
2023,6,2,VIC,Kia,SUV,Hybrid,47100.0
2024,12,4,NSW,Nissan,SUV,Petrol,46800.0
2019,5,2,VIC,Toyota,SUV,Diesel,54300.0
2022,3,1,SA,Kia,Hatchback,Diesel,29500.0
2024,12,4,QLD,Kia,SUV,Electric,60900.0
2020,10,4,QLD,Nissan,Ute,Petrol,33600.0
2022,10,4,NSW,Toyota,Sedan,Hybrid,55100.0
2023,4,2,VIC,Mazda,Ute,Petrol,44500.0
2023,3,1,NSW,Ford,Wagon,Petrol,53900.0
2020,12,4,QLD,Nissan,SUV,Petrol,39300.0
2021,11,4,QLD,Nissan,Hatchback,Petrol,29000.0
2024,8,3,ACT,Nissan,Sedan,Petrol,37700.0
2022,3,1,NSW,Nissan,Hatchback,Petrol,33400.0
2019,7,3,NSW,Toyota,Ute,Diesel,49800.0
2023,7,3,VIC,Toyota,Sedan,Petrol,43500.0
2019,7,3,QLD,Toyota,SUV,Hybrid,54800.0
2023,7,3,QLD,Hyundai,SUV,Petrol,40100.0
2020,2,1,NSW,Isuzu,Sedan,Petrol,64400.0
2024,10,4,NSW,Nissan,Wagon,Diesel,41900.0
2021,3,1,VIC,Mazda,Ute,Petrol,39800.0
2021,10,4,VIC,Mitsubishi,SUV,Petrol,49000.0
2020,9,3,WA,Nissan,Hatchback,Petrol,29700.0
2021,3,1,VIC,Ford,Ute,Petrol,56600.0
2024,2,1,QLD,Toyota,SUV,Hybrid,63000.0
2024,9,3,VIC,Ford,SUV,Diesel,67700.0
2021,10,4,QLD,Hyundai,SUV,Petrol,35700.0
2022,9,3,VIC,Kia,Hatchback,Hybrid,33500.0
2023,4,2,WA,Ford,Hatchback,Hybrid,54100.0
2024,12,4,NSW,Toyota,SUV,Petrol,52500.0
2023,9,3,VIC,Nissan,SUV,Hybrid,54400.0
2022,3,1,NSW,Kia,Ute,Electric,58900.0
2022,7,3,VIC,Ford,Van,Diesel,56400.0
2023,7,3,NSW,Nissan,Ute,Petrol,42600.0
2019,11,4,NSW,Toyota,Sedan,Hybrid,48600.0
2023,8,3,ACT,Mazda,SUV,Petrol,45100.0
2021,10,4,NSW,Isuzu,Sedan,Petrol,63200.0
2024,4,2,QLD,Mazda,SUV,Petrol,45300.0
2019,3,1,TAS,BYD,Ute,Electric,82300.0
2023,3,1,NSW,Mazda,SUV,Hybrid,53200.0
2022,12,4,QLD,Toyota,Hatchback,Electric,53500.0
2023,5,2,NSW,Kia,SUV,Diesel,41700.0
2019,11,4,NSW,Mazda,Hatchback,Hybrid,37400.0
2023,1,1,VIC,BYD,SUV,Electric,102400.0
2023,10,4,SA,Mitsubishi,Sedan,Petrol,39700.0
2023,3,1,NSW,Nissan,Sedan,Petrol,35500.0
2023,6,2,VIC,BYD,SUV,Electric,109200.0
2023,3,1,VIC,Toyota,Van,Diesel,48500.0
2024,5,2,WA,BYD,Sedan,Electric,98700.0
2021,9,3,NSW,Mitsubishi,Sedan,Hybrid,48100.0
2024,2,1,QLD,Tesla,Hatchback,Electric,122600.0
2022,11,4,QLD,Isuzu,Hatchback,Diesel,61400.0
2019,2,1,QLD,Kia,Sedan,Petrol,29300.0
2019,12,4,SA,Ford,Hatchback,Petrol,38900.0
2021,6,2,WA,Mitsubishi,SUV,Petrol,43000.0
2024,6,2,NSW,Mazda,SUV,Petrol,47100.0
2023,11,4,VIC,Toyota,Sedan,Petrol,41600.0
2024,11,4,VIC,Mitsubishi,SUV,Electric,79400.0
2022,8,3,NSW,Mazda,Sedan,Diesel,43600.0
2022,12,4,VIC,Toyota,SUV,Hybrid,64000.0
2020,11,4,VIC,Toyota,SUV,Petrol,44800.0
2021,2,1,VIC,Mitsubishi,Hatchback,Petrol,33600.0
2022,9,3,ACT,Hyundai,Sedan,Diesel,37600.0
2019,2,1,NSW,BYD,Wagon,Electric,84200.0
2020,1,1,SA,Hyundai,Ute,Hybrid,38100.0
2023,10,4,VIC,Ford,SUV,Diesel,63700.0
2023,2,1,QLD,Ford,SUV,Hybrid,73000.0
2024,12,4,WA,Mitsubishi,SUV,Hybrid,60000.0
2024,7,3,VIC,Hyundai,Hatchback,Petrol,31100.0
2023,8,3,VIC,Nissan,SUV,Petrol,42600.0
2022,5,2,VIC,Nissan,SUV,Diesel,47000.0
2023,6,2,VIC,Isuzu,Hatchback,Diesel,67700.0
2024,12,4,SA,Nissan,Ute,Petrol,39200.0
2019,1,1,WA,Ford,SUV,Petrol,49700.0
2022,6,2,NSW,Kia,SUV,Diesel,42400.0
2024,12,4,NSW,BYD,Hatchback,Electric,89600.0
2021,8,3,VIC,Tesla,Hatchback,Electric,113200.0
2023,3,1,NSW,Nissan,SUV,Electric,68500.0
2023,11,4,QLD,Tesla,Sedan,Electric,123200.0
2020,1,1,NSW,Nissan,Hatchback,Petrol,28800.0
2021,11,4,VIC,Hyundai,Ute,Petrol,38200.0
2021,4,2,NSW,Isuzu,Hatchback,Petrol,54700.0
2019,1,1,NSW,Tesla,Sedan,Electric,123500.0
2019,8,3,QLD,Tesla,Hatchback,Electric,102600.0
2024,5,2,VIC,Hyundai,SUV,Hybrid,53300.0
2021,1,1,ACT,BYD,SUV,Electric,101600.0
2022,8,3,WA,Nissan,Ute,Diesel,45200.0
2021,9,3,VIC,Mazda,Sedan,Hybrid,42600.0
2024,10,4,NSW,Mitsubishi,Hatchback,Hybrid,47900.0
2021,2,1,WA,Hyundai,SUV,Petrol,40500.0
2022,9,3,SA,Nissan,Hatchback,Petrol,28400.0
2024,8,3,WA,Ford,SUV,Diesel,62100.0
2024,7,3,NSW,Mazda,Ute,Hybrid,50600.0
2020,3,1,TAS,Hyundai,SUV,Diesel,38500.0
2024,2,1,NSW,Mitsubishi,Sedan,Electric,62600.0
2022,7,3,QLD,Toyota,Ute,Diesel,47700.0
2022,5,2,SA,Mitsubishi,SUV,Diesel,46200.0
2020,6,2,NSW,Nissan,SUV,Petrol,39800.0
2019,4,2,SA,Isuzu,Sedan,Petrol,52400.0
2023,2,1,NSW,Toyota,Hatchback,Petrol,40600.0
2022,9,3,ACT,Nissan,SUV,Petrol,46000.0
2022,3,1,NSW,Tesla,SUV,Electric,159100.0
2023,12,4,SA,Toyota,SUV,Petrol,48100.0
2023,7,3,NSW,Toyota,Van,Petrol,48300.0
2020,8,3,QLD,Toyota,SUV,Diesel,51300.0
2023,2,1,VIC,Isuzu,SUV,Diesel,85500.0
2020,6,2,VIC,Toyota,Ute,Diesel,49500.0
2023,11,4,NSW,Mazda,Ute,Diesel,47800.0
2023,8,3,QLD,BYD,SUV,Electric,105400.0
2024,7,3,NSW,Mitsubishi,Wagon,Petrol,43700.0
2019,11,4,VIC,BYD,Sedan,Electric,81000.0
2019,3,1,NSW,BYD,Sedan,Electric,81900.0
2021,1,1,SA,Toyota,SUV,Hybrid,55500.0
2021,6,2,NSW,Nissan,Hatchback,Petrol,30400.0
2020,8,3,NSW,Mazda,SUV,Hybrid,51400.0
2024,6,2,NSW,Kia,SUV,Petrol,39900.0
2020,5,2,VIC,Mitsubishi,SUV,Petrol,47000.0
2021,11,4,NSW,Toyota,Ute,Petrol,44100.0
2023,12,4,VIC,Nissan,Sedan,Petrol,36600.0
2022,8,3,WA,Ford,Sedan,Petrol,48800.0
2023,2,1,QLD,Toyota,SUV,Hybrid,58000.0
2019,12,4,VIC,Nissan,Ute,Petrol,36500.0
2022,1,1,NSW,Mitsubishi,Ute,Diesel,52200.0
2019,1,1,QLD,Tesla,SUV,Electric,135500.0
2019,4,2,NSW,Kia,Ute,Petrol,35900.0
2024,6,2,QLD,Isuzu,SUV,Petrol,79600.0
2020,9,3,NSW,Toyota,Ute,Hybrid,57100.0
2022,1,1,VIC,Mazda,SUV,Hybrid,54600.0
2022,12,4,VIC,Ford,Sedan,Diesel,54400.0
2021,1,1,WA,Toyota,Van,Petrol,44100.0
2024,5,2,NSW,Tesla,Wagon,Electric,159800.0
2019,10,4,VIC,Hyundai,SUV,Petrol,35400.0
2023,5,2,NSW,Mazda,Sedan,Electric,56200.0
2024,5,2,QLD,Toyota,SUV,Petrol,48000.0
2023,10,4,SA,Tesla,Hatchback,Electric,114200.0
2024,6,2,VIC,Isuzu,Sedan,Hybrid,78400.0
2019,8,3,VIC,Hyundai,SUV,Petrol,38500.0
2022,3,1,SA,Kia,SUV,Electric,54100.0
2021,9,3,VIC,Mazda,Van,Petrol,40400.0
2023,1,1,VIC,Mitsubishi,Sedan,Petrol,39400.0
2024,4,2,VIC,Toyota,SUV,Diesel,55700.0
2021,9,3,QLD,Ford,SUV,Hybrid,61200.0
2023,8,3,NSW,Mitsubishi,SUV,Electric,73500.0
2020,10,4,WA,Nissan,Sedan,Diesel,36800.0
2023,9,3,VIC,Hyundai,Hatchback,Hybrid,38800.0
2022,1,1,NSW,BYD,Hatchback,Electric,78800.0
2024,9,3,QLD,Mitsubishi,Sedan,Diesel,44500.0
2023,3,1,VIC,Nissan,Hatchback,Hybrid,38500.0
2021,11,4,NSW,Hyundai,Sedan,Diesel,34100.0
2019,12,4,QLD,Hyundai,SUV,Petrol,34700.0
2020,10,4,WA,Nissan,Wagon,Diesel,36300.0
2020,9,3,WA,Toyota,SUV,Petrol,49400.0
2021,1,1,SA,Toyota,SUV,Petrol,46800.0
2024,1,1,WA,Toyota,Wagon,Electric,69800.0
2023,9,3,NSW,Isuzu,SUV,Petrol,80600.0
2022,11,4,VIC,Toyota,Ute,Petrol,44600.0
2019,6,2,WA,Nissan,Van,Petrol,36300.0
2024,4,2,VIC,Ford,Sedan,Petrol,53300.0
2023,7,3,QLD,Toyota,SUV,Diesel,55600.0
2019,5,2,QLD,Ford,SUV,Hybrid,60200.0
2023,10,4,VIC,Mazda,SUV,Diesel,46900.0
2022,7,3,SA,Mitsubishi,Sedan,Hybrid,45500.0
2019,8,3,VIC,Tesla,Ute,Electric,148600.0
2022,8,3,VIC,Ford,Sedan,Petrol,51600.0
2022,1,1,TAS,Toyota,Sedan,Electric,57700.0
2020,8,3,VIC,Mitsubishi,Sedan,Diesel,43400.0
2024,6,2,NSW,Isuzu,Sedan,Petrol,72600.0
2024,4,2,VIC,Tesla,Hatchback,Electric,119200.0
2023,12,4,WA,Isuzu,SUV,Diesel,88400.0
2022,8,3,QLD,Mazda,Hatchback,Electric,45900.0
2022,3,1,QLD,Nissan,Sedan,Petrol,33000.0
2023,4,2,QLD,Hyundai,SUV,Diesel,40200.0
2022,6,2,NSW,Toyota,SUV,Electric,78500.0
2019,11,4,WA,Isuzu,SUV,Petrol,73200.0
2022,7,3,WA,Nissan,Sedan,Diesel,38700.0
2024,4,2,NSW,Mitsubishi,SUV,Diesel,52300.0
2022,4,2,NSW,Mazda,Hatchback,Petrol,31600.0
2019,7,3,ACT,Mazda,Sedan,Diesel,39500.0
2024,6,2,WA,Ford,Hatchback,Petrol,44900.0
2020,11,4,WA,Nissan,SUV,Diesel,43900.0
2021,8,3,WA,Toyota,SUV,Petrol,45200.0
2020,1,1,VIC,Isuzu,SUV,Petrol,74800.0
2021,10,4,QLD,Mazda,SUV,Petrol,42400.0
2023,11,4,VIC,Isuzu,Hatchback,Petrol,57900.0
2022,7,3,NSW,Nissan,SUV,Petrol,43900.0
2020,12,4,QLD,Ford,Sedan,Diesel,51400.0
2024,7,3,VIC,Hyundai,SUV,Electric,64900.0
2024,11,4,QLD,Isuzu,Sedan,Hybrid,79900.0
2024,7,3,VIC,Kia,Hatchback,Diesel,33500.0
2020,7,3,VIC,Tesla,Sedan,Electric,123400.0
2022,10,4,NSW,Mitsubishi,Ute,Electric,71400.0
2024,10,4,NSW,Toyota,SUV,Electric,86000.0
2023,8,3,NSW,Isuzu,Van,Petrol,70300.0
2019,9,3,NSW,Mazda,Ute,Petrol,41000.0
2019,9,3,ACT,Nissan,Sedan,Petrol,35100.0
2022,2,1,NSW,Mazda,Sedan,Diesel,40500.0
2024,7,3,NSW,Tesla,Hatchback,Electric,127800.0
2022,7,3,VIC,Mazda,Sedan,Electric,55900.0
2022,4,2,QLD,Hyundai,Ute,Diesel,40800.0
2019,9,3,NSW,Hyundai,Sedan,Diesel,34600.0
2023,8,3,QLD,BYD,SUV,Electric,108300.0
2024,12,4,QLD,Kia,Ute,Petrol,35900.0
2021,1,1,NSW,Nissan,Sedan,Petrol,36100.0
2023,2,1,NSW,Hyundai,Sedan,Diesel,40800.0
2024,2,1,SA,Tesla,Sedan,Electric,124100.0
2020,12,4,WA,BYD,SUV,Electric,102700.0
2022,12,4,QLD,Toyota,Ute,Electric,66000.0
2021,11,4,NSW,Hyundai,Van,Petrol,37400.0
2024,8,3,VIC,Ford,Hatchback,Hybrid,55500.0
2023,1,1,VIC,Hyundai,SUV,Petrol,42600.0
2023,4,2,NSW,Hyundai,SUV,Diesel,47300.0
2024,10,4,VIC,Tesla,Ute,Electric,147600.0
2022,12,4,QLD,Mazda,Sedan,Diesel,36300.0
2024,5,2,VIC,Tesla,Sedan,Electric,142100.0
2022,9,3,QLD,Nissan,Hatchback,Hybrid,36300.0
2020,7,3,WA,Kia,Sedan,Petrol,28900.0
2023,8,3,VIC,Mitsubishi,Sedan,Petrol,38700.0
2024,11,4,WA,Toyota,SUV,Petrol,51900.0
2021,9,3,NSW,Nissan,SUV,Hybrid,47600.0
2024,7,3,WA,Mazda,SUV,Petrol,47000.0
2024,5,2,NSW,Mitsubishi,Hatchback,Petrol,39000.0
2021,5,2,NSW,Nissan,SUV,Petrol,43300.0
2024,10,4,QLD,Mitsubishi,Sedan,Diesel,40700.0
2020,11,4,VIC,Tesla,Hatchback,Electric,105200.0
2020,6,2,SA,Ford,Sedan,Diesel,48000.0
2020,5,2,VIC,Toyota,Sedan,Hybrid,52300.0
2024,12,4,NSW,BYD,SUV,Electric,109900.0
2023,11,4,VIC,Toyota,Hatchback,Diesel,40800.0
2020,9,3,VIC,Tesla,SUV,Electric,142900.0
2022,3,1,VIC,Toyota,SUV,Electric,78800.0
2023,3,1,QLD,Nissan,SUV,Hybrid,50700.0
2019,7,3,QLD,Toyota,SUV,Petrol,41500.0
2024,7,3,WA,Kia,SUV,Electric,60600.0
2024,6,2,ACT,Mitsubishi,Ute,Hybrid,61200.0
2022,3,1,NSW,Ford,SUV,Petrol,58600.0
2024,7,3,QLD,Hyundai,Ute,Hybrid,46300.0
2022,5,2,VIC,Ford,SUV,Petrol,60000.0
2024,7,3,QLD,Hyundai,SUV,Petrol,40000.0
2023,2,1,VIC,Ford,Sedan,Hybrid,61800.0
2023,6,2,TAS,Hyundai,Hatchback,Hybrid,34600.0
2020,8,3,QLD,Kia,Hatchback,Diesel,29800.0
2024,1,1,SA,Mazda,Van,Petrol,37900.0
2022,4,2,WA,Nissan,Ute,Electric,58100.0
2020,11,4,SA,Kia,Ute,Petrol,33400.0
2019,1,1,WA,Mazda,Sedan,Petrol,32300.0
2022,1,1,VIC,Ford,Sedan,Petrol,51600.0
2022,10,4,NSW,Nissan,SUV,Petrol,39800.0
2023,12,4,VIC,Toyota,Sedan,Petrol,45600.0
2024,11,4,NSW,Tesla,SUV,Electric,170600.0
2019,8,3,VIC,Kia,Sedan,Diesel,34100.0
2023,7,3,VIC,Toyota,Sedan,Electric,65800.0
2020,12,4,VIC,Isuzu,SUV,Electric,119700.0
2024,10,4,ACT,Hyundai,SUV,Hybrid,50500.0
2024,1,1,SA,Mazda,SUV,Diesel,44700.0
2022,11,4,NSW,Isuzu,Wagon,Hybrid,78600.0
2023,2,1,VIC,Mitsubishi,SUV,Hybrid,62300.0
2021,4,2,VIC,Nissan,SUV,Petrol,40600.0
2022,1,1,VIC,Mitsubishi,Hatchback,Hybrid,43800.0
2024,3,1,QLD,Tesla,Sedan,Electric,136800.0
2022,8,3,VIC,Isuzu,SUV,Diesel,87700.0
2021,8,3,VIC,Toyota,SUV,Petrol,49600.0
2022,8,3,WA,BYD,SUV,Electric,105200.0
2024,6,2,WA,Mitsubishi,SUV,Diesel,55200.0
2021,6,2,NSW,Toyota,SUV,Diesel,56300.0
2020,5,2,QLD,Kia,Sedan,Diesel,30600.0
2023,9,3,VIC,Toyota,Ute,Petrol,45600.0
2024,4,2,NSW,Tesla,Sedan,Electric,134300.0
2019,10,4,NSW,Kia,Sedan,Petrol,29900.0
2020,12,4,VIC,Nissan,SUV,Hybrid,48600.0
2020,12,4,VIC,Toyota,SUV,Hybrid,58700.0
2021,12,4,NSW,Mitsubishi,Hatchback,Petrol,37200.0
2022,7,3,QLD,Mazda,SUV,Petrol,40100.0
2023,1,1,QLD,Mitsubishi,Hatchback,Hybrid,43200.0
2023,9,3,NSW,Tesla,Sedan,Electric,140300.0
2023,7,3,NSW,Tesla,Hatchback,Electric,118100.0
2021,10,4,WA,Isuzu,SUV,Petrol,74500.0
2024,12,4,NSW,Isuzu,SUV,Petrol,86100.0
2022,9,3,SA,Toyota,Ute,Petrol,41600.0
2024,7,3,QLD,Hyundai,Ute,Hybrid,45200.0
2023,2,1,VIC,Tesla,SUV,Electric,151500.0
2020,6,2,NSW,Kia,Wagon,Diesel,35100.0
2023,10,4,NSW,Mazda,SUV,Diesel,50300.0
2021,12,4,NSW,Kia,SUV,Petrol,39500.0
2023,11,4,NSW,Ford,Sedan,Diesel,57700.0
2019,4,2,QLD,Hyundai,Ute,Petrol,32800.0
2020,3,1,NSW,Isuzu,Van,Petrol,71300.0
2024,2,1,VIC,Ford,SUV,Petrol,58500.0
2020,6,2,VIC,Toyota,SUV,Petrol,49000.0
2024,8,3,NSW,Toyota,Sedan,Petrol,44700.0
2021,6,2,NSW,Nissan,SUV,Diesel,48300.0
2023,9,3,NSW,Nissan,Sedan,Diesel,42300.0
2023,5,2,NSW,Tesla,Sedan,Electric,147500.0
2022,2,1,QLD,Hyundai,SUV,Petrol,35800.0
2021,8,3,NSW,Nissan,Sedan,Petrol,36100.0
2020,9,3,QLD,Mitsubishi,Sedan,Petrol,37400.0
2019,10,4,VIC,Isuzu,Ute,Diesel,76100.0
2021,4,2,VIC,BYD,Ute,Electric,97700.0
2023,6,2,VIC,Hyundai,SUV,Petrol,37400.0
2024,11,4,QLD,Ford,SUV,Petrol,55300.0
2024,10,4,NSW,Mazda,SUV,Diesel,49300.0
2023,8,3,NSW,Mazda,SUV,Hybrid,57600.0
2024,9,3,VIC,BYD,Ute,Electric,109600.0
2023,12,4,VIC,Nissan,Wagon,Petrol,36000.0
2021,5,2,VIC,Tesla,Ute,Electric,155700.0
2024,12,4,QLD,Ford,Sedan,Diesel,51000.0
2023,6,2,VIC,Toyota,SUV,Electric,77800.0
2023,11,4,QLD,Toyota,SUV,Electric,71900.0
2019,4,2,VIC,Hyundai,Hatchback,Petrol,28600.0
2022,5,2,QLD,Ford,Van,Hybrid,63200.0
2022,7,3,QLD,Mitsubishi,Sedan,Diesel,40900.0
2024,9,3,VIC,Toyota,SUV,Electric,82600.0
2022,10,4,QLD,Nissan,Ute,Diesel,39700.0
2021,11,4,WA,Hyundai,SUV,Diesel,41000.0
2024,6,2,VIC,Isuzu,Ute,Hybrid,90300.0
2019,6,2,VIC,Kia,Hatchback,Petrol,25300.0
2022,8,3,QLD,Toyota,SUV,Hybrid,60700.0
2019,11,4,VIC,BYD,Wagon,Electric,89400.0
2023,4,2,NSW,Tesla,Wagon,Electric,142100.0
2024,3,1,WA,Kia,Van,Petrol,34600.0
2021,7,3,NSW,Kia,Sedan,Petrol,29800.0
2024,5,2,QLD,Toyota,SUV,Petrol,48400.0
2021,2,1,QLD,Mitsubishi,Sedan,Hybrid,45400.0
2024,2,1,SA,Nissan,Sedan,Diesel,36800.0
2023,11,4,NSW,Toyota,SUV,Diesel,58600.0
2024,6,2,VIC,Mazda,Sedan,Diesel,41500.0
2019,8,3,VIC,Nissan,Ute,Petrol,36000.0
2024,1,1,VIC,Mazda,SUV,Petrol,47900.0
2023,11,4,NSW,Mitsubishi,SUV,Hybrid,57900.0
2021,6,2,VIC,Kia,SUV,Hybrid,44500.0
2024,12,4,VIC,Mitsubishi,Ute,Petrol,46000.0
2021,2,1,NSW,Ford,Ute,Petrol,52400.0
2024,2,1,QLD,Hyundai,SUV,Petrol,37500.0
2019,7,3,QLD,Toyota,Van,Petrol,39100.0
2023,10,4,QLD,BYD,SUV,Electric,107800.0
2022,1,1,SA,BYD,Sedan,Electric,86300.0
2019,6,2,VIC,Tesla,Ute,Electric,143000.0
2020,7,3,SA,Mitsubishi,Ute,Petrol,39400.0
2019,8,3,WA,Mazda,SUV,Petrol,39800.0
2022,7,3,NSW,Toyota,Hatchback,Petrol,36500.0
2021,6,2,NSW,Isuzu,Hatchback,Petrol,52900.0
2023,9,3,VIC,Ford,Sedan,Hybrid,59400.0
2021,3,1,VIC,Hyundai,Sedan,Hybrid,39600.0
2021,11,4,VIC,Toyota,SUV,Petrol,45500.0
2023,6,2,VIC,Toyota,Sedan,Hybrid,49500.0
2019,4,2,QLD,Hyundai,SUV,Petrol,33500.0
2024,2,1,VIC,Isuzu,Ute,Electric,114500.0
2024,1,1,NSW,Nissan,SUV,Hybrid,53600.0
2023,12,4,WA,Nissan,Ute,Hybrid,46400.0
2023,12,4,NSW,Nissan,SUV,Petrol,41900.0
2024,1,1,ACT,Nissan,SUV,Diesel,48800.0
2020,11,4,NSW,Kia,SUV,Petrol,34600.0
2019,10,4,SA,Mazda,SUV,Petrol,36500.0
2020,3,1,NSW,BYD,Sedan,Electric,81600.0
2024,4,2,NSW,Mazda,Ute,Petrol,44900.0
2019,2,1,NSW,Mazda,Sedan,Diesel,37500.0
2023,12,4,QLD,Mazda,Sedan,Hybrid,42300.0
2024,11,4,WA,Kia,Ute,Petrol,35300.0
2024,11,4,VIC,Hyundai,SUV,Diesel,43400.0
2022,11,4,SA,Toyota,SUV,Petrol,44500.0
2019,1,1,VIC,Ford,SUV,Petrol,57100.0
2024,4,2,QLD,Nissan,Ute,Diesel,45500.0
2023,7,3,WA,Kia,SUV,Petrol,35800.0
2019,10,4,NSW,Nissan,SUV,Petrol,40300.0
2019,11,4,VIC,Mazda,Sedan,Petrol,32800.0
2024,6,2,SA,Toyota,Van,Diesel,46100.0
2023,6,2,SA,Kia,Sedan,Diesel,34700.0
2024,11,4,ACT,Ford,Ute,Electric,88000.0
2024,9,3,SA,Mitsubishi,Ute,Petrol,43200.0
2023,2,1,NSW,BYD,Sedan,Electric,94800.0
2022,4,2,WA,BYD,Ute,Electric,99700.0
2022,5,2,VIC,Nissan,Hatchback,Hybrid,40600.0
2021,1,1,TAS,Hyundai,SUV,Petrol,36000.0
2022,8,3,VIC,Mazda,SUV,Diesel,49200.0
2023,8,3,VIC,Kia,SUV,Diesel,41800.0
2023,6,2,VIC,Toyota,Sedan,Petrol,40100.0
2024,12,4,VIC,Mazda,Hatchback,Diesel,38200.0
2022,5,2,NSW,Mazda,SUV,Petrol,47000.0
2023,8,3,WA,Hyundai,SUV,Petrol,39200.0
2023,3,1,WA,Toyota,Hatchback,Petrol,40100.0
2023,3,1,NSW,Toyota,Sedan,Hybrid,50900.0
2023,2,1,QLD,Mitsubishi,Sedan,Hybrid,46000.0
2020,5,2,QLD,Mitsubishi,Hatchback,Petrol,30400.0
2022,3,1,VIC,Tesla,Sedan,Electric,133400.0
2019,3,1,NSW,Mitsubishi,Ute,Petrol,44100.0
2021,6,2,WA,Toyota,SUV,Petrol,47000.0
2022,8,3,QLD,Mazda,SUV,Petrol,43400.0
2023,2,1,VIC,Toyota,SUV,Hybrid,62400.0
2024,4,2,QLD,Isuzu,Sedan,Diesel,70000.0
2023,11,4,NSW,BYD,Van,Electric,104600.0
2023,7,3,VIC,Mazda,Wagon,Petrol,37100.0
2022,1,1,NSW,Hyundai,Hatchback,Petrol,30900.0
2023,1,1,NSW,Nissan,SUV,Hybrid,51300.0
2019,12,4,QLD,Mitsubishi,Van,Petrol,36900.0
2021,10,4,SA,Isuzu,Ute,Petrol,66400.0
2021,7,3,VIC,Mazda,SUV,Diesel,48900.0
2022,7,3,NSW,Mazda,Ute,Diesel,46400.0
2019,1,1,QLD,BYD,SUV,Electric,95100.0
2020,1,1,WA,Tesla,SUV,Electric,154900.0
2021,4,2,QLD,Tesla,Hatchback,Electric,105800.0
2024,5,2,WA,Kia,Ute,Diesel,42900.0
2021,5,2,VIC,Kia,SUV,Hybrid,44600.0
2022,4,2,QLD,Tesla,Sedan,Electric,121600.0
2020,8,3,NSW,Mazda,Hatchback,Petrol,30600.0
2023,7,3,VIC,Hyundai,Ute,Hybrid,44800.0
2021,9,3,VIC,Nissan,SUV,Petrol,39300.0
2020,7,3,VIC,Hyundai,SUV,Diesel,39900.0
2022,10,4,SA,Kia,SUV,Hybrid,41200.0
2019,1,1,WA,Tesla,Wagon,Electric,132500.0
2019,7,3,NSW,Nissan,Sedan,Petrol,34000.0
2020,1,1,NSW,Ford,Sedan,Diesel,53200.0
2019,7,3,VIC,Ford,Sedan,Diesel,48800.0
2019,10,4,NSW,Isuzu,Hatchback,Petrol,55600.0
2021,8,3,QLD,Isuzu,Sedan,Diesel,62200.0
2024,11,4,SA,Tesla,Ute,Electric,147700.0
2023,9,3,ACT,Ford,SUV,Electric,92600.0
2022,12,4,QLD,Hyundai,SUV,Diesel,41200.0
2021,3,1,WA,Mitsubishi,Van,Petrol,40600.0
2024,4,2,VIC,Nissan,Van,Petrol,41700.0
2022,4,2,NSW,Nissan,Van,Petrol,41100.0
2019,12,4,VIC,Toyota,Van,Petrol,43700.0
2023,9,3,VIC,Ford,Hatchback,Diesel,46100.0
2019,7,3,QLD,Ford,Ute,Petrol,46800.0
2021,3,1,NSW,Nissan,Hatchback,Petrol,32900.0
2022,10,4,VIC,Tesla,Sedan,Electric,132700.0
2024,5,2,VIC,Ford,SUV,Petrol,63900.0
2022,7,3,SA,Toyota,SUV,Diesel,50100.0
2023,8,3,VIC,Kia,Wagon,Diesel,40400.0
2024,1,1,QLD,Toyota,SUV,Hybrid,63900.0
2020,12,4,QLD,Isuzu,Hatchback,Petrol,52400.0
2021,2,1,NSW,BYD,SUV,Electric,97600.0
2022,7,3,VIC,Ford,SUV,Petrol,56700.0
2022,11,4,WA,Ford,SUV,Petrol,60200.0
2022,2,1,VIC,Nissan,SUV,Petrol,44100.0
2024,7,3,SA,Mazda,SUV,Petrol,40200.0
2023,9,3,NSW,Mazda,SUV,Hybrid,54100.0
2023,11,4,NSW,Nissan,Hatchback,Petrol,34100.0
2021,2,1,WA,Isuzu,SUV,Hybrid,90400.0
2024,7,3,WA,Isuzu,SUV,Diesel,90600.0
2024,4,2,TAS,Mazda,SUV,Diesel,46900.0
2024,11,4,QLD,Toyota,Ute,Hybrid,60500.0
2019,2,1,SA,Toyota,Sedan,Diesel,38000.0
2023,7,3,WA,Mazda,Ute,Diesel,43400.0
2019,5,2,WA,BYD,SUV,Electric,91300.0
2021,1,1,VIC,Mazda,SUV,Hybrid,54500.0
2019,5,2,VIC,Tesla,Ute,Electric,139000.0
2023,12,4,SA,Mazda,Hatchback,Petrol,28800.0
2023,12,4,VIC,Hyundai,SUV,Hybrid,47700.0
2019,3,1,VIC,Nissan,Sedan,Petrol,32300.0
2021,7,3,VIC,Mazda,SUV,Diesel,48300.0
2022,6,2,VIC,Hyundai,SUV,Petrol,40500.0
2021,8,3,VIC,Hyundai,Ute,Petrol,37300.0
2020,5,2,NSW,Toyota,Sedan,Diesel,42000.0
2022,2,1,WA,Ford,SUV,Petrol,60200.0
2023,9,3,VIC,Hyundai,SUV,Petrol,38500.0
2019,11,4,VIC,Tesla,Van,Electric,136900.0
2019,8,3,NSW,Isuzu,Hatchback,Petrol,50300.0
2021,6,2,NSW,Kia,Hatchback,Diesel,29100.0
2024,10,4,NSW,Toyota,Sedan,Electric,64800.0
2023,7,3,QLD,Mitsubishi,Sedan,Hybrid,47800.0
2023,9,3,NSW,Toyota,SUV,Hybrid,64300.0
2021,7,3,SA,Mitsubishi,SUV,Petrol,40100.0
2023,3,1,NSW,Tesla,SUV,Electric,159900.0
2019,6,2,NSW,Mazda,Sedan,Petrol,36400.0
2023,11,4,NSW,Isuzu,SUV,Petrol,74600.0
2024,11,4,NSW,Nissan,Hatchback,Diesel,35100.0
2023,7,3,QLD,Isuzu,SUV,Petrol,73000.0
2024,2,1,WA,Hyundai,SUV,Petrol,42600.0
2023,3,1,QLD,Mitsubishi,SUV,Diesel,48600.0
2020,4,2,NSW,Nissan,SUV,Diesel,47800.0
2024,10,4,NSW,Hyundai,SUV,Petrol,41000.0
2019,6,2,VIC,Isuzu,SUV,Diesel,76300.0
2022,1,1,SA,Toyota,SUV,Hybrid,53500.0
2020,9,3,NSW,Toyota,Sedan,Diesel,46100.0
2019,5,2,QLD,BYD,Sedan,Electric,76200.0
2022,12,4,VIC,BYD,SUV,Electric,107200.0
2021,7,3,NSW,BYD,Sedan,Electric,85400.0
2022,9,3,VIC,Nissan,Sedan,Electric,54100.0
2023,9,3,NSW,Toyota,SUV,Petrol,54400.0
2019,1,1,QLD,Mazda,Hatchback,Diesel,32400.0
2020,1,1,NSW,Nissan,Sedan,Diesel,36100.0
2022,3,1,QLD,Toyota,SUV,Diesel,52700.0
2021,6,2,NSW,Tesla,Van,Electric,146500.0
2023,2,1,SA,Kia,Hatchback,Hybrid,31000.0
2023,10,4,NSW,Toyota,Wagon,Petrol,45900.0
2024,12,4,WA,Mazda,Ute,Diesel,45100.0
2023,11,4,WA,Kia,SUV,Petrol,38200.0
2022,1,1,ACT,Isuzu,SUV,Electric,127900.0
2023,1,1,VIC,Tesla,Ute,Electric,146100.0
2021,5,2,QLD,Mitsubishi,Wagon,Diesel,40500.0
2021,4,2,VIC,Kia,Sedan,Hybrid,37000.0
2024,1,1,NSW,Mazda,Hatchback,Hybrid,44500.0
2022,4,2,VIC,Toyota,SUV,Petrol,51400.0
2024,3,1,NSW,Ford,SUV,Petrol,57200.0
2024,2,1,TAS,Toyota,Hatchback,Hybrid,42100.0
2024,9,3,NSW,Mazda,Ute,Petrol,42200.0
2024,11,4,VIC,Ford,Wagon,Petrol,54600.0
2022,1,1,QLD,Ford,Ute,Diesel,56800.0
2021,7,3,VIC,Toyota,Sedan,Petrol,43800.0
2023,4,2,QLD,Mitsubishi,Sedan,Diesel,41000.0
2021,5,2,NSW,Kia,Hatchback,Petrol,28500.0
2023,10,4,VIC,Toyota,Sedan,Hybrid,54000.0
2023,5,2,NSW,Nissan,SUV,Hybrid,55600.0
2023,1,1,SA,Toyota,Sedan,Petrol,39600.0
2021,6,2,QLD,Isuzu,Sedan,Petrol,61200.0
2020,9,3,ACT,Toyota,SUV,Petrol,48300.0
2022,2,1,NSW,Nissan,Ute,Electric,62100.0
2020,7,3,NSW,Toyota,SUV,Petrol,50900.0
2024,6,2,NSW,BYD,SUV,Electric,119400.0
2021,5,2,NSW,Hyundai,Ute,Petrol,38200.0
2020,4,2,NSW,Tesla,Sedan,Electric,127800.0
2019,4,2,QLD,Ford,Hatchback,Diesel,43600.0
2023,6,2,NSW,Toyota,SUV,Petrol,48400.0
2023,4,2,VIC,BYD,Van,Electric,93100.0
2021,5,2,WA,Toyota,SUV,Hybrid,59900.0
2019,6,2,QLD,Nissan,SUV,Hybrid,43800.0
2022,5,2,VIC,Toyota,Hatchback,Diesel,43300.0
2021,7,3,VIC,Ford,Ute,Diesel,58100.0
2023,9,3,VIC,Tesla,SUV,Electric,160000.0
2023,10,4,NSW,Hyundai,Wagon,Petrol,37300.0
2021,7,3,QLD,Mazda,Sedan,Diesel,38800.0
2020,7,3,VIC,BYD,Van,Electric,91600.0
2024,4,2,WA,BYD,Sedan,Electric,88800.0
2022,1,1,QLD,Nissan,Sedan,Hybrid,42700.0
2023,8,3,QLD,Hyundai,Sedan,Petrol,31500.0
2020,4,2,VIC,Kia,SUV,Petrol,34500.0
2022,1,1,NSW,Hyundai,Sedan,Electric,53500.0
2019,5,2,QLD,Mazda,Sedan,Petrol,30500.0
2022,8,3,VIC,BYD,SUV,Electric,112300.0
2024,4,2,NSW,Hyundai,SUV,Diesel,46900.0
2021,12,4,NSW,Ford,SUV,Petrol,61100.0
2019,8,3,NSW,Ford,Hatchback,Petrol,39700.0
2019,8,3,QLD,Tesla,Sedan,Electric,126300.0
2021,3,1,NSW,Nissan,Ute,Diesel,41300.0
2020,9,3,VIC,Tesla,Van,Electric,129000.0
2019,3,1,VIC,Ford,Ute,Petrol,47400.0
2023,1,1,VIC,BYD,Wagon,Electric,95400.0
2022,2,1,WA,Mitsubishi,SUV,Diesel,48200.0
2021,6,2,WA,Toyota,SUV,Petrol,48100.0
2024,12,4,VIC,Toyota,SUV,Petrol,50700.0
2019,10,4,NSW,Toyota,Sedan,Hybrid,47600.0
2024,2,1,VIC,Ford,Hatchback,Diesel,50300.0
2021,6,2,QLD,Isuzu,Sedan,Hybrid,69400.0
2024,1,1,VIC,Hyundai,SUV,Electric,66000.0
2023,11,4,QLD,Hyundai,Ute,Electric,56800.0
2024,1,1,NSW,Nissan,Sedan,Electric,62000.0
2024,5,2,QLD,Isuzu,SUV,Petrol,74000.0
2021,10,4,NSW,Mitsubishi,Sedan,Hybrid,51700.0
2024,11,4,QLD,Mazda,Hatchback,Petrol,32400.0
2021,9,3,VIC,Toyota,Hatchback,Petrol,38600.0
2021,8,3,QLD,Toyota,Sedan,Petrol,36500.0
2021,3,1,NSW,Toyota,SUV,Petrol,51000.0
2022,3,1,VIC,Mazda,SUV,Diesel,49500.0
2020,1,1,QLD,Kia,Sedan,Petrol,27300.0
2022,3,1,NSW,Toyota,Ute,Petrol,48600.0
2022,12,4,QLD,Toyota,SUV,Diesel,54200.0
2023,12,4,QLD,Toyota,SUV,Diesel,53600.0
2024,12,4,VIC,Mitsubishi,Van,Hybrid,51600.0
2022,11,4,VIC,Mitsubishi,Hatchback,Petrol,36000.0
2021,1,1,VIC,Kia,Ute,Petrol,33000.0
2021,8,3,VIC,Mazda,SUV,Petrol,44000.0
2020,1,1,VIC,Hyundai,SUV,Petrol,35000.0
2019,5,2,QLD,Toyota,SUV,Diesel,45900.0
2021,9,3,VIC,Mazda,Sedan,Petrol,34600.0
2021,7,3,NSW,Nissan,SUV,Petrol,42400.0
2024,4,2,NSW,Nissan,Hatchback,Petrol,35500.0
2022,11,4,NSW,Mitsubishi,Wagon,Petrol,40400.0
2021,9,3,NSW,Nissan,SUV,Hybrid,48200.0
2023,9,3,QLD,Mitsubishi,Sedan,Petrol,38100.0
2020,2,1,QLD,Toyota,Ute,Diesel,49200.0
2022,10,4,NSW,Nissan,Van,Hybrid,47400.0
2023,10,4,SA,Toyota,Hatchback,Petrol,34400.0
2022,11,4,VIC,Tesla,SUV,Electric,159300.0
2022,12,4,SA,Mazda,SUV,Electric,60200.0
2024,6,2,QLD,Hyundai,Ute,Hybrid,44600.0
2024,4,2,QLD,Mitsubishi,Ute,Hybrid,53000.0
2023,8,3,NSW,Ford,SUV,Petrol,62500.0
2023,12,4,NSW,Mazda,Sedan,Diesel,44400.0
2023,11,4,NSW,Hyundai,Ute,Petrol,40200.0
2020,7,3,QLD,Hyundai,SUV,Petrol,35300.0
2022,7,3,VIC,Nissan,Hatchback,Hybrid,38100.0
2019,11,4,QLD,BYD,SUV,Electric,88300.0
2022,10,4,VIC,Ford,Ute,Electric,87500.0
2022,9,3,WA,Mazda,Sedan,Petrol,36700.0
2020,5,2,NSW,Isuzu,SUV,Diesel,85600.0
2024,6,2,NSW,Toyota,Ute,Hybrid,58800.0
2024,1,1,VIC,Mazda,Ute,Petrol,44400.0
2023,6,2,VIC,Hyundai,Van,Petrol,37700.0
2022,2,1,VIC,Nissan,SUV,Petrol,40400.0
2024,6,2,QLD,Toyota,Ute,Hybrid,58600.0
2020,9,3,NSW,Toyota,Sedan,Diesel,47700.0
2024,8,3,VIC,Ford,Sedan,Petrol,54000.0
2020,9,3,WA,Mazda,Hatchback,Petrol,31300.0
2024,10,4,NSW,Kia,SUV,Hybrid,46200.0
2021,8,3,SA,Ford,SUV,Diesel,60600.0
2024,3,1,TAS,Ford,Sedan,Petrol,47100.0
2024,8,3,NSW,Toyota,SUV,Diesel,56700.0
2020,6,2,NSW,Toyota,Hatchback,Diesel,37900.0
2022,6,2,VIC,Isuzu,Ute,Petrol,68100.0
2024,6,2,QLD,Nissan,Sedan,Petrol,33100.0
2022,3,1,VIC,Mazda,Hatchback,Hybrid,40600.0
2024,10,4,QLD,Toyota,Sedan,Petrol,40300.0
2023,1,1,QLD,Toyota,Sedan,Hybrid,46600.0
2021,12,4,NSW,Mitsubishi,SUV,Petrol,46200.0
2021,4,2,WA,Tesla,SUV,Electric,152400.0
2020,10,4,QLD,Hyundai,SUV,Petrol,33900.0
2023,12,4,VIC,Tesla,Ute,Electric,143600.0
2021,6,2,WA,Tesla,Sedan,Electric,123800.0
2022,11,4,QLD,Nissan,SUV,Petrol,40800.0
2022,12,4,NSW,Toyota,Sedan,Petrol,40400.0
2023,10,4,VIC,Mazda,SUV,Petrol,44500.0
2024,2,1,VIC,Toyota,Hatchback,Hybrid,44900.0
2024,7,3,NSW,Nissan,SUV,Petrol,42700.0
2022,7,3,SA,BYD,Hatchback,Electric,72100.0
2024,11,4,NSW,Kia,Sedan,Electric,50100.0
2023,4,2,QLD,Toyota,Sedan,Diesel,43000.0
2023,4,2,VIC,Mazda,SUV,Diesel,47500.0
2024,1,1,NSW,Mazda,Van,Petrol,41100.0
2020,2,1,SA,Kia,SUV,Diesel,38300.0
2019,9,3,WA,Mazda,Sedan,Petrol,31700.0
2024,10,4,VIC,Toyota,Wagon,Petrol,48600.0
2022,8,3,NSW,Tesla,Hatchback,Electric,125400.0
2024,8,3,NSW,Hyundai,Sedan,Electric,57000.0
2024,9,3,VIC,Ford,Wagon,Petrol,52100.0
2019,7,3,NSW,Toyota,Ute,Petrol,46700.0
2024,9,3,VIC,Isuzu,SUV,Diesel,83400.0
2022,10,4,ACT,Kia,SUV,Diesel,41400.0
2022,12,4,VIC,Nissan,SUV,Petrol,39100.0
2023,2,1,WA,Ford,SUV,Hybrid,75400.0
2024,6,2,QLD,Nissan,Ute,Hybrid,46900.0
2019,3,1,VIC,Nissan,Sedan,Diesel,38400.0
2022,11,4,WA,Kia,SUV,Petrol,36300.0
2023,6,2,VIC,Nissan,Hatchback,Electric,52300.0
2023,3,1,WA,Hyundai,SUV,Petrol,42000.0
2023,8,3,NSW,Hyundai,Wagon,Diesel,42400.0
2020,11,4,NSW,Toyota,Van,Petrol,44100.0
2021,4,2,WA,Mitsubishi,Van,Diesel,48200.0
2021,12,4,VIC,Tesla,Hatchback,Electric,122300.0
2024,10,4,WA,BYD,SUV,Electric,106500.0
2021,6,2,SA,Toyota,Sedan,Petrol,37900.0
2020,9,3,NSW,Ford,SUV,Petrol,57600.0
2024,2,1,VIC,Toyota,SUV,Hybrid,61600.0
2019,2,1,VIC,Mitsubishi,Sedan,Petrol,38400.0
2024,7,3,QLD,Toyota,SUV,Petrol,46500.0
2023,2,1,QLD,Nissan,Van,Diesel,41100.0
2024,2,1,NSW,Mazda,Hatchback,Hybrid,39600.0
2021,4,2,VIC,Mazda,SUV,Petrol,40900.0
2019,9,3,QLD,Isuzu,Sedan,Petrol,54900.0
2023,8,3,NSW,Ford,Sedan,Electric,82500.0
2024,2,1,WA,Toyota,Hatchback,Diesel,40400.0
2023,8,3,QLD,Ford,Ute,Petrol,55400.0
2020,4,2,SA,Toyota,SUV,Diesel,50500.0
2023,2,1,VIC,Nissan,Sedan,Diesel,39900.0
2023,11,4,NSW,Mitsubishi,Sedan,Petrol,40000.0
2023,10,4,VIC,Mazda,Van,Petrol,38800.0
2023,7,3,NSW,Kia,SUV,Petrol,39300.0
2024,6,2,ACT,Toyota,SUV,Hybrid,61900.0
2023,10,4,NSW,BYD,Hatchback,Electric,82300.0
2019,5,2,QLD,Nissan,Hatchback,Petrol,29300.0
2022,11,4,VIC,Nissan,Hatchback,Petrol,29700.0
2019,1,1,VIC,Hyundai,Sedan,Hybrid,38100.0
2022,2,1,NSW,Hyundai,Ute,Petrol,40400.0
2022,8,3,QLD,Toyota,Sedan,Diesel,46300.0
2019,1,1,VIC,Mitsubishi,SUV,Petrol,45900.0
2021,3,1,NSW,Kia,Sedan,Diesel,36800.0
2019,2,1,SA,Ford,SUV,Petrol,48500.0
2024,5,2,NSW,Nissan,SUV,Petrol,47000.0
2024,4,2,VIC,Toyota,Van,Diesel,55500.0
2019,7,3,VIC,Toyota,SUV,Diesel,50800.0
2024,5,2,NSW,Toyota,Van,Hybrid,57900.0
2022,8,3,SA,Mazda,SUV,Diesel,43700.0
2021,4,2,VIC,Toyota,SUV,Petrol,47400.0
2019,12,4,NSW,Kia,Sedan,Petrol,29200.0
2022,6,2,VIC,Hyundai,Ute,Diesel,41600.0
2024,4,2,QLD,Toyota,Sedan,Hybrid,51600.0
2023,2,1,VIC,BYD,Hatchback,Electric,79900.0
2019,1,1,QLD,Mazda,SUV,Diesel,39600.0
2019,1,1,NSW,Tesla,Hatchback,Electric,116400.0
2022,8,3,NSW,Hyundai,SUV,Diesel,42000.0
2021,4,2,WA,Kia,Hatchback,Petrol,25900.0
2020,5,2,NSW,Nissan,SUV,Petrol,41300.0
2021,11,4,WA,Toyota,Hatchback,Petrol,35300.0
2024,8,3,NSW,Kia,Ute,Electric,55800.0
2024,12,4,WA,Isuzu,SUV,Hybrid,93900.0
2022,7,3,VIC,Mitsubishi,Hatchback,Diesel,40100.0
2024,8,3,QLD,Mazda,SUV,Petrol,43600.0
2021,8,3,NSW,Hyundai,SUV,Petrol,38300.0
2022,6,2,NSW,Tesla,Hatchback,Electric,114900.0
2020,10,4,NSW,Nissan,SUV,Hybrid,50500.0
2023,2,1,NSW,Toyota,SUV,Electric,84600.0
2024,6,2,NSW,Toyota,Sedan,Petrol,45800.0
2023,1,1,VIC,Hyundai,Hatchback,Hybrid,38100.0
2021,1,1,VIC,Mazda,SUV,Petrol,42200.0
2023,11,4,QLD,Mazda,Sedan,Petrol,36700.0
2020,3,1,QLD,Mazda,Ute,Diesel,43100.0
2024,3,1,QLD,Mazda,Hatchback,Diesel,36600.0
2022,11,4,VIC,Toyota,Van,Hybrid,58600.0
2022,5,2,VIC,Nissan,Ute,Petrol,39300.0
2023,1,1,VIC,Toyota,Ute,Petrol,50900.0
2023,10,4,WA,Mazda,Sedan,Petrol,37700.0
2019,6,2,NSW,Mazda,SUV,Petrol,43000.0
2023,7,3,NSW,Nissan,Ute,Diesel,42600.0
2020,10,4,QLD,BYD,Wagon,Electric,86900.0
2023,12,4,NSW,BYD,Ute,Electric,109300.0
2024,11,4,WA,Toyota,SUV,Petrol,49100.0
2024,3,1,WA,Isuzu,Sedan,Diesel,74900.0
2022,4,2,NSW,Ford,Sedan,Petrol,51900.0
2022,10,4,NSW,Mazda,Ute,Hybrid,49400.0
2020,11,4,VIC,Kia,Ute,Diesel,37200.0
2023,10,4,QLD,Isuzu,Sedan,Diesel,69400.0
2021,12,4,NSW,BYD,SUV,Electric,105100.0
2022,10,4,QLD,Nissan,Van,Petrol,34100.0
2021,10,4,VIC,Nissan,Ute,Petrol,36600.0
2020,10,4,VIC,Mazda,SUV,Petrol,38800.0
2023,3,1,NSW,Ford,SUV,Petrol,58000.0
2019,1,1,QLD,Toyota,Hatchback,Petrol,31600.0
2023,8,3,NSW,Nissan,Hatchback,Petrol,33600.0
2021,10,4,WA,Toyota,SUV,Diesel,53400.0
2019,10,4,VIC,Nissan,SUV,Electric,62500.0
2022,2,1,VIC,Hyundai,SUV,Petrol,36800.0
2019,1,1,WA,Hyundai,SUV,Diesel,39600.0
2021,8,3,WA,Toyota,Sedan,Petrol,39700.0
2023,7,3,VIC,Hyundai,Sedan,Hybrid,43500.0
2019,7,3,NSW,Nissan,Ute,Diesel,42600.0
2024,4,2,QLD,Toyota,Ute,Electric,76500.0
2019,11,4,VIC,Ford,SUV,Petrol,50100.0
2020,9,3,NSW,Toyota,SUV,Petrol,49800.0
2023,6,2,SA,Hyundai,SUV,Petrol,37600.0
2021,2,1,NSW,Toyota,SUV,Petrol,51700.0
2019,1,1,NSW,Mazda,SUV,Hybrid,49900.0
2021,1,1,NSW,Nissan,Ute,Diesel,43700.0
2021,9,3,QLD,Ford,Hatchback,Diesel,41100.0
2024,4,2,QLD,Mazda,Ute,Diesel,45900.0
2021,5,2,NSW,Mitsubishi,Hatchback,Hybrid,41300.0
2024,3,1,VIC,Toyota,Ute,Diesel,50600.0
2024,4,2,VIC,Mazda,Ute,Petrol,40200.0
2022,12,4,QLD,Kia,SUV,Hybrid,46800.0
2024,8,3,NSW,Mazda,Wagon,Petrol,40000.0
2021,4,2,SA,Tesla,SUV,Electric,151200.0
2024,9,3,NSW,Ford,SUV,Petrol,65300.0
2019,9,3,TAS,BYD,SUV,Electric,93900.0
2023,6,2,NSW,Nissan,Wagon,Petrol,40900.0
2022,2,1,QLD,Toyota,Wagon,Diesel,48800.0
2021,12,4,NSW,Hyundai,Ute,Diesel,39500.0
2023,10,4,NSW,Hyundai,Sedan,Petrol,33000.0
2023,11,4,WA,Toyota,Sedan,Hybrid,53000.0
2019,7,3,WA,Isuzu,Wagon,Diesel,68200.0
2020,9,3,VIC,BYD,Ute,Electric,90000.0
2023,6,2,QLD,Ford,Van,Electric,81400.0
2023,3,1,VIC,Kia,SUV,Diesel,43000.0
2024,7,3,WA,Toyota,SUV,Hybrid,66000.0
2023,5,2,NSW,Kia,Hatchback,Hybrid,36500.0
2024,1,1,VIC,BYD,SUV,Electric,111300.0
2023,3,1,VIC,Kia,Van,Petrol,35200.0
2021,5,2,VIC,Mazda,Sedan,Petrol,35500.0
2019,7,3,WA,Tesla,Hatchback,Electric,115400.0
2024,3,1,NSW,Hyundai,SUV,Diesel,43700.0
2023,6,2,NSW,Kia,Ute,Petrol,37200.0
2019,5,2,VIC,Ford,Sedan,Petrol,46300.0
2021,1,1,QLD,Hyundai,Sedan,Petrol,30600.0
2024,10,4,NSW,Tesla,Sedan,Electric,138500.0
2022,6,2,VIC,Nissan,Van,Petrol,37100.0
2022,8,3,SA,Toyota,Ute,Petrol,42300.0
2022,1,1,NSW,Nissan,SUV,Diesel,45900.0
2020,2,1,QLD,Kia,Hatchback,Diesel,29700.0
2021,4,2,QLD,Tesla,SUV,Electric,146900.0
2021,12,4,VIC,Isuzu,SUV,Diesel,78500.0
2019,2,1,SA,Ford,SUV,Petrol,49000.0
2023,11,4,QLD,Isuzu,Hatchback,Diesel,57200.0
2022,9,3,VIC,Toyota,SUV,Petrol,52500.0
2024,10,4,VIC,Toyota,SUV,Petrol,51300.0
2024,8,3,QLD,Mitsubishi,Hatchback,Petrol,37300.0
2020,8,3,VIC,Nissan,Ute,Diesel,40700.0
2023,4,2,WA,Nissan,SUV,Diesel,48800.0
2022,5,2,VIC,Mitsubishi,Ute,Hybrid,52600.0
2024,4,2,NSW,Kia,Hatchback,Hybrid,34600.0
2020,9,3,NSW,Hyundai,SUV,Petrol,35600.0
2023,2,1,NSW,Nissan,Hatchback,Diesel,36300.0
2023,11,4,NSW,Hyundai,Sedan,Diesel,37100.0
2021,8,3,WA,BYD,Ute,Electric,95900.0
2020,2,1,QLD,Kia,Sedan,Petrol,30400.0
2023,1,1,QLD,Mitsubishi,Ute,Diesel,46100.0
2023,10,4,QLD,Hyundai,SUV,Electric,57600.0
2021,3,1,WA,Nissan,Ute,Diesel,44300.0
2023,9,3,VIC,Kia,SUV,Electric,60000.0
2022,12,4,WA,Nissan,Sedan,Petrol,36700.0
2023,3,1,VIC,Toyota,SUV,Petrol,49900.0
2020,9,3,SA,Kia,Hatchback,Petrol,24800.0
2024,7,3,QLD,Tesla,SUV,Electric,150000.0
2021,10,4,NSW,BYD,Sedan,Electric,94000.0
2021,1,1,VIC,Nissan,Sedan,Petrol,36500.0
2019,10,4,VIC,Toyota,Ute,Petrol,46800.0
2019,5,2,NSW,Toyota,Sedan,Diesel,43300.0
2022,9,3,VIC,Ford,Ute,Diesel,62700.0
2021,12,4,NSW,Toyota,SUV,Hybrid,59600.0
2024,3,1,NSW,Nissan,SUV,Electric,68700.0
2019,9,3,SA,Mazda,Sedan,Petrol,33100.0
2021,5,2,QLD,Ford,Van,Diesel,51400.0
2021,9,3,WA,Toyota,SUV,Petrol,46100.0
2019,10,4,QLD,Kia,SUV,Petrol,32700.0
2020,6,2,VIC,Hyundai,SUV,Diesel,42800.0
2022,9,3,VIC,Toyota,Ute,Petrol,46300.0
2022,7,3,QLD,Hyundai,SUV,Electric,56700.0
2022,7,3,ACT,Hyundai,Hatchback,Hybrid,40000.0
2022,8,3,NSW,Nissan,SUV,Hybrid,51200.0
2023,7,3,WA,Mazda,SUV,Electric,65300.0
2019,12,4,SA,Kia,SUV,Petrol,33400.0
2022,9,3,QLD,Nissan,Sedan,Petrol,35100.0
2024,11,4,SA,BYD,Ute,Electric,91600.0
2022,9,3,VIC,Nissan,SUV,Petrol,42500.0
2023,6,2,SA,Nissan,Van,Petrol,34100.0
2021,7,3,QLD,Ford,SUV,Petrol,53600.0
2023,2,1,NSW,Tesla,Ute,Electric,151100.0
2023,9,3,SA,Toyota,Sedan,Hybrid,47600.0
2022,12,4,VIC,Ford,SUV,Petrol,57200.0
2024,1,1,VIC,Isuzu,Hatchback,Electric,97200.0
2020,1,1,VIC,Kia,Hatchback,Diesel,30500.0
2019,3,1,NSW,Tesla,SUV,Electric,159000.0
2023,12,4,VIC,BYD,Sedan,Electric,93400.0
2024,6,2,WA,Mazda,SUV,Petrol,41600.0
2020,5,2,NSW,Nissan,Ute,Petrol,37300.0
2021,2,1,NSW,Ford,SUV,Petrol,60500.0
2019,9,3,NSW,Mazda,Hatchback,Petrol,31100.0
2021,10,4,VIC,Nissan,SUV,Petrol,43600.0
2023,4,2,QLD,Ford,SUV,Petrol,53300.0
2022,4,2,QLD,BYD,SUV,Electric,97300.0
2021,5,2,SA,Kia,SUV,Diesel,37200.0
2021,8,3,QLD,Hyundai,Sedan,Petrol,30100.0
2019,10,4,NSW,Isuzu,SUV,Diesel,76300.0
2021,4,2,SA,Kia,Ute,Diesel,35700.0
2023,5,2,QLD,Hyundai,SUV,Petrol,38900.0
2024,12,4,VIC,Toyota,Ute,Petrol,48000.0
2024,4,2,QLD,Nissan,Sedan,Hybrid,40500.0
2019,6,2,SA,Toyota,Wagon,Hybrid,48100.0
2024,12,4,QLD,Nissan,Wagon,Diesel,40500.0
2024,3,1,VIC,Hyundai,Hatchback,Petrol,30800.0
2024,8,3,QLD,Mitsubishi,Ute,Petrol,44200.0
2022,6,2,NSW,Nissan,SUV,Petrol,45000.0
2022,10,4,VIC,Toyota,Ute,Petrol,47500.0
2021,5,2,VIC,Kia,Van,Petrol,35900.0
2019,2,1,NSW,BYD,SUV,Electric,100000.0
2020,10,4,NSW,BYD,Sedan,Electric,84200.0
2020,10,4,NSW,Kia,SUV,Diesel,39700.0
2022,7,3,QLD,Mitsubishi,Sedan,Petrol,38000.0
2023,2,1,WA,BYD,Sedan,Electric,90800.0
2022,1,1,TAS,Isuzu,Sedan,Petrol,59500.0
2019,7,3,VIC,BYD,Sedan,Electric,79800.0
2024,5,2,VIC,Hyundai,Van,Petrol,38400.0
2024,1,1,SA,Nissan,Sedan,Hybrid,43800.0
2024,4,2,NSW,Ford,Hatchback,Diesel,51600.0
2024,12,4,QLD,Toyota,SUV,Electric,76400.0
2022,4,2,QLD,Hyundai,Sedan,Diesel,37200.0
2024,10,4,NSW,Toyota,Sedan,Petrol,44300.0
2019,7,3,WA,Toyota,SUV,Petrol,43200.0
2021,9,3,WA,Mazda,SUV,Diesel,47900.0
2020,2,1,NSW,Toyota,Sedan,Petrol,39200.0
2020,12,4,NSW,Tesla,Sedan,Electric,134000.0
2020,1,1,NSW,Toyota,Ute,Diesel,48100.0
2023,2,1,VIC,Mazda,SUV,Hybrid,50200.0
2024,7,3,VIC,Toyota,SUV,Hybrid,60400.0
2023,10,4,VIC,Toyota,Sedan,Petrol,42300.0
2020,6,2,NSW,Mazda,SUV,Diesel,43600.0
2024,4,2,SA,Kia,SUV,Diesel,38900.0
2023,1,1,VIC,Nissan,SUV,Petrol,44400.0
2021,1,1,NSW,Nissan,SUV,Petrol,43200.0
2023,5,2,NSW,Nissan,SUV,Diesel,50100.0
2021,1,1,VIC,Toyota,SUV,Petrol,50800.0
2021,12,4,VIC,Mazda,SUV,Petrol,41600.0
2024,7,3,NSW,Toyota,Ute,Petrol,52900.0
2021,11,4,NSW,BYD,SUV,Electric,105200.0
2022,1,1,WA,Toyota,Sedan,Petrol,41500.0
2024,1,1,TAS,Kia,Hatchback,Petrol,27500.0
2023,2,1,VIC,Mazda,Ute,Petrol,40200.0
2019,11,4,VIC,Mazda,SUV,Petrol,41700.0
2020,12,4,QLD,Nissan,Hatchback,Petrol,28000.0
2019,10,4,QLD,BYD,SUV,Electric,88300.0
2023,3,1,VIC,Isuzu,SUV,Electric,113800.0
2022,11,4,SA,Kia,Wagon,Petrol,30000.0
2020,1,1,VIC,Nissan,Hatchback,Petrol,31400.0
2024,9,3,VIC,Mitsubishi,Sedan,Petrol,44600.0
2022,10,4,QLD,Nissan,Ute,Hybrid,45100.0
2020,8,3,SA,Mazda,Ute,Petrol,35300.0
2022,5,2,QLD,Mitsubishi,SUV,Petrol,43000.0
2023,11,4,NSW,Tesla,SUV,Electric,172200.0
2019,2,1,VIC,Hyundai,Sedan,Petrol,29600.0
2021,5,2,VIC,Nissan,Hatchback,Electric,50000.0
2024,6,2,NSW,Nissan,SUV,Diesel,50200.0
2022,1,1,QLD,Ford,Ute,Petrol,54800.0
2022,11,4,WA,Hyundai,SUV,Petrol,39100.0
2022,4,2,QLD,Ford,Sedan,Petrol,47600.0
2019,9,3,TAS,Isuzu,Ute,Petrol,61400.0
2020,2,1,NSW,Mitsubishi,Ute,Diesel,49900.0
2022,5,2,WA,Toyota,SUV,Diesel,56600.0
2020,1,1,QLD,Kia,Sedan,Diesel,32400.0
2019,4,2,VIC,Toyota,Sedan,Petrol,39900.0
2024,4,2,QLD,BYD,SUV,Electric,111000.0
2024,6,2,NSW,Hyundai,SUV,Diesel,48800.0
2024,10,4,QLD,Ford,Ute,Petrol,55600.0
2024,9,3,VIC,BYD,Sedan,Electric,87000.0
2020,3,1,NSW,Toyota,SUV,Petrol,45600.0
2024,9,3,QLD,Toyota,Sedan,Diesel,48400.0
2020,6,2,QLD,Hyundai,Hatchback,Petrol,25000.0
2024,7,3,NSW,Mazda,SUV,Diesel,48600.0
2024,12,4,NSW,Hyundai,Ute,Hybrid,46600.0
2023,10,4,VIC,Nissan,SUV,Petrol,43400.0
2024,2,1,VIC,Isuzu,SUV,Electric,124200.0
2023,11,4,WA,Nissan,SUV,Petrol,41100.0
2021,10,4,SA,Nissan,Sedan,Petrol,30900.0
2022,6,2,VIC,Hyundai,Ute,Diesel,42400.0
2023,6,2,QLD,Mazda,SUV,Diesel,49000.0
2019,2,1,VIC,Mazda,Sedan,Petrol,31900.0
2023,2,1,QLD,Isuzu,Sedan,Hybrid,72400.0
2024,2,1,NSW,Tesla,SUV,Electric,171900.0
2020,10,4,VIC,Mazda,Sedan,Hybrid,44300.0
2024,12,4,QLD,Hyundai,Ute,Petrol,38600.0
2024,1,1,NSW,Kia,Hatchback,Electric,48200.0
2024,5,2,QLD,Kia,Hatchback,Diesel,32600.0
2024,8,3,WA,Nissan,SUV,Electric,64500.0
2022,2,1,VIC,Hyundai,Ute,Petrol,35200.0
2024,5,2,VIC,Nissan,SUV,Hybrid,54200.0
2023,12,4,WA,Ford,Ute,Petrol,57800.0
2020,8,3,QLD,BYD,Van,Electric,88400.0
2022,10,4,NSW,Nissan,SUV,Electric,70300.0
2023,5,2,VIC,Nissan,Sedan,Hybrid,46100.0
2020,2,1,QLD,Toyota,Ute,Petrol,44000.0
2023,3,1,VIC,Mazda,Ute,Petrol,39300.0
2023,6,2,NSW,Ford,SUV,Hybrid,69100.0
2020,11,4,NSW,Ford,Wagon,Diesel,56900.0
2023,11,4,WA,Mitsubishi,Sedan,Petrol,38700.0
2023,5,2,QLD,Nissan,SUV,Diesel,41800.0
2022,11,4,TAS,Toyota,SUV,Hybrid,57800.0
2019,4,2,QLD,Ford,Ute,Petrol,50900.0
2019,4,2,SA,Mazda,SUV,Petrol,35900.0
2021,5,2,NSW,Nissan,SUV,Hybrid,52800.0
2024,2,1,QLD,Nissan,Sedan,Petrol,33000.0
2020,9,3,NSW,Ford,Sedan,Petrol,45900.0
2023,2,1,QLD,Toyota,Ute,Petrol,46700.0
2020,10,4,VIC,BYD,SUV,Electric,104100.0
2021,2,1,VIC,Tesla,Ute,Electric,136400.0
2024,10,4,WA,Hyundai,Wagon,Electric,54700.0
2023,9,3,WA,Nissan,SUV,Petrol,40700.0
2019,3,1,NSW,Nissan,Ute,Diesel,44300.0
2022,10,4,QLD,Kia,Hatchback,Electric,42700.0
2019,7,3,VIC,Kia,Ute,Petrol,33000.0
2022,4,2,VIC,Mazda,Ute,Hybrid,47000.0
2023,6,2,WA,Kia,SUV,Petrol,38900.0
2019,4,2,NSW,Ford,Sedan,Diesel,51800.0
2021,10,4,SA,Hyundai,Sedan,Petrol,31600.0
2022,7,3,NSW,Toyota,Ute,Hybrid,56900.0
2024,1,1,QLD,Mazda,Wagon,Petrol,40800.0
2024,3,1,QLD,Mazda,SUV,Petrol,42600.0
2019,3,1,NSW,Kia,SUV,Hybrid,42600.0
2023,1,1,VIC,Mitsubishi,SUV,Petrol,47100.0
2021,6,2,WA,Mitsubishi,Ute,Diesel,47600.0
2022,11,4,QLD,Hyundai,SUV,Petrol,39600.0
2023,9,3,VIC,Ford,Sedan,Petrol,51500.0
2024,8,3,VIC,Isuzu,SUV,Hybrid,97800.0
2024,11,4,NSW,Ford,Sedan,Petrol,49500.0
2023,7,3,NSW,Nissan,SUV,Hybrid,50600.0
2021,10,4,VIC,Ford,Hatchback,Petrol,41900.0
2024,8,3,NSW,Mitsubishi,Sedan,Petrol,43900.0
2021,6,2,WA,Toyota,Van,Diesel,50000.0
2023,9,3,QLD,Mitsubishi,Sedan,Petrol,37300.0
2021,3,1,SA,Isuzu,SUV,Petrol,65100.0
2023,10,4,QLD,Nissan,SUV,Hybrid,48900.0
2020,10,4,SA,Nissan,Wagon,Petrol,35000.0
2020,9,3,VIC,Mazda,Ute,Petrol,39300.0
2024,4,2,QLD,Kia,SUV,Hybrid,44900.0
2019,7,3,ACT,Ford,Ute,Diesel,57100.0
2022,9,3,QLD,Kia,Sedan,Diesel,31900.0
2020,2,1,NSW,Toyota,SUV,Petrol,48100.0
2019,2,1,QLD,Nissan,SUV,Diesel,42400.0
2019,9,3,SA,Nissan,Hatchback,Petrol,28800.0
2020,12,4,QLD,Ford,SUV,Petrol,52200.0
2024,3,1,VIC,Mazda,SUV,Electric,66700.0
2021,9,3,QLD,Toyota,SUV,Petrol,47300.0
2024,5,2,TAS,Tesla,SUV,Electric,154600.0
2023,6,2,NSW,Hyundai,Sedan,Diesel,35800.0
2022,2,1,QLD,Nissan,SUV,Electric,64700.0
2023,8,3,NSW,Tesla,SUV,Electric,172400.0
2022,11,4,QLD,Mitsubishi,Van,Hybrid,49800.0
2023,9,3,QLD,Kia,SUV,Electric,57700.0
2021,2,1,NSW,Toyota,SUV,Petrol,50900.0
2021,6,2,NSW,Nissan,Sedan,Petrol,36200.0
2024,6,2,QLD,Mitsubishi,Sedan,Hybrid,45100.0
2024,8,3,NSW,Nissan,Ute,Petrol,40100.0
2024,10,4,NSW,Kia,SUV,Hybrid,47000.0
2022,12,4,WA,Tesla,Hatchback,Electric,120800.0
2024,5,2,VIC,Toyota,Ute,Petrol,48900.0
2022,9,3,VIC,Mitsubishi,Ute,Hybrid,54800.0
2022,1,1,SA,BYD,SUV,Electric,101900.0
2020,9,3,NSW,BYD,SUV,Electric,100100.0
2023,10,4,VIC,BYD,Sedan,Electric,94500.0
2020,7,3,QLD,Mazda,Hatchback,Petrol,28900.0
2021,4,2,QLD,Nissan,Sedan,Petrol,32400.0
2024,3,1,SA,Nissan,SUV,Diesel,43800.0
2020,10,4,SA,Toyota,SUV,Diesel,51700.0
2019,11,4,QLD,Nissan,Ute,Petrol,36500.0
2019,6,2,NSW,Mazda,Ute,Diesel,39800.0
2024,12,4,NSW,Tesla,SUV,Electric,179300.0
2022,1,1,VIC,Hyundai,SUV,Diesel,44800.0
2022,3,1,NSW,Nissan,SUV,Petrol,40500.0
2024,2,1,QLD,Toyota,Sedan,Hybrid,48100.0
2024,11,4,QLD,Kia,Ute,Petrol,34800.0
2021,9,3,NSW,Ford,Ute,Petrol,55300.0
2023,3,1,WA,Hyundai,Sedan,Diesel,37600.0
2023,2,1,NSW,Mitsubishi,SUV,Hybrid,58000.0
2023,4,2,VIC,Toyota,Ute,Electric,74200.0
2020,2,1,QLD,Tesla,Wagon,Electric,122400.0
2024,1,1,VIC,Nissan,Hatchback,Petrol,30600.0
2022,6,2,VIC,Isuzu,Hatchback,Petrol,56600.0
2021,10,4,NSW,Nissan,SUV,Petrol,40700.0
2022,8,3,VIC,Hyundai,Ute,Hybrid,45700.0
2019,10,4,QLD,Hyundai,Hatchback,Petrol,27500.0
2020,10,4,SA,Kia,Ute,Diesel,33400.0
2023,2,1,VIC,Toyota,SUV,Petrol,47300.0
2019,9,3,VIC,Nissan,Van,Diesel,36800.0
2022,3,1,QLD,Toyota,Sedan,Diesel,43800.0
2022,8,3,SA,Nissan,SUV,Electric,62200.0
2019,12,4,NSW,Toyota,SUV,Petrol,47600.0
2024,8,3,VIC,Isuzu,Ute,Diesel,82700.0
2020,3,1,QLD,Toyota,Sedan,Diesel,41100.0
2021,3,1,QLD,Toyota,SUV,Diesel,49400.0
2021,12,4,NSW,Tesla,Ute,Electric,146700.0
2020,6,2,QLD,Mazda,Ute,Petrol,37700.0
2019,1,1,NSW,Tesla,Ute,Electric,135600.0
2023,4,2,VIC,Kia,SUV,Electric,62400.0
2024,1,1,VIC,Toyota,Ute,Petrol,49800.0
2020,3,1,WA,Nissan,SUV,Petrol,38200.0
2023,9,3,VIC,Ford,SUV,Diesel,64700.0
2023,5,2,NSW,Tesla,SUV,Electric,175500.0
2024,12,4,NSW,Kia,Hatchback,Diesel,30900.0
2022,5,2,WA,Mitsubishi,SUV,Hybrid,54400.0
2021,11,4,NSW,Hyundai,SUV,Petrol,38700.0
2021,4,2,VIC,Mazda,SUV,Petrol,42900.0
2023,3,1,NSW,Kia,Sedan,Diesel,35400.0
2024,5,2,QLD,Ford,Van,Petrol,55600.0
2020,11,4,VIC,Hyundai,Van,Hybrid,42600.0
2021,4,2,VIC,Tesla,SUV,Electric,162400.0
2024,8,3,VIC,Tesla,SUV,Electric,161400.0
2024,4,2,WA,Toyota,SUV,Hybrid,65700.0
2024,11,4,VIC,Hyundai,Ute,Diesel,42100.0
2023,12,4,QLD,Ford,SUV,Petrol,54000.0
2022,8,3,WA,Toyota,SUV,Electric,80600.0
2023,6,2,SA,Mazda,Sedan,Petrol,32900.0
2023,12,4,VIC,Toyota,SUV,Petrol,54000.0
2019,11,4,SA,Nissan,SUV,Petrol,36000.0
2022,5,2,NSW,Tesla,SUV,Electric,172100.0
2023,4,2,VIC,Toyota,SUV,Petrol,51100.0
2020,4,2,WA,Toyota,Sedan,Diesel,45300.0
2024,12,4,NSW,Tesla,Wagon,Electric,139600.0
2023,4,2,NSW,Ford,SUV,Diesel,65900.0
2024,11,4,NSW,BYD,SUV,Electric,116100.0
2019,9,3,QLD,Nissan,Van,Hybrid,43000.0
2021,4,2,VIC,Mitsubishi,Hatchback,Petrol,32600.0
2023,12,4,QLD,Mazda,SUV,Diesel,45700.0
2021,9,3,WA,BYD,Ute,Electric,95600.0
2023,10,4,QLD,Nissan,SUV,Electric,59600.0
2023,6,2,NSW,Kia,Ute,Hybrid,45400.0
2019,10,4,SA,Tesla,Wagon,Electric,127100.0
2022,7,3,NSW,Hyundai,Sedan,Hybrid,40200.0
2022,12,4,NSW,Hyundai,Sedan,Petrol,33500.0
2021,10,4,NSW,Tesla,SUV,Electric,167400.0
2024,3,1,VIC,Nissan,Ute,Hybrid,47300.0
2024,8,3,NSW,Mitsubishi,Sedan,Petrol,43100.0
2023,3,1,NSW,BYD,Ute,Electric,107800.0
2023,1,1,NSW,Toyota,SUV,Diesel,59000.0
2022,10,4,NSW,Mazda,Sedan,Diesel,42200.0
2024,12,4,QLD,Kia,Sedan,Diesel,36300.0
2023,5,2,WA,Toyota,SUV,Hybrid,57600.0
2023,2,1,QLD,Mitsubishi,SUV,Hybrid,56100.0
2024,10,4,NSW,Mazda,SUV,Petrol,47800.0
2021,6,2,NSW,BYD,Ute,Electric,93900.0
2024,10,4,ACT,Isuzu,Sedan,Diesel,72200.0
2020,9,3,NSW,Ford,Hatchback,Diesel,47900.0
2021,1,1,WA,Toyota,SUV,Petrol,49500.0
2021,4,2,NSW,Mitsubishi,Hatchback,Petrol,34500.0
2024,1,1,SA,Nissan,Ute,Petrol,41100.0
2024,1,1,VIC,Mitsubishi,SUV,Petrol,51100.0
2023,8,3,VIC,Toyota,SUV,Electric,83900.0
2023,11,4,QLD,Toyota,SUV,Petrol,51200.0
2023,2,1,VIC,Hyundai,Van,Diesel,40300.0
2024,1,1,NSW,Mazda,SUV,Hybrid,58100.0
2022,11,4,VIC,Isuzu,SUV,Petrol,77600.0
2021,8,3,QLD,Isuzu,SUV,Hybrid,89700.0
2020,4,2,NSW,Mazda,Ute,Petrol,41400.0
2024,3,1,NSW,Hyundai,SUV,Hybrid,48500.0
2023,12,4,VIC,Mazda,SUV,Petrol,42500.0
2021,4,2,NSW,Nissan,Sedan,Petrol,34100.0
2019,11,4,QLD,Kia,Sedan,Petrol,29700.0
2024,5,2,NSW,Mitsubishi,Sedan,Petrol,44400.0
2019,1,1,VIC,Ford,Sedan,Diesel,49800.0
2023,11,4,NSW,Mitsubishi,Hatchback,Petrol,37000.0
2024,1,1,VIC,Hyundai,Hatchback,Diesel,35200.0
2022,3,1,NSW,Hyundai,Ute,Petrol,36900.0
2020,6,2,NSW,Mitsubishi,SUV,Diesel,47100.0
2023,1,1,NSW,Mitsubishi,Ute,Hybrid,56700.0
2024,11,4,SA,Mazda,SUV,Diesel,48900.0
2022,12,4,NSW,Toyota,SUV,Petrol,52700.0
2024,2,1,QLD,Hyundai,Van,Diesel,38600.0
2019,12,4,NSW,Ford,Hatchback,Petrol,38200.0
2022,7,3,NSW,Mitsubishi,Sedan,Petrol,41400.0
2023,1,1,VIC,Nissan,Hatchback,Diesel,36700.0
2024,7,3,VIC,Toyota,Wagon,Electric,73300.0
2020,4,2,SA,Mazda,Sedan,Hybrid,39200.0
2024,10,4,SA,Mazda,Sedan,Diesel,37100.0
2022,6,2,QLD,Kia,Ute,Diesel,39800.0
2022,8,3,QLD,Ford,SUV,Electric,82100.0
2020,9,3,VIC,Tesla,SUV,Electric,144800.0
2024,6,2,VIC,Mazda,Ute,Diesel,49200.0
2020,12,4,SA,Mitsubishi,SUV,Petrol,44600.0
2021,11,4,QLD,Nissan,SUV,Hybrid,48500.0
2021,9,3,VIC,Nissan,SUV,Petrol,41600.0
2024,4,2,NSW,Nissan,SUV,Petrol,43500.0
2023,6,2,NSW,BYD,Van,Electric,93800.0
2024,8,3,SA,Nissan,Ute,Diesel,40700.0
2021,9,3,NSW,Mazda,Sedan,Petrol,36800.0
2023,3,1,VIC,Mazda,Van,Petrol,38400.0
2023,2,1,NSW,Toyota,Hatchback,Petrol,40700.0
2024,6,2,WA,Tesla,Sedan,Electric,132700.0
2024,4,2,NSW,Nissan,Hatchback,Diesel,36700.0
2019,1,1,WA,Mazda,SUV,Electric,61700.0
2023,8,3,NSW,Mitsubishi,SUV,Petrol,49800.0
2019,9,3,WA,BYD,SUV,Electric,94700.0
2022,9,3,QLD,Nissan,Ute,Petrol,39700.0
2021,2,1,NSW,Mitsubishi,Sedan,Petrol,39400.0
2021,9,3,VIC,Nissan,Ute,Diesel,43800.0
2021,7,3,NSW,Hyundai,Ute,Diesel,41500.0
2023,5,2,NSW,Hyundai,SUV,Diesel,42600.0
2021,7,3,WA,Kia,SUV,Petrol,37300.0
2023,9,3,VIC,Hyundai,Sedan,Diesel,37700.0
2022,8,3,VIC,Toyota,SUV,Diesel,57700.0
2019,6,2,NSW,Tesla,Ute,Electric,149800.0
2024,4,2,VIC,BYD,Sedan,Electric,88800.0
2021,1,1,WA,BYD,Sedan,Electric,81300.0
2022,6,2,VIC,Hyundai,SUV,Petrol,38100.0
2023,3,1,SA,Kia,Ute,Petrol,36600.0
2021,6,2,SA,Hyundai,Hatchback,Petrol,24800.0
2019,6,2,NSW,Toyota,Wagon,Electric,66500.0
2021,4,2,NSW,Kia,Hatchback,Diesel,31400.0
2024,2,1,WA,Toyota,Sedan,Hybrid,54300.0
2023,9,3,VIC,Toyota,SUV,Electric,75600.0
2023,2,1,NSW,BYD,Ute,Electric,100300.0
2023,3,1,NSW,Toyota,Van,Hybrid,57300.0
2020,10,4,VIC,Nissan,SUV,Hybrid,45900.0
2022,1,1,QLD,Kia,SUV,Petrol,33900.0
2023,7,3,NSW,Nissan,SUV,Diesel,45200.0
2019,1,1,NSW,Toyota,Ute,Diesel,49700.0
2021,11,4,SA,Kia,SUV,Diesel,37400.0
2021,9,3,QLD,Hyundai,SUV,Petrol,35400.0
2022,11,4,VIC,Isuzu,Hatchback,Petrol,55100.0
2024,11,4,QLD,Hyundai,Sedan,Petrol,31700.0
2019,1,1,VIC,Mazda,SUV,Petrol,39600.0
2022,5,2,QLD,Nissan,SUV,Petrol,38100.0
2020,7,3,VIC,Hyundai,SUV,Petrol,38400.0
2024,3,1,NSW,Toyota,Sedan,Hybrid,51900.0
2019,9,3,QLD,Hyundai,SUV,Diesel,40600.0
2022,8,3,VIC,Mitsubishi,Sedan,Hybrid,45800.0
2023,3,1,TAS,Mazda,Ute,Electric,62200.0
2023,5,2,VIC,Ford,Ute,Petrol,58400.0
2022,7,3,SA,Toyota,SUV,Petrol,47400.0
2021,12,4,SA,Mitsubishi,Sedan,Petrol,38400.0
2022,4,2,NSW,BYD,Hatchback,Electric,76000.0
2021,5,2,QLD,Ford,SUV,Hybrid,62200.0
2020,3,1,VIC,Ford,SUV,Petrol,52900.0
2022,9,3,SA,Toyota,Sedan,Hybrid,46100.0
2021,10,4,VIC,Mazda,Ute,Petrol,38900.0
2021,9,3,QLD,Toyota,SUV,Hybrid,56900.0
2023,7,3,VIC,Ford,Ute,Petrol,52100.0
2024,10,4,NSW,Kia,Ute,Hybrid,46000.0
2023,2,1,NSW,Nissan,Hatchback,Petrol,31400.0
2019,7,3,VIC,Toyota,SUV,Petrol,46900.0
2019,7,3,QLD,Mitsubishi,Ute,Diesel,46400.0
2024,11,4,QLD,Kia,SUV,Electric,58600.0
2021,5,2,QLD,Kia,Sedan,Petrol,29500.0
2019,9,3,NSW,Nissan,Sedan,Hybrid,40200.0
2023,12,4,VIC,Mazda,SUV,Hybrid,56000.0
2023,11,4,NSW,Toyota,Hatchback,Hybrid,44300.0
2023,3,1,WA,Tesla,SUV,Electric,170400.0
2021,4,2,TAS,Hyundai,Sedan,Petrol,29000.0
2019,1,1,VIC,Toyota,SUV,Petrol,45000.0
2024,6,2,NSW,Mazda,Ute,Petrol,46600.0
2021,4,2,NSW,Hyundai,SUV,Hybrid,50500.0
2023,1,1,QLD,Mitsubishi,Hatchback,Electric,54000.0
2023,2,1,QLD,Toyota,Hatchback,Hybrid,41000.0
2023,3,1,QLD,Ford,Hatchback,Petrol,43200.0
2021,9,3,NSW,Ford,SUV,Petrol,55900.0
2021,8,3,QLD,Ford,Ute,Electric,77400.0
2023,7,3,QLD,Nissan,SUV,Petrol,38800.0
2024,11,4,VIC,Toyota,Hatchback,Hybrid,47400.0
2024,12,4,VIC,Nissan,Ute,Petrol,43000.0
2019,4,2,NSW,Kia,Sedan,Petrol,29500.0
2020,1,1,VIC,BYD,Ute,Electric,101200.0
2024,8,3,WA,Ford,SUV,Hybrid,69600.0
2023,4,2,VIC,Ford,Sedan,Petrol,46800.0
2024,3,1,WA,Nissan,SUV,Petrol,44200.0
2020,9,3,VIC,Nissan,Wagon,Hybrid,45400.0
2023,10,4,NSW,Mazda,Hatchback,Hybrid,43500.0
2023,4,2,VIC,Mazda,Ute,Hybrid,53000.0
2023,4,2,VIC,Kia,Van,Hybrid,41500.0
2022,9,3,VIC,Nissan,SUV,Petrol,44600.0
2019,12,4,NSW,Hyundai,Hatchback,Petrol,29300.0
2023,11,4,VIC,Mitsubishi,SUV,Diesel,50400.0
2021,12,4,NSW,Tesla,Ute,Electric,150500.0
2022,2,1,NSW,BYD,Ute,Electric,102700.0
2024,12,4,VIC,Kia,SUV,Petrol,39300.0
2022,5,2,NSW,Ford,SUV,Petrol,62600.0
2024,4,2,SA,Nissan,SUV,Hybrid,46700.0
2020,9,3,VIC,Mitsubishi,Wagon,Petrol,40600.0
2023,12,4,QLD,Tesla,SUV,Electric,147400.0
2024,5,2,VIC,Hyundai,Sedan,Hybrid,42600.0
2019,9,3,QLD,Tesla,Ute,Electric,137900.0
2019,11,4,NSW,Mazda,SUV,Petrol,39400.0
2022,9,3,SA,Mazda,Sedan,Petrol,33500.0
2019,2,1,VIC,Tesla,Sedan,Electric,132400.0
2023,9,3,WA,Kia,SUV,Petrol,39800.0
2024,3,1,VIC,Tesla,Ute,Electric,158500.0
2022,4,2,NSW,Mazda,SUV,Hybrid,51500.0
2021,1,1,QLD,Mitsubishi,SUV,Petrol,43300.0
2022,1,1,NSW,Ford,Sedan,Diesel,56700.0
2023,1,1,VIC,Mitsubishi,Sedan,Hybrid,52000.0
2019,9,3,NSW,Mazda,Hatchback,Petrol,29400.0
2023,11,4,QLD,Tesla,Hatchback,Electric,117300.0
2023,8,3,ACT,Isuzu,Sedan,Diesel,71500.0
2023,5,2,VIC,Mazda,SUV,Electric,63800.0
2020,5,2,WA,Hyundai,SUV,Petrol,37300.0
2023,9,3,VIC,Mitsubishi,SUV,Petrol,46300.0
2019,3,1,VIC,Tesla,Sedan,Electric,117200.0
2020,3,1,SA,Tesla,Ute,Electric,137500.0
2024,7,3,WA,Tesla,SUV,Electric,163700.0
2023,9,3,QLD,Hyundai,SUV,Diesel,43700.0
2019,6,2,NSW,Hyundai,Sedan,Diesel,35400.0
2020,2,1,VIC,Mazda,SUV,Petrol,42400.0
2020,1,1,NSW,Toyota,Ute,Petrol,44600.0
2021,2,1,VIC,Tesla,Sedan,Electric,126400.0
2020,1,1,VIC,Toyota,Sedan,Petrol,40700.0
2019,10,4,WA,Nissan,SUV,Petrol,36900.0
2022,10,4,WA,Isuzu,Hatchback,Petrol,58400.0
2023,9,3,VIC,Nissan,SUV,Diesel,47200.0
2023,10,4,NSW,Nissan,Hatchback,Petrol,31300.0
2023,12,4,WA,Ford,SUV,Electric,91900.0
2019,8,3,NSW,Isuzu,Hatchback,Diesel,62600.0
2024,7,3,QLD,Toyota,Ute,Hybrid,53900.0
2024,3,1,NSW,Toyota,SUV,Diesel,55100.0
2024,8,3,VIC,BYD,Hatchback,Electric,86100.0
2024,2,1,TAS,Toyota,Ute,Petrol,42100.0
2024,2,1,NSW,Nissan,SUV,Diesel,45900.0
2022,11,4,VIC,Tesla,SUV,Electric,154600.0
2020,10,4,NSW,BYD,Ute,Electric,96700.0
2023,3,1,SA,Mazda,Ute,Hybrid,48100.0
2023,7,3,WA,Tesla,Ute,Electric,152100.0
2023,1,1,NSW,Toyota,Ute,Petrol,52000.0
2022,8,3,NSW,Isuzu,Ute,Petrol,76100.0
2019,12,4,QLD,Toyota,Ute,Petrol,44500.0
2021,7,3,VIC,Tesla,Sedan,Electric,130300.0
2024,4,2,QLD,Mazda,SUV,Petrol,40400.0
2023,5,2,NSW,Toyota,Hatchback,Petrol,41100.0
2022,10,4,NSW,Ford,SUV,Petrol,54500.0
2021,1,1,QLD,Toyota,SUV,Petrol,47900.0
2021,4,2,NSW,Tesla,Ute,Electric,139500.0
2024,1,1,WA,Mazda,Sedan,Hybrid,47900.0
2023,1,1,NSW,Hyundai,SUV,Petrol,43400.0
2024,10,4,NSW,Kia,SUV,Diesel,43800.0
2022,1,1,TAS,Mazda,Ute,Diesel,39200.0
2023,7,3,VIC,Hyundai,Van,Diesel,38800.0
2020,7,3,QLD,Isuzu,Sedan,Petrol,58200.0
2023,4,2,NSW,Toyota,Sedan,Diesel,46100.0
2022,12,4,QLD,Toyota,SUV,Petrol,48400.0
2022,2,1,QLD,Hyundai,SUV,Petrol,36600.0
2023,12,4,NSW,Ford,SUV,Diesel,64300.0
2024,3,1,WA,Kia,SUV,Petrol,39100.0
2019,8,3,QLD,Hyundai,Sedan,Petrol,29600.0
2024,8,3,VIC,BYD,SUV,Electric,104700.0
2021,11,4,VIC,Toyota,SUV,Petrol,49900.0
2022,11,4,VIC,Ford,Ute,Petrol,57500.0
2019,6,2,NSW,Hyundai,Hatchback,Petrol,26900.0
2021,10,4,VIC,Mitsubishi,Van,Hybrid,49000.0
2022,9,3,VIC,Nissan,Sedan,Petrol,36700.0
2019,11,4,VIC,Kia,SUV,Petrol,33700.0
2022,12,4,QLD,Nissan,Ute,Diesel,38900.0
2024,9,3,VIC,Hyundai,SUV,Diesel,45900.0
2019,4,2,SA,Toyota,Ute,Hybrid,48000.0
2023,12,4,NSW,Toyota,Ute,Hybrid,57200.0
2022,1,1,VIC,Hyundai,Ute,Hybrid,48400.0
2023,1,1,QLD,Hyundai,Van,Electric,52600.0
2021,12,4,VIC,Toyota,Ute,Petrol,48600.0
2020,10,4,VIC,Ford,Ute,Diesel,54700.0
2020,5,2,NSW,Hyundai,SUV,Hybrid,48600.0
2019,2,1,VIC,Toyota,Hatchback,Diesel,37900.0
2020,6,2,NSW,Mazda,SUV,Hybrid,48100.0
2023,7,3,TAS,Nissan,Hatchback,Petrol,29700.0
2024,1,1,NSW,Hyundai,SUV,Petrol,44100.0
2024,6,2,WA,Tesla,SUV,Electric,156000.0
2023,8,3,QLD,Mitsubishi,Hatchback,Electric,54600.0
2019,12,4,VIC,Ford,SUV,Petrol,53100.0
2021,5,2,VIC,Mazda,Hatchback,Diesel,35800.0
2021,12,4,WA,Hyundai,SUV,Petrol,39000.0
2020,7,3,WA,Mitsubishi,Hatchback,Diesel,34000.0
2022,10,4,NSW,Hyundai,Ute,Electric,56100.0
2022,6,2,VIC,Mazda,Ute,Petrol,40800.0
2021,4,2,VIC,Toyota,SUV,Petrol,51400.0
2021,7,3,NSW,Nissan,SUV,Petrol,40700.0
2024,10,4,VIC,Ford,Hatchback,Electric,70800.0
2024,9,3,WA,Mitsubishi,SUV,Hybrid,55400.0
2021,10,4,VIC,Ford,SUV,Petrol,57800.0
2024,10,4,QLD,Nissan,Sedan,Petrol,35800.0
2024,7,3,QLD,Kia,Sedan,Hybrid,40200.0
2021,12,4,VIC,Ford,SUV,Diesel,65300.0
2021,5,2,NSW,Nissan,SUV,Petrol,39600.0
2022,7,3,QLD,Tesla,SUV,Electric,145300.0
2024,3,1,WA,Toyota,Hatchback,Petrol,41000.0
2024,2,1,QLD,Toyota,SUV,Hybrid,57400.0
2019,11,4,NSW,BYD,Wagon,Electric,91600.0
2022,5,2,NSW,Isuzu,SUV,Diesel,87700.0
2022,4,2,NSW,Kia,SUV,Electric,61400.0
2022,5,2,VIC,Kia,Sedan,Diesel,34000.0
2020,8,3,QLD,Mitsubishi,SUV,Diesel,45100.0
2024,12,4,NSW,Ford,Sedan,Diesel,58500.0
2023,4,2,WA,Tesla,Hatchback,Electric,114100.0
2024,9,3,VIC,Toyota,SUV,Electric,82400.0
2024,7,3,QLD,Nissan,Ute,Petrol,39500.0
2023,10,4,ACT,BYD,SUV,Electric,111200.0
2022,12,4,NSW,Mitsubishi,SUV,Petrol,46600.0
2023,7,3,SA,Hyundai,SUV,Petrol,39700.0
2020,8,3,NSW,Toyota,Hatchback,Diesel,39600.0
2023,12,4,VIC,Ford,SUV,Diesel,65300.0
2020,6,2,WA,Mitsubishi,Hatchback,Petrol,35200.0
2023,8,3,SA,Mitsubishi,Sedan,Diesel,42700.0
2020,3,1,VIC,Hyundai,SUV,Petrol,39800.0
2019,10,4,VIC,Mitsubishi,Sedan,Petrol,35000.0
2020,10,4,QLD,Isuzu,Hatchback,Petrol,53800.0
2019,1,1,WA,Toyota,Ute,Diesel,46700.0
2023,6,2,NSW,Ford,Sedan,Hybrid,64700.0
2023,1,1,WA,BYD,Hatchback,Electric,83500.0
2022,9,3,VIC,Kia,SUV,Hybrid,44700.0
2020,2,1,VIC,Mitsubishi,Hatchback,Hybrid,40300.0
2019,11,4,VIC,Kia,Hatchback,Petrol,27100.0
2019,2,1,VIC,Nissan,Ute,Diesel,38300.0
2020,7,3,SA,Toyota,Hatchback,Petrol,34100.0
2024,2,1,VIC,Ford,Sedan,Petrol,48200.0
2020,10,4,SA,Toyota,Ute,Petrol,44300.0
2021,8,3,NSW,Toyota,Sedan,Petrol,40600.0
2019,6,2,QLD,Hyundai,SUV,Petrol,35100.0
2020,7,3,WA,Toyota,Sedan,Petrol,37600.0
2022,7,3,QLD,Nissan,SUV,Diesel,42300.0
2023,6,2,QLD,Nissan,Sedan,Petrol,34000.0
2020,10,4,VIC,Hyundai,SUV,Petrol,37300.0
2019,11,4,WA,Mitsubishi,SUV,Petrol,40300.0
2022,9,3,WA,Kia,SUV,Petrol,39600.0
2020,9,3,NSW,Isuzu,Hatchback,Petrol,51100.0
2020,7,3,WA,Mitsubishi,SUV,Petrol,46100.0
2024,9,3,VIC,Toyota,Ute,Petrol,49100.0
2023,10,4,NSW,BYD,SUV,Electric,110200.0
2022,3,1,WA,BYD,Sedan,Electric,84800.0
2022,3,1,VIC,Kia,SUV,Diesel,42300.0
2022,1,1,WA,Nissan,SUV,Hybrid,50800.0
2022,5,2,NSW,Nissan,Sedan,Petrol,34400.0
2023,4,2,NSW,Kia,Sedan,Petrol,32300.0
2023,2,1,VIC,Mitsubishi,SUV,Hybrid,55200.0
2020,9,3,NSW,Nissan,Sedan,Petrol,32300.0
2022,3,1,QLD,Mazda,Hatchback,Petrol,28500.0
2022,8,3,NSW,Hyundai,SUV,Diesel,42200.0
2024,6,2,VIC,Toyota,SUV,Diesel,58600.0
2023,5,2,NSW,Nissan,Ute,Diesel,44400.0
2022,1,1,NSW,BYD,SUV,Electric,105000.0
2019,4,2,QLD,Toyota,Wagon,Diesel,40800.0
2023,3,1,NSW,Nissan,Sedan,Petrol,37400.0
2019,1,1,QLD,Tesla,Sedan,Electric,115900.0
2021,12,4,SA,Isuzu,Sedan,Petrol,59900.0
2020,5,2,QLD,Toyota,Sedan,Petrol,39500.0
2023,6,2,WA,Kia,SUV,Hybrid,47400.0
2020,2,1,NSW,Tesla,Van,Electric,136100.0
2022,3,1,NSW,Kia,Sedan,Hybrid,40000.0
2024,11,4,WA,Tesla,SUV,Electric,158000.0
2020,6,2,QLD,Isuzu,Sedan,Petrol,61500.0
2022,4,2,QLD,Hyundai,SUV,Petrol,38700.0
2022,9,3,QLD,Isuzu,SUV,Petrol,72000.0
2019,5,2,VIC,Toyota,Ute,Petrol,46700.0
2024,4,2,NSW,Mazda,Ute,Petrol,43900.0
2019,2,1,QLD,Toyota,Sedan,Petrol,36300.0
2022,6,2,QLD,Hyundai,SUV,Electric,54500.0
2023,10,4,VIC,Hyundai,Sedan,Petrol,34200.0
2023,2,1,WA,Isuzu,SUV,Petrol,80700.0
2023,12,4,VIC,Mitsubishi,Sedan,Petrol,42900.0
2021,7,3,NSW,Ford,Sedan,Petrol,49200.0
2019,3,1,WA,Mitsubishi,Ute,Petrol,40500.0
2023,9,3,QLD,Toyota,Hatchback,Hybrid,44900.0
2022,11,4,VIC,Toyota,Hatchback,Petrol,38400.0
2024,5,2,NSW,Mitsubishi,Wagon,Electric,68400.0
2024,8,3,NSW,Mitsubishi,Wagon,Diesel,49000.0
2024,11,4,QLD,BYD,Ute,Electric,102000.0
2022,6,2,VIC,Ford,Van,Diesel,60900.0
2021,12,4,WA,Tesla,Hatchback,Electric,118600.0
2024,10,4,SA,Tesla,Ute,Electric,136500.0
2022,8,3,WA,Nissan,SUV,Petrol,39200.0
2020,11,4,VIC,Mazda,SUV,Diesel,47500.0
2024,12,4,QLD,Kia,Hatchback,Diesel,32400.0
2024,3,1,VIC,Mitsubishi,Sedan,Petrol,41100.0
2022,3,1,NSW,Nissan,Hatchback,Petrol,32200.0
2019,5,2,NSW,Mazda,SUV,Hybrid,52700.0
2021,11,4,VIC,Kia,SUV,Petrol,39100.0
2024,10,4,SA,Hyundai,Ute,Petrol,37700.0
2024,3,1,NSW,Kia,Hatchback,Petrol,28900.0
2020,8,3,NSW,Mazda,SUV,Petrol,43300.0
2019,10,4,ACT,Toyota,Hatchback,Petrol,34100.0
2024,12,4,NSW,Kia,Ute,Petrol,40500.0
2021,8,3,QLD,Hyundai,SUV,Diesel,38100.0
2022,2,1,VIC,Toyota,SUV,Petrol,50800.0
2024,12,4,NSW,Hyundai,SUV,Hybrid,51800.0
2019,4,2,SA,Toyota,SUV,Diesel,49200.0
2023,10,4,NSW,Nissan,Sedan,Petrol,37200.0
2019,1,1,VIC,Kia,SUV,Petrol,33100.0
2021,4,2,NSW,Isuzu,SUV,Diesel,85400.0
2024,12,4,NSW,Ford,Hatchback,Diesel,49500.0
2022,11,4,NSW,Nissan,Sedan,Diesel,38700.0
2024,4,2,NSW,Ford,Ute,Hybrid,75900.0
2022,10,4,NSW,Kia,SUV,Petrol,39100.0
2021,9,3,QLD,Ford,Hatchback,Diesel,45100.0
2020,3,1,VIC,Tesla,Hatchback,Electric,112700.0
2021,2,1,VIC,Kia,Sedan,Petrol,32500.0
2021,9,3,VIC,Mazda,Hatchback,Petrol,32500.0
2019,9,3,SA,Toyota,Hatchback,Petrol,32800.0
2021,1,1,SA,Mitsubishi,Ute,Diesel,47800.0
2022,6,2,QLD,Ford,Ute,Diesel,56800.0
2023,10,4,WA,Toyota,SUV,Diesel,56900.0
2023,8,3,NSW,Hyundai,SUV,Hybrid,52000.0
2023,3,1,VIC,Kia,SUV,Electric,59100.0
2019,11,4,QLD,Isuzu,SUV,Diesel,73300.0
2020,9,3,QLD,Toyota,SUV,Petrol,48000.0
2023,2,1,VIC,Hyundai,Hatchback,Hybrid,34100.0
2022,6,2,VIC,Isuzu,SUV,Diesel,81400.0
2019,1,1,TAS,Mitsubishi,Wagon,Diesel,38600.0
2024,7,3,WA,Mazda,Sedan,Electric,54600.0
2023,3,1,VIC,Isuzu,SUV,Petrol,81900.0
2022,7,3,QLD,Ford,Sedan,Petrol,45000.0
2019,4,2,NSW,Kia,SUV,Petrol,34700.0
2023,9,3,NSW,Nissan,Wagon,Hybrid,49500.0
2023,5,2,VIC,Nissan,Hatchback,Diesel,34000.0
2024,3,1,VIC,Hyundai,SUV,Diesel,46100.0
2023,8,3,NSW,Toyota,Van,Diesel,54500.0
2024,6,2,WA,Hyundai,Ute,Diesel,44100.0
2022,2,1,VIC,Toyota,SUV,Hybrid,63000.0
2020,3,1,VIC,Toyota,Ute,Petrol,42300.0
2023,8,3,NSW,Hyundai,Ute,Hybrid,44600.0
2023,10,4,NSW,Nissan,SUV,Hybrid,51800.0
2023,7,3,WA,Nissan,Ute,Diesel,41400.0
2020,10,4,QLD,Kia,SUV,Petrol,34400.0
2020,6,2,SA,Kia,Sedan,Petrol,28100.0
2024,1,1,TAS,Toyota,SUV,Hybrid,57700.0
2023,9,3,VIC,Mazda,Van,Petrol,39200.0
2024,3,1,NSW,Toyota,Ute,Petrol,50200.0
2023,5,2,WA,BYD,SUV,Electric,104200.0
2023,7,3,TAS,Toyota,SUV,Petrol,43900.0
2023,7,3,QLD,Nissan,SUV,Diesel,45700.0
2024,3,1,QLD,Mitsubishi,Ute,Hybrid,55500.0
2023,4,2,QLD,Mazda,SUV,Hybrid,53600.0
2023,10,4,VIC,Toyota,Hatchback,Petrol,39900.0
2020,7,3,VIC,Mitsubishi,Van,Diesel,46400.0
2022,8,3,WA,Nissan,Ute,Hybrid,49200.0
2023,2,1,QLD,Tesla,SUV,Electric,144200.0
2021,9,3,NSW,Hyundai,SUV,Petrol,36900.0
2020,7,3,VIC,Mitsubishi,Sedan,Petrol,39700.0
2021,8,3,NSW,Hyundai,Sedan,Hybrid,38800.0
2020,6,2,NSW,Nissan,Ute,Diesel,41600.0
2020,6,2,SA,BYD,Sedan,Electric,75400.0
2022,9,3,NSW,Mitsubishi,SUV,Diesel,50500.0
2024,4,2,NSW,Ford,Hatchback,Petrol,47500.0
2022,11,4,NSW,Mitsubishi,SUV,Hybrid,56500.0
2020,11,4,QLD,Hyundai,Sedan,Petrol,29900.0
2019,5,2,VIC,Toyota,Ute,Diesel,45900.0
2023,9,3,NSW,Hyundai,SUV,Electric,65000.0
2021,1,1,NSW,Nissan,Ute,Hybrid,49700.0
2024,4,2,NSW,Mitsubishi,Hatchback,Hybrid,44800.0
2023,7,3,VIC,Toyota,Ute,Petrol,50100.0
2024,11,4,NSW,Nissan,SUV,Electric,66600.0
2021,9,3,SA,Mazda,SUV,Petrol,40300.0
2023,11,4,VIC,Mazda,SUV,Hybrid,55600.0
2021,12,4,NSW,Mazda,SUV,Petrol,45700.0
2024,10,4,QLD,Kia,Van,Diesel,36600.0
2023,6,2,VIC,Kia,Ute,Petrol,34700.0
2021,12,4,QLD,Ford,SUV,Diesel,56800.0
2021,8,3,NSW,Tesla,Hatchback,Electric,111100.0
2020,9,3,VIC,Hyundai,Ute,Petrol,33800.0
2023,10,4,QLD,BYD,SUV,Electric,100100.0
2020,4,2,SA,Toyota,SUV,Petrol,43600.0
2023,1,1,NSW,BYD,SUV,Electric,116100.0
2021,8,3,VIC,Mitsubishi,Wagon,Diesel,43100.0
2023,2,1,VIC,Tesla,Sedan,Electric,146000.0
2024,11,4,SA,Ford,Hatchback,Hybrid,53200.0
2023,1,1,SA,Tesla,SUV,Electric,158700.0
2023,7,3,NSW,Toyota,Hatchback,Petrol,40900.0
2020,12,4,NSW,Isuzu,SUV,Petrol,76300.0
2019,10,4,VIC,Toyota,Wagon,Petrol,42800.0
2023,9,3,NSW,Toyota,Hatchback,Hybrid,46700.0
2021,11,4,VIC,Kia,SUV,Hybrid,45200.0
2022,12,4,NSW,Tesla,Ute,Electric,162100.0
2019,12,4,QLD,Toyota,Ute,Diesel,45100.0
2021,9,3,SA,Nissan,Hatchback,Petrol,26600.0
2019,3,1,TAS,Nissan,SUV,Petrol,36400.0
2024,6,2,VIC,Mitsubishi,Sedan,Electric,65300.0
2020,7,3,VIC,Ford,Hatchback,Petrol,42700.0
2022,10,4,WA,BYD,Ute,Electric,93100.0
2019,9,3,NSW,Hyundai,SUV,Petrol,37800.0
2023,2,1,QLD,Ford,Hatchback,Petrol,40300.0
2021,8,3,VIC,Nissan,SUV,Diesel,47500.0
2024,7,3,NSW,Nissan,Ute,Hybrid,48800.0
2024,4,2,VIC,Nissan,SUV,Petrol,45900.0
2021,2,1,NSW,Mazda,SUV,Diesel,44500.0
2024,8,3,QLD,Mazda,Sedan,Diesel,37400.0
2024,11,4,NSW,Mazda,Sedan,Petrol,37500.0
2024,5,2,NSW,Ford,Sedan,Petrol,50800.0
2024,6,2,NSW,Hyundai,Sedan,Diesel,39700.0
2020,11,4,WA,Hyundai,SUV,Petrol,35100.0
2023,7,3,VIC,Mitsubishi,SUV,Hybrid,58200.0
2019,10,4,VIC,BYD,Ute,Electric,89100.0
2019,1,1,VIC,Tesla,SUV,Electric,154300.0
2024,8,3,VIC,Isuzu,Sedan,Petrol,62900.0
2021,4,2,NSW,Toyota,Ute,Petrol,46000.0
2023,9,3,QLD,Toyota,Hatchback,Petrol,36700.0
2024,1,1,NSW,BYD,Ute,Electric,112800.0
2024,11,4,NSW,Kia,SUV,Petrol,42500.0
2024,2,1,QLD,Kia,Hatchback,Diesel,32700.0
2020,6,2,NSW,Toyota,Wagon,Petrol,40300.0
2019,11,4,NSW,Mazda,Sedan,Diesel,39900.0
2022,10,4,VIC,Mitsubishi,Van,Electric,69300.0
2020,11,4,VIC,Nissan,Sedan,Diesel,39300.0
2019,1,1,QLD,Nissan,Sedan,Petrol,30500.0
2021,4,2,QLD,Kia,SUV,Hybrid,45400.0
2024,8,3,QLD,Kia,Ute,Petrol,35300.0
2023,10,4,QLD,Isuzu,SUV,Diesel,82700.0
2021,5,2,NSW,Kia,SUV,Petrol,37300.0
2023,9,3,VIC,Kia,SUV,Petrol,38400.0
2020,11,4,VIC,Nissan,SUV,Hybrid,49000.0
2019,11,4,NSW,BYD,SUV,Electric,97800.0
2023,6,2,TAS,Nissan,Sedan,Petrol,34100.0
2023,1,1,WA,Mazda,SUV,Diesel,49000.0
2023,6,2,NSW,Kia,Wagon,Petrol,36100.0
2019,6,2,NSW,Isuzu,SUV,Diesel,76100.0
2024,6,2,NSW,Toyota,Sedan,Hybrid,58400.0
2023,8,3,NSW,BYD,SUV,Electric,112300.0
2023,6,2,NSW,Toyota,SUV,Petrol,49600.0
2023,5,2,VIC,Isuzu,SUV,Hybrid,97900.0
2024,11,4,WA,Mitsubishi,Sedan,Hybrid,48100.0
2023,2,1,QLD,Mazda,Ute,Diesel,41100.0
2023,4,2,NSW,Ford,SUV,Diesel,66200.0
2024,10,4,VIC,Tesla,SUV,Electric,166500.0
2023,5,2,VIC,Mitsubishi,SUV,Diesel,50600.0
2022,10,4,WA,Ford,Hatchback,Petrol,41600.0
2023,4,2,WA,Nissan,Ute,Hybrid,52100.0
2021,2,1,SA,Kia,SUV,Petrol,33500.0
2020,7,3,VIC,Kia,SUV,Petrol,34400.0
2023,10,4,QLD,Toyota,Van,Hybrid,57700.0
2024,10,4,NSW,Nissan,SUV,Petrol,43400.0
2024,2,1,VIC,Toyota,Sedan,Petrol,45100.0
2021,1,1,NSW,Kia,SUV,Petrol,36300.0
2022,5,2,VIC,Isuzu,Sedan,Petrol,64700.0
2020,12,4,QLD,Mazda,Wagon,Petrol,34300.0
2024,1,1,NSW,Kia,Wagon,Electric,59400.0
2024,1,1,NSW,Mazda,Ute,Petrol,43200.0
2023,1,1,NSW,BYD,SUV,Electric,111100.0
2024,6,2,NSW,Kia,Sedan,Hybrid,44400.0
2023,9,3,NSW,Isuzu,SUV,Petrol,84500.0
2023,10,4,NSW,Nissan,Wagon,Diesel,40300.0
2019,11,4,NSW,Mitsubishi,Ute,Electric,68700.0
2022,12,4,NSW,Tesla,Sedan,Electric,134200.0
2023,1,1,TAS,Kia,SUV,Petrol,35500.0
2023,5,2,NSW,Hyundai,Sedan,Hybrid,41500.0
2021,9,3,NSW,Mitsubishi,Wagon,Electric,63700.0
2024,9,3,VIC,Nissan,Sedan,Diesel,38800.0
2020,1,1,WA,Ford,SUV,Petrol,54800.0
2022,8,3,QLD,Hyundai,SUV,Hybrid,45800.0
2023,1,1,NSW,Hyundai,SUV,Hybrid,47700.0
2023,8,3,VIC,Ford,Hatchback,Petrol,44100.0
2023,1,1,QLD,Toyota,Wagon,Diesel,50400.0
2021,12,4,QLD,Kia,Van,Petrol,33200.0
2020,5,2,QLD,Ford,Ute,Petrol,49400.0
2023,8,3,WA,Mitsubishi,Sedan,Hybrid,52100.0
2023,6,2,WA,Hyundai,Sedan,Petrol,34000.0
2020,9,3,VIC,Mitsubishi,Sedan,Petrol,36100.0
2023,1,1,VIC,Nissan,Ute,Diesel,45000.0
2022,9,3,QLD,Nissan,Sedan,Petrol,32200.0
2023,1,1,WA,Kia,Ute,Petrol,37800.0
2024,10,4,NSW,Toyota,SUV,Diesel,62100.0
2020,10,4,TAS,Nissan,SUV,Petrol,35300.0
2019,3,1,NSW,Tesla,Hatchback,Electric,110700.0
2023,1,1,VIC,Hyundai,Hatchback,Petrol,29600.0
2023,3,1,WA,Toyota,Sedan,Petrol,41400.0
2023,12,4,NSW,Toyota,SUV,Diesel,59300.0
2024,11,4,VIC,Toyota,Hatchback,Hybrid,48100.0
2024,2,1,NSW,Toyota,Ute,Hybrid,57600.0
2024,2,1,VIC,Nissan,Sedan,Petrol,38800.0
2022,9,3,NSW,Kia,Sedan,Diesel,34400.0
2022,8,3,VIC,Tesla,Sedan,Electric,142800.0
2022,1,1,VIC,Isuzu,Sedan,Hybrid,77000.0
2020,12,4,TAS,BYD,Hatchback,Electric,68700.0
2023,4,2,TAS,Nissan,SUV,Petrol,36300.0
2021,1,1,NSW,Nissan,SUV,Hybrid,49700.0
2024,1,1,QLD,Ford,SUV,Electric,92500.0
2023,12,4,NSW,Nissan,SUV,Petrol,43500.0
2023,12,4,NSW,Tesla,SUV,Electric,174100.0
2021,4,2,NSW,Toyota,SUV,Petrol,50000.0
2019,2,1,ACT,Tesla,SUV,Electric,163300.0
2019,3,1,SA,Tesla,SUV,Electric,146200.0
2022,11,4,NSW,Nissan,SUV,Petrol,42300.0
2019,9,3,NSW,Hyundai,SUV,Petrol,37500.0
2023,2,1,NSW,Kia,Sedan,Electric,54400.0
2024,4,2,VIC,Toyota,Sedan,Electric,65600.0
2024,1,1,VIC,Hyundai,SUV,Petrol,43100.0
2023,2,1,NSW,Toyota,Sedan,Diesel,48900.0
2020,5,2,QLD,Kia,Wagon,Petrol,31600.0
2024,10,4,NSW,Isuzu,Van,Petrol,69600.0
2024,1,1,SA,Mazda,SUV,Diesel,48000.0
2020,11,4,QLD,Kia,Ute,Hybrid,38700.0
2023,7,3,VIC,Mazda,SUV,Petrol,46000.0
2021,4,2,QLD,Toyota,SUV,Petrol,46200.0
2024,6,2,WA,Kia,SUV,Petrol,38000.0
2024,8,3,NSW,Toyota,SUV,Petrol,56300.0
2019,6,2,VIC,Mitsubishi,Sedan,Petrol,38500.0
2024,2,1,SA,Toyota,Ute,Petrol,49100.0
2023,1,1,NSW,Toyota,Ute,Diesel,53000.0
2024,8,3,NSW,Kia,SUV,Hybrid,50300.0
2022,8,3,VIC,Mitsubishi,SUV,Petrol,47800.0
2024,9,3,WA,Toyota,SUV,Petrol,52800.0
2019,6,2,QLD,Kia,SUV,Diesel,34500.0
2021,12,4,SA,Isuzu,Wagon,Diesel,65600.0
2019,1,1,VIC,Tesla,Ute,Electric,147500.0
2024,9,3,NSW,Toyota,Wagon,Petrol,46600.0
2024,12,4,VIC,Mitsubishi,Ute,Petrol,49700.0
2024,3,1,QLD,Tesla,SUV,Electric,151000.0
2024,11,4,NSW,Toyota,SUV,Hybrid,69100.0
2019,6,2,NSW,Isuzu,Sedan,Petrol,62600.0
2021,10,4,NSW,Nissan,Sedan,Petrol,36600.0
2019,10,4,VIC,Isuzu,Hatchback,Petrol,51800.0
2020,11,4,WA,Isuzu,Sedan,Petrol,64100.0
2020,12,4,QLD,BYD,SUV,Electric,96100.0
2022,9,3,TAS,Mitsubishi,Ute,Petrol,41300.0
2021,11,4,NSW,Tesla,Hatchback,Electric,110600.0
2019,3,1,SA,Isuzu,Sedan,Petrol,56700.0
2020,5,2,WA,Mitsubishi,Ute,Diesel,48800.0
2020,5,2,NSW,Hyundai,SUV,Diesel,40000.0
2024,10,4,ACT,Hyundai,Sedan,Electric,58400.0
2023,7,3,NSW,Nissan,SUV,Petrol,40700.0
2024,4,2,WA,Toyota,SUV,Petrol,54500.0
2022,11,4,WA,Tesla,Sedan,Electric,141500.0
2021,4,2,QLD,Nissan,SUV,Diesel,41900.0
2024,7,3,VIC,Tesla,Ute,Electric,148300.0
2021,9,3,NSW,Nissan,Hatchback,Petrol,31700.0
2021,11,4,VIC,Tesla,SUV,Electric,144100.0
2020,4,2,VIC,Toyota,Ute,Petrol,44800.0
2020,4,2,QLD,Isuzu,Sedan,Petrol,56400.0
2021,6,2,QLD,Mazda,SUV,Petrol,39900.0
2021,6,2,SA,Ford,Ute,Petrol,46300.0
2023,7,3,NSW,Hyundai,Sedan,Petrol,32500.0
2019,1,1,WA,Mazda,Sedan,Hybrid,38300.0
2020,11,4,SA,Ford,Hatchback,Petrol,38700.0
2024,3,1,QLD,Hyundai,Sedan,Electric,51700.0
2020,9,3,NSW,Mitsubishi,Wagon,Diesel,43100.0
2021,6,2,NSW,Isuzu,Sedan,Petrol,65300.0
2024,6,2,NSW,Mazda,SUV,Hybrid,59100.0
2020,5,2,QLD,Mazda,Sedan,Diesel,35300.0
2019,11,4,QLD,Tesla,SUV,Electric,146300.0
2022,3,1,TAS,Tesla,Sedan,Electric,123600.0
2021,11,4,VIC,Nissan,Ute,Petrol,36200.0
2023,5,2,VIC,Toyota,Sedan,Petrol,42300.0
2024,1,1,QLD,Isuzu,SUV,Diesel,83100.0
2020,3,1,WA,Kia,Sedan,Diesel,34400.0
2023,4,2,SA,Mitsubishi,SUV,Diesel,47900.0
2022,5,2,WA,Toyota,Ute,Diesel,54800.0
2020,10,4,VIC,Ford,Ute,Petrol,53400.0
2023,9,3,QLD,Mazda,Van,Diesel,41500.0
2021,4,2,WA,Mazda,SUV,Petrol,39400.0
2022,3,1,VIC,Kia,Sedan,Diesel,33700.0
2019,10,4,NSW,Isuzu,Sedan,Hybrid,74200.0
2022,1,1,NSW,BYD,Hatchback,Electric,80000.0
2021,10,4,NSW,Mitsubishi,Sedan,Diesel,45300.0
2024,6,2,QLD,Kia,SUV,Hybrid,47500.0
2019,7,3,NSW,Ford,Sedan,Diesel,48700.0
2022,10,4,NSW,Nissan,Ute,Diesel,45100.0
2022,8,3,NSW,Kia,Ute,Diesel,37600.0
2023,12,4,VIC,Mazda,Hatchback,Petrol,32400.0
2023,1,1,VIC,Mazda,SUV,Electric,70900.0
2023,12,4,QLD,Mitsubishi,Van,Petrol,41300.0
2023,4,2,NSW,Kia,SUV,Petrol,41400.0
2024,11,4,NSW,Toyota,Wagon,Petrol,50300.0
2021,5,2,VIC,Isuzu,Hatchback,Petrol,56000.0
2022,2,1,VIC,Tesla,Ute,Electric,142500.0
2024,1,1,NSW,Mitsubishi,Ute,Hybrid,57100.0
2024,8,3,NSW,Toyota,SUV,Petrol,49300.0
2024,6,2,WA,Hyundai,SUV,Hybrid,50300.0
2021,5,2,QLD,Nissan,SUV,Petrol,40600.0
2020,9,3,NSW,Nissan,SUV,Petrol,41400.0
2022,11,4,NSW,Mazda,Sedan,Petrol,38700.0
2023,11,4,ACT,Toyota,SUV,Diesel,61100.0
2022,2,1,QLD,Ford,Hatchback,Hybrid,52200.0
2022,10,4,VIC,Hyundai,Sedan,Diesel,35300.0
2024,12,4,QLD,Tesla,Ute,Electric,157000.0
2021,8,3,QLD,Nissan,Ute,Petrol,37700.0
2024,11,4,QLD,Hyundai,SUV,Electric,58700.0
2022,10,4,VIC,Toyota,SUV,Petrol,53000.0
2021,9,3,VIC,Nissan,SUV,Petrol,43400.0
2022,1,1,NSW,Toyota,Ute,Petrol,48500.0
2023,7,3,SA,Nissan,Sedan,Petrol,35400.0
2020,8,3,QLD,Mitsubishi,SUV,Petrol,41200.0
2020,3,1,NSW,Nissan,Hatchback,Petrol,30000.0
2024,4,2,SA,Mazda,SUV,Hybrid,49000.0
2020,3,1,SA,Toyota,Ute,Diesel,46200.0
2023,7,3,TAS,Ford,Sedan,Hybrid,54900.0
2023,9,3,WA,Ford,Ute,Diesel,58400.0
2022,3,1,TAS,Hyundai,Hatchback,Diesel,29700.0
2023,6,2,NSW,Nissan,Ute,Hybrid,47800.0
2020,8,3,WA,Isuzu,Sedan,Hybrid,69400.0
2022,6,2,WA,Mitsubishi,SUV,Petrol,45800.0
2021,2,1,NSW,Toyota,Ute,Petrol,46300.0
2023,7,3,NSW,Tesla,Sedan,Electric,136100.0
2020,2,1,ACT,Tesla,SUV,Electric,152600.0
2023,2,1,NSW,Ford,Ute,Hybrid,67900.0
2020,2,1,WA,Nissan,SUV,Hybrid,45900.0
2021,11,4,NSW,Toyota,SUV,Electric,75600.0
2020,1,1,NSW,Mazda,Hatchback,Diesel,36300.0
2020,11,4,VIC,Toyota,Sedan,Petrol,38600.0
2024,1,1,NSW,BYD,SUV,Electric,115200.0
2021,7,3,QLD,Mitsubishi,Ute,Petrol,39400.0
2024,12,4,VIC,Hyundai,Hatchback,Electric,46400.0
2024,5,2,NSW,Toyota,SUV,Petrol,51600.0
2023,11,4,NSW,Toyota,Ute,Petrol,52200.0
2020,3,1,VIC,Toyota,Ute,Hybrid,54300.0
2021,1,1,NSW,Ford,SUV,Petrol,58800.0
2024,11,4,QLD,Mazda,Sedan,Hybrid,45000.0
2021,10,4,VIC,Mazda,SUV,Diesel,44000.0
2019,6,2,NSW,Nissan,Ute,Petrol,39900.0
2022,11,4,VIC,Kia,Hatchback,Petrol,27600.0
2024,1,1,NSW,Tesla,SUV,Electric,157800.0
2024,9,3,NSW,Toyota,Hatchback,Petrol,38400.0
2020,2,1,NSW,Hyundai,Ute,Diesel,38900.0
2023,1,1,WA,Ford,SUV,Diesel,60400.0
2020,12,4,SA,Mazda,Ute,Petrol,37000.0
2020,7,3,WA,Toyota,SUV,Hybrid,56000.0
2024,6,2,VIC,Nissan,Van,Petrol,40800.0
2020,6,2,NSW,Nissan,Sedan,Petrol,32100.0
2021,5,2,VIC,Toyota,Sedan,Petrol,43900.0
2019,11,4,QLD,Hyundai,Ute,Petrol,31400.0
2024,4,2,TAS,Nissan,Sedan,Electric,53100.0
2024,11,4,NSW,Toyota,Hatchback,Petrol,40700.0
2023,4,2,NSW,Mitsubishi,Sedan,Petrol,39700.0
2023,3,1,QLD,Nissan,Hatchback,Hybrid,35000.0
2020,10,4,WA,Nissan,Sedan,Diesel,35000.0
2022,8,3,WA,Ford,SUV,Petrol,54900.0
2021,7,3,QLD,Toyota,Hatchback,Hybrid,40000.0
2019,9,3,SA,Mazda,Ute,Diesel,40000.0
2022,1,1,VIC,Nissan,Ute,Petrol,39200.0
2024,7,3,SA,Nissan,Wagon,Diesel,40100.0
2019,10,4,ACT,Mitsubishi,SUV,Hybrid,52400.0
2021,4,2,WA,BYD,Sedan,Electric,90700.0
2020,7,3,NSW,Tesla,SUV,Electric,146500.0
2020,12,4,NSW,Mitsubishi,Ute,Petrol,42500.0
2024,1,1,VIC,Isuzu,Ute,Hybrid,86300.0
2022,5,2,VIC,Tesla,Van,Electric,137200.0
2022,3,1,WA,Kia,Sedan,Electric,50400.0
2023,5,2,NSW,Mazda,Ute,Hybrid,53500.0
2020,4,2,NSW,BYD,Hatchback,Electric,78200.0
2022,2,1,QLD,Ford,Ute,Petrol,52300.0
2022,11,4,NSW,Mazda,SUV,Petrol,46700.0
2023,4,2,VIC,Isuzu,Sedan,Diesel,72400.0
2024,3,1,VIC,Tesla,Van,Electric,150200.0
2023,1,1,QLD,Nissan,Wagon,Petrol,34900.0
2022,12,4,NSW,Toyota,Ute,Electric,70300.0
2024,10,4,WA,Mitsubishi,Hatchback,Petrol,36600.0
2020,8,3,VIC,Mazda,SUV,Petrol,40000.0
2019,5,2,SA,Nissan,SUV,Diesel,40000.0
2020,4,2,VIC,Toyota,Van,Petrol,41500.0
2021,10,4,NSW,Mitsubishi,SUV,Petrol,49100.0
2022,12,4,NSW,BYD,SUV,Electric,114900.0
2023,5,2,NSW,Hyundai,Sedan,Petrol,33800.0
2024,4,2,VIC,Nissan,Sedan,Diesel,42700.0
2022,3,1,NSW,Isuzu,Sedan,Hybrid,84000.0
2022,5,2,VIC,Mazda,SUV,Hybrid,56300.0
2019,4,2,VIC,Toyota,Hatchback,Petrol,33700.0
2019,1,1,NSW,Mazda,Hatchback,Petrol,31600.0
2022,12,4,NSW,Mazda,SUV,Hybrid,51600.0
2022,3,1,QLD,Nissan,Sedan,Electric,53200.0
2024,10,4,SA,Nissan,Ute,Petrol,39800.0
2020,10,4,NSW,Toyota,Ute,Diesel,52100.0
2019,8,3,NSW,Ford,SUV,Petrol,52300.0
2022,7,3,ACT,Kia,Sedan,Diesel,38800.0
2020,2,1,NSW,Toyota,SUV,Diesel,52500.0
2019,1,1,ACT,Hyundai,SUV,Petrol,36700.0
2023,3,1,NSW,Hyundai,Sedan,Diesel,38300.0
2019,5,2,WA,Kia,Ute,Petrol,34800.0
2023,10,4,NSW,Mitsubishi,Ute,Petrol,49600.0
2021,11,4,SA,Tesla,Ute,Electric,141200.0
2020,12,4,NSW,Toyota,SUV,Diesel,49400.0
2021,1,1,QLD,Isuzu,Ute,Petrol,63400.0
2024,3,1,NSW,Tesla,SUV,Electric,158500.0
2022,3,1,NSW,Nissan,Sedan,Diesel,37500.0
2023,5,2,QLD,Ford,Ute,Petrol,52300.0
2020,3,1,VIC,Nissan,Ute,Diesel,40700.0
2023,9,3,SA,Nissan,Sedan,Petrol,32000.0
2020,1,1,VIC,Ford,Ute,Diesel,60300.0
2023,4,2,WA,Hyundai,Hatchback,Diesel,33100.0
2023,10,4,VIC,Nissan,Sedan,Electric,58500.0
2024,10,4,ACT,Tesla,Ute,Electric,161600.0
2021,4,2,SA,Nissan,Wagon,Hybrid,40800.0
2019,1,1,VIC,BYD,Ute,Electric,90600.0
2019,2,1,WA,Mitsubishi,Sedan,Petrol,36400.0
2024,11,4,WA,Toyota,SUV,Petrol,52200.0
2022,1,1,NSW,Mazda,SUV,Diesel,48300.0
2023,6,2,QLD,Nissan,Sedan,Diesel,39700.0
2020,3,1,NSW,Hyundai,Ute,Petrol,38200.0
2021,7,3,WA,Toyota,Sedan,Petrol,40500.0
2019,5,2,NSW,Tesla,Van,Electric,132100.0
2024,9,3,NSW,Tesla,SUV,Electric,179000.0
2023,7,3,VIC,Mazda,Ute,Diesel,47600.0
2024,4,2,VIC,Mazda,Sedan,Electric,60400.0
2021,5,2,WA,Ford,Sedan,Hybrid,59500.0
2023,5,2,ACT,Toyota,Ute,Petrol,47600.0
2023,11,4,VIC,BYD,SUV,Electric,101200.0
2021,5,2,NSW,Hyundai,SUV,Petrol,37100.0
2024,10,4,QLD,Isuzu,Sedan,Petrol,60800.0
2024,9,3,VIC,Isuzu,Sedan,Diesel,73100.0
2024,10,4,VIC,Mitsubishi,Ute,Hybrid,54300.0
2023,3,1,NSW,Hyundai,Van,Hybrid,47900.0
2021,6,2,VIC,Kia,SUV,Petrol,37400.0
2021,8,3,VIC,Ford,Sedan,Petrol,46700.0
2024,11,4,QLD,Hyundai,Ute,Petrol,34800.0
2019,9,3,VIC,Isuzu,Wagon,Hybrid,77500.0
2023,7,3,WA,Ford,Van,Petrol,50500.0
2023,12,4,VIC,Isuzu,Ute,Petrol,76100.0
2023,3,1,NSW,Toyota,Sedan,Hybrid,55800.0
2024,1,1,WA,Toyota,SUV,Hybrid,63200.0
2021,4,2,VIC,Nissan,SUV,Hybrid,47400.0
2021,6,2,NSW,Mitsubishi,Sedan,Petrol,41300.0
2019,3,1,QLD,Kia,Ute,Petrol,31000.0
2022,1,1,VIC,Kia,Ute,Diesel,38000.0
2021,6,2,WA,Mazda,Ute,Hybrid,48100.0
2021,1,1,VIC,Tesla,Sedan,Electric,138500.0
2024,9,3,QLD,Toyota,Ute,Hybrid,55600.0
2024,11,4,NSW,Kia,SUV,Hybrid,52100.0
2020,12,4,VIC,Kia,SUV,Petrol,33900.0
2021,1,1,TAS,Nissan,SUV,Diesel,38200.0
2024,6,2,WA,Kia,Hatchback,Petrol,30100.0
2019,1,1,NSW,Toyota,SUV,Petrol,45000.0
2019,12,4,NSW,Kia,Ute,Petrol,33200.0
2020,7,3,VIC,Toyota,SUV,Diesel,49400.0
2023,3,1,QLD,Mazda,Sedan,Petrol,34700.0
2020,6,2,QLD,Toyota,Hatchback,Hybrid,39700.0
2024,7,3,QLD,Kia,Sedan,Hybrid,40300.0
2022,1,1,VIC,Toyota,SUV,Petrol,51100.0
2022,1,1,WA,Ford,SUV,Hybrid,73900.0
2020,5,2,VIC,Nissan,Hatchback,Petrol,30700.0
2022,6,2,NSW,Tesla,Sedan,Electric,140200.0
2023,9,3,VIC,Toyota,Sedan,Petrol,44200.0
2023,1,1,SA,Mazda,Sedan,Diesel,40400.0
2023,4,2,QLD,Tesla,SUV,Electric,149400.0
2023,10,4,VIC,Nissan,SUV,Hybrid,50700.0
2024,8,3,QLD,Toyota,Ute,Diesel,53400.0
2024,10,4,SA,Isuzu,Ute,Hybrid,82300.0
2023,9,3,VIC,Kia,SUV,Hybrid,50000.0
2019,3,1,VIC,Kia,Ute,Petrol,33600.0
2019,11,4,ACT,Nissan,Hatchback,Petrol,29600.0
2020,2,1,WA,BYD,Hatchback,Electric,77000.0
2023,4,2,VIC,Isuzu,SUV,Hybrid,92100.0
2022,2,1,VIC,Hyundai,SUV,Petrol,41700.0
2022,1,1,VIC,Kia,Hatchback,Electric,46800.0
2024,12,4,NSW,Mitsubishi,SUV,Hybrid,62600.0
2024,3,1,SA,Hyundai,SUV,Petrol,36200.0
2024,7,3,VIC,Kia,Hatchback,Electric,44300.0
2021,1,1,WA,Mazda,SUV,Petrol,41800.0
2023,2,1,NSW,Toyota,Sedan,Electric,71400.0
2021,1,1,VIC,Hyundai,Sedan,Petrol,31000.0
2020,8,3,NSW,Tesla,Hatchback,Electric,108200.0
2020,5,2,QLD,Nissan,SUV,Diesel,39200.0
2021,8,3,VIC,Ford,Hatchback,Petrol,41900.0
2022,3,1,QLD,Mitsubishi,Sedan,Hybrid,48800.0
2024,12,4,NSW,Toyota,Sedan,Petrol,42000.0
2019,7,3,NSW,Nissan,SUV,Petrol,38100.0
2023,8,3,NSW,Kia,SUV,Petrol,40600.0
2022,6,2,NSW,BYD,Sedan,Electric,95100.0
2021,7,3,QLD,BYD,Sedan,Electric,86500.0
2022,12,4,VIC,Mazda,Hatchback,Hybrid,40800.0
2021,2,1,QLD,Kia,Sedan,Petrol,28300.0
2023,8,3,VIC,Nissan,Sedan,Hybrid,43600.0
2022,5,2,NSW,Toyota,Sedan,Hybrid,55900.0
2020,7,3,NSW,Tesla,Ute,Electric,155700.0
2019,1,1,NSW,Nissan,Sedan,Hybrid,41600.0
2022,5,2,WA,Hyundai,SUV,Petrol,40000.0
2024,1,1,QLD,Nissan,Hatchback,Electric,51200.0
2021,12,4,NSW,Nissan,Sedan,Petrol,35000.0
2023,8,3,NSW,BYD,Sedan,Electric,88400.0
2023,4,2,WA,Mazda,Sedan,Hybrid,46200.0
2024,4,2,QLD,Hyundai,Ute,Hybrid,48100.0
2024,2,1,QLD,Toyota,SUV,Petrol,50800.0
2023,5,2,VIC,Isuzu,SUV,Petrol,80800.0
2023,1,1,NSW,Isuzu,Hatchback,Diesel,64100.0
2024,9,3,ACT,Mitsubishi,SUV,Petrol,48700.0
2022,5,2,QLD,Hyundai,Ute,Electric,52300.0
2021,6,2,NSW,Toyota,SUV,Petrol,52800.0
2019,2,1,WA,BYD,SUV,Electric,96900.0
2024,10,4,QLD,Tesla,SUV,Electric,146500.0
2024,10,4,NSW,Nissan,Sedan,Electric,62300.0
2019,1,1,VIC,Tesla,Ute,Electric,139400.0
2023,4,2,NSW,Isuzu,SUV,Diesel,91000.0
2022,7,3,NSW,BYD,SUV,Electric,108100.0
2019,6,2,QLD,Mitsubishi,Van,Hybrid,43900.0
2024,10,4,NSW,Ford,Sedan,Hybrid,64400.0
2020,1,1,WA,Nissan,Ute,Diesel,44100.0
2019,1,1,TAS,Mitsubishi,Hatchback,Petrol,27500.0
2023,8,3,NSW,Hyundai,Wagon,Diesel,41900.0
2023,4,2,VIC,Toyota,Hatchback,Petrol,36500.0
2019,5,2,WA,Mazda,SUV,Petrol,39100.0
2023,7,3,QLD,Kia,Van,Diesel,36500.0
2022,8,3,QLD,Mazda,Hatchback,Hybrid,39400.0
2019,10,4,VIC,Mazda,Hatchback,Petrol,29900.0
2020,7,3,VIC,Kia,SUV,Petrol,35900.0
2023,2,1,VIC,Toyota,Van,Diesel,53400.0
2021,4,2,ACT,BYD,Ute,Electric,95900.0
2024,10,4,VIC,Ford,Ute,Petrol,53800.0
2024,12,4,SA,Kia,SUV,Diesel,37900.0
2024,1,1,NSW,Toyota,SUV,Hybrid,66300.0
2021,10,4,TAS,Hyundai,Van,Petrol,31800.0
2024,9,3,QLD,Ford,Sedan,Hybrid,62300.0
2022,3,1,VIC,Isuzu,SUV,Diesel,83300.0
2021,12,4,QLD,BYD,Hatchback,Electric,70100.0
2019,3,1,NSW,Mazda,SUV,Diesel,46900.0
2019,10,4,NSW,Mitsubishi,Sedan,Petrol,36700.0
2023,9,3,NSW,Mazda,SUV,Hybrid,58200.0
2022,10,4,NSW,Nissan,SUV,Petrol,41100.0
2020,3,1,VIC,Nissan,SUV,Petrol,38000.0
2023,8,3,QLD,Kia,SUV,Petrol,36900.0
2021,2,1,QLD,Tesla,SUV,Electric,137600.0
2023,3,1,NSW,Isuzu,Ute,Hybrid,85600.0
2021,2,1,WA,Tesla,Hatchback,Electric,113900.0
2024,1,1,QLD,Tesla,Sedan,Electric,128000.0
2024,2,1,ACT,Nissan,SUV,Hybrid,52100.0
2022,8,3,QLD,Mitsubishi,SUV,Petrol,43500.0
2021,9,3,NSW,Mitsubishi,Hatchback,Petrol,34800.0
2021,2,1,VIC,Isuzu,Wagon,Petrol,64900.0
2024,7,3,QLD,Tesla,SUV,Electric,149300.0
2021,5,2,NSW,Tesla,SUV,Electric,159000.0
2020,3,1,NSW,Mazda,Sedan,Petrol,36600.0
2019,9,3,NSW,Hyundai,Ute,Diesel,39800.0
2022,6,2,NSW,Toyota,Sedan,Hybrid,51600.0
2022,11,4,VIC,Kia,Ute,Electric,52900.0
2024,1,1,VIC,Ford,Ute,Electric,88500.0
2020,5,2,NSW,Nissan,Van,Diesel,43200.0
2021,7,3,QLD,Mitsubishi,SUV,Petrol,43500.0
2024,4,2,VIC,BYD,Wagon,Electric,93900.0
2024,8,3,NSW,Hyundai,SUV,Petrol,39400.0
2021,10,4,NSW,Isuzu,Ute,Petrol,76100.0
2022,5,2,NSW,Mitsubishi,Sedan,Diesel,46200.0
2021,9,3,VIC,Tesla,Sedan,Electric,127300.0
2024,9,3,NSW,Mazda,Ute,Diesel,46600.0
2019,9,3,VIC,Kia,SUV,Hybrid,45400.0
2024,1,1,QLD,Mitsubishi,SUV,Electric,69300.0
2023,2,1,VIC,Mitsubishi,Sedan,Petrol,41000.0
2022,3,1,NSW,Nissan,Sedan,Petrol,37200.0
2019,4,2,VIC,Nissan,SUV,Diesel,42200.0
2022,10,4,QLD,Nissan,Van,Hybrid,41600.0
2022,9,3,WA,Tesla,SUV,Electric,150500.0
2020,10,4,QLD,Nissan,SUV,Petrol,40100.0
2023,6,2,VIC,Isuzu,SUV,Hybrid,94900.0
2024,1,1,VIC,Mazda,Sedan,Hybrid,48700.0
2023,12,4,VIC,Ford,SUV,Diesel,65200.0
2023,9,3,WA,Mazda,Sedan,Petrol,39300.0
2019,6,2,NSW,Toyota,SUV,Hybrid,60700.0
2022,4,2,TAS,Mazda,SUV,Hybrid,47400.0
2019,4,2,QLD,Toyota,Ute,Petrol,40600.0
2023,3,1,QLD,Tesla,Ute,Electric,148000.0
2024,7,3,NSW,Ford,SUV,Hybrid,76700.0
2023,3,1,QLD,Hyundai,SUV,Hybrid,46500.0
2019,2,1,VIC,BYD,Hatchback,Electric,76400.0
2021,10,4,NSW,Isuzu,SUV,Hybrid,88000.0
2022,8,3,NSW,Nissan,Van,Petrol,38100.0
2022,4,2,WA,Mitsubishi,Sedan,Electric,62800.0
2024,8,3,VIC,Ford,SUV,Petrol,58000.0
2024,1,1,VIC,Hyundai,Ute,Diesel,42500.0
2023,5,2,NSW,Mazda,Hatchback,Diesel,39300.0
2021,9,3,QLD,Mazda,SUV,Petrol,40800.0
2021,1,1,QLD,Ford,SUV,Petrol,56800.0
2019,11,4,QLD,Nissan,Sedan,Hybrid,39500.0
2021,4,2,VIC,Toyota,Hatchback,Diesel,41000.0
2022,6,2,VIC,Mazda,Ute,Diesel,45600.0
2023,10,4,VIC,Mazda,SUV,Petrol,41900.0
2023,8,3,NSW,Tesla,SUV,Electric,165200.0
2019,3,1,SA,Hyundai,SUV,Petrol,32800.0
2022,5,2,VIC,Ford,SUV,Petrol,61500.0
2020,7,3,NSW,Toyota,SUV,Hybrid,57000.0
2020,1,1,VIC,Ford,Ute,Diesel,55100.0
2024,7,3,WA,Toyota,SUV,Electric,81100.0
2019,12,4,NSW,Kia,SUV,Petrol,36000.0
2022,11,4,NSW,Toyota,Sedan,Hybrid,48800.0
2020,8,3,QLD,BYD,SUV,Electric,90600.0
2024,8,3,NSW,Kia,SUV,Petrol,42200.0
2022,9,3,QLD,Tesla,SUV,Electric,150000.0
2020,6,2,NSW,Ford,SUV,Diesel,58400.0
2022,12,4,QLD,Hyundai,Hatchback,Petrol,27700.0
2023,6,2,NSW,Toyota,Ute,Petrol,47500.0
2024,2,1,NSW,Kia,SUV,Diesel,42700.0
2020,3,1,WA,Kia,SUV,Petrol,38100.0
2024,4,2,VIC,Ford,SUV,Diesel,64900.0
2024,4,2,VIC,Tesla,Sedan,Electric,131200.0
2024,8,3,NSW,Isuzu,Sedan,Diesel,80300.0
2023,1,1,QLD,BYD,Sedan,Electric,90500.0
2023,10,4,VIC,Toyota,SUV,Hybrid,59800.0
2022,4,2,TAS,Mitsubishi,SUV,Electric,65000.0
2023,11,4,TAS,Toyota,Ute,Petrol,45700.0
2022,12,4,QLD,Tesla,Hatchback,Electric,109800.0
2023,11,4,VIC,Hyundai,Van,Diesel,40800.0
2022,11,4,VIC,Toyota,SUV,Hybrid,60900.0
2023,4,2,QLD,Nissan,Ute,Diesel,41900.0
2024,1,1,NSW,Mitsubishi,Ute,Petrol,48600.0
2020,3,1,VIC,Hyundai,Van,Diesel,37500.0
2024,5,2,NSW,Toyota,SUV,Petrol,49400.0
2022,6,2,NSW,Kia,Ute,Petrol,38300.0
2024,9,3,NSW,Nissan,SUV,Petrol,42200.0
2022,9,3,VIC,Mitsubishi,Ute,Petrol,44400.0
2021,9,3,QLD,Nissan,SUV,Petrol,39300.0
2024,11,4,VIC,Toyota,Ute,Petrol,50700.0
2021,1,1,VIC,Kia,Hatchback,Petrol,27300.0
2024,12,4,NSW,BYD,SUV,Electric,116100.0
2022,9,3,VIC,Kia,Sedan,Petrol,30500.0
2022,8,3,NSW,Toyota,SUV,Petrol,51700.0
2021,2,1,QLD,Kia,Sedan,Diesel,34300.0
2023,11,4,ACT,Mitsubishi,SUV,Petrol,53200.0
2021,1,1,NSW,Tesla,SUV,Electric,159000.0
2019,1,1,NSW,BYD,Hatchback,Electric,72500.0
2021,12,4,VIC,BYD,SUV,Electric,98000.0
2019,6,2,ACT,Mitsubishi,Ute,Petrol,42600.0
2024,9,3,QLD,Mazda,Hatchback,Petrol,32200.0
2024,7,3,WA,Ford,Hatchback,Petrol,42500.0
2022,5,2,VIC,BYD,Ute,Electric,106300.0
2023,11,4,TAS,Nissan,SUV,Petrol,40800.0
2021,2,1,NSW,Toyota,Hatchback,Petrol,34500.0
2023,1,1,NSW,Kia,SUV,Hybrid,48600.0
2024,2,1,WA,Hyundai,Hatchback,Diesel,34700.0
2024,1,1,SA,Mazda,Ute,Electric,59700.0
2022,3,1,NSW,Kia,Ute,Diesel,40500.0
2024,6,2,NSW,Mitsubishi,SUV,Diesel,54500.0
2021,8,3,NSW,Toyota,Sedan,Petrol,40100.0
2024,3,1,NSW,BYD,Hatchback,Electric,85100.0
2019,10,4,NSW,Isuzu,Hatchback,Diesel,63000.0
2023,9,3,ACT,Nissan,SUV,Petrol,44000.0
2023,10,4,QLD,Toyota,Van,Diesel,49000.0
2023,5,2,QLD,Mitsubishi,SUV,Petrol,44700.0
2020,7,3,QLD,Ford,Sedan,Diesel,51200.0
2024,8,3,VIC,Hyundai,Ute,Electric,63400.0
2020,3,1,QLD,Kia,SUV,Hybrid,40100.0
2023,2,1,VIC,BYD,SUV,Electric,113800.0
2020,2,1,NSW,Toyota,Ute,Petrol,43600.0
2021,5,2,VIC,Nissan,SUV,Petrol,38500.0
2022,1,1,VIC,Isuzu,SUV,Hybrid,94400.0
2022,2,1,WA,BYD,Ute,Electric,97400.0
2020,9,3,TAS,BYD,Hatchback,Electric,67900.0
2020,7,3,VIC,Hyundai,Sedan,Petrol,32300.0
2022,6,2,QLD,BYD,SUV,Electric,93900.0
2023,9,3,NSW,Hyundai,SUV,Diesel,43700.0
2024,7,3,QLD,Nissan,Ute,Hybrid,47900.0
2019,11,4,VIC,Toyota,Sedan,Diesel,41600.0
2022,5,2,NSW,Mazda,Ute,Electric,60600.0
2019,9,3,VIC,Kia,Hatchback,Diesel,27200.0
2019,6,2,QLD,Hyundai,Sedan,Petrol,30600.0
2023,6,2,NSW,Ford,SUV,Diesel,69800.0
2023,11,4,SA,Ford,Van,Hybrid,58200.0
2020,4,2,NSW,Nissan,Sedan,Diesel,36600.0
2020,12,4,SA,Kia,Sedan,Diesel,32100.0
2019,1,1,QLD,Hyundai,Van,Hybrid,41200.0
2024,5,2,VIC,Mazda,Van,Diesel,44200.0
2024,11,4,VIC,Ford,Sedan,Petrol,53500.0
2020,9,3,QLD,Kia,SUV,Diesel,37800.0
2020,8,3,QLD,BYD,Wagon,Electric,90400.0
2024,8,3,QLD,Toyota,Ute,Diesel,49000.0
2024,5,2,VIC,Mazda,SUV,Petrol,48100.0
2022,12,4,VIC,Hyundai,Sedan,Diesel,36200.0
2019,9,3,TAS,Hyundai,Sedan,Diesel,32600.0
2019,3,1,NSW,Hyundai,Hatchback,Petrol,27600.0
2023,3,1,VIC,BYD,Sedan,Electric,91700.0
2022,1,1,NSW,Hyundai,Hatchback,Hybrid,37900.0
2019,9,3,QLD,Kia,Hatchback,Petrol,25800.0
2023,6,2,QLD,Mitsubishi,Hatchback,Electric,53800.0
2019,2,1,NSW,Mazda,Ute,Petrol,38400.0
2024,8,3,NSW,Tesla,Hatchback,Electric,130800.0
2021,12,4,NSW,Kia,SUV,Petrol,40100.0
2019,9,3,VIC,Ford,SUV,Petrol,49800.0
2023,9,3,VIC,Isuzu,Hatchback,Diesel,64400.0
2022,2,1,TAS,Mazda,Sedan,Petrol,34700.0
2024,2,1,VIC,Nissan,SUV,Petrol,44700.0
2022,7,3,NSW,Kia,SUV,Hybrid,49100.0
2021,11,4,WA,Mitsubishi,SUV,Petrol,48000.0
2023,4,2,VIC,Nissan,Ute,Diesel,46200.0
2021,1,1,VIC,Isuzu,Ute,Diesel,79600.0
2024,8,3,NSW,Mitsubishi,SUV,Hybrid,65200.0
2021,2,1,VIC,BYD,Hatchback,Electric,80600.0
2022,3,1,SA,Ford,SUV,Petrol,55900.0
2019,5,2,VIC,Kia,Ute,Petrol,31500.0
2022,3,1,VIC,Toyota,Sedan,Diesel,44600.0
2024,7,3,QLD,Toyota,Ute,Hybrid,57700.0
2024,7,3,SA,Isuzu,SUV,Hybrid,92800.0
2020,2,1,NSW,Toyota,SUV,Petrol,46900.0
2020,7,3,VIC,Toyota,Hatchback,Petrol,33300.0
2024,11,4,SA,BYD,SUV,Electric,100000.0
2024,6,2,NSW,Toyota,Wagon,Petrol,48900.0
2019,10,4,QLD,Mazda,Ute,Petrol,38100.0
2022,9,3,QLD,Kia,Sedan,Diesel,35500.0
2021,9,3,QLD,Mitsubishi,Sedan,Diesel,40100.0
2024,2,1,VIC,BYD,SUV,Electric,108200.0
2019,7,3,NSW,Kia,Sedan,Petrol,30100.0
2020,5,2,QLD,Kia,Wagon,Diesel,33100.0
2023,6,2,NSW,Tesla,SUV,Electric,168600.0
2019,1,1,VIC,Kia,Ute,Hybrid,40000.0
2022,7,3,NSW,Mitsubishi,Sedan,Diesel,41700.0
2022,6,2,NSW,Nissan,Ute,Petrol,40100.0
2021,4,2,ACT,Ford,SUV,Petrol,56600.0
2022,1,1,VIC,Hyundai,Sedan,Diesel,34100.0
2022,9,3,ACT,Toyota,Wagon,Hybrid,56300.0
2020,4,2,NSW,Mitsubishi,SUV,Petrol,43800.0
2023,2,1,VIC,Toyota,Ute,Petrol,47900.0
2024,8,3,NSW,Kia,Sedan,Diesel,36500.0
2023,2,1,QLD,Isuzu,Sedan,Diesel,69800.0
2020,5,2,QLD,Kia,Sedan,Diesel,34200.0
2020,11,4,NSW,Mazda,Sedan,Petrol,35800.0
2021,6,2,SA,BYD,SUV,Electric,97800.0
2021,11,4,NSW,Mazda,Hatchback,Petrol,33900.0
2022,8,3,QLD,Tesla,Hatchback,Electric,110100.0
2023,11,4,TAS,Mitsubishi,SUV,Petrol,41400.0
2019,1,1,WA,Toyota,Sedan,Petrol,37600.0
2019,1,1,SA,Nissan,Ute,Diesel,37300.0
2022,12,4,VIC,Mazda,Wagon,Petrol,39100.0
2023,4,2,NSW,Nissan,Van,Petrol,37100.0
2020,5,2,NSW,Toyota,Hatchback,Diesel,41500.0
2023,9,3,VIC,Mazda,SUV,Diesel,45700.0
2021,11,4,QLD,Mazda,Hatchback,Petrol,31600.0
2024,7,3,NSW,Toyota,Hatchback,Diesel,46200.0
2024,7,3,QLD,Tesla,SUV,Electric,168100.0
2021,8,3,VIC,Tesla,SUV,Electric,161000.0
2020,5,2,VIC,BYD,Sedan,Electric,80800.0
2022,5,2,QLD,Mazda,Ute,Petrol,40100.0
2020,1,1,VIC,Ford,SUV,Petrol,52500.0
2023,9,3,WA,Mitsubishi,SUV,Diesel,55300.0
2024,6,2,NSW,Ford,SUV,Petrol,59800.0
2023,9,3,QLD,Tesla,Sedan,Electric,127200.0
2024,3,1,NSW,Mitsubishi,SUV,Electric,82300.0
2022,5,2,NSW,Toyota,Ute,Petrol,44800.0
2020,2,1,QLD,BYD,SUV,Electric,91400.0
2023,10,4,WA,Tesla,Hatchback,Electric,118100.0
2021,5,2,NSW,Mitsubishi,Hatchback,Diesel,39500.0
2023,8,3,VIC,Toyota,Hatchback,Hybrid,47200.0
2021,11,4,VIC,Mazda,Ute,Electric,63400.0
2019,2,1,NSW,Hyundai,SUV,Petrol,39100.0
2024,8,3,WA,Mazda,Sedan,Hybrid,43700.0
2020,4,2,QLD,Mazda,SUV,Hybrid,47900.0
2024,10,4,NSW,Isuzu,Wagon,Petrol,74200.0
2024,10,4,VIC,Mitsubishi,SUV,Diesel,55200.0
2024,1,1,QLD,Kia,Sedan,Petrol,31700.0
2023,5,2,VIC,Mazda,Ute,Diesel,42900.0
2023,1,1,QLD,Nissan,Hatchback,Diesel,31300.0
2024,7,3,NSW,Mazda,Ute,Petrol,41300.0
2021,8,3,QLD,BYD,Ute,Electric,90900.0
2022,3,1,NSW,Nissan,Sedan,Hybrid,41700.0
2023,3,1,WA,Tesla,Sedan,Electric,134200.0
2022,7,3,VIC,Nissan,SUV,Petrol,39900.0
2022,4,2,NSW,Mitsubishi,Hatchback,Hybrid,45300.0
2021,3,1,WA,Mazda,Sedan,Petrol,37200.0
2023,8,3,NSW,Mazda,SUV,Diesel,48700.0
2024,3,1,VIC,Hyundai,Hatchback,Petrol,30600.0
2020,7,3,VIC,Toyota,Sedan,Petrol,42700.0
2024,2,1,NSW,Tesla,Hatchback,Electric,126300.0
2023,11,4,SA,Mazda,Hatchback,Hybrid,40000.0
2024,11,4,QLD,Isuzu,Hatchback,Petrol,53500.0
2022,1,1,NSW,Hyundai,SUV,Diesel,46200.0
2023,12,4,QLD,Ford,SUV,Electric,86700.0
2019,6,2,VIC,Nissan,Hatchback,Petrol,27100.0
2024,8,3,SA,Mazda,Hatchback,Hybrid,40800.0
2019,1,1,NSW,Tesla,Sedan,Electric,135200.0
2024,10,4,VIC,BYD,Sedan,Electric,91900.0
2024,12,4,VIC,Mazda,SUV,Petrol,48000.0
2021,9,3,VIC,Kia,Van,Petrol,32200.0
2020,3,1,VIC,Hyundai,SUV,Petrol,38300.0
2023,3,1,NSW,BYD,SUV,Electric,105100.0
2021,4,2,QLD,Mitsubishi,Ute,Electric,62000.0
2024,11,4,VIC,Ford,SUV,Petrol,62500.0
2019,1,1,SA,BYD,Van,Electric,82100.0
2020,9,3,NSW,Mazda,SUV,Hybrid,47600.0
2024,11,4,QLD,BYD,SUV,Electric,103600.0
2023,3,1,SA,Nissan,Sedan,Electric,50400.0
2024,10,4,QLD,Nissan,Sedan,Petrol,36200.0
2021,4,2,WA,BYD,SUV,Electric,97500.0
2023,1,1,WA,Ford,Sedan,Diesel,56900.0
2023,4,2,VIC,Nissan,Sedan,Hybrid,42800.0
2023,1,1,QLD,Hyundai,Hatchback,Petrol,28000.0
2023,5,2,NSW,Mitsubishi,SUV,Petrol,47700.0
2023,5,2,VIC,Toyota,Wagon,Petrol,46100.0
2022,11,4,NSW,Nissan,Sedan,Hybrid,41600.0
2021,7,3,QLD,Tesla,SUV,Electric,146300.0
2023,8,3,VIC,BYD,SUV,Electric,105300.0
2020,4,2,VIC,Toyota,Sedan,Diesel,46500.0
2023,7,3,NSW,BYD,SUV,Electric,103300.0
2020,4,2,TAS,BYD,SUV,Electric,94800.0
2023,3,1,NSW,Tesla,SUV,Electric,157100.0
2023,6,2,NSW,Mazda,Ute,Petrol,40200.0
2020,4,2,NSW,Ford,Sedan,Petrol,45400.0
2019,3,1,ACT,Toyota,SUV,Hybrid,55800.0
2020,9,3,ACT,Ford,Sedan,Petrol,48900.0
2023,5,2,QLD,Mazda,Ute,Hybrid,51900.0
2024,7,3,WA,Hyundai,SUV,Petrol,38000.0
2019,12,4,NSW,Toyota,Hatchback,Diesel,38400.0
2023,6,2,ACT,Mazda,Sedan,Electric,59800.0
2021,10,4,NSW,Toyota,Van,Petrol,44200.0
2022,5,2,NSW,Nissan,SUV,Petrol,41600.0
2024,7,3,NSW,Kia,Wagon,Diesel,41800.0
2021,11,4,VIC,Hyundai,Ute,Petrol,33900.0
2022,6,2,QLD,Kia,Sedan,Petrol,31700.0
2019,10,4,VIC,Mitsubishi,Sedan,Diesel,39400.0
2019,2,1,ACT,Nissan,SUV,Petrol,40100.0
2021,3,1,VIC,Toyota,Van,Petrol,43900.0
2019,2,1,NSW,Mazda,Ute,Diesel,41500.0
2023,12,4,VIC,Nissan,SUV,Diesel,44400.0
2022,3,1,QLD,Hyundai,SUV,Petrol,35300.0
2022,1,1,WA,Toyota,SUV,Hybrid,58300.0
2020,8,3,VIC,Toyota,Sedan,Diesel,46100.0
2021,6,2,VIC,Toyota,Sedan,Diesel,42900.0
2023,2,1,NSW,Nissan,Sedan,Petrol,38200.0
2024,8,3,QLD,Mazda,SUV,Petrol,41700.0
2019,6,2,TAS,Nissan,Sedan,Diesel,34500.0
2024,7,3,NSW,Nissan,Sedan,Hybrid,45700.0
2023,11,4,WA,Mitsubishi,SUV,Hybrid,55500.0
2023,1,1,VIC,Toyota,SUV,Petrol,54300.0
2022,7,3,NSW,Toyota,SUV,Diesel,53200.0
2019,3,1,SA,Ford,Hatchback,Diesel,41300.0
2019,11,4,VIC,Ford,Ute,Petrol,51300.0
2023,12,4,VIC,Mitsubishi,Wagon,Petrol,42100.0
2021,8,3,NSW,Ford,SUV,Diesel,66900.0
2024,6,2,NSW,Nissan,Hatchback,Hybrid,42500.0
2022,4,2,WA,Kia,Sedan,Petrol,33300.0
2020,11,4,QLD,Tesla,Sedan,Electric,129500.0
2023,8,3,SA,Nissan,SUV,Diesel,43600.0
2021,9,3,NSW,Toyota,Ute,Diesel,48700.0
2022,10,4,NSW,Mazda,Hatchback,Diesel,37400.0
2023,2,1,NSW,Toyota,SUV,Diesel,56000.0
2024,6,2,VIC,Toyota,SUV,Diesel,54700.0
2024,5,2,TAS,Kia,Ute,Petrol,33900.0
2023,5,2,QLD,Hyundai,Wagon,Petrol,36000.0
2023,10,4,NSW,Ford,Ute,Diesel,59700.0
2024,11,4,WA,Nissan,SUV,Petrol,45400.0
2021,3,1,QLD,Toyota,Sedan,Diesel,42500.0
2019,12,4,NSW,Kia,SUV,Diesel,37500.0
2021,8,3,WA,Toyota,Hatchback,Petrol,37600.0
2020,8,3,NSW,Hyundai,Ute,Diesel,42400.0
2023,12,4,NSW,Kia,Sedan,Diesel,35800.0
2023,5,2,NSW,Nissan,SUV,Petrol,42400.0
2023,8,3,VIC,Hyundai,Van,Diesel,39800.0
2019,10,4,VIC,Toyota,Ute,Hybrid,55800.0
2023,8,3,NSW,Hyundai,Wagon,Petrol,33900.0
2021,3,1,NSW,Toyota,Sedan,Diesel,44300.0
2023,2,1,QLD,Mazda,Hatchback,Petrol,32200.0
2022,9,3,TAS,Mitsubishi,Hatchback,Petrol,31300.0
2021,2,1,QLD,Toyota,SUV,Petrol,45000.0
2020,9,3,NSW,Ford,Van,Diesel,59200.0
2019,4,2,NSW,Mitsubishi,SUV,Petrol,47200.0
2024,12,4,NSW,Ford,Ute,Petrol,61900.0
2024,2,1,NSW,Toyota,Van,Hybrid,57300.0
2023,10,4,VIC,Nissan,SUV,Petrol,45300.0
2019,1,1,QLD,Hyundai,Ute,Petrol,34000.0
2022,4,2,QLD,BYD,Sedan,Electric,80800.0
2023,9,3,QLD,Hyundai,Ute,Petrol,36800.0
2023,12,4,NSW,Ford,Hatchback,Petrol,41800.0
2019,9,3,VIC,Hyundai,Sedan,Diesel,35000.0
2019,4,2,QLD,Hyundai,Hatchback,Petrol,26700.0
2023,9,3,VIC,Toyota,SUV,Petrol,52900.0
2021,12,4,NSW,Hyundai,SUV,Hybrid,45400.0
2021,6,2,VIC,Nissan,Sedan,Hybrid,43000.0
2019,1,1,NSW,Tesla,Ute,Electric,135800.0
2022,10,4,NSW,Toyota,SUV,Hybrid,65600.0
2024,6,2,WA,Mitsubishi,Ute,Hybrid,57800.0
2024,9,3,WA,Nissan,SUV,Diesel,45000.0
2023,2,1,NSW,Tesla,Ute,Electric,149500.0
2022,6,2,NSW,Toyota,SUV,Diesel,56900.0
2019,2,1,QLD,Nissan,Ute,Petrol,35000.0
2022,4,2,NSW,Hyundai,Ute,Hybrid,47800.0
2021,8,3,VIC,Ford,Van,Petrol,49800.0
2023,7,3,NSW,Kia,Ute,Petrol,38300.0
2021,11,4,NSW,Isuzu,Ute,Diesel,75200.0
2020,12,4,QLD,Nissan,Hatchback,Diesel,31300.0
2019,9,3,WA,Nissan,Ute,Diesel,42800.0
2021,7,3,NSW,Toyota,SUV,Petrol,50300.0
2019,1,1,VIC,Nissan,Hatchback,Petrol,27200.0
2020,2,1,NSW,Toyota,Ute,Petrol,48900.0
2024,6,2,NSW,Mazda,Sedan,Diesel,40800.0
2022,7,3,TAS,Kia,Ute,Petrol,33500.0
2022,3,1,QLD,Ford,Hatchback,Petrol,41000.0
2024,9,3,VIC,Mitsubishi,Wagon,Petrol,42500.0
2024,7,3,QLD,Ford,Van,Petrol,50000.0
2023,6,2,WA,Nissan,SUV,Hybrid,49400.0
2024,6,2,WA,Mazda,Sedan,Hybrid,48500.0
2021,1,1,NSW,Mazda,SUV,Petrol,45200.0
2021,5,2,NSW,Nissan,SUV,Petrol,41400.0
2022,10,4,QLD,Toyota,Hatchback,Petrol,33300.0
2023,3,1,VIC,Mitsubishi,SUV,Petrol,50700.0
2023,7,3,TAS,Tesla,Sedan,Electric,123500.0
2021,10,4,QLD,Kia,Ute,Diesel,36400.0
2020,3,1,SA,Tesla,Ute,Electric,131500.0
2023,5,2,NSW,Toyota,SUV,Hybrid,62000.0
2020,7,3,WA,Isuzu,SUV,Diesel,79000.0
2023,3,1,VIC,Toyota,Sedan,Diesel,48100.0
2023,10,4,TAS,Hyundai,SUV,Hybrid,44000.0
2023,2,1,NSW,Toyota,Wagon,Petrol,48600.0
2023,6,2,VIC,Kia,Hatchback,Petrol,28200.0
2024,8,3,QLD,Tesla,Sedan,Electric,134800.0
2022,4,2,VIC,Nissan,Hatchback,Petrol,30300.0
2023,9,3,VIC,Tesla,SUV,Electric,167400.0
2023,12,4,TAS,Kia,Ute,Hybrid,38300.0
2020,12,4,VIC,Nissan,SUV,Petrol,38100.0
2019,8,3,QLD,Ford,Ute,Petrol,50300.0
2021,7,3,NSW,Kia,Sedan,Diesel,33600.0
2022,7,3,WA,Mitsubishi,SUV,Petrol,47400.0
2023,3,1,QLD,Ford,SUV,Petrol,59700.0
2024,6,2,VIC,Isuzu,SUV,Petrol,79600.0
2020,5,2,NSW,Mazda,Ute,Petrol,38000.0
2020,1,1,VIC,Kia,SUV,Diesel,38700.0
2024,11,4,NSW,Tesla,Ute,Electric,167200.0
2019,3,1,NSW,Nissan,Ute,Petrol,36900.0
2022,12,4,QLD,Nissan,Ute,Petrol,38900.0
2023,1,1,NSW,Kia,Ute,Petrol,39000.0
2022,4,2,NSW,Mitsubishi,SUV,Hybrid,58500.0
2019,10,4,QLD,Hyundai,Sedan,Petrol,30600.0
2019,3,1,NSW,Ford,Van,Diesel,53500.0
2019,11,4,NSW,Nissan,Sedan,Petrol,33700.0
2023,4,2,NSW,Nissan,Sedan,Petrol,37900.0
2022,9,3,VIC,Nissan,Ute,Electric,58700.0
2020,3,1,QLD,Toyota,SUV,Petrol,43600.0
2023,12,4,QLD,Isuzu,Ute,Petrol,71500.0
2024,6,2,NSW,Nissan,Hatchback,Petrol,34000.0
2019,6,2,NSW,Hyundai,SUV,Petrol,37100.0
2022,7,3,NSW,Kia,Hatchback,Petrol,30000.0
2023,9,3,VIC,BYD,SUV,Electric,107500.0
2021,12,4,SA,Kia,Sedan,Hybrid,37600.0
2021,7,3,NSW,Nissan,Hatchback,Hybrid,39100.0
2023,1,1,NSW,Ford,Hatchback,Petrol,43600.0
2024,8,3,NSW,Tesla,Hatchback,Electric,123800.0
2024,5,2,QLD,BYD,Van,Electric,98200.0
2023,9,3,QLD,Ford,Sedan,Petrol,50100.0
2023,10,4,QLD,Nissan,Ute,Hybrid,45000.0
2021,12,4,WA,Kia,SUV,Petrol,36700.0
2023,5,2,VIC,Ford,SUV,Diesel,61300.0
2022,5,2,NSW,Toyota,Sedan,Hybrid,50700.0
2020,12,4,NSW,Hyundai,Ute,Diesel,40800.0
2023,12,4,QLD,Tesla,Sedan,Electric,122600.0
2022,2,1,QLD,Nissan,Hatchback,Hybrid,37000.0
2021,12,4,VIC,Mazda,Ute,Diesel,46400.0
2024,11,4,QLD,Hyundai,SUV,Electric,64500.0
2019,3,1,QLD,Toyota,Ute,Petrol,40100.0
2021,10,4,WA,Tesla,Sedan,Electric,134000.0
2019,9,3,VIC,Nissan,Sedan,Hybrid,42600.0
2023,7,3,QLD,Mitsubishi,Hatchback,Petrol,32200.0
2023,1,1,NSW,Mitsubishi,Sedan,Petrol,41100.0
2021,3,1,QLD,Kia,Hatchback,Petrol,27800.0
2023,12,4,SA,Toyota,Ute,Diesel,47400.0
2022,2,1,VIC,Tesla,Sedan,Electric,142000.0
2023,1,1,QLD,Mitsubishi,Ute,Petrol,43600.0
2022,9,3,QLD,Mitsubishi,SUV,Hybrid,51500.0
2022,8,3,NSW,Nissan,SUV,Diesel,46600.0
2024,5,2,VIC,BYD,SUV,Electric,107500.0
2021,11,4,NSW,BYD,Sedan,Electric,86200.0
2020,12,4,ACT,Nissan,SUV,Petrol,42000.0
2023,2,1,WA,Nissan,Wagon,Hybrid,45900.0
2024,1,1,NSW,Kia,Sedan,Hybrid,41700.0
2021,7,3,NSW,Toyota,Ute,Diesel,48600.0
2019,11,4,VIC,Ford,SUV,Petrol,55700.0
2021,11,4,VIC,BYD,SUV,Electric,102600.0
2022,2,1,NSW,Toyota,SUV,Hybrid,64500.0
2020,1,1,VIC,Toyota,Ute,Diesel,51700.0
2023,2,1,VIC,Toyota,Sedan,Petrol,42000.0
2024,7,3,NSW,Tesla,Sedan,Electric,132900.0
2022,7,3,WA,Kia,Sedan,Petrol,33600.0
2021,10,4,SA,Hyundai,Ute,Petrol,35100.0
2022,6,2,QLD,Toyota,SUV,Hybrid,54500.0
2019,5,2,WA,Tesla,Ute,Electric,142000.0
2024,3,1,NSW,Hyundai,Sedan,Petrol,33100.0
2022,12,4,NSW,Mazda,Ute,Petrol,39000.0
2021,3,1,NSW,Mitsubishi,SUV,Hybrid,57300.0
2023,11,4,QLD,Kia,SUV,Petrol,34800.0
2022,12,4,SA,Hyundai,SUV,Electric,60300.0
2023,9,3,QLD,Mitsubishi,Wagon,Petrol,43000.0
2019,4,2,WA,Mazda,Sedan,Petrol,34400.0
2024,9,3,QLD,BYD,Wagon,Electric,87600.0
2024,4,2,VIC,Mazda,Sedan,Petrol,37300.0
2023,2,1,VIC,Toyota,SUV,Electric,77300.0
2024,4,2,NSW,BYD,Sedan,Electric,95000.0
2020,6,2,NSW,Tesla,SUV,Electric,146400.0
2022,6,2,QLD,Toyota,Hatchback,Hybrid,43400.0
2023,5,2,VIC,Toyota,Hatchback,Electric,58200.0
2023,1,1,VIC,Isuzu,Ute,Hybrid,95400.0
2022,3,1,VIC,BYD,Sedan,Electric,94700.0
2021,5,2,NSW,Hyundai,Sedan,Petrol,33400.0
2020,6,2,VIC,Mitsubishi,Wagon,Petrol,40700.0
2022,1,1,VIC,Toyota,SUV,Diesel,51800.0
2020,9,3,VIC,Kia,Ute,Diesel,36300.0
2023,3,1,WA,Toyota,Sedan,Electric,69800.0
2020,10,4,VIC,Hyundai,Wagon,Petrol,34200.0
2019,3,1,QLD,Toyota,Hatchback,Diesel,34500.0
2022,11,4,WA,Ford,Wagon,Electric,79300.0
2023,2,1,WA,Ford,Sedan,Petrol,52400.0
2024,8,3,WA,Ford,SUV,Hybrid,71100.0
2023,3,1,NSW,Toyota,Sedan,Petrol,42000.0
2021,6,2,NSW,Hyundai,Ute,Diesel,43300.0
2024,2,1,NSW,BYD,Ute,Electric,106100.0
2022,7,3,NSW,Hyundai,SUV,Petrol,39500.0
2019,4,2,SA,Tesla,Sedan,Electric,112300.0
2023,9,3,QLD,Hyundai,SUV,Petrol,40300.0
2024,10,4,NSW,Ford,Hatchback,Petrol,48000.0
2022,9,3,NSW,Kia,SUV,Electric,59100.0
2021,7,3,NSW,Nissan,Ute,Diesel,40600.0
2020,12,4,QLD,Toyota,SUV,Petrol,44700.0
2020,8,3,QLD,Toyota,SUV,Electric,66700.0
2022,3,1,WA,Mitsubishi,Van,Diesel,44500.0
2023,11,4,SA,Nissan,SUV,Hybrid,47900.0
2019,5,2,NSW,Nissan,SUV,Petrol,37400.0
2024,2,1,NSW,Ford,SUV,Petrol,65300.0
2023,10,4,NSW,Ford,Sedan,Hybrid,58100.0
2023,7,3,VIC,Mitsubishi,Ute,Petrol,45100.0
2024,8,3,SA,Kia,SUV,Diesel,38700.0
2019,9,3,VIC,Mitsubishi,Ute,Petrol,42600.0
2022,11,4,QLD,Nissan,SUV,Petrol,37400.0
2023,11,4,VIC,BYD,Hatchback,Electric,80900.0
2024,7,3,NSW,Kia,Hatchback,Petrol,31300.0
2024,10,4,NSW,Ford,Wagon,Electric,89900.0
2021,10,4,VIC,Mitsubishi,Van,Petrol,43200.0
2024,8,3,QLD,Ford,SUV,Petrol,54000.0
2020,12,4,NSW,Ford,SUV,Petrol,52700.0
2024,9,3,QLD,Toyota,Ute,Hybrid,59100.0
2024,6,2,WA,Toyota,SUV,Hybrid,60300.0
2020,12,4,VIC,Ford,SUV,Diesel,59900.0
2023,12,4,QLD,Isuzu,SUV,Petrol,78700.0
2019,10,4,VIC,Mazda,Sedan,Petrol,35500.0
2022,2,1,QLD,Kia,Sedan,Hybrid,39100.0
2022,2,1,QLD,Hyundai,SUV,Electric,60700.0
2023,4,2,TAS,Toyota,SUV,Diesel,51300.0
2024,9,3,VIC,Nissan,Ute,Petrol,42900.0
2023,7,3,VIC,Isuzu,SUV,Petrol,76000.0
2022,2,1,NSW,Toyota,Wagon,Petrol,48200.0
2024,8,3,NSW,Tesla,SUV,Electric,163300.0
2024,11,4,QLD,Hyundai,Ute,Hybrid,45800.0
2019,7,3,SA,Nissan,Sedan,Petrol,29800.0
2024,9,3,VIC,Hyundai,SUV,Petrol,38800.0
2019,8,3,NSW,Mazda,Sedan,Petrol,35000.0
2024,3,1,NSW,Kia,Sedan,Diesel,36900.0
2021,1,1,VIC,Isuzu,Hatchback,Petrol,55800.0
2020,2,1,NSW,Mazda,Ute,Petrol,40100.0
2022,2,1,NSW,Tesla,SUV,Electric,162000.0
2023,4,2,QLD,Toyota,SUV,Hybrid,55900.0
2021,6,2,NSW,Nissan,SUV,Petrol,41300.0
2019,4,2,VIC,Toyota,SUV,Petrol,48200.0
2023,9,3,QLD,Nissan,Sedan,Petrol,33600.0
2024,4,2,NSW,Ford,Wagon,Petrol,54100.0
2021,6,2,QLD,Ford,Sedan,Diesel,49800.0
2020,6,2,QLD,Nissan,Ute,Petrol,37800.0
2022,10,4,QLD,Nissan,Ute,Hybrid,47100.0
2019,11,4,VIC,Mitsubishi,Hatchback,Petrol,30800.0
2024,10,4,VIC,Toyota,SUV,Hybrid,66600.0
2024,1,1,WA,Kia,Ute,Diesel,42900.0
2023,8,3,QLD,Kia,Hatchback,Diesel,31300.0
2021,12,4,VIC,Kia,SUV,Diesel,40500.0
2024,3,1,NSW,Kia,SUV,Petrol,41900.0
2022,6,2,NSW,Toyota,Wagon,Petrol,44900.0
2024,3,1,NSW,Tesla,Ute,Electric,165200.0
2023,11,4,VIC,Tesla,SUV,Electric,170200.0
2024,2,1,NSW,Toyota,Sedan,Diesel,52100.0
2023,5,2,VIC,Kia,SUV,Petrol,38500.0
2022,1,1,QLD,Kia,Sedan,Petrol,32100.0
2024,9,3,NSW,Tesla,SUV,Electric,159100.0
2022,11,4,QLD,Toyota,SUV,Diesel,49100.0
2023,7,3,QLD,Mitsubishi,Ute,Electric,67800.0
2020,3,1,NSW,Mazda,Ute,Hybrid,49600.0
2023,4,2,QLD,Kia,Hatchback,Petrol,26200.0
2023,6,2,QLD,BYD,SUV,Electric,102100.0
2020,3,1,VIC,Tesla,Hatchback,Electric,105900.0
2019,12,4,NSW,Toyota,SUV,Petrol,47800.0
2023,7,3,VIC,Mitsubishi,Sedan,Petrol,42800.0
2023,6,2,SA,Nissan,Hatchback,Petrol,30700.0
2022,9,3,QLD,Toyota,Sedan,Hybrid,48000.0
2020,12,4,NSW,Isuzu,SUV,Petrol,78800.0
2023,5,2,QLD,Tesla,SUV,Electric,157300.0
2019,4,2,VIC,BYD,Sedan,Electric,86700.0
2022,3,1,VIC,Mazda,Ute,Petrol,41900.0
2020,10,4,QLD,Mazda,Wagon,Hybrid,45400.0
2020,1,1,VIC,Nissan,Ute,Diesel,43500.0
2020,3,1,WA,Hyundai,Hatchback,Diesel,30400.0
2021,3,1,QLD,Toyota,Ute,Hybrid,52400.0
2019,7,3,QLD,Mitsubishi,Hatchback,Diesel,35000.0
2022,7,3,NSW,Toyota,SUV,Petrol,51300.0
2022,12,4,WA,BYD,Hatchback,Electric,79200.0
2022,1,1,SA,Mitsubishi,SUV,Diesel,47200.0
2021,3,1,NSW,Nissan,Hatchback,Petrol,30700.0
2024,8,3,VIC,BYD,SUV,Electric,111100.0
2020,9,3,NSW,Toyota,Ute,Petrol,48000.0
2022,7,3,QLD,Hyundai,Ute,Hybrid,44800.0
2019,7,3,QLD,BYD,Wagon,Electric,78500.0
2019,12,4,NSW,Ford,Ute,Petrol,49900.0
2023,11,4,WA,Nissan,SUV,Petrol,39600.0
2023,8,3,NSW,Tesla,Sedan,Electric,130000.0
2024,6,2,QLD,Toyota,SUV,Petrol,47500.0
2022,11,4,VIC,Nissan,SUV,Petrol,43600.0
2024,3,1,VIC,Toyota,SUV,Electric,85100.0
2019,1,1,NSW,Toyota,SUV,Diesel,51000.0
2019,7,3,NSW,Tesla,Sedan,Electric,128100.0
2019,1,1,QLD,Nissan,Hatchback,Petrol,28400.0
2020,1,1,VIC,Kia,Hatchback,Petrol,28700.0
2022,9,3,NSW,Mazda,SUV,Diesel,51100.0
2023,10,4,NSW,Hyundai,SUV,Hybrid,46800.0
2019,7,3,NSW,Hyundai,SUV,Petrol,35900.0
2024,11,4,QLD,Hyundai,SUV,Electric,56700.0
2024,4,2,QLD,Mazda,SUV,Electric,67600.0
2021,6,2,NSW,Mitsubishi,SUV,Electric,74700.0
2019,1,1,VIC,Nissan,Sedan,Diesel,35300.0
2020,7,3,NSW,Hyundai,Sedan,Hybrid,41300.0
2020,12,4,SA,Mazda,Sedan,Petrol,32300.0
2020,6,2,SA,Isuzu,SUV,Diesel,79200.0
2022,4,2,QLD,BYD,Ute,Electric,88400.0
2020,7,3,SA,Nissan,Hatchback,Hybrid,32000.0
2021,3,1,WA,Toyota,SUV,Hybrid,57000.0
2024,1,1,WA,Toyota,SUV,Hybrid,58600.0
2023,4,2,VIC,Kia,SUV,Petrol,40300.0
2024,3,1,NSW,Mitsubishi,SUV,Petrol,47000.0
2020,1,1,NSW,Ford,Sedan,Petrol,49000.0
2021,2,1,VIC,Mitsubishi,SUV,Diesel,47400.0
2022,11,4,QLD,Toyota,Sedan,Petrol,38600.0
2019,5,2,NSW,Ford,SUV,Petrol,57100.0
2019,8,3,NSW,Mitsubishi,Ute,Petrol,45000.0
2023,1,1,VIC,Ford,SUV,Diesel,63900.0
2023,4,2,NSW,Tesla,Sedan,Electric,148800.0
2022,4,2,VIC,Ford,SUV,Electric,90700.0
2022,5,2,SA,Hyundai,SUV,Hybrid,44000.0
2022,7,3,QLD,Hyundai,Hatchback,Hybrid,35400.0
2019,12,4,QLD,Ford,Ute,Diesel,51600.0
2021,8,3,VIC,Toyota,SUV,Diesel,51600.0
2020,6,2,VIC,Tesla,Ute,Electric,146100.0
2019,1,1,NSW,Isuzu,Sedan,Petrol,60000.0
2024,7,3,WA,Hyundai,Sedan,Petrol,32700.0
2023,3,1,NSW,Toyota,Sedan,Electric,63900.0
2023,6,2,NSW,Nissan,Hatchback,Hybrid,41300.0
2021,8,3,QLD,Mazda,SUV,Diesel,45200.0
2022,7,3,NSW,Toyota,SUV,Diesel,55000.0
2020,10,4,VIC,Hyundai,SUV,Petrol,39400.0
2019,6,2,NSW,Tesla,Ute,Electric,140400.0
2020,9,3,NSW,Mazda,Hatchback,Petrol,32200.0
2024,9,3,NSW,Kia,Hatchback,Petrol,31900.0
2023,1,1,NSW,Ford,Ute,Diesel,65600.0
2022,1,1,QLD,Toyota,Wagon,Diesel,46300.0
2022,1,1,WA,Hyundai,Ute,Diesel,41600.0
2024,8,3,VIC,Tesla,Ute,Electric,155000.0
2019,12,4,WA,Mitsubishi,Wagon,Diesel,43300.0
2021,12,4,NSW,Toyota,SUV,Hybrid,58300.0
2021,10,4,VIC,Toyota,Ute,Diesel,50200.0
2024,7,3,NSW,Mitsubishi,Ute,Electric,70800.0
2024,3,1,QLD,Isuzu,Hatchback,Diesel,57900.0
2020,2,1,VIC,Hyundai,Hatchback,Diesel,31000.0
2024,4,2,QLD,Mitsubishi,Hatchback,Petrol,36700.0
2024,3,1,QLD,Toyota,Van,Petrol,42200.0
2020,7,3,VIC,Hyundai,Sedan,Petrol,30300.0
2022,10,4,QLD,Toyota,SUV,Petrol,47000.0
2022,8,3,SA,BYD,SUV,Electric,100400.0
2024,6,2,NSW,Ford,Sedan,Hybrid,60500.0
2020,3,1,VIC,Isuzu,Sedan,Petrol,57400.0
2024,6,2,QLD,Tesla,Sedan,Electric,133600.0
2021,2,1,QLD,Isuzu,SUV,Hybrid,89800.0
2023,12,4,NSW,Mazda,Hatchback,Electric,48600.0
2022,7,3,VIC,Mazda,SUV,Petrol,42200.0
2023,11,4,VIC,Nissan,Hatchback,Petrol,32600.0
2024,10,4,VIC,Tesla,Hatchback,Electric,116900.0
2024,7,3,NSW,Isuzu,Sedan,Hybrid,80500.0
2024,4,2,SA,Toyota,Sedan,Petrol,41200.0
2019,8,3,QLD,Hyundai,Ute,Petrol,35000.0
2023,4,2,VIC,BYD,Ute,Electric,99200.0
2020,7,3,QLD,Toyota,SUV,Diesel,49500.0
2022,4,2,WA,Kia,SUV,Electric,57300.0
2022,12,4,NSW,Ford,SUV,Hybrid,75500.0
2022,5,2,NSW,Toyota,SUV,Diesel,52300.0
2022,7,3,VIC,Mazda,SUV,Diesel,47900.0
2024,10,4,QLD,Mazda,SUV,Diesel,49500.0
2020,3,1,NSW,Toyota,Ute,Petrol,48900.0
2023,10,4,TAS,Mitsubishi,Van,Diesel,45000.0
2022,5,2,VIC,Mazda,Ute,Petrol,40200.0
2020,11,4,VIC,Mazda,Hatchback,Hybrid,36900.0
2020,3,1,NSW,Nissan,Ute,Diesel,41500.0
2024,5,2,NSW,Ford,Ute,Hybrid,72000.0
2024,3,1,QLD,Hyundai,Sedan,Electric,53000.0
2024,11,4,SA,Tesla,SUV,Electric,161000.0
2024,10,4,VIC,Nissan,Hatchback,Petrol,32200.0
2020,11,4,SA,Toyota,Hatchback,Petrol,33900.0
2021,7,3,WA,Ford,Sedan,Diesel,54900.0
2023,1,1,VIC,Mitsubishi,SUV,Electric,79000.0
2022,9,3,QLD,Hyundai,Ute,Diesel,40000.0
2022,9,3,VIC,BYD,SUV,Electric,107300.0
2021,5,2,VIC,Nissan,SUV,Petrol,41000.0
2023,9,3,NSW,Nissan,Ute,Hybrid,48300.0
2023,10,4,QLD,Mazda,Sedan,Petrol,33700.0
2020,6,2,NSW,Mazda,Ute,Petrol,39700.0
2022,5,2,WA,Nissan,Hatchback,Petrol,29400.0
2022,3,1,WA,Ford,Sedan,Electric,75600.0
2023,11,4,NSW,Mazda,Sedan,Diesel,42800.0
2020,11,4,VIC,Tesla,SUV,Electric,151200.0
2023,8,3,VIC,Mazda,SUV,Electric,63900.0
2019,4,2,VIC,Mazda,Ute,Petrol,35700.0
2021,10,4,NSW,Nissan,Sedan,Petrol,33400.0
2024,3,1,VIC,Toyota,SUV,Electric,76600.0
2023,6,2,NSW,Toyota,SUV,Petrol,55300.0
2021,8,3,NSW,Mazda,Sedan,Petrol,35600.0
2023,9,3,NSW,Mitsubishi,Sedan,Petrol,40400.0
2023,6,2,NSW,Toyota,Ute,Hybrid,56200.0
2024,5,2,QLD,Ford,Sedan,Petrol,49400.0
2023,12,4,ACT,Mitsubishi,SUV,Petrol,51500.0
2023,11,4,VIC,Isuzu,Sedan,Hybrid,76500.0
2022,2,1,VIC,Mazda,Hatchback,Petrol,34000.0
2020,2,1,NSW,Isuzu,SUV,Petrol,76800.0
2021,9,3,VIC,Mazda,Ute,Diesel,42300.0
2022,2,1,NSW,Tesla,Sedan,Electric,136200.0
2023,2,1,QLD,Ford,Ute,Diesel,58100.0
2022,3,1,SA,Toyota,SUV,Petrol,45300.0
2021,3,1,NSW,Tesla,Van,Electric,150400.0
2019,4,2,QLD,Mazda,Sedan,Diesel,33600.0
2022,7,3,NSW,Toyota,Hatchback,Electric,57800.0
2021,9,3,VIC,Hyundai,SUV,Petrol,37900.0
2023,2,1,NSW,Mitsubishi,Ute,Diesel,51000.0
2019,4,2,VIC,Mazda,Ute,Diesel,44000.0
2023,9,3,NSW,Toyota,SUV,Petrol,49700.0
2024,2,1,VIC,Toyota,SUV,Petrol,49100.0
2020,10,4,VIC,Ford,Ute,Petrol,52900.0
2022,11,4,NSW,Ford,SUV,Hybrid,68200.0
2019,1,1,QLD,Mazda,Ute,Petrol,34100.0
2023,10,4,SA,Toyota,SUV,Hybrid,57200.0
2022,8,3,VIC,Ford,SUV,Diesel,60800.0
2022,9,3,NSW,BYD,Ute,Electric,99900.0
2022,7,3,NSW,Tesla,SUV,Electric,155600.0
2024,8,3,WA,Nissan,Wagon,Petrol,36400.0
2020,4,2,VIC,Toyota,Hatchback,Petrol,35600.0
2019,4,2,VIC,Nissan,Sedan,Hybrid,37500.0
2024,2,1,NSW,Hyundai,Hatchback,Petrol,33200.0
2023,8,3,VIC,Nissan,Hatchback,Diesel,34300.0
2024,11,4,NSW,Mazda,SUV,Diesel,52000.0
2023,2,1,SA,Ford,Hatchback,Petrol,42700.0
2024,9,3,WA,Hyundai,SUV,Petrol,39400.0
2022,4,2,NSW,Hyundai,Sedan,Petrol,35000.0
2023,1,1,VIC,Isuzu,Sedan,Petrol,68800.0
2024,4,2,NSW,BYD,Ute,Electric,102800.0
2023,3,1,VIC,Nissan,SUV,Petrol,45700.0
2020,12,4,WA,Mitsubishi,SUV,Diesel,45600.0
2021,6,2,VIC,Ford,Sedan,Electric,70800.0
2020,7,3,VIC,Toyota,SUV,Petrol,49200.0
2020,8,3,NSW,Nissan,Ute,Petrol,36900.0
2021,2,1,WA,Kia,Ute,Petrol,35800.0
2022,6,2,QLD,Tesla,SUV,Electric,157800.0
2023,6,2,VIC,Ford,SUV,Petrol,62600.0
2022,10,4,NSW,Kia,Sedan,Petrol,32600.0
2023,12,4,VIC,Nissan,Sedan,Petrol,38600.0
2019,5,2,SA,Toyota,SUV,Hybrid,51900.0
2019,10,4,VIC,Mazda,SUV,Petrol,38500.0
2020,10,4,VIC,Toyota,SUV,Petrol,47400.0
2022,7,3,VIC,BYD,SUV,Electric,107500.0
2020,3,1,QLD,Toyota,Sedan,Petrol,37900.0
2021,4,2,VIC,Toyota,Ute,Petrol,46500.0
2022,10,4,NSW,Mazda,Sedan,Electric,57100.0
2024,9,3,VIC,Kia,Hatchback,Petrol,29700.0
2019,4,2,QLD,Ford,SUV,Hybrid,66000.0
2023,3,1,QLD,Toyota,Sedan,Petrol,41000.0
2023,2,1,WA,Nissan,Sedan,Diesel,38100.0
2024,5,2,VIC,Nissan,Ute,Electric,66700.0
2024,4,2,NSW,Mazda,Ute,Petrol,42700.0
2019,8,3,SA,Tesla,Ute,Electric,135700.0
2020,7,3,VIC,Kia,Ute,Petrol,32200.0
2024,6,2,QLD,Mazda,SUV,Hybrid,51100.0
2022,11,4,QLD,Mazda,Ute,Petrol,36700.0
2023,12,4,VIC,Ford,Ute,Hybrid,64200.0
2023,2,1,NSW,Ford,Wagon,Petrol,54500.0
2023,3,1,QLD,Mazda,Ute,Petrol,39200.0
2024,10,4,WA,Isuzu,Ute,Petrol,78400.0
2024,9,3,VIC,Ford,Sedan,Electric,79200.0
2023,9,3,VIC,Mitsubishi,Hatchback,Petrol,34900.0
2021,5,2,NSW,Mazda,Wagon,Petrol,39400.0
2024,3,1,NSW,Kia,Ute,Diesel,42900.0
2019,2,1,VIC,Hyundai,Sedan,Petrol,32200.0
2020,8,3,NSW,Kia,SUV,Petrol,37600.0
2024,6,2,SA,BYD,Ute,Electric,92900.0
2021,10,4,QLD,BYD,Ute,Electric,95100.0
2020,11,4,QLD,Hyundai,Ute,Petrol,33200.0
2020,12,4,VIC,Tesla,SUV,Electric,149800.0
2024,7,3,NSW,Nissan,Ute,Hybrid,54700.0
2022,1,1,ACT,Mitsubishi,SUV,Diesel,53200.0
2023,1,1,VIC,Toyota,Ute,Petrol,49000.0
2020,10,4,NSW,Tesla,SUV,Electric,150600.0
2023,2,1,VIC,Toyota,Ute,Petrol,45500.0
2023,10,4,WA,Nissan,SUV,Diesel,46300.0
2021,3,1,WA,Kia,SUV,Diesel,40900.0
2022,12,4,NSW,Hyundai,Ute,Petrol,37400.0
2020,1,1,WA,Toyota,SUV,Petrol,46200.0
2024,5,2,NSW,Hyundai,Ute,Petrol,41500.0
2023,3,1,NSW,Nissan,Hatchback,Hybrid,37100.0
2024,1,1,WA,Toyota,Van,Electric,70900.0
2021,8,3,WA,Ford,SUV,Petrol,58000.0
2024,12,4,VIC,Nissan,Ute,Petrol,44000.0
2023,11,4,VIC,Hyundai,SUV,Petrol,39600.0
2023,6,2,WA,Ford,Hatchback,Petrol,45800.0
2024,9,3,QLD,Kia,Ute,Petrol,34300.0
2022,3,1,WA,Ford,SUV,Electric,84800.0
2020,9,3,VIC,Toyota,SUV,Petrol,49600.0
2023,9,3,ACT,Toyota,SUV,Hybrid,68700.0
2023,12,4,TAS,Mitsubishi,Ute,Petrol,39600.0
2023,12,4,NSW,Nissan,Sedan,Hybrid,42300.0
2020,1,1,WA,Toyota,Ute,Petrol,41900.0
2022,3,1,VIC,Mazda,Sedan,Petrol,35300.0
2021,6,2,VIC,Hyundai,Wagon,Hybrid,43100.0
2022,8,3,QLD,Isuzu,Van,Petrol,66100.0
2023,4,2,NSW,Mazda,Sedan,Diesel,41700.0
2023,5,2,VIC,Nissan,Ute,Hybrid,50100.0
2020,9,3,WA,Toyota,Hatchback,Petrol,36900.0
2022,6,2,NSW,Nissan,Hatchback,Diesel,33000.0
2021,12,4,VIC,Kia,SUV,Diesel,41800.0
2020,7,3,SA,Mitsubishi,SUV,Electric,68700.0
2024,7,3,VIC,Hyundai,SUV,Hybrid,48000.0
2024,4,2,VIC,BYD,Sedan,Electric,97800.0
2021,4,2,VIC,Toyota,SUV,Petrol,49800.0
2023,4,2,VIC,Toyota,Sedan,Hybrid,49000.0
2024,11,4,QLD,Hyundai,Ute,Hybrid,43500.0
2024,5,2,WA,Isuzu,Sedan,Hybrid,82400.0
2020,5,2,VIC,BYD,Ute,Electric,95300.0
2024,8,3,WA,Kia,SUV,Hybrid,48100.0
2021,9,3,VIC,Kia,Hatchback,Petrol,26600.0
2021,2,1,VIC,Toyota,Van,Petrol,45500.0
2019,11,4,QLD,Isuzu,Sedan,Diesel,60500.0
2022,7,3,QLD,BYD,Hatchback,Electric,73600.0
2019,1,1,VIC,Mitsubishi,SUV,Hybrid,52400.0
2020,1,1,NSW,Ford,Ute,Petrol,54300.0
2021,4,2,NSW,Nissan,SUV,Hybrid,47900.0
2024,10,4,NSW,Nissan,SUV,Electric,66300.0
2024,7,3,NSW,Mitsubishi,SUV,Electric,74500.0
2021,2,1,QLD,Hyundai,Sedan,Hybrid,35600.0
2024,11,4,NSW,Mitsubishi,SUV,Electric,74600.0
2024,2,1,QLD,Kia,Ute,Hybrid,44300.0
2023,1,1,NSW,Hyundai,SUV,Hybrid,51500.0
2020,10,4,NSW,Hyundai,Hatchback,Petrol,29100.0
2023,2,1,VIC,Ford,Ute,Petrol,55600.0
2024,7,3,NSW,Kia,SUV,Petrol,37900.0
2023,9,3,WA,Ford,SUV,Petrol,62000.0
2021,6,2,NSW,Mazda,Hatchback,Petrol,30500.0
2022,10,4,VIC,BYD,SUV,Electric,107800.0
2023,2,1,WA,Kia,Sedan,Electric,53300.0
2022,12,4,QLD,Toyota,Ute,Hybrid,56200.0
2019,10,4,NSW,Hyundai,SUV,Petrol,35700.0
2021,10,4,VIC,Nissan,SUV,Diesel,43800.0
2024,9,3,QLD,BYD,Sedan,Electric,83000.0
2024,7,3,ACT,Hyundai,SUV,Diesel,48100.0
2020,11,4,WA,Nissan,SUV,Petrol,40100.0
2024,1,1,VIC,Toyota,SUV,Electric,83100.0
2021,12,4,TAS,Nissan,SUV,Petrol,34300.0
2023,9,3,NSW,Mazda,SUV,Hybrid,57300.0
2023,2,1,NSW,Toyota,Van,Petrol,49000.0
2024,4,2,WA,Ford,Sedan,Diesel,52700.0
2024,9,3,NSW,Hyundai,Ute,Hybrid,47400.0
2021,4,2,NSW,Kia,SUV,Petrol,38500.0
2024,3,1,NSW,BYD,SUV,Electric,112300.0
2020,1,1,VIC,Isuzu,Hatchback,Hybrid,62200.0
2023,7,3,QLD,Ford,Sedan,Petrol,44700.0
2023,6,2,QLD,Ford,SUV,Diesel,64000.0
2023,10,4,NSW,Toyota,SUV,Electric,76400.0
2021,4,2,VIC,Toyota,Sedan,Hybrid,47800.0
2024,6,2,SA,Mitsubishi,Hatchback,Petrol,35800.0
2020,6,2,WA,Toyota,SUV,Petrol,47600.0
2019,4,2,VIC,Tesla,Sedan,Electric,126400.0
2023,6,2,TAS,Kia,Ute,Hybrid,40400.0
2022,10,4,QLD,Mazda,Wagon,Petrol,36900.0
2024,11,4,NSW,Kia,Ute,Diesel,42800.0
2021,8,3,NSW,Toyota,SUV,Diesel,57900.0
2020,3,1,NSW,Ford,Ute,Petrol,51000.0
2024,4,2,QLD,BYD,Ute,Electric,95500.0
2022,10,4,NSW,Ford,Ute,Petrol,52200.0
2020,12,4,VIC,Toyota,Hatchback,Petrol,36100.0
2023,1,1,NSW,Tesla,Hatchback,Electric,123700.0
2022,4,2,SA,Mazda,SUV,Electric,58900.0
2023,11,4,VIC,Tesla,SUV,Electric,158600.0
2022,10,4,SA,Ford,Ute,Diesel,53400.0
2024,10,4,SA,Ford,SUV,Hybrid,66800.0
2024,12,4,NSW,Isuzu,SUV,Petrol,86000.0
2023,9,3,VIC,Tesla,SUV,Electric,165800.0
2019,8,3,NSW,Toyota,Hatchback,Petrol,32700.0
2024,11,4,SA,Mazda,SUV,Petrol,40600.0
2023,4,2,VIC,Nissan,Ute,Diesel,41600.0
2023,12,4,NSW,Toyota,SUV,Petrol,53300.0
2021,7,3,NSW,Kia,SUV,Petrol,37600.0
2024,10,4,VIC,Tesla,SUV,Electric,176700.0
2023,3,1,SA,Mitsubishi,SUV,Hybrid,56500.0
2019,9,3,QLD,BYD,Hatchback,Electric,69700.0
2022,10,4,WA,Tesla,Hatchback,Electric,121600.0
2024,4,2,VIC,Tesla,Ute,Electric,161400.0
2019,2,1,NSW,Isuzu,SUV,Diesel,76200.0
2024,10,4,ACT,Mitsubishi,Sedan,Petrol,43900.0
2023,5,2,NSW,Ford,SUV,Hybrid,73700.0
2023,2,1,SA,Ford,SUV,Hybrid,66400.0
2021,10,4,VIC,Tesla,Sedan,Electric,124900.0
2020,6,2,NSW,Nissan,Ute,Petrol,37100.0
2024,11,4,QLD,Mazda,SUV,Petrol,41600.0
2021,10,4,TAS,Hyundai,SUV,Diesel,35400.0
2023,1,1,ACT,Nissan,Hatchback,Petrol,35400.0
2022,6,2,NSW,Kia,Sedan,Petrol,33600.0
2020,4,2,NSW,Toyota,Van,Petrol,45300.0
2019,3,1,VIC,Mitsubishi,Wagon,Petrol,39300.0
2022,2,1,QLD,Nissan,Sedan,Electric,53600.0
2024,7,3,QLD,Isuzu,SUV,Hybrid,98300.0
2021,9,3,NSW,BYD,Ute,Electric,97900.0
2021,12,4,SA,Mazda,SUV,Petrol,40400.0
2021,3,1,QLD,Nissan,SUV,Hybrid,46500.0
2022,6,2,WA,Kia,Ute,Diesel,41100.0
2022,9,3,VIC,Nissan,Sedan,Hybrid,45400.0
2024,2,1,VIC,Hyundai,SUV,Petrol,43300.0
2022,7,3,ACT,Toyota,Ute,Diesel,50600.0
2022,5,2,VIC,Ford,Ute,Petrol,53000.0
2020,5,2,WA,Mazda,SUV,Petrol,38600.0
2024,11,4,SA,Tesla,SUV,Electric,153100.0
2020,7,3,QLD,Nissan,SUV,Petrol,37900.0
2019,9,3,VIC,Tesla,SUV,Electric,141900.0
2023,4,2,NSW,Nissan,Ute,Petrol,42700.0
2023,9,3,NSW,Ford,Ute,Petrol,55100.0
2022,11,4,NSW,BYD,Ute,Electric,106900.0
2022,10,4,NSW,Isuzu,SUV,Petrol,73800.0
2024,9,3,NSW,Tesla,SUV,Electric,165400.0
2020,4,2,NSW,Kia,SUV,Diesel,41200.0
2024,3,1,VIC,Mitsubishi,SUV,Petrol,49900.0
2023,2,1,VIC,Tesla,SUV,Electric,152100.0
2022,9,3,NSW,Mazda,Sedan,Hybrid,47600.0
2022,12,4,NSW,Isuzu,SUV,Diesel,86100.0
2021,2,1,QLD,Nissan,Ute,Petrol,38800.0
2023,6,2,VIC,Ford,Ute,Petrol,58700.0
2022,5,2,VIC,Tesla,Sedan,Electric,134700.0
2021,5,2,QLD,Tesla,SUV,Electric,155200.0
2023,4,2,WA,Mitsubishi,Hatchback,Electric,57800.0
2024,6,2,VIC,Kia,Van,Petrol,38600.0
2022,5,2,QLD,Nissan,SUV,Hybrid,50900.0
2024,11,4,SA,Ford,Ute,Diesel,61200.0
2021,4,2,WA,Toyota,Hatchback,Petrol,35700.0
2019,9,3,VIC,Isuzu,Sedan,Petrol,57300.0
2020,6,2,QLD,Tesla,SUV,Electric,151500.0
2022,11,4,NSW,Isuzu,Sedan,Petrol,67500.0
2020,10,4,VIC,Toyota,Sedan,Hybrid,47400.0
2019,10,4,TAS,Toyota,SUV,Diesel,44900.0
2024,10,4,VIC,Nissan,Hatchback,Electric,51900.0
2024,3,1,SA,Toyota,Ute,Petrol,45800.0
2023,10,4,VIC,Isuzu,SUV,Petrol,73000.0
2020,6,2,TAS,Isuzu,Sedan,Petrol,52500.0
2020,1,1,VIC,Tesla,Ute,Electric,147900.0
2019,5,2,NSW,Toyota,SUV,Hybrid,56100.0
2023,10,4,VIC,Tesla,SUV,Electric,161800.0
2024,6,2,NSW,Nissan,Hatchback,Petrol,34500.0
2022,11,4,NSW,Ford,Sedan,Petrol,51400.0
2019,8,3,WA,Ford,SUV,Hybrid,61600.0
2022,11,4,NSW,Ford,SUV,Diesel,60800.0
2021,9,3,QLD,Toyota,Sedan,Petrol,39600.0
2021,11,4,NSW,Nissan,Sedan,Petrol,36500.0
2023,3,1,NSW,Nissan,SUV,Diesel,45600.0
2023,2,1,ACT,Nissan,Ute,Electric,64800.0
2019,4,2,VIC,Kia,SUV,Petrol,37100.0
2019,8,3,QLD,BYD,SUV,Electric,99000.0
2024,11,4,QLD,Mazda,Sedan,Petrol,36100.0
2020,8,3,VIC,Tesla,SUV,Electric,141700.0
2019,3,1,SA,Mitsubishi,Hatchback,Petrol,29400.0
2020,4,2,QLD,Nissan,SUV,Petrol,36500.0
2019,3,1,VIC,Isuzu,Ute,Petrol,64500.0
2022,10,4,WA,Nissan,SUV,Petrol,41400.0
2024,2,1,NSW,Nissan,SUV,Diesel,49600.0
2021,4,2,VIC,Nissan,Ute,Petrol,36700.0
2022,6,2,SA,Toyota,Sedan,Hybrid,50500.0
2023,11,4,QLD,Isuzu,Ute,Petrol,71200.0
2022,11,4,WA,Mitsubishi,Sedan,Hybrid,48800.0
2024,5,2,QLD,Hyundai,Sedan,Diesel,38900.0
2024,3,1,WA,Toyota,Ute,Petrol,49700.0
2019,2,1,SA,Tesla,Sedan,Electric,123000.0
2023,9,3,NSW,Hyundai,Sedan,Electric,52100.0
2022,1,1,NSW,Ford,Ute,Petrol,53600.0
2024,9,3,VIC,Tesla,Van,Electric,151700.0
2022,1,1,QLD,Nissan,SUV,Diesel,43800.0
2024,7,3,NSW,Isuzu,Sedan,Petrol,65900.0
2023,6,2,NSW,Ford,SUV,Diesel,67800.0
2020,7,3,VIC,Hyundai,SUV,Petrol,34900.0
2022,3,1,ACT,Mazda,Sedan,Petrol,39300.0
2024,3,1,QLD,Hyundai,Hatchback,Hybrid,35300.0
2024,11,4,VIC,Toyota,Sedan,Diesel,49700.0
2019,1,1,NSW,Nissan,Ute,Diesel,41300.0
2023,4,2,VIC,Kia,SUV,Petrol,41400.0
2021,12,4,NSW,Toyota,Sedan,Petrol,40900.0
2019,2,1,NSW,Hyundai,Hatchback,Diesel,32600.0
2022,10,4,SA,Kia,SUV,Petrol,33200.0
2020,8,3,TAS,Kia,SUV,Diesel,36800.0
2024,3,1,NSW,Toyota,Sedan,Petrol,44600.0
2021,7,3,NSW,Nissan,Ute,Petrol,41300.0
2024,7,3,VIC,Mazda,Sedan,Hybrid,48500.0
2019,12,4,VIC,Toyota,Sedan,Diesel,44900.0
2021,9,3,NSW,Toyota,Ute,Diesel,48700.0
2020,6,2,NSW,Kia,SUV,Hybrid,47000.0
2020,1,1,NSW,Toyota,Ute,Diesel,48400.0
2019,8,3,QLD,Toyota,SUV,Petrol,41000.0
2020,1,1,QLD,Hyundai,SUV,Hybrid,41700.0
2022,3,1,QLD,Mitsubishi,Ute,Hybrid,51700.0
2021,11,4,VIC,Toyota,Hatchback,Diesel,41100.0
2022,5,2,SA,Hyundai,Ute,Petrol,33300.0
2021,8,3,ACT,Ford,Ute,Hybrid,64500.0
2024,9,3,NSW,Toyota,SUV,Petrol,54000.0
2024,7,3,NSW,Kia,SUV,Petrol,43200.0
2022,9,3,VIC,Toyota,SUV,Petrol,50400.0
2021,11,4,NSW,Toyota,Hatchback,Petrol,37900.0
2019,3,1,VIC,Kia,Hatchback,Petrol,26500.0
2024,5,2,VIC,Mazda,Van,Hybrid,52400.0
2019,10,4,VIC,Toyota,SUV,Diesel,54200.0
2021,8,3,VIC,Ford,Sedan,Petrol,47900.0
2021,12,4,VIC,Nissan,Ute,Diesel,42100.0
2021,1,1,SA,Tesla,Ute,Electric,143400.0
2020,8,3,NSW,Isuzu,Ute,Petrol,74500.0
2024,7,3,QLD,Nissan,Ute,Diesel,41200.0
2020,1,1,NSW,Nissan,SUV,Petrol,41100.0
2023,10,4,NSW,BYD,SUV,Electric,114300.0
2020,12,4,VIC,Mitsubishi,SUV,Hybrid,55000.0
2019,10,4,NSW,Hyundai,SUV,Petrol,36700.0
2024,12,4,NSW,Toyota,SUV,Petrol,54100.0
2020,6,2,NSW,Tesla,SUV,Electric,148600.0
2024,1,1,VIC,Nissan,SUV,Petrol,42800.0
2022,2,1,QLD,Ford,Sedan,Hybrid,60400.0
2019,5,2,NSW,Tesla,Hatchback,Electric,113800.0
2024,2,1,QLD,Ford,Hatchback,Diesel,49400.0
2020,10,4,NSW,Ford,SUV,Petrol,58300.0
2024,1,1,QLD,Ford,SUV,Petrol,58500.0
2020,6,2,VIC,Kia,SUV,Diesel,41600.0
2024,8,3,QLD,Hyundai,Wagon,Hybrid,41100.0
2019,8,3,TAS,BYD,Sedan,Electric,76400.0
2022,8,3,SA,Nissan,SUV,Petrol,39500.0
2023,11,4,NSW,Nissan,Hatchback,Hybrid,40400.0
2024,6,2,WA,Mazda,SUV,Electric,66000.0
2024,11,4,NSW,Nissan,Hatchback,Petrol,32200.0
2024,3,1,SA,Hyundai,SUV,Diesel,40800.0
2024,1,1,NSW,Hyundai,SUV,Petrol,42400.0
2020,2,1,VIC,Tesla,Sedan,Electric,136100.0
2021,5,2,NSW,Hyundai,Hatchback,Diesel,34100.0
2021,10,4,NSW,Toyota,Hatchback,Petrol,35500.0
2021,5,2,QLD,Hyundai,Sedan,Petrol,30000.0
2022,10,4,SA,Tesla,SUV,Electric,137700.0
2022,1,1,QLD,Hyundai,SUV,Hybrid,44900.0
2020,1,1,QLD,Mitsubishi,Wagon,Diesel,43700.0
2023,9,3,QLD,Mitsubishi,Sedan,Petrol,41100.0
2020,2,1,NSW,Tesla,Ute,Electric,140400.0
2021,7,3,NSW,Nissan,Sedan,Petrol,34100.0
2022,10,4,NSW,Ford,Sedan,Petrol,47700.0
2024,4,2,VIC,Toyota,Sedan,Diesel,47400.0
2023,7,3,NSW,Hyundai,Ute,Hybrid,49400.0
2023,8,3,NSW,Ford,Hatchback,Diesel,50200.0
2020,5,2,NSW,Tesla,Sedan,Electric,135300.0
2022,12,4,NSW,Toyota,Sedan,Diesel,47700.0
2019,12,4,SA,Hyundai,SUV,Diesel,36100.0
2021,1,1,NSW,BYD,SUV,Electric,100900.0
2022,4,2,VIC,Tesla,Van,Electric,134600.0
2019,10,4,VIC,Tesla,SUV,Electric,152700.0
2021,3,1,VIC,Isuzu,Ute,Petrol,73700.0
2024,10,4,NSW,BYD,Ute,Electric,110600.0
2024,12,4,NSW,Tesla,Ute,Electric,150400.0
2021,5,2,NSW,Ford,Van,Diesel,59700.0
2019,10,4,VIC,Nissan,Sedan,Petrol,30900.0
2020,10,4,NSW,Kia,Hatchback,Hybrid,31700.0
2022,6,2,VIC,Mazda,SUV,Petrol,42800.0
2024,2,1,QLD,Mazda,Sedan,Petrol,36300.0
2020,7,3,VIC,Tesla,Ute,Electric,149300.0
2023,3,1,VIC,Nissan,SUV,Petrol,43900.0
2019,1,1,VIC,Toyota,Ute,Diesel,45900.0
2024,10,4,WA,Toyota,Ute,Petrol,47000.0
2021,3,1,NSW,Nissan,Hatchback,Petrol,30100.0
2023,9,3,QLD,Nissan,SUV,Electric,59800.0
2021,10,4,QLD,Mazda,Ute,Hybrid,45000.0
2023,11,4,VIC,Hyundai,SUV,Electric,64200.0
2020,11,4,NSW,Mitsubishi,Ute,Petrol,41800.0
2020,6,2,VIC,Hyundai,Sedan,Hybrid,40500.0
2024,11,4,NSW,Nissan,Sedan,Petrol,37600.0
2024,6,2,NSW,Toyota,Sedan,Petrol,43800.0
2024,4,2,NSW,Toyota,SUV,Petrol,52300.0
2023,8,3,NSW,Mazda,SUV,Diesel,50900.0
2024,5,2,VIC,Mazda,SUV,Petrol,45200.0
2019,7,3,WA,Toyota,Sedan,Petrol,36100.0
2021,9,3,NSW,Toyota,Hatchback,Diesel,43000.0
2021,5,2,SA,BYD,SUV,Electric,90000.0
2023,11,4,SA,Toyota,SUV,Petrol,50300.0
2021,5,2,SA,Nissan,Sedan,Petrol,30100.0
2020,4,2,WA,Hyundai,Ute,Petrol,36500.0
2023,6,2,VIC,Tesla,SUV,Electric,162400.0
2024,2,1,NSW,Mazda,SUV,Electric,71400.0
2021,3,1,VIC,Mazda,SUV,Petrol,39600.0
2020,1,1,VIC,Kia,SUV,Petrol,34800.0
2020,2,1,WA,Kia,SUV,Petrol,37200.0
2020,2,1,TAS,BYD,SUV,Electric,95600.0
2021,8,3,VIC,BYD,Ute,Electric,98000.0
2023,8,3,VIC,Tesla,Sedan,Electric,134200.0
2023,2,1,NSW,Ford,SUV,Electric,87200.0
2023,6,2,NSW,Nissan,Ute,Petrol,42500.0
2021,5,2,VIC,Mitsubishi,Sedan,Petrol,37700.0
2024,3,1,VIC,Nissan,Van,Petrol,37600.0
2020,5,2,WA,Isuzu,SUV,Hybrid,89300.0
2022,5,2,VIC,Toyota,Ute,Petrol,47000.0
2024,5,2,SA,Hyundai,Ute,Diesel,37200.0
2020,3,1,QLD,Kia,SUV,Petrol,32500.0
2019,3,1,WA,Tesla,Hatchback,Electric,111500.0
2024,4,2,NSW,Kia,Sedan,Electric,49900.0
2021,7,3,WA,BYD,Ute,Electric,101600.0
2023,12,4,QLD,Mazda,SUV,Diesel,45000.0
2019,12,4,NSW,Toyota,SUV,Diesel,48800.0
2023,12,4,NSW,Toyota,Sedan,Petrol,45500.0
2021,2,1,SA,Kia,SUV,Petrol,34600.0
2019,10,4,NSW,Tesla,Sedan,Electric,123500.0
2023,4,2,VIC,Hyundai,SUV,Petrol,39600.0
2020,4,2,NSW,Mitsubishi,Ute,Diesel,44500.0
2021,1,1,QLD,Toyota,Sedan,Hybrid,48800.0
2019,10,4,WA,Toyota,SUV,Petrol,44900.0
2020,8,3,VIC,Tesla,Ute,Electric,147200.0
2021,1,1,VIC,Hyundai,Sedan,Hybrid,40300.0
2019,8,3,TAS,Tesla,SUV,Electric,135500.0
2024,7,3,QLD,Isuzu,SUV,Petrol,78500.0
2019,9,3,WA,Isuzu,SUV,Hybrid,86700.0
2022,8,3,VIC,Toyota,SUV,Petrol,49100.0
2020,5,2,NSW,Ford,Van,Petrol,50400.0
2021,8,3,VIC,Tesla,Sedan,Electric,123800.0
2024,11,4,QLD,BYD,SUV,Electric,109000.0
2020,10,4,NSW,BYD,SUV,Electric,106100.0
2024,12,4,NSW,Mazda,SUV,Diesel,48800.0
2020,12,4,NSW,Mazda,Sedan,Diesel,41100.0
2023,3,1,VIC,Mitsubishi,SUV,Hybrid,59500.0
2022,10,4,WA,BYD,Sedan,Electric,88100.0
2024,7,3,NSW,Hyundai,SUV,Diesel,42900.0
2022,12,4,QLD,Toyota,Ute,Diesel,48500.0
2022,4,2,SA,Tesla,SUV,Electric,150100.0
2020,5,2,NSW,Hyundai,Sedan,Petrol,30400.0
2020,9,3,QLD,Toyota,Ute,Petrol,42500.0
2024,7,3,ACT,Toyota,Sedan,Petrol,49400.0
2021,4,2,ACT,Hyundai,Ute,Petrol,39300.0
2021,6,2,NSW,Mitsubishi,Ute,Petrol,44700.0
2023,10,4,NSW,Hyundai,Sedan,Hybrid,42500.0
2021,11,4,NSW,Toyota,Sedan,Diesel,43100.0
2024,7,3,QLD,Toyota,Van,Petrol,48100.0
2023,10,4,QLD,Mazda,Ute,Hybrid,51500.0
2023,9,3,QLD,Mitsubishi,Hatchback,Petrol,35000.0
2024,4,2,VIC,Toyota,SUV,Hybrid,59800.0
2019,10,4,NSW,Kia,Sedan,Petrol,29200.0
2021,3,1,VIC,Toyota,Hatchback,Diesel,38000.0
2022,8,3,VIC,Mazda,SUV,Diesel,47600.0
2020,1,1,QLD,Toyota,Van,Petrol,39500.0
2023,9,3,VIC,Toyota,SUV,Hybrid,63700.0
2024,1,1,VIC,Tesla,Hatchback,Electric,124100.0
2022,2,1,NSW,Ford,Sedan,Petrol,46300.0
2021,8,3,NSW,Isuzu,SUV,Petrol,78000.0
2024,9,3,NSW,Toyota,Hatchback,Diesel,41600.0
2022,7,3,NSW,Toyota,SUV,Hybrid,64600.0
2022,3,1,VIC,Hyundai,SUV,Petrol,38400.0
2021,7,3,NSW,BYD,SUV,Electric,102500.0
2024,6,2,NSW,Hyundai,Ute,Petrol,37000.0
2023,2,1,QLD,Ford,Wagon,Diesel,58500.0
2023,3,1,VIC,Hyundai,SUV,Diesel,44800.0
2024,11,4,QLD,Toyota,Sedan,Petrol,41400.0
2021,12,4,QLD,Nissan,SUV,Hybrid,44700.0
2022,10,4,VIC,Kia,Ute,Diesel,40700.0
2024,10,4,SA,BYD,SUV,Electric,99600.0
2021,12,4,NSW,Mitsubishi,SUV,Petrol,50000.0
2024,5,2,QLD,Kia,SUV,Petrol,40100.0
2024,10,4,SA,Toyota,Sedan,Diesel,46600.0
2023,4,2,WA,Mitsubishi,Hatchback,Hybrid,46200.0
2023,2,1,NSW,Toyota,Sedan,Petrol,41500.0
2024,4,2,VIC,Ford,SUV,Electric,90400.0
2024,12,4,NSW,Mitsubishi,Sedan,Petrol,41100.0
2022,8,3,QLD,BYD,Ute,Electric,89400.0
2019,5,2,QLD,Tesla,SUV,Electric,149100.0
2022,5,2,NSW,Tesla,SUV,Electric,151100.0
2023,12,4,VIC,Toyota,SUV,Diesel,58700.0
2022,12,4,QLD,Hyundai,Ute,Petrol,36700.0
2023,10,4,VIC,Toyota,Sedan,Electric,65600.0
2021,3,1,WA,Tesla,Sedan,Electric,120800.0
2023,8,3,QLD,Nissan,SUV,Hybrid,46200.0
2020,6,2,NSW,Mazda,SUV,Petrol,40200.0
2023,2,1,QLD,Toyota,Van,Electric,68500.0
2022,2,1,NSW,Ford,SUV,Petrol,58300.0
2020,9,3,VIC,Nissan,Hatchback,Diesel,33100.0
2021,7,3,SA,Kia,Sedan,Diesel,33400.0
2023,10,4,WA,Toyota,SUV,Hybrid,60300.0
2022,9,3,VIC,Nissan,Sedan,Electric,52300.0
2020,6,2,NSW,Isuzu,Van,Hybrid,85700.0
2024,5,2,NSW,Toyota,Sedan,Electric,67900.0
2023,12,4,VIC,Nissan,Hatchback,Petrol,31000.0
2024,1,1,NSW,Ford,SUV,Petrol,63600.0
2022,12,4,VIC,Hyundai,Sedan,Diesel,38800.0
2022,6,2,NSW,Ford,Hatchback,Hybrid,56400.0
2024,6,2,VIC,Isuzu,Hatchback,Diesel,61800.0
2022,3,1,NSW,Mitsubishi,Sedan,Petrol,40700.0
2023,3,1,ACT,Toyota,Ute,Hybrid,58200.0
2021,3,1,QLD,Nissan,SUV,Hybrid,50500.0
2022,3,1,VIC,Toyota,SUV,Petrol,47700.0
2020,7,3,NSW,BYD,SUV,Electric,98000.0
2020,10,4,VIC,Mitsubishi,SUV,Petrol,47300.0
2019,11,4,NSW,Mazda,SUV,Petrol,43600.0
2019,2,1,VIC,Toyota,SUV,Petrol,47500.0
2024,10,4,WA,Nissan,Van,Hybrid,45800.0
2020,10,4,QLD,Ford,Ute,Hybrid,60300.0
2023,2,1,QLD,Mitsubishi,Sedan,Petrol,40500.0
2024,3,1,VIC,Kia,Wagon,Diesel,39200.0
2022,10,4,SA,Tesla,SUV,Electric,139700.0
2020,12,4,SA,Ford,Sedan,Diesel,45400.0
2023,7,3,VIC,Mazda,Ute,Petrol,44000.0
2023,3,1,NSW,Hyundai,SUV,Diesel,45100.0
2023,7,3,VIC,Nissan,Ute,Hybrid,51000.0
2023,9,3,NSW,Ford,SUV,Hybrid,71900.0
2024,11,4,QLD,Mazda,SUV,Diesel,47400.0
2023,10,4,VIC,Nissan,SUV,Hybrid,55700.0
2021,12,4,NSW,BYD,Hatchback,Electric,76300.0
2023,11,4,NSW,Toyota,Ute,Petrol,50400.0
2019,4,2,VIC,Nissan,Ute,Petrol,35200.0
2024,7,3,WA,Tesla,Sedan,Electric,131400.0
2019,9,3,VIC,Toyota,SUV,Petrol,48000.0
2021,8,3,QLD,Mazda,Sedan,Petrol,35600.0
2024,8,3,VIC,Tesla,Sedan,Electric,143400.0
2023,9,3,VIC,BYD,SUV,Electric,102600.0
