job_id,title,company,city,industry,experience_required,exp_level_num,salary_aud,skills,remote_ok,visa_sponsor,posted_year
J0000,Systems Analyst,NAB,Sydney,Property,5+ years,3,126000,"Power BI,SQL,BPMN,Python,Stakeholder Management",0,0,2026
J0001,Business Analyst,PwC,Sydney,Technology,1-3 years,1,89000,"Power BI,SQL,R",0,0,2024
J0002,Senior Data Analyst,Commonwealth Bank,Sydney,Technology,1-3 years,2,110000,"Power BI,SQL,Tableau,BPMN,Looker,R",0,1,2024
J0003,Senior Business Analyst,Deloitte,Brisbane,Finance,3-5 years,2,98000,"Power BI,SQL,Tableau,Jira,Excel,Python,Looker",0,0,2026
J0004,Senior Business Analyst,PwC,Melbourne,Consulting,Graduate/<1yr,2,99000,"Power BI,SQL,DAX,R,Stakeholder Management",0,0,2026
J0005,Data Analyst,Telstra,Sydney,Consulting,3-5 years,2,108000,"R,Excel,DAX,Machine Learning,Power BI,SQL,Jira",1,0,2026
J0006,Senior Business Analyst,Amazon,Perth,Finance,Graduate/<1yr,2,103000,"Power BI,SQL,Looker,Machine Learning,Jira,Tableau,Azure,BPMN",1,0,2024
J0007,Data Analyst,ANZ Bank,Brisbane,Healthcare,5+ years,3,123000,"Power BI,SQL,R,Azure,Stakeholder Management",1,0,2026
J0008,Senior Data Analyst,Amazon,Melbourne,Finance,Graduate/<1yr,2,99000,"Power BI,Looker,AWS",0,0,2024
J0009,Systems Analyst,KPMG,Melbourne,Property,3-5 years,2,109000,"Python,SQL,Agile,DAX,Stakeholder Management,AWS",0,0,2025
J0010,Reporting Analyst,Telstra,Perth,Technology,3-5 years,2,105000,"Tableau,Agile,Stakeholder Management,AWS,Python,Azure,BPMN",0,1,2024
J0011,Data Analyst,Commonwealth Bank,Melbourne,Property,5+ years,3,119000,"Power BI,AWS,SQL",0,0,2026
J0012,Junior Data Analyst,Woolworths,Perth,Finance,3-5 years,1,101000,"Python,Azure,Looker,Power BI,SQL,Machine Learning,Jira",0,0,2024
J0013,Junior Data Analyst,Telstra,Perth,Healthcare,1-3 years,1,83000,"Machine Learning,SQL,Stakeholder Management",0,1,2026
J0014,Data Analyst,PwC,Perth,Consulting,1-3 years,1,79000,"Power BI,SQL,Azure,Jira,Excel,Stakeholder Management",1,0,2024
J0015,Insights Analyst,Deloitte,Perth,Healthcare,5+ years,3,122000,"Power BI,SQL,AWS",0,0,2024
J0016,Business Analyst,PwC,Perth,Consulting,5+ years,3,118000,"Power BI,Excel,Python",0,0,2025
J0017,BI Analyst,NAB,Brisbane,Government,1-3 years,1,86000,"DAX,SQL,BPMN",0,1,2024
J0018,BI Analyst,Deloitte,Sydney,Finance,Graduate/<1yr,0,74000,"R,AWS,SQL,Power BI,Looker,Machine Learning,BPMN,DAX",0,0,2024
J0019,Associate BA,Commonwealth Bank,Brisbane,Technology,3-5 years,2,92000,"Power BI,SQL,Agile,Looker,Azure",0,0,2026
J0020,Systems Analyst,Dept of Health,Sydney,Technology,3-5 years,2,107000,"Power BI,SQL,BPMN,Stakeholder Management,Python,Jira,AWS,Agile",0,0,2024
J0021,BI Analyst,KPMG,Canberra,Finance,5+ years,3,136000,"Jira,SQL,Machine Learning,Stakeholder Management,Power BI,R,AWS",1,0,2026
J0022,Reporting Analyst,Woolworths,Brisbane,Technology,3-5 years,2,95000,"Power BI,SQL,Azure,Excel",1,0,2026
J0023,Business Analyst,KPMG,Melbourne,Energy,5+ years,3,128000,"DAX,SQL,Looker,Jira,Azure,AWS,R,Tableau",0,0,2025
J0024,Data Analyst,KPMG,Adelaide,Retail,Graduate/<1yr,0,78000,"DAX,Power BI,Agile,Python,Machine Learning,Stakeholder Management,R,Azure",1,0,2024
J0025,Business Analyst,Dept of Health,Brisbane,Government,Graduate/<1yr,0,71000,"Python,Stakeholder Management,Tableau,Jira,AWS,SQL",1,0,2024
J0026,Data Analyst,Dept of Health,Remote,Government,3-5 years,2,93000,"Power BI,Jira,SQL,Excel,BPMN,Machine Learning,Stakeholder Management",1,1,2025
J0027,BI Analyst,Telstra,Sydney,Healthcare,3-5 years,2,106000,"BPMN,SQL,DAX",1,0,2026
J0028,BI Analyst,Deloitte,Brisbane,Technology,1-3 years,1,87000,"Power BI,Python,BPMN,Azure,SQL,Looker",0,1,2026
J0029,Systems Analyst,NAB,Melbourne,Healthcare,1-3 years,1,91000,"BPMN,SQL,Tableau,Excel,Python,AWS,Stakeholder Management,Power BI",0,0,2026
J0030,Reporting Analyst,Woolworths,Brisbane,Government,5+ years,3,124000,"Power BI,SQL,Looker,Agile",0,0,2025
J0031,BI Analyst,Dept of Health,Adelaide,Energy,1-3 years,1,71000,"Excel,SQL,BPMN",1,0,2025
J0032,Insights Analyst,Amazon,Melbourne,Property,1-3 years,1,82000,"Jira,SQL,Stakeholder Management",0,0,2026
J0033,Business Analyst,Telstra,Adelaide,Property,Graduate/<1yr,0,68000,"Agile,SQL,Power BI",1,1,2024
J0034,BI Analyst,Amazon,Remote,Government,3-5 years,2,93000,"Power BI,SQL,Machine Learning",1,0,2024
J0035,BI Analyst,Deloitte,Adelaide,Healthcare,3-5 years,2,101000,"Power BI,Agile,Jira,DAX,AWS,SQL,Python",1,0,2025
J0036,Senior Data Analyst,PwC,Remote,Government,5+ years,3,109000,"Jira,SQL,AWS",0,0,2026
J0037,Data Analyst,NAB,Sydney,Technology,1-3 years,1,93000,"Power BI,SQL,Tableau,Machine Learning",1,0,2026
J0038,Senior Business Analyst,Telstra,Brisbane,Retail,3-5 years,2,84000,"Power BI,SQL,Looker",0,0,2026
J0039,Data Analyst,Telstra,Brisbane,Retail,3-5 years,2,103000,"Power BI,Python,Jira",0,0,2025
J0040,Data Analyst,PwC,Sydney,Property,3-5 years,2,106000,"Excel,SQL,Power BI,Tableau,R,Jira",0,1,2025
J0041,Reporting Analyst,PwC,Sydney,Retail,5+ years,3,129000,"Power BI,Python,AWS,Tableau,R",0,0,2026
J0042,Senior Data Analyst,PwC,Melbourne,Finance,3-5 years,2,100000,"Power BI,SQL,Stakeholder Management,DAX",0,0,2025
J0043,Reporting Analyst,Woolworths,Sydney,Consulting,3-5 years,2,102000,"Power BI,SQL,Looker,Agile,Excel,DAX",0,1,2026
J0044,Systems Analyst,Amazon,Perth,Technology,1-3 years,1,83000,"Power BI,SQL,Tableau,Agile",0,0,2025
J0045,Data Analyst,Dept of Health,Sydney,Retail,5+ years,3,119000,"Power BI,Tableau,Looker",1,0,2025
J0046,Junior Data Analyst,PwC,Brisbane,Property,3-5 years,1,86000,"Power BI,SQL,Stakeholder Management,Looker,R,AWS,Tableau",1,0,2026
J0047,Data Analyst,Deloitte,Melbourne,Property,3-5 years,2,110000,"Stakeholder Management,SQL,AWS,Excel,Power BI,BPMN,Machine Learning,Azure",0,0,2024
J0048,Business Analyst,KPMG,Brisbane,Healthcare,Graduate/<1yr,0,74000,"Python,SQL,R,DAX,AWS,Power BI,Machine Learning",0,1,2025
J0049,Senior Business Analyst,KPMG,Sydney,Healthcare,3-5 years,2,106000,"AWS,SQL,Azure,Power BI,BPMN",0,0,2026
J0050,Reporting Analyst,KPMG,Melbourne,Retail,5+ years,3,126000,"Power BI,DAX,Excel,SQL,Agile,Jira",0,0,2024
J0051,Reporting Analyst,KPMG,Perth,Retail,1-3 years,1,88000,"Stakeholder Management,R,Python,SQL,Azure,AWS,Looker,Power BI",1,0,2024
J0052,Business Analyst,Deloitte,Sydney,Retail,Graduate/<1yr,0,73000,"Python,SQL,Tableau,Looker,Power BI,R,Excel",1,0,2024
J0053,BI Analyst,Dept of Health,Melbourne,Consulting,5+ years,3,116000,"Excel,SQL,Looker,Stakeholder Management",0,0,2024
J0054,BI Analyst,Dept of Health,Brisbane,Consulting,1-3 years,1,78000,"Looker,SQL,Jira,DAX",0,1,2026
J0055,Data Analyst,Dept of Health,Melbourne,Property,1-3 years,1,99000,"Machine Learning,SQL,Stakeholder Management,Agile,Excel,Python,Tableau,Power BI",0,0,2026
J0056,BI Analyst,PwC,Sydney,Consulting,5+ years,3,136000,"Power BI,SQL,Excel,Machine Learning,AWS",0,1,2025
J0057,Junior Data Analyst,KPMG,Melbourne,Consulting,3-5 years,1,92000,"SQL,BPMN,Power BI,Azure,Tableau,DAX",0,0,2026
J0058,Data Analyst,NAB,Melbourne,Energy,3-5 years,2,108000,"Power BI,SQL,Looker,Tableau,R",0,0,2025
J0059,Reporting Analyst,KPMG,Sydney,Government,3-5 years,2,113000,"R,Stakeholder Management,Tableau,SQL,Azure,Excel,Python,Agile",0,0,2025
J0060,BI Analyst,NAB,Melbourne,Healthcare,3-5 years,2,110000,"Jira,Machine Learning,SQL,Power BI",0,0,2026
J0061,Business Analyst,Deloitte,Sydney,Technology,3-5 years,2,110000,"Power BI,SQL,Excel,Jira,Azure,AWS",1,0,2025
J0062,Senior Data Analyst,Dept of Health,Melbourne,Retail,3-5 years,2,100000,"Power BI,SQL,Excel",0,1,2024
J0063,BI Analyst,Woolworths,Melbourne,Finance,1-3 years,1,90000,"DAX,Azure,SQL,Power BI",1,0,2024
J0064,Data Analyst,Dept of Health,Canberra,Property,3-5 years,2,95000,"SQL,Stakeholder Management,Power BI,R,Agile,Excel",1,0,2026
J0065,Systems Analyst,Commonwealth Bank,Perth,Finance,3-5 years,2,96000,"Stakeholder Management,SQL,AWS",0,1,2026
J0066,Reporting Analyst,NAB,Melbourne,Healthcare,Graduate/<1yr,0,68000,"Power BI,SQL,Agile,R,Machine Learning",0,0,2025
J0067,BI Analyst,Deloitte,Remote,Finance,1-3 years,1,79000,"Power BI,BPMN,Python,Jira",1,0,2026
J0068,Senior Business Analyst,ANZ Bank,Perth,Energy,1-3 years,2,112000,"Looker,SQL,Power BI,Machine Learning,Python,R",1,1,2024
J0069,Junior Data Analyst,Dept of Health,Sydney,Energy,1-3 years,1,86000,"AWS,Power BI,Excel,DAX,SQL",1,0,2026
J0070,Junior Data Analyst,Dept of Health,Brisbane,Energy,3-5 years,1,92000,"Azure,SQL,Tableau,BPMN,Machine Learning,Power BI,Python",0,0,2026
J0071,Junior Data Analyst,Woolworths,Sydney,Finance,3-5 years,1,102000,"Power BI,R,SQL,Azure,AWS,Machine Learning,Excel",1,0,2025
J0072,Senior Data Analyst,ANZ Bank,Brisbane,Property,3-5 years,2,95000,"Power BI,Stakeholder Management,BPMN,DAX,SQL,Excel",1,0,2025
J0073,Business Analyst,Telstra,Sydney,Retail,1-3 years,1,95000,"Power BI,SQL,Agile,AWS,Jira,Azure,Looker,Stakeholder Management",1,0,2026
J0074,Business Analyst,Woolworths,Sydney,Consulting,1-3 years,1,89000,"Power BI,SQL,Stakeholder Management,Jira,DAX,AWS,Tableau",1,0,2026
J0075,Systems Analyst,NAB,Brisbane,Energy,Graduate/<1yr,0,75000,"R,Python,BPMN,SQL,Excel,AWS,Jira,Agile",0,0,2024
J0076,Data Analyst,Amazon,Brisbane,Energy,1-3 years,1,75000,"Power BI,Stakeholder Management,BPMN,R,SQL,Agile",1,0,2024
J0077,Data Analyst,Telstra,Perth,Healthcare,5+ years,3,120000,"Python,SQL,Agile,Power BI",0,0,2024
J0078,Business Analyst,PwC,Brisbane,Energy,3-5 years,2,103000,"BPMN,SQL,Power BI,Machine Learning,Excel,AWS",0,0,2026
J0079,Systems Analyst,Amazon,Sydney,Property,3-5 years,2,96000,"Power BI,Stakeholder Management,Agile,Tableau",1,0,2025
J0080,Junior Data Analyst,ANZ Bank,Sydney,Government,3-5 years,1,87000,"R,SQL,Stakeholder Management",1,0,2026
J0081,Data Analyst,Telstra,Melbourne,Government,5+ years,3,129000,"Looker,SQL,Python",0,1,2024
J0082,Junior Data Analyst,Deloitte,Perth,Government,1-3 years,1,92000,"Excel,SQL,Machine Learning,DAX,Power BI",0,0,2026
J0083,Systems Analyst,Woolworths,Melbourne,Government,1-3 years,1,88000,"BPMN,SQL,Tableau,Python,Agile",1,0,2024
J0084,Data Analyst,Woolworths,Melbourne,Consulting,3-5 years,2,110000,"Jira,SQL,Stakeholder Management,DAX,Excel,Tableau,Azure",1,0,2025
J0085,Junior Data Analyst,Woolworths,Brisbane,Healthcare,1-3 years,1,95000,"Power BI,R,SQL,Excel,Tableau,Azure,Machine Learning",0,0,2026
J0086,Systems Analyst,Woolworths,Sydney,Technology,1-3 years,1,88000,"Power BI,SQL,Looker,Excel,Python",0,0,2025
J0087,Systems Analyst,Deloitte,Canberra,Government,5+ years,3,141000,"Stakeholder Management,SQL,Python,Agile,R,Machine Learning,Azure",0,0,2024
J0088,Data Analyst,Deloitte,Perth,Technology,1-3 years,1,93000,"Power BI,SQL,Tableau,AWS,BPMN",1,1,2024
J0089,Business Analyst,Deloitte,Brisbane,Consulting,Graduate/<1yr,0,80000,"Python,SQL,Machine Learning,BPMN",1,0,2025
J0090,Data Analyst,ANZ Bank,Canberra,Technology,1-3 years,1,85000,"Power BI,SQL,R,Looker,Tableau,Azure",1,0,2024
J0091,Systems Analyst,Commonwealth Bank,Melbourne,Technology,5+ years,3,117000,"DAX,R,Power BI",0,0,2025
J0092,Senior Business Analyst,NAB,Brisbane,Healthcare,3-5 years,2,99000,"DAX,SQL,Power BI",1,0,2025
J0093,Data Analyst,KPMG,Sydney,Energy,1-3 years,1,99000,"Jira,Machine Learning,Tableau,SQL,Python,Agile",1,0,2024
J0094,Reporting Analyst,ANZ Bank,Adelaide,Consulting,Graduate/<1yr,0,62000,"R,SQL,Power BI,Machine Learning,Jira,Excel",0,0,2026
J0095,Business Analyst,PwC,Brisbane,Government,5+ years,3,122000,"Jira,SQL,Stakeholder Management,Machine Learning",0,0,2025
J0096,Associate BA,Woolworths,Melbourne,Government,3-5 years,2,102000,"Azure,SQL,DAX,Power BI,Looker,Stakeholder Management,BPMN",0,1,2025
J0097,BI Analyst,NAB,Perth,Retail,5+ years,3,130000,"Python,Looker,Power BI,Jira,SQL,R,DAX,BPMN",0,0,2025
J0098,Senior Business Analyst,Amazon,Sydney,Finance,3-5 years,2,99000,"Power BI,SQL,Excel,Looker",0,0,2026
J0099,Business Analyst,NAB,Perth,Technology,1-3 years,1,95000,"Power BI,SQL,Looker,Jira,AWS,Machine Learning",1,0,2026
J0100,Business Analyst,NAB,Adelaide,Retail,3-5 years,2,110000,"Looker,Python,SQL,Tableau,R,Azure,DAX,AWS",0,0,2025
J0101,Senior Business Analyst,Woolworths,Remote,Energy,3-5 years,2,89000,"SQL,Python,DAX,Excel",1,0,2026
J0102,Data Analyst,Telstra,Sydney,Healthcare,3-5 years,2,112000,"AWS,Power BI,Azure,SQL",0,0,2026
J0103,Business Analyst,Dept of Health,Adelaide,Government,3-5 years,2,105000,"Power BI,SQL,Excel,AWS,Machine Learning,Azure,Agile,BPMN",0,0,2026
J0104,Business Analyst,Woolworths,Brisbane,Energy,1-3 years,1,85000,"Power BI,SQL,Agile,Tableau",0,0,2026
J0105,Senior Business Analyst,NAB,Adelaide,Finance,1-3 years,2,102000,"BPMN,SQL,Looker,Tableau,Machine Learning,Stakeholder Management",0,0,2025
J0106,Senior Data Analyst,Commonwealth Bank,Brisbane,Finance,1-3 years,2,107000,"Azure,Power BI,BPMN,AWS,Machine Learning,Tableau",0,0,2025
J0107,Systems Analyst,Amazon,Sydney,Retail,1-3 years,1,104000,"Excel,Python,Machine Learning,SQL,Stakeholder Management,R,Azure,Tableau",1,1,2024
J0108,Business Analyst,NAB,Melbourne,Finance,Graduate/<1yr,0,67000,"Azure,Jira,Agile,SQL,DAX,Stakeholder Management",0,0,2025
J0109,BI Analyst,NAB,Brisbane,Property,5+ years,3,123000,"AWS,Agile,Looker,DAX,Power BI,SQL,Azure",1,1,2025
J0110,Business Analyst,NAB,Brisbane,Property,3-5 years,2,97000,"AWS,SQL,Machine Learning",0,0,2025
J0111,Reporting Analyst,NAB,Melbourne,Retail,3-5 years,2,118000,"Python,SQL,Agile,DAX,Azure,Looker,Tableau,Machine Learning",1,0,2026
J0112,Senior Data Analyst,Commonwealth Bank,Sydney,Government,3-5 years,2,109000,"BPMN,SQL,Stakeholder Management,Azure,Agile",0,0,2024
J0113,Reporting Analyst,Deloitte,Sydney,Healthcare,1-3 years,1,101000,"Excel,Looker,SQL,Python,AWS,DAX,Agile",0,0,2025
J0114,Reporting Analyst,Commonwealth Bank,Sydney,Government,1-3 years,1,89000,"Power BI,SQL,R,Jira,Stakeholder Management,Tableau",1,0,2025
J0115,Senior Data Analyst,PwC,Sydney,Consulting,1-3 years,2,99000,"Agile,SQL,Machine Learning,Excel",0,0,2025
J0116,Associate BA,Telstra,Melbourne,Technology,1-3 years,1,99000,"Power BI,Azure,SQL,Tableau,R,AWS,Excel",0,0,2025
J0117,Business Analyst,Dept of Health,Melbourne,Energy,1-3 years,1,93000,"Agile,SQL,Excel,Jira,Tableau,R,Power BI,Machine Learning",1,0,2026
J0118,Systems Analyst,NAB,Sydney,Property,3-5 years,2,104000,"R,SQL,Python,Power BI,Jira",0,0,2026
J0119,Systems Analyst,Woolworths,Perth,Energy,3-5 years,2,98000,"Jira,DAX,SQL",0,0,2026
J0120,Insights Analyst,NAB,Brisbane,Property,Graduate/<1yr,0,64000,"Power BI,Stakeholder Management,Looker,R,SQL,Excel,Python,AWS",1,0,2024
J0121,Data Analyst,Dept of Health,Melbourne,Energy,3-5 years,2,110000,"Power BI,Machine Learning,Stakeholder Management,Python,BPMN",0,1,2025
J0122,BI Analyst,KPMG,Sydney,Technology,Graduate/<1yr,0,68000,"Power BI,SQL,Looker",0,0,2024
J0123,Senior Business Analyst,NAB,Sydney,Finance,3-5 years,2,107000,"Looker,SQL,Jira,Power BI,Excel,Tableau",1,0,2026
J0124,Senior Business Analyst,Deloitte,Sydney,Finance,3-5 years,2,107000,"Power BI,SQL,Jira,DAX,Agile,Looker,Tableau,AWS",0,0,2025
J0125,Junior Data Analyst,Telstra,Melbourne,Property,3-5 years,1,99000,"Machine Learning,SQL,DAX,BPMN,Looker,Excel,R,Power BI",0,0,2026
J0126,Associate BA,Commonwealth Bank,Sydney,Healthcare,3-5 years,2,101000,"Jira,SQL,Excel,Looker,Azure",0,0,2025
J0127,Systems Analyst,Deloitte,Brisbane,Property,1-3 years,1,71000,"DAX,Agile,Excel",0,0,2025
J0128,Reporting Analyst,Dept of Health,Melbourne,Technology,3-5 years,2,99000,"Power BI,SQL,AWS,BPMN,Azure,Agile",0,1,2024
J0129,Data Analyst,PwC,Canberra,Government,1-3 years,1,87000,"Stakeholder Management,Machine Learning,Jira,Looker,SQL,DAX",1,1,2024
J0130,BI Analyst,KPMG,Brisbane,Healthcare,1-3 years,1,83000,"Jira,Looker,SQL,Tableau,R",0,0,2025
J0131,Senior Business Analyst,Woolworths,Brisbane,Consulting,5+ years,3,124000,"Power BI,SQL,Machine Learning",1,0,2026
J0132,Business Analyst,ANZ Bank,Melbourne,Property,1-3 years,1,84000,"Power BI,AWS,Stakeholder Management,SQL,Agile,Excel,Looker",1,0,2026
J0133,Business Analyst,PwC,Brisbane,Government,1-3 years,1,85000,"Power BI,Looker,Python,DAX,SQL",0,0,2025
J0134,Business Analyst,Telstra,Perth,Finance,3-5 years,2,113000,"Power BI,SQL,Looker,Excel,Azure,Machine Learning,DAX",1,1,2026
J0135,BI Analyst,Deloitte,Perth,Government,1-3 years,1,90000,"Agile,SQL,Power BI,Excel,R,Python,Jira",0,0,2024
J0136,BI Analyst,Commonwealth Bank,Melbourne,Technology,Graduate/<1yr,0,68000,"Jira,Azure,Excel,Power BI,Agile,SQL",1,0,2024
J0137,BI Analyst,NAB,Melbourne,Government,1-3 years,1,85000,"SQL,Power BI,Excel,Tableau",1,0,2025
J0138,Senior Data Analyst,Amazon,Sydney,Government,1-3 years,2,107000,"Power BI,SQL,Python",1,0,2026
J0139,Business Analyst,Telstra,Brisbane,Technology,1-3 years,1,70000,"DAX,SQL,Excel,Jira,R,Power BI",0,0,2026
J0140,BI Analyst,Commonwealth Bank,Adelaide,Healthcare,1-3 years,1,83000,"Power BI,SQL,Jira,BPMN,AWS,Agile",1,0,2025
J0141,Senior Data Analyst,Woolworths,Melbourne,Retail,1-3 years,2,110000,"Jira,Tableau,Agile,Looker,SQL,BPMN,Python,DAX",0,0,2025
J0142,Reporting Analyst,Woolworths,Perth,Property,5+ years,3,125000,"DAX,SQL,BPMN,R,Power BI,Tableau",0,0,2025
J0143,Junior Data Analyst,NAB,Sydney,Consulting,3-5 years,1,94000,"Power BI,SQL,DAX,R",1,1,2024
J0144,BI Analyst,Woolworths,Remote,Consulting,5+ years,3,118000,"Machine Learning,BPMN,Azure,DAX,Excel,Power BI",0,0,2026
J0145,Associate BA,Deloitte,Adelaide,Healthcare,5+ years,3,118000,"Power BI,SQL,Excel",0,0,2024
J0146,Business Analyst,Commonwealth Bank,Sydney,Healthcare,3-5 years,2,109000,"Python,AWS,SQL,Agile",1,0,2025
J0147,Systems Analyst,ANZ Bank,Melbourne,Consulting,Graduate/<1yr,0,71000,"Power BI,SQL,Jira,Stakeholder Management,Tableau,AWS",1,0,2025
J0148,Business Analyst,Amazon,Melbourne,Finance,1-3 years,1,94000,"DAX,SQL,AWS,Tableau,Machine Learning",0,1,2025
J0149,Data Analyst,Deloitte,Sydney,Energy,1-3 years,1,86000,"BPMN,SQL,Looker,R",1,0,2025
J0150,Junior Data Analyst,NAB,Perth,Retail,1-3 years,1,84000,"Power BI,Looker,Agile,Tableau,R,Excel,SQL",0,0,2026
J0151,Reporting Analyst,KPMG,Brisbane,Government,1-3 years,1,91000,"Power BI,SQL,Machine Learning,Python",1,1,2025
J0152,Data Analyst,Deloitte,Sydney,Technology,1-3 years,1,95000,"Machine Learning,Looker,Power BI,Excel,Tableau",1,0,2024
J0153,Reporting Analyst,Deloitte,Sydney,Consulting,Graduate/<1yr,0,74000,"Power BI,SQL,AWS",0,0,2024
J0154,Data Analyst,PwC,Brisbane,Healthcare,1-3 years,1,96000,"Jira,SQL,Azure,Machine Learning,AWS,Power BI,Stakeholder Management,Looker",0,0,2026
J0155,Business Analyst,PwC,Sydney,Consulting,Graduate/<1yr,0,71000,"Power BI,Agile,Machine Learning,Jira,AWS",0,0,2026
J0156,BI Analyst,Commonwealth Bank,Sydney,Healthcare,3-5 years,2,106000,"Agile,SQL,Stakeholder Management,DAX,Power BI",1,1,2024
J0157,Business Analyst,Telstra,Melbourne,Retail,3-5 years,2,101000,"R,SQL,Python,Power BI",0,0,2025
J0158,Reporting Analyst,Amazon,Adelaide,Healthcare,Graduate/<1yr,0,74000,"Python,Looker,Stakeholder Management,SQL,Power BI,Jira,AWS,Machine Learning",1,1,2026
J0159,Senior Data Analyst,Woolworths,Melbourne,Property,3-5 years,2,106000,"Stakeholder Management,DAX,Azure,AWS,Power BI,Excel,Agile,Looker",0,0,2025
J0160,Business Analyst,KPMG,Sydney,Government,1-3 years,1,89000,"SQL,BPMN,Python,Excel,Machine Learning",0,1,2025
J0161,Senior Business Analyst,PwC,Sydney,Consulting,1-3 years,2,106000,"Machine Learning,Excel,SQL,Agile,R,AWS",1,0,2025
J0162,Senior Business Analyst,KPMG,Sydney,Consulting,1-3 years,2,105000,"Python,SQL,Stakeholder Management",0,0,2024
J0163,Junior Data Analyst,Amazon,Brisbane,Government,1-3 years,1,83000,"SQL,Azure,Power BI,BPMN",1,0,2024
J0164,BI Analyst,Telstra,Perth,Healthcare,3-5 years,2,116000,"Power BI,SQL,BPMN,R,Machine Learning,Python,Jira",1,0,2025
J0165,BI Analyst,Dept of Health,Sydney,Property,5+ years,3,132000,"Machine Learning,SQL,Power BI",0,0,2025
J0166,Business Analyst,Dept of Health,Melbourne,Energy,3-5 years,2,107000,"SQL,Azure,Agile,DAX,R,Stakeholder Management,BPMN,Power BI",1,0,2026
J0167,Senior Data Analyst,PwC,Melbourne,Finance,1-3 years,2,97000,"Power BI,SQL,Stakeholder Management",1,0,2024
J0168,Business Analyst,Amazon,Sydney,Energy,1-3 years,1,100000,"Power BI,SQL,Stakeholder Management,Tableau,Excel,Machine Learning,Looker,Agile",0,0,2026
J0169,Business Analyst,Commonwealth Bank,Perth,Government,3-5 years,2,100000,"Power BI,SQL,AWS,Looker,Agile",1,0,2026
J0170,Senior Data Analyst,Amazon,Melbourne,Energy,3-5 years,2,100000,"Tableau,R,Python,DAX,Looker",1,1,2026
J0171,Data Analyst,Deloitte,Perth,Government,1-3 years,1,92000,"SQL,Agile,Stakeholder Management,Looker,Machine Learning,Azure,DAX,AWS",1,0,2025
J0172,Business Analyst,KPMG,Sydney,Consulting,1-3 years,1,87000,"Power BI,SQL,Looker,Python,R,Excel,Stakeholder Management,Jira",0,1,2025
J0173,Systems Analyst,Dept of Health,Melbourne,Consulting,1-3 years,1,84000,"Jira,SQL,R,Agile",0,0,2026
J0174,Data Analyst,KPMG,Brisbane,Retail,5+ years,3,119000,"Python,SQL,BPMN,R,Looker,Power BI",0,0,2025
J0175,Business Analyst,ANZ Bank,Melbourne,Healthcare,1-3 years,1,90000,"Azure,DAX,SQL,R,Jira,Python,Stakeholder Management",1,1,2026
J0176,Insights Analyst,Dept of Health,Melbourne,Finance,1-3 years,1,80000,"BPMN,SQL,Power BI,R",0,0,2026
J0177,Senior Data Analyst,Amazon,Sydney,Healthcare,1-3 years,2,106000,"SQL,Machine Learning,Jira,BPMN",1,0,2024
J0178,Senior Data Analyst,KPMG,Brisbane,Technology,1-3 years,2,101000,"Power BI,SQL,Jira,DAX,Looker",0,0,2025
J0179,BI Analyst,ANZ Bank,Melbourne,Healthcare,Graduate/<1yr,0,67000,"Looker,BPMN,Jira,Excel",0,0,2024
J0180,Business Analyst,Commonwealth Bank,Melbourne,Government,3-5 years,2,104000,"Excel,SQL,DAX",1,0,2025
J0181,Reporting Analyst,Telstra,Melbourne,Government,Graduate/<1yr,0,74000,"Power BI,SQL,Excel,Machine Learning,Agile,Stakeholder Management,Looker",1,0,2024
J0182,Reporting Analyst,Deloitte,Sydney,Government,3-5 years,2,105000,"BPMN,Tableau,Python,SQL,Stakeholder Management,Agile,DAX",0,0,2025
J0183,Associate BA,ANZ Bank,Sydney,Technology,3-5 years,2,106000,"Power BI,SQL,Python,R,Agile,Stakeholder Management,Looker",1,0,2026
J0184,Senior Business Analyst,Dept of Health,Brisbane,Energy,5+ years,3,119000,"Power BI,SQL,Python,Jira,Excel,Tableau,Agile",0,1,2024
J0185,Systems Analyst,Amazon,Perth,Government,5+ years,3,129000,"Power BI,DAX,Tableau,SQL,Agile,Jira,BPMN,Python",0,0,2026
J0186,BI Analyst,KPMG,Brisbane,Finance,3-5 years,2,98000,"SQL,Excel,R,Python,Azure,Jira,Agile",0,1,2026
J0187,Systems Analyst,PwC,Melbourne,Property,3-5 years,2,99000,"DAX,SQL,Power BI,R,Azure,Stakeholder Management",1,0,2024
J0188,Senior Business Analyst,Telstra,Melbourne,Finance,5+ years,3,130000,"Power BI,SQL,Tableau,Python,Agile,Excel,BPMN",1,1,2025
J0189,Business Analyst,PwC,Adelaide,Technology,3-5 years,2,93000,"Power BI,DAX,Jira,SQL",1,0,2026
J0190,BI Analyst,Woolworths,Melbourne,Consulting,3-5 years,2,106000,"AWS,SQL,Tableau,Python,Power BI,DAX",0,0,2026
J0191,Business Analyst,Commonwealth Bank,Remote,Technology,5+ years,3,113000,"SQL,Azure,BPMN,R,Agile",0,0,2026
J0192,Reporting Analyst,Woolworths,Sydney,Government,1-3 years,1,90000,"Power BI,SQL,Machine Learning,Stakeholder Management,Looker,DAX",0,0,2024
J0193,Reporting Analyst,Woolworths,Perth,Technology,5+ years,3,120000,"Power BI,DAX,BPMN,Azure,Jira,Agile,Excel",0,0,2025
J0194,Business Analyst,Deloitte,Canberra,Consulting,Graduate/<1yr,0,79000,"Power BI,SQL,Machine Learning,Stakeholder Management,DAX,Azure,Python",0,0,2025
J0195,Senior Business Analyst,Commonwealth Bank,Brisbane,Healthcare,3-5 years,2,113000,"Power BI,SQL,DAX,Python,Machine Learning,Looker,Tableau",0,0,2024
J0196,BI Analyst,Woolworths,Sydney,Finance,1-3 years,1,82000,"Power BI,Agile,SQL",0,0,2025
J0197,Senior Data Analyst,NAB,Perth,Property,3-5 years,2,108000,"Tableau,Python,BPMN,Machine Learning,Excel,SQL",0,0,2024
J0198,Business Analyst,NAB,Brisbane,Healthcare,Graduate/<1yr,0,59000,"Power BI,Stakeholder Management,Jira",0,0,2024
J0199,Data Analyst,PwC,Remote,Finance,3-5 years,2,100000,"Power BI,SQL,Agile,Python,Azure,DAX",0,0,2026
J0200,BI Analyst,Telstra,Sydney,Retail,5+ years,3,135000,"Python,Machine Learning,Excel,Power BI,Azure,Stakeholder Management,SQL",0,1,2026
J0201,Systems Analyst,Deloitte,Melbourne,Consulting,1-3 years,1,81000,"Power BI,SQL,Excel,DAX,R,Agile,BPMN",0,0,2025
J0202,Systems Analyst,Telstra,Melbourne,Retail,1-3 years,1,94000,"DAX,SQL,Python,Looker,Power BI",0,1,2026
J0203,Business Analyst,KPMG,Melbourne,Consulting,3-5 years,2,101000,"Python,SQL,Power BI,Jira,Stakeholder Management,AWS",1,0,2024
J0204,Data Analyst,PwC,Adelaide,Consulting,5+ years,3,114000,"Power BI,SQL,Tableau,Stakeholder Management,Jira,R",0,1,2025
J0205,Junior Data Analyst,ANZ Bank,Brisbane,Technology,3-5 years,1,80000,"BPMN,SQL,Tableau",0,1,2024
J0206,Systems Analyst,Commonwealth Bank,Canberra,Energy,5+ years,3,126000,"Looker,SQL,Machine Learning,Agile",1,1,2024
J0207,Systems Analyst,ANZ Bank,Brisbane,Technology,1-3 years,1,84000,"Power BI,Excel,SQL,Azure",0,1,2024
J0208,Reporting Analyst,NAB,Perth,Consulting,3-5 years,2,96000,"Tableau,SQL,Stakeholder Management,Jira,BPMN,Looker,Azure",0,0,2026
J0209,Systems Analyst,Telstra,Sydney,Government,5+ years,3,126000,"Power BI,SQL,Jira",0,1,2025
J0210,Business Analyst,Telstra,Melbourne,Retail,1-3 years,1,92000,"Tableau,SQL,Looker,Jira",1,1,2026
J0211,Junior Data Analyst,PwC,Brisbane,Retail,3-5 years,1,96000,"Azure,BPMN,Machine Learning,Looker,Tableau,DAX,AWS,SQL",0,0,2024
J0212,Systems Analyst,Amazon,Sydney,Consulting,3-5 years,2,104000,"AWS,BPMN,Jira,SQL",0,0,2024
J0213,Business Analyst,Telstra,Sydney,Energy,3-5 years,2,118000,"Machine Learning,Python,Stakeholder Management,Excel,Azure,Tableau,SQL",1,0,2025
J0214,Data Analyst,Telstra,Perth,Retail,5+ years,3,125000,"Power BI,Machine Learning,SQL,Python,DAX",1,0,2025
J0215,Business Analyst,Amazon,Melbourne,Retail,5+ years,3,115000,"Power BI,Excel,BPMN,R",0,0,2026
J0216,Business Analyst,Amazon,Brisbane,Technology,1-3 years,1,87000,"Excel,Machine Learning,BPMN,Power BI,Looker,SQL,DAX,Jira",1,1,2025
J0217,Senior Data Analyst,Amazon,Melbourne,Healthcare,3-5 years,2,114000,"Power BI,Python,BPMN,R,Tableau,Azure,Looker,SQL",1,0,2025
J0218,Senior Data Analyst,KPMG,Brisbane,Finance,1-3 years,2,98000,"Power BI,SQL,Agile,Machine Learning",1,1,2026
J0219,Data Analyst,NAB,Sydney,Energy,1-3 years,1,92000,"Power BI,BPMN,DAX,SQL,Looker,Azure,AWS",0,0,2026
J0220,BI Analyst,NAB,Melbourne,Finance,Graduate/<1yr,0,81000,"R,Python,SQL,AWS,Excel,Stakeholder Management",1,1,2026
J0221,Junior Data Analyst,Telstra,Melbourne,Property,1-3 years,1,81000,"Power BI,SQL,Jira,Stakeholder Management,R,Tableau",0,1,2024
J0222,Junior Data Analyst,Deloitte,Sydney,Property,5+ years,1,88000,"Power BI,SQL,Azure,Stakeholder Management,Jira,AWS,BPMN",1,0,2026
J0223,Business Analyst,Deloitte,Melbourne,Retail,3-5 years,2,106000,"Power BI,Python,Agile,Machine Learning,Tableau,Looker,SQL,Stakeholder Management",0,0,2025
J0224,Systems Analyst,NAB,Sydney,Retail,3-5 years,2,113000,"Jira,SQL,AWS,BPMN,Azure,Python,Power BI",0,0,2026
J0225,Business Analyst,ANZ Bank,Melbourne,Retail,3-5 years,2,109000,"Machine Learning,Agile,Stakeholder Management,Jira",0,0,2025
J0226,Data Analyst,Telstra,Melbourne,Healthcare,3-5 years,2,105000,"Excel,Power BI,Looker,Jira,Tableau,Machine Learning,SQL",0,0,2024
J0227,Reporting Analyst,Telstra,Melbourne,Healthcare,3-5 years,2,106000,"Power BI,Jira,R,Agile,AWS,BPMN,Tableau,SQL",0,0,2025
J0228,Business Analyst,ANZ Bank,Brisbane,Property,1-3 years,1,80000,"Azure,SQL,Tableau,Jira",0,0,2026
J0229,Junior Data Analyst,ANZ Bank,Sydney,Government,1-3 years,1,92000,"Power BI,SQL,R,BPMN,Jira,Python",0,0,2025
J0230,BI Analyst,Amazon,Melbourne,Energy,5+ years,3,132000,"SQL,Agile,Excel,Python,DAX,Azure",1,1,2025
J0231,Senior Data Analyst,Amazon,Melbourne,Government,1-3 years,2,108000,"Power BI,SQL,DAX,Python,Excel,R,Tableau",1,0,2026
J0232,Reporting Analyst,Deloitte,Sydney,Retail,5+ years,3,130000,"Power BI,BPMN,Azure,SQL,R,Looker,DAX",1,0,2026
J0233,Senior Business Analyst,Amazon,Melbourne,Consulting,3-5 years,2,107000,"SQL,DAX,AWS,Power BI,Tableau,Machine Learning",0,0,2025
J0234,Senior Data Analyst,Deloitte,Melbourne,Consulting,Graduate/<1yr,2,103000,"Power BI,SQL,Machine Learning,Tableau",0,0,2024
J0235,Systems Analyst,Commonwealth Bank,Melbourne,Healthcare,5+ years,3,123000,"Agile,SQL,Machine Learning",0,0,2025
J0236,Senior Data Analyst,PwC,Brisbane,Healthcare,5+ years,3,130000,"Power BI,SQL,Machine Learning,DAX,Python",0,1,2025
J0237,Business Analyst,Deloitte,Sydney,Technology,1-3 years,1,97000,"Azure,SQL,DAX",0,0,2026
J0238,BI Analyst,PwC,Melbourne,Finance,1-3 years,1,95000,"Python,SQL,R,AWS,Machine Learning",1,0,2026
J0239,Senior Data Analyst,Telstra,Perth,Energy,1-3 years,2,104000,"Excel,SQL,AWS",1,0,2026
J0240,Senior Data Analyst,Telstra,Melbourne,Finance,3-5 years,2,98000,"Power BI,SQL,R,AWS,Jira,Stakeholder Management,DAX",0,0,2026
J0241,BI Analyst,ANZ Bank,Melbourne,Retail,5+ years,3,127000,"BPMN,SQL,R,Azure,DAX",1,0,2025
J0242,Business Analyst,KPMG,Sydney,Consulting,3-5 years,2,103000,"Power BI,SQL,DAX,Looker",1,0,2026
J0243,Senior Data Analyst,Telstra,Perth,Healthcare,5+ years,3,117000,"AWS,SQL,Machine Learning",1,0,2024
J0244,Data Analyst,Commonwealth Bank,Melbourne,Consulting,1-3 years,1,91000,"Power BI,Python,Azure,R,Stakeholder Management,SQL,BPMN",1,0,2026
J0245,Business Analyst,ANZ Bank,Sydney,Government,3-5 years,2,105000,"Jira,SQL,Tableau",0,0,2025
J0246,Senior Business Analyst,KPMG,Brisbane,Technology,1-3 years,2,96000,"Looker,SQL,Tableau",0,1,2026
J0247,Senior Data Analyst,KPMG,Melbourne,Technology,3-5 years,2,105000,"Power BI,SQL,Agile,BPMN,Excel,Jira,R,DAX",1,1,2024
J0248,BI Analyst,Woolworths,Melbourne,Finance,3-5 years,2,103000,"Looker,R,Azure,Stakeholder Management,Power BI",0,0,2024
J0249,Systems Analyst,KPMG,Melbourne,Energy,1-3 years,1,80000,"Looker,Power BI,AWS,Jira,Agile,SQL,BPMN,Excel",0,1,2025
J0250,Data Analyst,Amazon,Melbourne,Government,1-3 years,1,83000,"Looker,SQL,Machine Learning,DAX",0,0,2026
J0251,BI Analyst,ANZ Bank,Melbourne,Property,3-5 years,2,110000,"Agile,SQL,Jira,Azure,Power BI,AWS,DAX,Stakeholder Management",1,0,2025
J0252,Senior Data Analyst,Deloitte,Brisbane,Consulting,Graduate/<1yr,2,97000,"Power BI,Excel,Agile,SQL,BPMN",0,0,2026
J0253,Data Analyst,Woolworths,Sydney,Energy,5+ years,3,134000,"Power BI,SQL,Jira,Stakeholder Management,Python,Excel,BPMN,Azure",1,0,2026
J0254,Data Analyst,Deloitte,Brisbane,Property,3-5 years,2,98000,"Power BI,SQL,Excel,Agile,Tableau",0,0,2025
J0255,Data Analyst,KPMG,Melbourne,Consulting,3-5 years,2,112000,"Power BI,Python,Agile,Azure,Excel,SQL,AWS",0,1,2025
J0256,Business Analyst,NAB,Canberra,Retail,Graduate/<1yr,0,71000,"DAX,R,Agile,Python,Excel,Power BI,SQL",0,1,2025
J0257,Senior Business Analyst,Dept of Health,Brisbane,Finance,1-3 years,2,105000,"DAX,SQL,Azure",1,1,2024
J0258,Senior Business Analyst,NAB,Melbourne,Retail,Graduate/<1yr,2,108000,"Azure,SQL,DAX,AWS",0,0,2025
J0259,Data Analyst,Woolworths,Canberra,Energy,3-5 years,2,106000,"Excel,SQL,Power BI,Looker,Agile,BPMN",0,1,2026
J0260,BI Analyst,Amazon,Melbourne,Property,Graduate/<1yr,0,68000,"Power BI,SQL,Excel",0,0,2025
J0261,Junior Data Analyst,Telstra,Canberra,Government,1-3 years,1,101000,"Jira,SQL,Power BI,Machine Learning,Python",0,1,2024
J0262,Senior Data Analyst,PwC,Sydney,Government,Graduate/<1yr,2,113000,"Power BI,SQL,AWS,DAX,Tableau",0,0,2024
J0263,Associate BA,KPMG,Adelaide,Energy,1-3 years,1,84000,"SQL,Excel,Stakeholder Management,Jira,BPMN,Power BI,Looker,Machine Learning",0,0,2025
J0264,Data Analyst,Commonwealth Bank,Adelaide,Consulting,3-5 years,2,99000,"Power BI,SQL,Stakeholder Management,Looker,AWS,Python,Excel,Agile",0,0,2026
J0265,Reporting Analyst,Deloitte,Brisbane,Finance,1-3 years,1,85000,"Agile,SQL,Power BI,Tableau,Looker,Machine Learning,Stakeholder Management",0,0,2026
J0266,Junior Data Analyst,KPMG,Perth,Energy,3-5 years,1,99000,"Power BI,R,Agile,Stakeholder Management,Machine Learning,Tableau,Azure",1,0,2026
J0267,Systems Analyst,Amazon,Sydney,Healthcare,3-5 years,2,109000,"Agile,SQL,Stakeholder Management,Python,Machine Learning,Power BI",1,0,2025
J0268,Business Analyst,PwC,Melbourne,Consulting,5+ years,3,125000,"Machine Learning,SQL,BPMN,R",0,0,2024
J0269,BI Analyst,Deloitte,Brisbane,Property,Graduate/<1yr,0,80000,"DAX,Machine Learning,Azure,SQL",1,1,2026
J0270,Data Analyst,NAB,Melbourne,Government,1-3 years,1,96000,"Power BI,SQL,DAX",0,0,2025
J0271,Data Analyst,Deloitte,Melbourne,Retail,1-3 years,1,88000,"Power BI,SQL,AWS",0,0,2024
J0272,Business Analyst,Woolworths,Sydney,Retail,1-3 years,1,88000,"Jira,SQL,Power BI,R,DAX,AWS,Agile",0,0,2026
J0273,Reporting Analyst,ANZ Bank,Sydney,Healthcare,3-5 years,2,107000,"Power BI,Azure,Jira",1,1,2024
J0274,Business Analyst,Deloitte,Sydney,Consulting,1-3 years,1,92000,"Power BI,Looker,SQL",1,1,2026
J0275,Business Analyst,ANZ Bank,Sydney,Retail,3-5 years,2,105000,"Power BI,SQL,Stakeholder Management",1,0,2025
J0276,BI Analyst,NAB,Remote,Government,Graduate/<1yr,0,73000,"Power BI,SQL,AWS,DAX",1,0,2024
J0277,BI Analyst,Woolworths,Melbourne,Energy,1-3 years,1,87000,"Power BI,SQL,Looker,R,Excel",0,0,2025
J0278,Business Analyst,Woolworths,Melbourne,Healthcare,Graduate/<1yr,0,70000,"R,SQL,Python,Excel",1,0,2026
J0279,Reporting Analyst,KPMG,Brisbane,Finance,Graduate/<1yr,0,71000,"Machine Learning,SQL,AWS,DAX,Power BI,R,Stakeholder Management",1,1,2025
J0280,Business Analyst,KPMG,Canberra,Consulting,1-3 years,1,82000,"R,SQL,DAX,BPMN",0,0,2026
J0281,Data Analyst,Dept of Health,Melbourne,Government,3-5 years,2,101000,"Power BI,SQL,R,AWS,Excel",0,1,2024
J0282,Systems Analyst,Commonwealth Bank,Brisbane,Technology,1-3 years,1,83000,"R,BPMN,SQL,Excel,Python,Power BI,Agile,AWS",0,1,2026
J0283,Business Analyst,Commonwealth Bank,Melbourne,Finance,3-5 years,2,102000,"Tableau,SQL,Excel,Stakeholder Management,DAX,BPMN,Power BI",1,1,2026
J0284,Reporting Analyst,Telstra,Sydney,Energy,3-5 years,2,115000,"Excel,SQL,DAX,Python,Tableau,Azure,Looker,AWS",1,1,2026
J0285,Data Analyst,KPMG,Sydney,Property,5+ years,3,131000,"Jira,SQL,Power BI,Stakeholder Management,Excel,Python,BPMN",0,0,2026
J0286,Business Analyst,KPMG,Melbourne,Retail,5+ years,3,130000,"AWS,DAX,SQL,R,Agile,Power BI,Azure,Excel",0,0,2025
J0287,Systems Analyst,Deloitte,Adelaide,Healthcare,Graduate/<1yr,0,65000,"Power BI,SQL,AWS,Looker,Excel,R,Azure",1,0,2026
J0288,Senior Data Analyst,KPMG,Remote,Consulting,5+ years,3,111000,"Azure,SQL,Tableau,DAX,Looker,Stakeholder Management",0,1,2026
J0289,Data Analyst,Deloitte,Melbourne,Finance,3-5 years,2,107000,"Excel,SQL,DAX,Jira,Power BI,Python",1,0,2026
J0290,Senior Data Analyst,NAB,Adelaide,Consulting,1-3 years,2,104000,"Power BI,SQL,Machine Learning,Excel,AWS,DAX,Looker,R",0,1,2026
J0291,Business Analyst,Deloitte,Canberra,Consulting,1-3 years,1,86000,"DAX,SQL,Power BI",0,0,2025
J0292,Associate BA,Amazon,Remote,Property,1-3 years,1,76000,"Power BI,SQL,Looker",0,1,2025
J0293,Reporting Analyst,Commonwealth Bank,Melbourne,Property,1-3 years,1,86000,"Power BI,SQL,Jira,BPMN",0,0,2025
J0294,Business Analyst,Deloitte,Melbourne,Finance,Graduate/<1yr,0,75000,"Power BI,Python,Azure,Looker,DAX",0,0,2026
J0295,Data Analyst,Woolworths,Melbourne,Consulting,5+ years,3,123000,"Power BI,BPMN,SQL,Jira,Python,Looker,DAX",0,0,2025
J0296,Reporting Analyst,ANZ Bank,Melbourne,Energy,3-5 years,2,99000,"Power BI,SQL,AWS",1,0,2026
J0297,Data Analyst,PwC,Melbourne,Energy,1-3 years,1,96000,"Jira,SQL,Azure,DAX,AWS,Machine Learning,Looker",1,1,2025
J0298,Business Analyst,ANZ Bank,Perth,Property,1-3 years,1,88000,"Excel,Machine Learning,Jira,Power BI,R,SQL,Azure",0,1,2025
J0299,Business Analyst,ANZ Bank,Adelaide,Retail,3-5 years,2,105000,"Stakeholder Management,Azure,Excel,SQL,AWS,DAX,Tableau",0,1,2024
J0300,BI Analyst,NAB,Adelaide,Finance,5+ years,3,113000,"Agile,SQL,Python",1,0,2025
J0301,Business Analyst,Deloitte,Sydney,Healthcare,Graduate/<1yr,0,76000,"BPMN,Python,Tableau,Stakeholder Management,DAX,Jira,Power BI",1,1,2024
J0302,Senior Business Analyst,PwC,Melbourne,Technology,Graduate/<1yr,2,102000,"Power BI,Looker,Machine Learning,Stakeholder Management,Jira,SQL,R,Azure",0,0,2025
J0303,Business Analyst,ANZ Bank,Melbourne,Property,1-3 years,1,91000,"Power BI,SQL,R",0,0,2025
J0304,BI Analyst,Deloitte,Remote,Retail,3-5 years,2,102000,"Power BI,R,SQL,Machine Learning,AWS,Jira",1,0,2026
J0305,Associate BA,Deloitte,Melbourne,Energy,1-3 years,1,84000,"Looker,SQL,Power BI",0,0,2025
J0306,Senior Data Analyst,KPMG,Sydney,Technology,3-5 years,2,108000,"Power BI,Stakeholder Management,Python,Agile,Tableau,DAX",1,0,2026
J0307,Reporting Analyst,KPMG,Brisbane,Government,3-5 years,2,101000,"Power BI,SQL,Machine Learning,Jira,Stakeholder Management,BPMN,DAX",1,0,2025
J0308,Senior Data Analyst,Deloitte,Remote,Technology,3-5 years,2,99000,"Azure,SQL,Excel",1,0,2024
J0309,Systems Analyst,Woolworths,Melbourne,Technology,3-5 years,2,110000,"Power BI,SQL,Stakeholder Management,Looker,Tableau",0,0,2025
J0310,BI Analyst,Commonwealth Bank,Canberra,Technology,1-3 years,1,89000,"Azure,SQL,Jira,Excel,Stakeholder Management,Power BI,R",1,0,2025
J0311,Data Analyst,NAB,Sydney,Property,3-5 years,2,103000,"Power BI,SQL,Excel,Jira,Azure,Tableau,Looker",1,0,2024
J0312,Systems Analyst,Woolworths,Brisbane,Healthcare,3-5 years,2,87000,"R,SQL,Python,Power BI,Excel,Looker",0,0,2025
J0313,Senior Data Analyst,Dept of Health,Melbourne,Consulting,1-3 years,2,110000,"Looker,SQL,Power BI,DAX,Machine Learning,Excel,Python,Agile",0,0,2025
J0314,Data Analyst,KPMG,Melbourne,Property,3-5 years,2,109000,"Looker,Tableau,Excel,BPMN,SQL,Power BI,Python",0,0,2025
J0315,Business Analyst,NAB,Brisbane,Finance,1-3 years,1,82000,"Looker,Azure,Python",0,1,2025
J0316,Reporting Analyst,Dept of Health,Sydney,Retail,3-5 years,2,110000,"Power BI,SQL,Machine Learning,Stakeholder Management,Looker,R,Agile,Tableau",0,0,2026
J0317,Reporting Analyst,Amazon,Melbourne,Property,1-3 years,1,94000,"Power BI,SQL,BPMN,Azure,Stakeholder Management,Tableau",0,0,2026
J0318,BI Analyst,PwC,Remote,Healthcare,1-3 years,1,83000,"Power BI,SQL,DAX,Machine Learning",1,0,2025
J0319,Reporting Analyst,KPMG,Perth,Consulting,1-3 years,1,90000,"Power BI,Jira,SQL,Machine Learning",1,0,2024
J0320,Senior Data Analyst,KPMG,Brisbane,Energy,3-5 years,2,107000,"DAX,SQL,Azure,Power BI,R,BPMN,AWS,Machine Learning",1,0,2026
J0321,Systems Analyst,Dept of Health,Canberra,Consulting,1-3 years,1,91000,"Power BI,SQL,Tableau,DAX",0,0,2025
J0322,Systems Analyst,Deloitte,Canberra,Retail,1-3 years,1,101000,"Power BI,SQL,Agile,AWS,Looker,Machine Learning,Python",0,0,2026
J0323,Data Analyst,Commonwealth Bank,Sydney,Healthcare,Graduate/<1yr,0,63000,"Power BI,SQL,Azure",1,0,2026
J0324,BI Analyst,Deloitte,Sydney,Energy,1-3 years,1,89000,"Power BI,Tableau,SQL,DAX,Looker,Agile",0,1,2025
J0325,Reporting Analyst,Commonwealth Bank,Melbourne,Government,3-5 years,2,112000,"Tableau,SQL,Machine Learning,Agile,Stakeholder Management,Azure,R",0,0,2026
J0326,Data Analyst,KPMG,Sydney,Government,Graduate/<1yr,0,74000,"Power BI,SQL,Machine Learning,Agile,Tableau,Stakeholder Management",0,0,2025
J0327,Systems Analyst,Deloitte,Sydney,Government,3-5 years,2,102000,"Stakeholder Management,SQL,Azure",0,0,2026
J0328,BI Analyst,ANZ Bank,Sydney,Consulting,1-3 years,1,88000,"Looker,SQL,Azure,Power BI,Jira",1,1,2026
J0329,Business Analyst,Woolworths,Perth,Government,3-5 years,2,94000,"Power BI,SQL,Tableau,Looker,R",0,0,2025
J0330,Junior Data Analyst,Telstra,Melbourne,Retail,3-5 years,1,91000,"AWS,Power BI,SQL,Tableau,Jira,BPMN",1,1,2025
J0331,Reporting Analyst,Deloitte,Sydney,Healthcare,5+ years,3,134000,"Power BI,SQL,AWS,Machine Learning,Python",0,0,2026
J0332,Associate BA,ANZ Bank,Melbourne,Retail,1-3 years,1,102000,"Python,SQL,DAX,Tableau,Looker,Power BI,Stakeholder Management,Azure",0,1,2025
J0333,Senior Data Analyst,Deloitte,Sydney,Government,1-3 years,2,119000,"R,AWS,Power BI,Machine Learning,Python",0,0,2025
J0334,Systems Analyst,PwC,Remote,Healthcare,1-3 years,1,84000,"R,SQL,Python,Agile,BPMN,Power BI,Tableau",0,0,2025
J0335,Data Analyst,Commonwealth Bank,Melbourne,Finance,3-5 years,2,90000,"Power BI,Excel,SQL,R",0,0,2026
J0336,Business Analyst,NAB,Melbourne,Property,Graduate/<1yr,0,68000,"Power BI,SQL,DAX,Looker,Agile,Tableau",1,1,2026
J0337,BI Analyst,Dept of Health,Melbourne,Technology,1-3 years,1,97000,"Machine Learning,SQL,Power BI,Excel,Looker",0,0,2025
J0338,Senior Business Analyst,Telstra,Melbourne,Property,3-5 years,2,115000,"DAX,SQL,Excel,Power BI,Looker,Machine Learning,R,Azure",0,1,2024
J0339,Senior Data Analyst,Amazon,Canberra,Healthcare,1-3 years,2,100000,"Power BI,Agile,R,SQL",1,0,2024
J0340,Reporting Analyst,PwC,Sydney,Government,3-5 years,2,100000,"Python,SQL,AWS,Jira,Azure,Power BI",0,0,2024
J0341,Data Analyst,ANZ Bank,Sydney,Consulting,1-3 years,1,103000,"Jira,Machine Learning,Stakeholder Management,SQL,Tableau,AWS,Azure,Looker",0,1,2026
J0342,Senior Business Analyst,KPMG,Adelaide,Property,3-5 years,2,90000,"Tableau,SQL,Excel",1,0,2024
J0343,Business Analyst,Deloitte,Sydney,Energy,5+ years,3,125000,"Stakeholder Management,SQL,Power BI,Machine Learning,Agile,BPMN",0,0,2025
J0344,Systems Analyst,Woolworths,Sydney,Finance,3-5 years,2,102000,"Excel,SQL,Python,R,Looker,Power BI,Azure",0,1,2026
J0345,Business Analyst,Dept of Health,Sydney,Healthcare,3-5 years,2,113000,"Power BI,SQL,Python,R,Machine Learning,Azure",0,0,2026
J0346,Associate BA,ANZ Bank,Sydney,Government,Graduate/<1yr,0,77000,"Power BI,SQL,Azure,Tableau,Jira,R,DAX,Agile",1,0,2024
J0347,Systems Analyst,PwC,Sydney,Finance,5+ years,3,133000,"Power BI,SQL,Azure,Python,Agile",0,0,2026
J0348,BI Analyst,Amazon,Brisbane,Finance,5+ years,3,128000,"BPMN,DAX,Stakeholder Management,Machine Learning,Power BI,Azure",0,0,2025
J0349,Reporting Analyst,Woolworths,Sydney,Energy,3-5 years,2,106000,"Machine Learning,Agile,Excel,Jira,SQL",1,0,2025
J0350,Junior Data Analyst,KPMG,Melbourne,Consulting,1-3 years,1,97000,"Power BI,Stakeholder Management,AWS,Tableau,SQL,Azure",0,0,2025
J0351,Business Analyst,Telstra,Brisbane,Technology,3-5 years,2,97000,"R,Power BI,SQL,Machine Learning,Agile",0,1,2025
J0352,Junior Data Analyst,KPMG,Melbourne,Property,5+ years,1,83000,"Power BI,SQL,Azure",0,0,2025
J0353,Business Analyst,Telstra,Sydney,Property,Graduate/<1yr,0,61000,"Power BI,SQL,BPMN",0,1,2025
J0354,Business Analyst,NAB,Brisbane,Property,3-5 years,2,92000,"AWS,SQL,BPMN,Jira,DAX",0,0,2026
J0355,Data Analyst,Dept of Health,Sydney,Finance,3-5 years,2,112000,"Python,SQL,Machine Learning,BPMN,R,Excel",1,0,2026
J0356,Business Analyst,Amazon,Brisbane,Finance,3-5 years,2,100000,"Power BI,Looker,Python,SQL,AWS,BPMN",0,0,2025
J0357,Data Analyst,Dept of Health,Melbourne,Finance,1-3 years,1,92000,"AWS,Stakeholder Management,Tableau,R,Python",1,0,2025
J0358,Systems Analyst,NAB,Melbourne,Consulting,3-5 years,2,103000,"Power BI,SQL,Python,Jira",0,0,2024
J0359,BI Analyst,ANZ Bank,Perth,Property,3-5 years,2,105000,"Power BI,SQL,Tableau,BPMN,Looker,Stakeholder Management",0,0,2025
J0360,BI Analyst,KPMG,Brisbane,Consulting,5+ years,3,122000,"Power BI,SQL,Python",0,1,2025
J0361,BI Analyst,Woolworths,Remote,Healthcare,5+ years,3,111000,"Power BI,SQL,Tableau",0,1,2024
J0362,Data Analyst,PwC,Brisbane,Energy,1-3 years,1,86000,"R,SQL,Jira,Azure,Stakeholder Management,Agile",1,1,2025
J0363,Data Analyst,Commonwealth Bank,Melbourne,Consulting,1-3 years,1,91000,"Power BI,Looker,Agile,R,DAX,Machine Learning",0,0,2026
J0364,BI Analyst,ANZ Bank,Sydney,Energy,1-3 years,1,94000,"AWS,BPMN,Looker,SQL",1,0,2024
J0365,Junior Data Analyst,ANZ Bank,Brisbane,Consulting,1-3 years,1,85000,"BPMN,Stakeholder Management,SQL,AWS",1,1,2025
J0366,BI Analyst,NAB,Remote,Healthcare,Graduate/<1yr,0,59000,"Power BI,SQL,Excel,Looker",1,1,2024
J0367,Senior Business Analyst,Dept of Health,Sydney,Retail,1-3 years,2,103000,"Jira,SQL,Azure,Excel,R",0,0,2026
J0368,BI Analyst,NAB,Canberra,Technology,Graduate/<1yr,0,81000,"Excel,SQL,Machine Learning,Power BI,Azure,R,Tableau",1,0,2024
J0369,Reporting Analyst,Commonwealth Bank,Sydney,Healthcare,3-5 years,2,108000,"SQL,Machine Learning,AWS",1,0,2025
J0370,Junior Data Analyst,Woolworths,Remote,Retail,1-3 years,1,84000,"AWS,SQL,Excel,Python",0,0,2026
J0371,Business Analyst,Deloitte,Perth,Energy,1-3 years,1,90000,"DAX,Jira,Looker,Azure,Stakeholder Management,SQL,Python",0,1,2024
J0372,Systems Analyst,Amazon,Melbourne,Retail,1-3 years,1,81000,"Excel,SQL,Agile,Looker,Power BI,Stakeholder Management,Python",0,0,2026
J0373,Junior Data Analyst,Deloitte,Sydney,Healthcare,5+ years,1,89000,"Stakeholder Management,SQL,AWS,Jira",0,0,2026
J0374,Business Analyst,Telstra,Melbourne,Healthcare,3-5 years,2,108000,"Looker,SQL,Agile",0,1,2025
J0375,Junior Data Analyst,NAB,Perth,Retail,3-5 years,1,96000,"Machine Learning,SQL,AWS,BPMN,Python,Azure,Agile",0,0,2025
J0376,Business Analyst,KPMG,Melbourne,Finance,1-3 years,1,97000,"SQL,Looker,Power BI,Stakeholder Management,Tableau,Azure,Excel,Machine Learning",1,0,2025
J0377,Business Analyst,ANZ Bank,Melbourne,Finance,1-3 years,1,91000,"Power BI,BPMN,SQL,DAX,Jira,Python",1,0,2025
J0378,Data Analyst,Deloitte,Melbourne,Retail,3-5 years,2,102000,"Power BI,SQL,DAX,BPMN,Jira,Stakeholder Management,Agile",0,1,2025
J0379,Senior Data Analyst,Dept of Health,Brisbane,Healthcare,3-5 years,2,95000,"Power BI,SQL,Python",1,0,2026
J0380,Data Analyst,ANZ Bank,Sydney,Finance,Graduate/<1yr,0,77000,"SQL,Power BI,BPMN,Jira,Machine Learning,Azure,Looker,AWS",1,0,2025
J0381,Business Analyst,KPMG,Melbourne,Retail,Graduate/<1yr,0,82000,"BPMN,SQL,Azure,Looker,Power BI,AWS,Machine Learning",0,0,2026
J0382,Senior Data Analyst,Telstra,Melbourne,Technology,1-3 years,2,100000,"Power BI,SQL,DAX",0,0,2025
J0383,Business Analyst,Telstra,Melbourne,Government,1-3 years,1,102000,"SQL,Python,Tableau,BPMN,Machine Learning,Azure,Excel,Jira",1,0,2026
J0384,Senior Business Analyst,KPMG,Perth,Energy,1-3 years,2,94000,"Power BI,SQL,BPMN",0,0,2026
J0385,Senior Business Analyst,Amazon,Sydney,Consulting,3-5 years,2,111000,"Stakeholder Management,SQL,Excel,Machine Learning,Power BI",0,0,2026
J0386,BI Analyst,Deloitte,Brisbane,Government,3-5 years,2,93000,"DAX,Azure,Power BI,Agile",1,1,2025
J0387,Data Analyst,Dept of Health,Melbourne,Property,1-3 years,1,99000,"DAX,SQL,R,Python,Looker,Jira,AWS,Excel",1,1,2025
J0388,Senior Business Analyst,KPMG,Sydney,Property,3-5 years,2,102000,"Power BI,Stakeholder Management,Jira,SQL,BPMN,Agile,Tableau,R",1,0,2026
J0389,Business Analyst,Woolworths,Brisbane,Healthcare,5+ years,3,126000,"SQL,Power BI,Python,AWS,Agile",0,0,2026
J0390,Data Analyst,Dept of Health,Remote,Healthcare,Graduate/<1yr,0,76000,"Looker,SQL,Agile,Python,Jira,Tableau,Machine Learning",0,0,2026
J0391,Systems Analyst,KPMG,Melbourne,Government,1-3 years,1,98000,"Power BI,Azure,Excel,SQL,Looker,AWS,Machine Learning,Stakeholder Management",0,0,2026
J0392,Business Analyst,Telstra,Adelaide,Property,3-5 years,2,95000,"Stakeholder Management,SQL,R,BPMN,Power BI,Agile",1,0,2025
J0393,Senior Business Analyst,Woolworths,Canberra,Property,3-5 years,2,105000,"DAX,SQL,Azure",1,1,2026
J0394,Senior Business Analyst,ANZ Bank,Perth,Energy,Graduate/<1yr,2,98000,"Excel,SQL,BPMN",1,0,2025
J0395,Reporting Analyst,ANZ Bank,Brisbane,Technology,3-5 years,2,89000,"Power BI,Stakeholder Management,DAX,Jira,R",1,0,2025
J0396,Systems Analyst,Deloitte,Sydney,Finance,3-5 years,2,105000,"Power BI,SQL,Azure,Agile",1,0,2025
J0397,Senior Business Analyst,PwC,Sydney,Retail,Graduate/<1yr,2,107000,"Power BI,Python,Looker,R,DAX,SQL,Stakeholder Management",0,0,2026
J0398,Data Analyst,Woolworths,Melbourne,Government,3-5 years,2,107000,"Excel,SQL,DAX,Azure,Looker,R,Python",0,0,2024
J0399,Senior Data Analyst,Amazon,Perth,Technology,1-3 years,2,101000,"Machine Learning,Looker,Tableau,Agile,R,Stakeholder Management,Azure",0,0,2024
J0400,Senior Data Analyst,Deloitte,Sydney,Energy,3-5 years,2,106000,"Jira,SQL,Looker,Power BI,R,Stakeholder Management,Tableau",0,0,2025
J0401,Reporting Analyst,NAB,Remote,Retail,3-5 years,2,89000,"Power BI,SQL,BPMN,AWS,Stakeholder Management",1,1,2026
J0402,Senior Business Analyst,Amazon,Melbourne,Government,3-5 years,2,115000,"Machine Learning,SQL,Agile,R,Tableau,Power BI,Azure",0,0,2024
J0403,Systems Analyst,ANZ Bank,Remote,Healthcare,Graduate/<1yr,0,59000,"Power BI,Jira,BPMN,DAX,SQL,Azure",0,0,2025
J0404,Data Analyst,Dept of Health,Perth,Healthcare,3-5 years,2,104000,"Power BI,R,AWS",1,0,2024
J0405,Senior Data Analyst,PwC,Sydney,Technology,5+ years,3,133000,"Looker,SQL,DAX,Power BI,Machine Learning,Excel,Agile",0,1,2025
J0406,Business Analyst,KPMG,Perth,Healthcare,3-5 years,2,106000,"Looker,SQL,R,Python,AWS",0,0,2026
J0407,Data Analyst,KPMG,Canberra,Healthcare,1-3 years,1,98000,"Power BI,SQL,Stakeholder Management,Tableau,Azure,Python,Machine Learning,Looker",0,0,2024
J0408,Data Analyst,Deloitte,Brisbane,Property,Graduate/<1yr,0,73000,"Power BI,SQL,Machine Learning,BPMN,Looker",0,0,2026
J0409,Business Analyst,NAB,Melbourne,Government,3-5 years,2,107000,"AWS,SQL,Excel,Python,Stakeholder Management,Tableau,Agile,Power BI",1,1,2025
J0410,BI Analyst,Deloitte,Sydney,Technology,3-5 years,2,106000,"Stakeholder Management,SQL,Azure,Jira",0,0,2025
J0411,Associate BA,Woolworths,Sydney,Government,3-5 years,2,105000,"Power BI,SQL,Stakeholder Management,AWS,Azure",0,0,2025
J0412,Data Analyst,Amazon,Perth,Energy,5+ years,3,117000,"Power BI,Machine Learning,R,Excel",0,1,2024
J0413,BI Analyst,Woolworths,Melbourne,Consulting,3-5 years,2,101000,"DAX,SQL,Machine Learning,Power BI,Tableau,Agile,Jira,Looker",0,1,2025
J0414,Data Analyst,NAB,Perth,Consulting,5+ years,3,132000,"Power BI,SQL,Agile,Tableau,Machine Learning,Python,Looker,DAX",1,0,2025
J0415,Business Analyst,Dept of Health,Remote,Retail,1-3 years,1,87000,"Stakeholder Management,SQL,AWS,Machine Learning,Python,BPMN",1,0,2026
J0416,Senior Business Analyst,Dept of Health,Canberra,Healthcare,1-3 years,2,112000,"Power BI,R,Azure,Python,DAX,SQL,Excel,AWS",1,0,2026
J0417,Senior Data Analyst,Dept of Health,Adelaide,Consulting,1-3 years,2,104000,"Power BI,Agile,Jira,Looker,DAX,BPMN,R,Machine Learning",1,0,2026
J0418,Senior Data Analyst,Dept of Health,Melbourne,Energy,1-3 years,2,96000,"Power BI,AWS,Agile,Azure,Python,Excel,Stakeholder Management",0,1,2026
J0419,Reporting Analyst,ANZ Bank,Canberra,Retail,1-3 years,1,94000,"BPMN,SQL,AWS,Azure,Stakeholder Management,Jira,Power BI,Python",1,0,2025
J0420,Business Analyst,Woolworths,Remote,Government,1-3 years,1,87000,"Stakeholder Management,SQL,Azure,AWS,Power BI,Machine Learning",0,0,2025
J0421,Systems Analyst,Dept of Health,Adelaide,Energy,1-3 years,1,86000,"SQL,Python,DAX",0,0,2026
J0422,Senior Business Analyst,Commonwealth Bank,Canberra,Government,1-3 years,2,103000,"Power BI,SQL,Azure,BPMN",1,1,2024
J0423,Business Analyst,Deloitte,Sydney,Consulting,Graduate/<1yr,0,68000,"Power BI,SQL,Python",0,1,2025
J0424,BI Analyst,PwC,Melbourne,Government,3-5 years,2,104000,"Azure,AWS,Stakeholder Management,Power BI,Looker,Machine Learning,SQL",0,0,2026
J0425,Business Analyst,Commonwealth Bank,Melbourne,Retail,3-5 years,2,102000,"DAX,SQL,Excel,Jira,Stakeholder Management",1,0,2025
J0426,Business Analyst,Commonwealth Bank,Melbourne,Energy,1-3 years,1,88000,"Power BI,SQL,AWS,Looker,DAX,Azure",0,0,2025
J0427,Business Analyst,Dept of Health,Melbourne,Retail,1-3 years,1,89000,"Jira,Python,Power BI,Tableau,SQL,R,Looker",1,1,2024
J0428,Reporting Analyst,ANZ Bank,Melbourne,Energy,5+ years,3,137000,"Python,Agile,AWS,Machine Learning,Power BI,BPMN",1,0,2026
J0429,Senior Data Analyst,Deloitte,Melbourne,Retail,3-5 years,2,103000,"Power BI,SQL,BPMN,Agile,Stakeholder Management",0,0,2026
J0430,Associate BA,NAB,Adelaide,Retail,3-5 years,2,94000,"Machine Learning,SQL,Tableau,DAX,Stakeholder Management,Power BI,Azure,Agile",0,0,2026
J0431,Reporting Analyst,Telstra,Melbourne,Retail,1-3 years,1,89000,"Power BI,SQL,Python,BPMN,R",0,0,2024
J0432,Reporting Analyst,Woolworths,Sydney,Finance,3-5 years,2,107000,"Looker,SQL,Excel,Jira,Azure",0,0,2025
J0433,Junior Data Analyst,Commonwealth Bank,Melbourne,Government,1-3 years,1,95000,"SQL,DAX,Machine Learning,Stakeholder Management,Jira",0,1,2025
J0434,Data Analyst,PwC,Sydney,Retail,Graduate/<1yr,0,74000,"Power BI,SQL,Azure",0,1,2026
J0435,Business Analyst,NAB,Melbourne,Retail,3-5 years,2,99000,"BPMN,DAX,Power BI,SQL",1,0,2024
J0436,Senior Data Analyst,ANZ Bank,Sydney,Finance,1-3 years,2,107000,"Power BI,SQL,Looker,Tableau,AWS,Jira,Stakeholder Management,Python",0,0,2026
J0437,Reporting Analyst,Commonwealth Bank,Brisbane,Consulting,3-5 years,2,102000,"SQL,Tableau,BPMN,Excel",0,0,2026
J0438,Business Analyst,Telstra,Sydney,Consulting,Graduate/<1yr,0,71000,"Power BI,SQL,Jira,Excel,Python",0,1,2026
J0439,Senior Business Analyst,KPMG,Sydney,Retail,Graduate/<1yr,2,105000,"DAX,SQL,Power BI",1,0,2025
J0440,Reporting Analyst,ANZ Bank,Sydney,Healthcare,1-3 years,1,78000,"Azure,SQL,Jira,BPMN,Power BI,Excel,Stakeholder Management",0,0,2024
J0441,BI Analyst,Deloitte,Sydney,Healthcare,3-5 years,2,110000,"Power BI,SQL,BPMN,Azure",0,0,2026
J0442,Business Analyst,Amazon,Sydney,Technology,3-5 years,2,108000,"Looker,Jira,SQL,Python,BPMN,Agile,Machine Learning,Stakeholder Management",0,0,2025
J0443,Senior Data Analyst,NAB,Brisbane,Healthcare,5+ years,3,120000,"Power BI,SQL,Tableau,Excel,Python",1,0,2024
J0444,Associate BA,PwC,Melbourne,Consulting,1-3 years,1,75000,"Power BI,SQL,Excel",0,0,2026
J0445,Reporting Analyst,PwC,Canberra,Retail,5+ years,3,143000,"Power BI,DAX,Machine Learning,R,SQL,Azure,BPMN,Looker",0,0,2024
J0446,Senior Data Analyst,KPMG,Sydney,Healthcare,3-5 years,2,118000,"Machine Learning,Power BI,BPMN,Tableau,DAX,SQL,Azure,Agile",1,0,2025
J0447,Business Analyst,Woolworths,Perth,Retail,Graduate/<1yr,0,69000,"Power BI,SQL,BPMN,Looker,Jira,Azure",0,0,2025
J0448,Systems Analyst,PwC,Adelaide,Property,1-3 years,1,77000,"R,SQL,Excel",0,0,2026
J0449,Senior Business Analyst,Telstra,Adelaide,Energy,3-5 years,2,102000,"SQL,AWS,DAX,Tableau,Machine Learning,Agile,Looker",0,0,2025
J0450,Data Analyst,KPMG,Brisbane,Consulting,Graduate/<1yr,0,61000,"Power BI,Agile,Tableau,BPMN",0,0,2025
J0451,Junior Data Analyst,Amazon,Melbourne,Energy,1-3 years,1,91000,"DAX,SQL,Python,Looker",1,0,2024
J0452,Business Analyst,Amazon,Sydney,Finance,1-3 years,1,98000,"Power BI,SQL,Python",1,0,2026
J0453,Associate BA,PwC,Canberra,Government,3-5 years,2,105000,"Power BI,Stakeholder Management,Azure,Excel",1,0,2026
J0454,Senior Data Analyst,Dept of Health,Brisbane,Retail,5+ years,3,115000,"Power BI,SQL,Jira",0,1,2025
J0455,Junior Data Analyst,ANZ Bank,Remote,Government,5+ years,1,96000,"Power BI,Machine Learning,SQL,Looker,Tableau,AWS",0,0,2025
J0456,Business Analyst,NAB,Perth,Healthcare,Graduate/<1yr,0,76000,"Jira,SQL,BPMN,Looker",0,1,2025
J0457,Senior Business Analyst,PwC,Perth,Government,Graduate/<1yr,2,92000,"Agile,SQL,Power BI",1,0,2024
J0458,Business Analyst,KPMG,Perth,Finance,3-5 years,2,104000,"Looker,SQL,AWS,Machine Learning",0,0,2026
J0459,BI Analyst,KPMG,Melbourne,Energy,1-3 years,1,97000,"Power BI,SQL,Looker,Machine Learning,R,Excel,Python",1,0,2025
J0460,Senior Data Analyst,PwC,Perth,Government,3-5 years,2,107000,"Machine Learning,SQL,Python,Tableau,Azure,Stakeholder Management",0,0,2025
J0461,Business Analyst,Commonwealth Bank,Sydney,Healthcare,3-5 years,2,111000,"Power BI,Excel,Looker,BPMN,SQL,Agile,R,Tableau",0,0,2026
J0462,Business Analyst,Telstra,Sydney,Consulting,1-3 years,1,92000,"Power BI,Python,SQL",0,0,2026
J0463,BI Analyst,Deloitte,Adelaide,Healthcare,3-5 years,2,103000,"Azure,SQL,Agile,Looker,Stakeholder Management,Power BI,Excel,Machine Learning",0,0,2026
J0464,Senior Data Analyst,PwC,Sydney,Healthcare,1-3 years,2,109000,"Power BI,SQL,Tableau,Azure,Looker",0,0,2024
J0465,Data Analyst,ANZ Bank,Brisbane,Energy,3-5 years,2,102000,"Power BI,SQL,Python",1,1,2025
J0466,Business Analyst,NAB,Perth,Retail,1-3 years,1,82000,"Tableau,Excel,DAX,Power BI,Stakeholder Management",1,0,2024
J0467,Business Analyst,Deloitte,Brisbane,Finance,1-3 years,1,89000,"Azure,Stakeholder Management,SQL,AWS,Power BI",1,0,2024
J0468,Data Analyst,Commonwealth Bank,Brisbane,Retail,3-5 years,2,89000,"Agile,SQL,Stakeholder Management,R,Excel,Power BI",0,0,2026
J0469,Data Analyst,ANZ Bank,Sydney,Consulting,3-5 years,2,106000,"Power BI,SQL,R,Python,Agile,Stakeholder Management",1,0,2026
J0470,Insights Analyst,Amazon,Sydney,Energy,5+ years,3,127000,"Machine Learning,SQL,R",0,0,2026
J0471,Systems Analyst,NAB,Sydney,Retail,1-3 years,1,94000,"Power BI,Jira,Stakeholder Management,Looker,SQL,Python",1,0,2024
J0472,BI Analyst,ANZ Bank,Melbourne,Government,3-5 years,2,107000,"Tableau,Azure,Agile,Power BI,Looker,SQL,R",0,0,2026
J0473,Business Analyst,NAB,Sydney,Retail,1-3 years,1,87000,"Stakeholder Management,Agile,Excel,Azure",1,0,2025
J0474,Data Analyst,PwC,Perth,Retail,1-3 years,1,81000,"Power BI,SQL,DAX,R",0,0,2024
J0475,Senior Business Analyst,Dept of Health,Melbourne,Finance,3-5 years,2,101000,"BPMN,SQL,AWS",1,1,2024
J0476,Data Analyst,Telstra,Melbourne,Energy,3-5 years,2,102000,"Power BI,SQL,DAX,R,Azure",0,0,2026
J0477,Systems Analyst,Deloitte,Melbourne,Technology,Graduate/<1yr,0,66000,"R,BPMN,Stakeholder Management,DAX,Azure,SQL,Tableau,Agile",0,0,2025
J0478,Reporting Analyst,Amazon,Perth,Technology,1-3 years,1,84000,"Looker,Excel,SQL,Stakeholder Management,R,Python,Jira,Tableau",1,0,2026
J0479,Senior Business Analyst,KPMG,Sydney,Energy,1-3 years,2,102000,"Power BI,Python,Looker,SQL,Agile",0,1,2025
J0480,Data Analyst,Amazon,Perth,Technology,3-5 years,2,103000,"SQL,Power BI,Jira,Excel,Machine Learning",1,0,2025
J0481,Business Analyst,Deloitte,Remote,Retail,1-3 years,1,85000,"Machine Learning,Agile,AWS,Tableau,Looker,Jira,SQL,DAX",1,0,2026
J0482,BI Analyst,Dept of Health,Sydney,Government,1-3 years,1,91000,"Power BI,SQL,Azure",1,0,2025
J0483,Insights Analyst,NAB,Melbourne,Finance,1-3 years,1,90000,"Excel,R,Agile,SQL,Power BI,Looker,Azure,Python",1,1,2026
J0484,Insights Analyst,PwC,Sydney,Retail,3-5 years,2,106000,"Power BI,SQL,Agile,Machine Learning,BPMN",0,0,2024
J0485,Reporting Analyst,Deloitte,Sydney,Property,5+ years,3,125000,"SQL,Power BI,Agile,R",0,0,2025
J0486,Reporting Analyst,ANZ Bank,Sydney,Property,Graduate/<1yr,0,76000,"R,SQL,Python,BPMN,Tableau,Azure",0,0,2025
J0487,Reporting Analyst,Dept of Health,Sydney,Energy,1-3 years,1,81000,"Excel,SQL,R,Stakeholder Management",0,0,2026
J0488,Junior Data Analyst,Amazon,Sydney,Technology,1-3 years,1,101000,"Machine Learning,SQL,Stakeholder Management,Tableau,Jira,Looker,AWS,DAX",0,0,2026
J0489,Systems Analyst,ANZ Bank,Brisbane,Government,3-5 years,2,92000,"Power BI,SQL,Stakeholder Management,R,BPMN,Tableau",0,0,2024
J0490,Data Analyst,Amazon,Sydney,Government,3-5 years,2,111000,"Power BI,SQL,Python,Stakeholder Management,Jira",0,1,2025
J0491,Senior Business Analyst,PwC,Melbourne,Property,1-3 years,2,106000,"Power BI,Tableau,Azure,Stakeholder Management,DAX,BPMN,Looker,SQL",0,0,2025
J0492,Business Analyst,ANZ Bank,Brisbane,Retail,3-5 years,2,102000,"Power BI,SQL,Azure,BPMN,Agile,Stakeholder Management,Looker",0,0,2025
J0493,Senior Data Analyst,Telstra,Perth,Healthcare,5+ years,3,118000,"Power BI,SQL,R,Looker",0,0,2025
J0494,Reporting Analyst,Deloitte,Brisbane,Consulting,3-5 years,2,101000,"Power BI,Tableau,SQL,Python",1,0,2024
J0495,Senior Business Analyst,Dept of Health,Melbourne,Consulting,1-3 years,2,111000,"Jira,SQL,Azure,Python,Power BI,AWS,Excel",1,0,2026
J0496,Senior Data Analyst,ANZ Bank,Canberra,Consulting,1-3 years,2,105000,"SQL,Power BI,DAX,BPMN",0,0,2025
J0497,Data Analyst,Dept of Health,Melbourne,Healthcare,3-5 years,2,111000,"Azure,SQL,Power BI,DAX,Stakeholder Management,Tableau",1,0,2026
J0498,Business Analyst,Deloitte,Melbourne,Technology,1-3 years,1,81000,"DAX,SQL,Excel,Jira",0,1,2025
J0499,Systems Analyst,PwC,Adelaide,Property,Graduate/<1yr,0,64000,"Excel,SQL,Agile,Stakeholder Management,Azure,AWS,Jira,R",1,0,2025
J0500,Business Analyst,NAB,Melbourne,Retail,1-3 years,1,90000,"Power BI,SQL,Tableau,AWS",1,0,2026
J0501,Data Analyst,Deloitte,Perth,Consulting,5+ years,3,129000,"DAX,SQL,Machine Learning,BPMN,Power BI",1,0,2025
J0502,Data Analyst,Commonwealth Bank,Perth,Government,Graduate/<1yr,0,68000,"AWS,SQL,Jira,Power BI",0,0,2026
J0503,Junior Data Analyst,Amazon,Remote,Consulting,3-5 years,1,75000,"Jira,SQL,R,Python",1,0,2026
J0504,Data Analyst,Commonwealth Bank,Melbourne,Finance,Graduate/<1yr,0,69000,"Jira,Agile,Power BI,Stakeholder Management,Tableau,R",0,0,2024
J0505,BI Analyst,KPMG,Canberra,Government,3-5 years,2,99000,"Power BI,SQL,Agile,Tableau",0,0,2026
J0506,Junior Data Analyst,Telstra,Perth,Finance,1-3 years,1,84000,"DAX,SQL,Jira,Python,Excel,Stakeholder Management",1,0,2024
J0507,Senior Data Analyst,Commonwealth Bank,Sydney,Government,3-5 years,2,108000,"Power BI,SQL,R",0,0,2025
J0508,Senior Data Analyst,Telstra,Melbourne,Finance,5+ years,3,115000,"Power BI,Agile,SQL,BPMN,Tableau,Looker",0,1,2025
J0509,Data Analyst,Woolworths,Melbourne,Consulting,3-5 years,2,99000,"Power BI,SQL,R",0,0,2024
J0510,Junior Data Analyst,Dept of Health,Adelaide,Retail,1-3 years,1,93000,"Power BI,SQL,DAX,Machine Learning,Stakeholder Management,Looker,Tableau",1,0,2025
J0511,Senior Business Analyst,Dept of Health,Melbourne,Property,3-5 years,2,108000,"Power BI,SQL,Azure",1,0,2025
J0512,Data Analyst,Telstra,Melbourne,Property,3-5 years,2,98000,"Tableau,SQL,Excel",0,0,2025
J0513,Data Analyst,Amazon,Sydney,Technology,5+ years,3,130000,"Machine Learning,SQL,Power BI",1,1,2025
J0514,Business Analyst,Dept of Health,Melbourne,Energy,Graduate/<1yr,0,67000,"Power BI,SQL,BPMN",0,0,2024
J0515,Data Analyst,NAB,Brisbane,Consulting,3-5 years,2,102000,"Power BI,SQL,DAX,Stakeholder Management,Azure",1,0,2025
J0516,Systems Analyst,PwC,Sydney,Government,5+ years,3,122000,"Agile,SQL,BPMN,Looker,Jira,Stakeholder Management,Excel,Power BI",0,0,2025
J0517,Systems Analyst,ANZ Bank,Perth,Healthcare,1-3 years,1,92000,"Python,SQL,Tableau,Looker,Azure,R,Stakeholder Management,Jira",0,0,2025
J0518,Reporting Analyst,Woolworths,Brisbane,Healthcare,3-5 years,2,103000,"Power BI,R,DAX,Agile,Jira,SQL,BPMN,Machine Learning",0,0,2025
J0519,Business Analyst,Telstra,Remote,Government,1-3 years,1,78000,"Power BI,SQL,Excel,AWS",1,0,2025
J0520,BI Analyst,Commonwealth Bank,Adelaide,Technology,3-5 years,2,106000,"Power BI,SQL,Agile,Tableau,Python,DAX,Excel",1,0,2025
J0521,Systems Analyst,PwC,Remote,Finance,3-5 years,2,94000,"Jira,Power BI,Tableau,Stakeholder Management,R",0,1,2026
J0522,Reporting Analyst,NAB,Sydney,Healthcare,Graduate/<1yr,0,79000,"Azure,SQL,Looker,BPMN,Excel,Machine Learning,Power BI,Stakeholder Management",1,0,2025
J0523,Junior Data Analyst,KPMG,Brisbane,Government,1-3 years,1,88000,"Stakeholder Management,SQL,Python,Excel,Azure,Tableau,BPMN",0,0,2024
J0524,Senior Business Analyst,Woolworths,Brisbane,Government,1-3 years,2,99000,"Power BI,Machine Learning,Jira,Excel,Looker,SQL,Stakeholder Management,R",0,0,2024
J0525,Data Analyst,Dept of Health,Sydney,Consulting,1-3 years,1,107000,"Agile,SQL,Tableau,DAX,Power BI,Python,Machine Learning,Looker",1,0,2026
J0526,BI Analyst,NAB,Brisbane,Healthcare,Graduate/<1yr,0,69000,"Stakeholder Management,SQL,Machine Learning",1,0,2026
J0527,Business Analyst,Deloitte,Sydney,Consulting,Graduate/<1yr,0,78000,"Power BI,BPMN,Tableau,SQL,Python,Looker",1,0,2024
J0528,Reporting Analyst,PwC,Sydney,Finance,3-5 years,2,106000,"Jira,SQL,Tableau,Excel,Python",0,0,2026
J0529,Business Analyst,Amazon,Sydney,Consulting,3-5 years,2,103000,"Excel,Looker,Power BI,SQL",1,0,2026
J0530,BI Analyst,Telstra,Canberra,Consulting,3-5 years,2,117000,"Azure,Stakeholder Management,Agile,AWS,SQL,Python,Machine Learning,Power BI",1,0,2024
J0531,BI Analyst,Commonwealth Bank,Remote,Finance,1-3 years,1,73000,"Power BI,SQL,Tableau",0,0,2025
J0532,Reporting Analyst,Telstra,Brisbane,Energy,1-3 years,1,85000,"Power BI,BPMN,Stakeholder Management,Looker,Python",0,1,2026
J0533,Reporting Analyst,PwC,Sydney,Retail,1-3 years,1,89000,"Machine Learning,SQL,Tableau,Power BI,Stakeholder Management",0,0,2025
J0534,BI Analyst,Deloitte,Melbourne,Retail,1-3 years,1,80000,"R,Looker,Tableau,SQL,AWS",1,0,2024
J0535,Business Analyst,KPMG,Melbourne,Technology,Graduate/<1yr,0,63000,"Power BI,SQL,R",0,0,2025
J0536,Systems Analyst,NAB,Sydney,Healthcare,1-3 years,1,90000,"Azure,SQL,BPMN,Machine Learning",1,1,2024
J0537,Data Analyst,Telstra,Canberra,Consulting,1-3 years,1,92000,"Power BI,SQL,R,BPMN,Jira,Looker,AWS",0,0,2026
J0538,BI Analyst,Commonwealth Bank,Melbourne,Energy,1-3 years,1,98000,"Agile,Power BI,Tableau,Machine Learning,R,AWS",0,0,2024
J0539,Business Analyst,NAB,Melbourne,Retail,3-5 years,2,97000,"DAX,BPMN,R,Power BI,SQL,Excel,AWS,Jira",1,1,2025
J0540,Reporting Analyst,Dept of Health,Melbourne,Retail,3-5 years,2,104000,"AWS,SQL,Azure,Looker,BPMN,Stakeholder Management,R",1,0,2026
J0541,Business Analyst,Dept of Health,Melbourne,Finance,5+ years,3,124000,"DAX,Agile,R,Python,AWS,Tableau,Azure",1,0,2026
J0542,Senior Business Analyst,Dept of Health,Canberra,Government,5+ years,3,118000,"Power BI,SQL,BPMN",0,0,2024
J0543,Reporting Analyst,Amazon,Sydney,Finance,5+ years,3,131000,"Power BI,BPMN,Tableau,SQL,AWS",1,0,2026
J0544,Business Analyst,Commonwealth Bank,Sydney,Retail,3-5 years,2,108000,"Azure,SQL,Stakeholder Management,Tableau,AWS,Jira,Looker",0,0,2026
J0545,Junior Data Analyst,Commonwealth Bank,Sydney,Government,5+ years,1,93000,"Power BI,SQL,Python,Looker,BPMN,Excel,Stakeholder Management",1,0,2026
J0546,Associate BA,Deloitte,Brisbane,Healthcare,5+ years,3,119000,"Power BI,Python,Excel,Jira,DAX,SQL",0,1,2024
J0547,Data Analyst,Dept of Health,Adelaide,Technology,5+ years,3,102000,"Agile,SQL,Looker",0,0,2025
J0548,Senior Business Analyst,KPMG,Melbourne,Consulting,1-3 years,2,109000,"Power BI,SQL,Tableau,Python,AWS,Azure,R",0,0,2025
J0549,Junior Data Analyst,Woolworths,Remote,Energy,Graduate/<1yr,0,68000,"Power BI,Machine Learning,SQL,Tableau",1,0,2025
J0550,Senior Data Analyst,Amazon,Sydney,Technology,1-3 years,2,114000,"Power BI,SQL,BPMN,Stakeholder Management,Machine Learning",1,0,2025
J0551,Business Analyst,KPMG,Perth,Government,1-3 years,1,95000,"Power BI,Azure,SQL,R,DAX,Machine Learning,AWS",1,0,2026
J0552,Senior Data Analyst,PwC,Sydney,Retail,1-3 years,2,111000,"Power BI,Azure,BPMN,Tableau,Python,SQL,Stakeholder Management",1,0,2026
J0553,BI Analyst,Woolworths,Sydney,Energy,1-3 years,1,93000,"Power BI,R,Azure,Machine Learning,Excel",1,0,2025
J0554,Associate BA,Woolworths,Melbourne,Finance,3-5 years,2,99000,"Power BI,SQL,R,Tableau,Machine Learning,Azure",1,0,2025
J0555,Data Analyst,Dept of Health,Sydney,Finance,3-5 years,2,114000,"Power BI,BPMN,Looker,Machine Learning,Azure,SQL",1,1,2025
J0556,Data Analyst,PwC,Melbourne,Consulting,5+ years,3,127000,"DAX,Power BI,AWS,Looker,SQL,Excel,R",1,1,2025
J0557,BI Analyst,Dept of Health,Sydney,Property,3-5 years,2,104000,"Power BI,BPMN,Excel,SQL,Azure,Stakeholder Management,Machine Learning",0,0,2024
J0558,Business Analyst,Dept of Health,Adelaide,Property,5+ years,3,108000,"Power BI,R,BPMN,Stakeholder Management",1,0,2026
J0559,Business Analyst,Deloitte,Brisbane,Energy,1-3 years,1,74000,"R,SQL,BPMN,Agile,Jira",1,0,2024
J0560,BI Analyst,Deloitte,Perth,Government,3-5 years,2,96000,"Power BI,Jira,BPMN,R,DAX,SQL,Azure",0,1,2026
J0561,Junior Data Analyst,Commonwealth Bank,Perth,Energy,1-3 years,1,91000,"Power BI,SQL,Jira,Azure,Agile,Looker",0,0,2024
J0562,Junior Data Analyst,ANZ Bank,Brisbane,Property,3-5 years,1,88000,"Power BI,SQL,Excel,R,Tableau,Looker,Machine Learning,AWS",0,1,2025
J0563,Senior Data Analyst,ANZ Bank,Remote,Energy,3-5 years,2,94000,"Power BI,SQL,Jira,BPMN,DAX,Looker",0,0,2026
J0564,Business Analyst,Amazon,Sydney,Property,1-3 years,1,91000,"Power BI,Python,Jira,Agile,AWS,BPMN",0,0,2024
J0565,Junior Data Analyst,ANZ Bank,Sydney,Energy,5+ years,1,99000,"Power BI,SQL,Looker,Stakeholder Management,AWS,Machine Learning,Agile",1,0,2026
J0566,Associate BA,PwC,Melbourne,Energy,1-3 years,1,93000,"Power BI,SQL,AWS,Machine Learning,Stakeholder Management",1,1,2024
J0567,Systems Analyst,PwC,Remote,Technology,1-3 years,1,78000,"Power BI,SQL,Stakeholder Management",0,0,2024
J0568,Systems Analyst,NAB,Sydney,Finance,Graduate/<1yr,0,81000,"AWS,SQL,Power BI,Agile,Looker,Machine Learning,Stakeholder Management",0,0,2025
J0569,Data Analyst,PwC,Perth,Technology,1-3 years,1,87000,"Excel,SQL,R",0,0,2025
J0570,BI Analyst,ANZ Bank,Melbourne,Finance,1-3 years,1,97000,"AWS,SQL,Machine Learning,DAX,R,Agile",0,1,2024
J0571,Senior Data Analyst,ANZ Bank,Perth,Energy,1-3 years,2,100000,"Power BI,SQL,Looker,Azure,DAX",0,0,2024
J0572,Reporting Analyst,Dept of Health,Melbourne,Healthcare,3-5 years,2,106000,"Power BI,SQL,Looker",0,1,2025
J0573,Business Analyst,NAB,Sydney,Property,1-3 years,1,91000,"Power BI,Agile,SQL,Excel,DAX",0,0,2026
J0574,Associate BA,PwC,Melbourne,Healthcare,3-5 years,2,103000,"Power BI,SQL,Excel",1,0,2024
J0575,Reporting Analyst,ANZ Bank,Sydney,Finance,Graduate/<1yr,0,72000,"Power BI,SQL,Azure,BPMN,Agile,Jira",0,0,2024
J0576,BI Analyst,Dept of Health,Sydney,Retail,Graduate/<1yr,0,75000,"AWS,SQL,Power BI,Stakeholder Management,R,BPMN",0,1,2026
J0577,Data Analyst,PwC,Remote,Healthcare,Graduate/<1yr,0,64000,"Power BI,SQL,Python,AWS",0,0,2025
J0578,Senior Data Analyst,Woolworths,Perth,Retail,Graduate/<1yr,2,108000,"AWS,SQL,Power BI,Python,Looker,Excel",0,0,2026
J0579,Senior Business Analyst,Woolworths,Melbourne,Energy,5+ years,3,125000,"Power BI,SQL,AWS",1,1,2024
J0580,Business Analyst,Telstra,Melbourne,Technology,5+ years,3,133000,"Power BI,AWS,Tableau,DAX,SQL,Jira,Azure",0,0,2026
J0581,BI Analyst,Dept of Health,Melbourne,Property,1-3 years,1,88000,"Power BI,SQL,Agile,DAX,Azure",1,0,2026
J0582,Data Analyst,PwC,Perth,Consulting,Graduate/<1yr,0,72000,"Power BI,SQL,BPMN,Machine Learning",1,0,2025
J0583,BI Analyst,Telstra,Melbourne,Finance,3-5 years,2,110000,"Tableau,Excel,SQL,Jira,Python,BPMN",0,1,2025
J0584,Systems Analyst,Commonwealth Bank,Sydney,Energy,3-5 years,2,109000,"SQL,Jira,Stakeholder Management,DAX,AWS,Machine Learning,Agile,Excel",1,0,2025
J0585,Senior Data Analyst,KPMG,Perth,Energy,1-3 years,2,102000,"Power BI,Machine Learning,Stakeholder Management,SQL,Jira,Azure,Looker",1,1,2026
J0586,Business Analyst,Telstra,Melbourne,Consulting,3-5 years,2,104000,"R,SQL,Azure,Stakeholder Management,AWS,Power BI,Looker",0,0,2026
J0587,BI Analyst,Woolworths,Brisbane,Retail,3-5 years,2,97000,"Python,SQL,Jira,Power BI",0,0,2024
J0588,BI Analyst,Amazon,Sydney,Property,1-3 years,1,90000,"Power BI,Azure,BPMN,AWS,Excel,SQL,Jira,Tableau",1,1,2026
J0589,Business Analyst,NAB,Melbourne,Consulting,5+ years,3,128000,"Power BI,Tableau,Azure,SQL,Machine Learning",0,1,2026
J0590,Senior Data Analyst,Amazon,Canberra,Finance,1-3 years,2,110000,"Power BI,Jira,R,Machine Learning,Python,Tableau,SQL,BPMN",1,0,2025
J0591,Business Analyst,Telstra,Sydney,Energy,3-5 years,2,97000,"Power BI,SQL,R",0,0,2025
J0592,BI Analyst,ANZ Bank,Perth,Consulting,1-3 years,1,102000,"Looker,SQL,Machine Learning,Jira,AWS,BPMN,Power BI",1,0,2024
J0593,Reporting Analyst,PwC,Adelaide,Government,1-3 years,1,80000,"BPMN,SQL,Excel,Agile,Jira,AWS,Power BI",0,0,2024
J0594,Senior Data Analyst,Deloitte,Perth,Technology,3-5 years,2,97000,"Excel,SQL,R",1,0,2026
J0595,Reporting Analyst,Commonwealth Bank,Brisbane,Consulting,Graduate/<1yr,0,78000,"BPMN,Python,Excel,AWS,Power BI",0,0,2026
J0596,BI Analyst,Amazon,Adelaide,Finance,1-3 years,1,93000,"Excel,Jira,Machine Learning,AWS,Stakeholder Management,Azure,SQL,Tableau",1,0,2025
J0597,Systems Analyst,PwC,Brisbane,Technology,Graduate/<1yr,0,70000,"BPMN,DAX,SQL,Azure,Jira,Looker",1,0,2024
J0598,Business Analyst,ANZ Bank,Sydney,Technology,5+ years,3,118000,"SQL,Agile,Azure",0,1,2026
J0599,Senior Data Analyst,Telstra,Sydney,Property,3-5 years,2,105000,"Power BI,R,DAX,Jira,SQL,Stakeholder Management,BPMN",0,0,2026
J0600,Junior Data Analyst,Dept of Health,Perth,Consulting,1-3 years,1,86000,"Agile,SQL,Excel,DAX,Tableau,R",1,0,2025
J0601,Reporting Analyst,Commonwealth Bank,Perth,Technology,1-3 years,1,82000,"R,SQL,Machine Learning,Excel",0,0,2025
J0602,Business Analyst,ANZ Bank,Melbourne,Technology,1-3 years,1,89000,"Power BI,SQL,Stakeholder Management,DAX",1,0,2026
J0603,Reporting Analyst,Amazon,Sydney,Technology,3-5 years,2,111000,"Power BI,SQL,R,Tableau,DAX",0,0,2026
J0604,Senior Business Analyst,ANZ Bank,Sydney,Government,1-3 years,2,103000,"Power BI,AWS,Jira",1,1,2025
J0605,Junior Data Analyst,ANZ Bank,Sydney,Healthcare,3-5 years,1,96000,"Tableau,SQL,Python",0,0,2026
J0606,Data Analyst,Deloitte,Melbourne,Retail,3-5 years,2,99000,"SQL,Stakeholder Management,Power BI",1,1,2024
J0607,Business Analyst,PwC,Melbourne,Retail,Graduate/<1yr,0,85000,"Power BI,SQL,Jira,Python,Agile,Azure,AWS,R",1,1,2025
J0608,Junior Data Analyst,NAB,Melbourne,Property,Graduate/<1yr,0,76000,"Machine Learning,Jira,DAX,Excel,Power BI,BPMN,SQL,Python",0,0,2025
J0609,Data Analyst,Commonwealth Bank,Remote,Government,3-5 years,2,101000,"Power BI,SQL,Looker",0,1,2024
J0610,Systems Analyst,Deloitte,Sydney,Technology,3-5 years,2,119000,"Power BI,SQL,DAX,Excel,Machine Learning",1,1,2025
J0611,Senior Business Analyst,Telstra,Brisbane,Healthcare,1-3 years,2,98000,"Jira,SQL,Stakeholder Management",1,0,2024
J0612,Data Analyst,PwC,Sydney,Government,3-5 years,2,120000,"Jira,SQL,Machine Learning,Stakeholder Management,Python,AWS,Azure,Looker",1,0,2024
J0613,Data Analyst,KPMG,Melbourne,Property,3-5 years,2,105000,"DAX,Azure,Power BI",1,0,2026
J0614,Systems Analyst,ANZ Bank,Melbourne,Property,1-3 years,1,95000,"R,SQL,Excel,Power BI,Machine Learning,Stakeholder Management",0,1,2025
J0615,Data Analyst,Amazon,Brisbane,Property,3-5 years,2,98000,"Power BI,Excel,Azure",0,1,2026
J0616,Data Analyst,NAB,Sydney,Finance,5+ years,3,124000,"Power BI,Agile,BPMN,AWS,Tableau",1,0,2026
J0617,Senior Business Analyst,Dept of Health,Brisbane,Government,Graduate/<1yr,2,99000,"Agile,Stakeholder Management,Tableau,Azure,Python",0,0,2025
J0618,Senior Business Analyst,KPMG,Melbourne,Technology,Graduate/<1yr,2,99000,"Power BI,Excel,DAX,SQL",1,0,2025
J0619,Data Analyst,ANZ Bank,Adelaide,Retail,5+ years,3,118000,"Machine Learning,Excel,Azure,Power BI",1,0,2024
J0620,Business Analyst,Amazon,Sydney,Government,1-3 years,1,86000,"Power BI,SQL,AWS",0,0,2024
J0621,Associate BA,Woolworths,Sydney,Property,1-3 years,1,87000,"R,SQL,Machine Learning,Looker,Power BI",0,0,2026
J0622,Systems Analyst,ANZ Bank,Sydney,Property,Graduate/<1yr,0,73000,"Power BI,SQL,Excel",0,0,2026
J0623,Senior Business Analyst,Commonwealth Bank,Remote,Retail,5+ years,3,113000,"Power BI,SQL,Tableau,Excel",1,1,2026
J0624,Senior Data Analyst,ANZ Bank,Brisbane,Healthcare,Graduate/<1yr,2,100000,"Tableau,SQL,AWS,BPMN,Looker,Jira,R",0,0,2026
J0625,Senior Data Analyst,PwC,Brisbane,Technology,3-5 years,2,112000,"Stakeholder Management,DAX,BPMN,Tableau,Python,Machine Learning,Power BI,SQL",0,0,2026
J0626,Systems Analyst,Amazon,Melbourne,Healthcare,Graduate/<1yr,0,76000,"Machine Learning,SQL,Excel,Looker,Agile,Jira,Power BI",0,0,2024
J0627,Business Analyst,Amazon,Remote,Healthcare,3-5 years,2,97000,"Power BI,SQL,Stakeholder Management,AWS,Excel,Tableau",1,0,2025
J0628,Data Analyst,Woolworths,Canberra,Government,3-5 years,2,115000,"Power BI,SQL,BPMN,Excel,Machine Learning,Python",0,0,2025
J0629,Data Analyst,KPMG,Sydney,Healthcare,3-5 years,2,103000,"Stakeholder Management,SQL,DAX,Looker",1,0,2026
J0630,BI Analyst,Telstra,Brisbane,Retail,1-3 years,1,83000,"Agile,SQL,BPMN,Looker,Power BI,Azure,R",0,0,2025
J0631,Business Analyst,ANZ Bank,Sydney,Property,1-3 years,1,88000,"Power BI,Excel,R,Jira,Stakeholder Management",0,1,2026
J0632,Systems Analyst,Dept of Health,Melbourne,Government,3-5 years,2,104000,"R,SQL,Looker,Azure,Excel,AWS",1,0,2026
J0633,Business Analyst,NAB,Melbourne,Healthcare,1-3 years,1,89000,"Machine Learning,Power BI,Azure,Excel",0,1,2024
J0634,BI Analyst,Amazon,Perth,Property,5+ years,3,124000,"Power BI,SQL,Looker,Jira,Python,BPMN,AWS,DAX",1,0,2025
J0635,Data Analyst,Telstra,Adelaide,Finance,3-5 years,2,109000,"Machine Learning,Power BI,Tableau,DAX,Jira,Looker,SQL,BPMN",0,0,2024
J0636,Junior Data Analyst,KPMG,Melbourne,Energy,5+ years,1,87000,"AWS,Python,BPMN,Excel,R,Power BI",0,0,2025
J0637,Data Analyst,Commonwealth Bank,Remote,Healthcare,3-5 years,2,96000,"Power BI,SQL,Machine Learning,Python",1,0,2025
J0638,Reporting Analyst,Dept of Health,Melbourne,Energy,3-5 years,2,115000,"Power BI,SQL,DAX,Agile,Jira,Looker,AWS,Machine Learning",0,0,2025
J0639,Business Analyst,ANZ Bank,Brisbane,Retail,1-3 years,1,87000,"Power BI,R,SQL,Azure,DAX,BPMN",1,1,2025
J0640,Business Analyst,Telstra,Remote,Healthcare,Graduate/<1yr,0,68000,"Azure,SQL,Looker,Python,BPMN",0,0,2026
J0641,Business Analyst,PwC,Brisbane,Healthcare,1-3 years,1,76000,"Power BI,SQL,Agile",0,1,2026
J0642,Systems Analyst,KPMG,Remote,Technology,5+ years,3,125000,"Looker,SQL,DAX,Power BI,Excel,Machine Learning,Azure",0,0,2026
J0643,Reporting Analyst,Amazon,Brisbane,Healthcare,3-5 years,2,110000,"Azure,Tableau,AWS,SQL,Jira,Excel,Python,Machine Learning",0,0,2024
J0644,Senior Data Analyst,KPMG,Melbourne,Technology,1-3 years,2,109000,"Power BI,SQL,AWS,Python",0,0,2025
J0645,Business Analyst,Commonwealth Bank,Melbourne,Finance,3-5 years,2,118000,"Machine Learning,SQL,AWS,BPMN,Tableau,R",0,0,2025
J0646,Associate BA,Commonwealth Bank,Brisbane,Technology,3-5 years,2,106000,"Looker,Python,Excel,DAX,Agile,SQL",0,1,2026
J0647,Business Analyst,PwC,Melbourne,Property,1-3 years,1,88000,"Power BI,SQL,Machine Learning",1,0,2024
J0648,Data Analyst,Deloitte,Remote,Energy,3-5 years,2,82000,"Power BI,SQL,R,Stakeholder Management",0,0,2026
J0649,Business Analyst,ANZ Bank,Remote,Retail,3-5 years,2,96000,"Jira,SQL,Machine Learning,DAX,Azure",0,0,2025
J0650,Business Analyst,KPMG,Sydney,Healthcare,3-5 years,2,107000,"Jira,SQL,Stakeholder Management,R,Tableau,Power BI,AWS,DAX",1,0,2024
J0651,Systems Analyst,NAB,Brisbane,Healthcare,Graduate/<1yr,0,74000,"Tableau,SQL,Machine Learning,Excel,BPMN,Stakeholder Management",1,0,2026
J0652,Senior Data Analyst,PwC,Perth,Property,3-5 years,2,93000,"Power BI,SQL,BPMN,Excel",0,0,2026
J0653,Business Analyst,Woolworths,Melbourne,Energy,5+ years,3,124000,"Power BI,SQL,Tableau,Excel",0,0,2024
J0654,Systems Analyst,Deloitte,Sydney,Property,1-3 years,1,90000,"Power BI,AWS,Azure,R",1,0,2025
J0655,Business Analyst,KPMG,Sydney,Energy,3-5 years,2,113000,"Power BI,SQL,Machine Learning,Azure,BPMN,DAX",1,0,2024
J0656,Business Analyst,NAB,Melbourne,Healthcare,1-3 years,1,99000,"Python,SQL,AWS,Stakeholder Management,Azure,DAX,BPMN",1,0,2024
J0657,Senior Data Analyst,Dept of Health,Melbourne,Retail,3-5 years,2,99000,"SQL,BPMN,Power BI,Agile,DAX,R",0,0,2025
J0658,BI Analyst,KPMG,Remote,Finance,1-3 years,1,87000,"Looker,Tableau,Azure,Machine Learning,AWS,SQL,DAX,Jira",0,0,2025
J0659,Associate BA,Commonwealth Bank,Perth,Government,1-3 years,1,80000,"Agile,SQL,Jira",1,1,2026
J0660,Business Analyst,Amazon,Perth,Property,3-5 years,2,105000,"Python,Tableau,Stakeholder Management,Machine Learning,Jira,Looker,SQL",0,0,2026
J0661,Junior Data Analyst,ANZ Bank,Brisbane,Retail,1-3 years,1,85000,"Power BI,SQL,DAX,Agile,R",1,0,2025
J0662,Senior Data Analyst,KPMG,Sydney,Technology,1-3 years,2,105000,"Power BI,R,Python,Azure",0,0,2025
J0663,Business Analyst,PwC,Adelaide,Retail,1-3 years,1,82000,"Machine Learning,SQL,Jira,BPMN,R,Power BI,AWS,Looker",0,1,2024
J0664,Senior Business Analyst,ANZ Bank,Remote,Energy,3-5 years,2,100000,"Power BI,SQL,Machine Learning,Python,Tableau",0,0,2024
J0665,BI Analyst,Dept of Health,Sydney,Healthcare,5+ years,3,133000,"Azure,Power BI,Python,SQL",0,0,2024
J0666,Junior Data Analyst,Commonwealth Bank,Sydney,Technology,1-3 years,1,102000,"AWS,SQL,DAX,Excel,Tableau,Stakeholder Management,Jira",1,0,2026
J0667,Insights Analyst,Commonwealth Bank,Brisbane,Property,1-3 years,1,79000,"Azure,SQL,Agile,Tableau,Power BI,R",1,0,2024
J0668,Reporting Analyst,Dept of Health,Melbourne,Healthcare,3-5 years,2,102000,"SQL,Jira,Looker,Power BI,R,Azure",1,1,2025
J0669,Reporting Analyst,NAB,Sydney,Retail,1-3 years,1,98000,"Looker,SQL,DAX,Machine Learning",0,0,2026
J0670,BI Analyst,PwC,Adelaide,Consulting,3-5 years,2,85000,"Power BI,SQL,Jira",0,0,2026
J0671,Reporting Analyst,Dept of Health,Sydney,Property,1-3 years,1,94000,"Power BI,AWS,R,Stakeholder Management,Looker,DAX,Machine Learning",0,0,2024
J0672,BI Analyst,ANZ Bank,Melbourne,Government,3-5 years,2,112000,"Power BI,Looker,AWS,Tableau,Machine Learning,Excel",0,0,2025
J0673,Data Analyst,Deloitte,Melbourne,Property,Graduate/<1yr,0,79000,"Excel,Azure,Machine Learning,Stakeholder Management,SQL,Looker",0,0,2025
J0674,Business Analyst,Woolworths,Brisbane,Finance,3-5 years,2,97000,"BPMN,Excel,Jira,Looker,Python,Agile,Power BI,SQL",1,0,2025
J0675,Business Analyst,NAB,Brisbane,Energy,3-5 years,2,105000,"Power BI,Azure,Jira,BPMN,Python,SQL,R",0,1,2024
J0676,Data Analyst,NAB,Melbourne,Retail,Graduate/<1yr,0,69000,"Power BI,SQL,Machine Learning,Agile",1,0,2025
J0677,Senior Business Analyst,Commonwealth Bank,Brisbane,Energy,3-5 years,2,113000,"Power BI,SQL,Stakeholder Management,Machine Learning,Tableau,Python,Azure",1,0,2026
J0678,Senior Data Analyst,PwC,Sydney,Property,Graduate/<1yr,2,110000,"AWS,SQL,Excel,Azure,Power BI,Agile,R",1,0,2024
J0679,Insights Analyst,PwC,Perth,Consulting,3-5 years,2,97000,"Power BI,SQL,BPMN",1,0,2024
J0680,Business Analyst,Woolworths,Melbourne,Finance,3-5 years,2,90000,"Power BI,SQL,Looker",1,0,2024
J0681,Business Analyst,Deloitte,Melbourne,Healthcare,3-5 years,2,103000,"Power BI,Agile,DAX",0,0,2025
J0682,Senior Business Analyst,Telstra,Remote,Retail,3-5 years,2,93000,"AWS,SQL,Azure,DAX,Tableau,BPMN",0,0,2025
J0683,Systems Analyst,Deloitte,Melbourne,Energy,1-3 years,1,90000,"Power BI,SQL,AWS,Excel",1,0,2025
J0684,Junior Data Analyst,PwC,Sydney,Property,3-5 years,1,87000,"Python,SQL,Stakeholder Management,Agile",0,0,2025
J0685,Senior Data Analyst,Amazon,Sydney,Property,3-5 years,2,111000,"Excel,SQL,AWS,BPMN,Tableau,Power BI,Jira,DAX",1,0,2025
J0686,Senior Data Analyst,Woolworths,Sydney,Retail,3-5 years,2,104000,"DAX,SQL,Azure",1,0,2025
J0687,Associate BA,KPMG,Brisbane,Consulting,1-3 years,1,85000,"Power BI,Jira,DAX,BPMN,SQL,Stakeholder Management",1,0,2026
J0688,Junior Data Analyst,Woolworths,Sydney,Technology,5+ years,1,90000,"R,Excel,DAX,AWS,SQL,Agile",0,0,2025
J0689,Senior Business Analyst,Telstra,Sydney,Energy,Graduate/<1yr,2,114000,"Agile,SQL,Power BI,Machine Learning,Python,Jira,BPMN,DAX",1,0,2025
J0690,BI Analyst,Commonwealth Bank,Brisbane,Energy,3-5 years,2,100000,"Tableau,DAX,SQL,Power BI,Machine Learning,Agile",1,0,2026
J0691,Junior Data Analyst,Amazon,Melbourne,Government,1-3 years,1,84000,"Power BI,SQL,Stakeholder Management,Excel,DAX,Agile",0,0,2025
J0692,Systems Analyst,Deloitte,Perth,Energy,3-5 years,2,102000,"Jira,SQL,BPMN,Power BI,Python",0,1,2026
J0693,Data Analyst,KPMG,Melbourne,Technology,3-5 years,2,101000,"DAX,SQL,Azure,Jira,AWS,R",1,0,2024
J0694,BI Analyst,Woolworths,Melbourne,Technology,3-5 years,2,98000,"Azure,SQL,Excel,Agile,R",0,0,2026
J0695,Junior Data Analyst,PwC,Brisbane,Government,Graduate/<1yr,0,67000,"Power BI,SQL,AWS,Agile",0,0,2025
J0696,Senior Data Analyst,Telstra,Melbourne,Finance,1-3 years,2,98000,"R,Jira,Azure,DAX,SQL,Stakeholder Management,BPMN",1,0,2026
J0697,Reporting Analyst,Dept of Health,Melbourne,Consulting,3-5 years,2,109000,"Power BI,SQL,Looker,BPMN,Excel,Machine Learning,AWS,Azure",1,0,2026
J0698,Business Analyst,ANZ Bank,Melbourne,Finance,5+ years,3,124000,"Stakeholder Management,SQL,Azure,Looker,Jira,Tableau",1,1,2025
J0699,Data Analyst,Amazon,Brisbane,Property,1-3 years,1,88000,"BPMN,SQL,Azure",1,0,2025
J0700,Senior Business Analyst,Commonwealth Bank,Sydney,Healthcare,3-5 years,2,115000,"Power BI,SQL,Machine Learning",1,0,2025
J0701,Systems Analyst,NAB,Melbourne,Technology,1-3 years,1,81000,"R,SQL,AWS",0,0,2026
J0702,Junior Data Analyst,PwC,Perth,Property,1-3 years,1,83000,"Power BI,SQL,Stakeholder Management,AWS",0,0,2026
J0703,Data Analyst,PwC,Sydney,Energy,5+ years,3,117000,"Power BI,Excel,Jira",0,0,2024
J0704,Reporting Analyst,Deloitte,Melbourne,Technology,1-3 years,1,96000,"Power BI,SQL,Machine Learning,Tableau",1,0,2025
J0705,Business Analyst,NAB,Adelaide,Retail,3-5 years,2,92000,"Power BI,Tableau,SQL,Agile,DAX",0,0,2026
J0706,Senior Data Analyst,Telstra,Canberra,Retail,5+ years,3,131000,"Agile,SQL,DAX,Looker,Azure,Jira,Excel,AWS",1,0,2024
J0707,Business Analyst,Woolworths,Adelaide,Healthcare,1-3 years,1,83000,"Excel,SQL,Tableau,Power BI,Machine Learning",1,1,2025
J0708,BI Analyst,Telstra,Perth,Government,1-3 years,1,92000,"BPMN,SQL,Python,Looker,Jira,Tableau,Azure,AWS",0,0,2025
J0709,Business Analyst,NAB,Brisbane,Finance,3-5 years,2,105000,"Power BI,SQL,BPMN,AWS,DAX,Python,Jira,Excel",1,1,2025
J0710,Senior Data Analyst,Telstra,Brisbane,Property,3-5 years,2,113000,"Power BI,SQL,Stakeholder Management,Excel,BPMN,Tableau,Looker,Machine Learning",0,0,2025
J0711,Senior Business Analyst,Telstra,Remote,Retail,5+ years,3,117000,"Excel,Azure,Python,Power BI",1,1,2025
J0712,BI Analyst,PwC,Sydney,Government,1-3 years,1,97000,"Power BI,Tableau,AWS,Azure,Python,SQL,R",0,0,2026
J0713,Data Analyst,Deloitte,Melbourne,Retail,Graduate/<1yr,0,70000,"SQL,DAX,Looker,AWS,Azure,BPMN,R,Power BI",0,1,2026
J0714,Business Analyst,PwC,Sydney,Healthcare,1-3 years,1,91000,"BPMN,SQL,R,DAX,AWS",1,0,2026
J0715,Data Analyst,Deloitte,Brisbane,Government,Graduate/<1yr,0,69000,"Power BI,SQL,DAX,Excel",1,0,2025
J0716,BI Analyst,Woolworths,Adelaide,Property,3-5 years,2,94000,"Power BI,Azure,Tableau,R,Looker,DAX",1,0,2025
J0717,Reporting Analyst,Deloitte,Melbourne,Government,Graduate/<1yr,0,72000,"Jira,AWS,DAX,Looker,BPMN,Stakeholder Management",1,0,2024
J0718,BI Analyst,Telstra,Melbourne,Energy,3-5 years,2,108000,"Power BI,Looker,R,SQL,Python,Stakeholder Management,Agile,Azure",0,0,2025
J0719,Senior Business Analyst,PwC,Melbourne,Consulting,5+ years,3,131000,"BPMN,SQL,Power BI,DAX,Python,Agile,AWS",1,1,2024
J0720,Systems Analyst,Dept of Health,Brisbane,Energy,3-5 years,2,92000,"Power BI,SQL,R",0,1,2025
J0721,Data Analyst,Woolworths,Melbourne,Finance,1-3 years,1,90000,"Power BI,SQL,Tableau,Azure,Looker,Agile,Jira,Stakeholder Management",1,0,2026
J0722,Senior Data Analyst,PwC,Sydney,Finance,Graduate/<1yr,2,111000,"Azure,Tableau,BPMN,Power BI",0,0,2024
J0723,Business Analyst,Amazon,Melbourne,Property,1-3 years,1,91000,"Tableau,Jira,AWS,Power BI,Azure,DAX,Looker",0,0,2025
J0724,Senior Business Analyst,Commonwealth Bank,Brisbane,Energy,5+ years,3,113000,"Power BI,SQL,AWS",1,0,2026
J0725,Business Analyst,Telstra,Melbourne,Government,3-5 years,2,120000,"Power BI,Machine Learning,AWS,Stakeholder Management,Python,Looker,BPMN,Tableau",0,0,2025
J0726,Reporting Analyst,NAB,Melbourne,Consulting,1-3 years,1,93000,"Power BI,Machine Learning,Excel,Jira",0,0,2024
J0727,Business Analyst,PwC,Melbourne,Finance,3-5 years,2,114000,"DAX,R,Tableau,Looker,BPMN,Python,Machine Learning,SQL",0,1,2026
J0728,Data Analyst,Deloitte,Sydney,Finance,5+ years,3,131000,"Power BI,SQL,Python,DAX,Looker",1,1,2025
J0729,Data Analyst,ANZ Bank,Sydney,Property,3-5 years,2,99000,"Power BI,DAX,BPMN",1,0,2025
J0730,BI Analyst,ANZ Bank,Perth,Retail,1-3 years,1,93000,"Power BI,Excel,Tableau,Stakeholder Management,Azure,DAX",0,0,2025
J0731,Systems Analyst,Deloitte,Melbourne,Technology,Graduate/<1yr,0,75000,"Power BI,SQL,Azure,Machine Learning,Excel",1,0,2024
J0732,Senior Data Analyst,Commonwealth Bank,Melbourne,Technology,1-3 years,2,97000,"BPMN,SQL,Power BI",1,1,2026
J0733,Senior Data Analyst,ANZ Bank,Perth,Healthcare,Graduate/<1yr,2,99000,"Agile,SQL,Tableau,Looker,Azure",0,0,2024
J0734,Reporting Analyst,KPMG,Melbourne,Finance,5+ years,3,124000,"Power BI,SQL,Agile,DAX",0,0,2024
J0735,Associate BA,KPMG,Adelaide,Consulting,3-5 years,2,103000,"Excel,SQL,Jira,Python,Agile,Machine Learning,BPMN,DAX",1,0,2026
J0736,Business Analyst,Dept of Health,Remote,Energy,3-5 years,2,88000,"Power BI,SQL,Excel",1,0,2025
J0737,Data Analyst,ANZ Bank,Brisbane,Finance,Graduate/<1yr,0,69000,"DAX,SQL,Excel",0,0,2025
J0738,BI Analyst,PwC,Melbourne,Energy,5+ years,3,123000,"Power BI,SQL,Stakeholder Management,Tableau,Excel,Agile",0,0,2024
J0739,Data Analyst,ANZ Bank,Melbourne,Technology,1-3 years,1,89000,"BPMN,SQL,Python,Excel,DAX,AWS,Power BI",0,1,2024
J0740,Reporting Analyst,ANZ Bank,Melbourne,Property,1-3 years,1,87000,"Power BI,SQL,Tableau",1,0,2025
J0741,Insights Analyst,PwC,Melbourne,Property,3-5 years,2,106000,"Power BI,SQL,AWS,Jira,Stakeholder Management,Python,Tableau,Agile",0,0,2025
J0742,Senior Business Analyst,KPMG,Sydney,Healthcare,1-3 years,2,103000,"Power BI,Tableau,SQL,BPMN,Python,Agile,AWS",0,1,2026
J0743,Data Analyst,ANZ Bank,Melbourne,Property,3-5 years,2,106000,"BPMN,SQL,Python,Jira",0,0,2025
J0744,Associate BA,Commonwealth Bank,Brisbane,Property,5+ years,3,120000,"Power BI,SQL,Machine Learning",0,0,2024
J0745,Associate BA,Dept of Health,Brisbane,Energy,1-3 years,1,84000,"Power BI,R,SQL,BPMN",1,0,2024
J0746,BI Analyst,Amazon,Sydney,Energy,3-5 years,2,106000,"BPMN,SQL,Python",0,0,2025
J0747,Senior Business Analyst,ANZ Bank,Brisbane,Technology,3-5 years,2,105000,"Azure,Tableau,Python,AWS,SQL,Jira,Agile,Power BI",0,0,2024
J0748,Data Analyst,Dept of Health,Sydney,Finance,1-3 years,1,90000,"Power BI,SQL,Python,Agile,AWS,R,Jira,Azure",1,0,2026
J0749,Data Analyst,Deloitte,Sydney,Retail,5+ years,3,126000,"Agile,SQL,DAX",1,0,2026
J0750,Junior Data Analyst,PwC,Melbourne,Healthcare,Graduate/<1yr,0,72000,"Power BI,Stakeholder Management,Agile,BPMN,Tableau,Azure,Jira,SQL",0,0,2026
J0751,BI Analyst,Telstra,Adelaide,Retail,5+ years,3,118000,"Jira,Machine Learning,AWS,Looker,SQL,Agile,BPMN,Tableau",0,1,2026
J0752,Insights Analyst,Commonwealth Bank,Melbourne,Consulting,1-3 years,1,80000,"Power BI,Stakeholder Management,SQL",1,0,2025
J0753,Junior Data Analyst,PwC,Remote,Government,Graduate/<1yr,0,74000,"Power BI,SQL,Jira,Tableau,Machine Learning,Agile,R,Azure",0,0,2025
J0754,Associate BA,NAB,Sydney,Healthcare,1-3 years,1,99000,"SQL,BPMN,Excel,Machine Learning,Jira,Azure,R,DAX",1,0,2026
J0755,Business Analyst,PwC,Brisbane,Consulting,5+ years,3,114000,"BPMN,SQL,DAX",1,1,2026
J0756,Data Analyst,Deloitte,Remote,Healthcare,1-3 years,1,81000,"Power BI,SQL,Jira,DAX",1,0,2025
J0757,Junior Data Analyst,NAB,Adelaide,Finance,3-5 years,1,81000,"Power BI,Machine Learning,BPMN,Jira,Agile",1,1,2026
J0758,Data Analyst,ANZ Bank,Adelaide,Energy,5+ years,3,108000,"Power BI,SQL,R,Stakeholder Management,AWS",0,0,2025
J0759,BI Analyst,Dept of Health,Adelaide,Retail,1-3 years,1,84000,"DAX,Agile,Looker,Power BI,Azure,Tableau",1,0,2025
J0760,Junior Data Analyst,KPMG,Sydney,Retail,1-3 years,1,108000,"Power BI,SQL,Looker,Tableau,Python,BPMN,Machine Learning",1,1,2026
J0761,Senior Data Analyst,Telstra,Melbourne,Retail,3-5 years,2,107000,"Stakeholder Management,Machine Learning,Excel,Jira,Tableau,Power BI",0,1,2025
J0762,Systems Analyst,Woolworths,Melbourne,Property,3-5 years,2,109000,"R,SQL,DAX,Tableau,Power BI,Python,Looker",1,0,2025
J0763,Business Analyst,Deloitte,Perth,Property,1-3 years,1,82000,"Power BI,SQL,Agile,Looker",1,0,2024
J0764,Reporting Analyst,Dept of Health,Sydney,Consulting,3-5 years,2,109000,"DAX,Looker,Power BI,Azure,SQL,R,AWS",0,1,2026
J0765,Systems Analyst,Amazon,Melbourne,Consulting,Graduate/<1yr,0,81000,"SQL,Machine Learning,Jira,Azure,Stakeholder Management,Python,Agile",0,0,2025
J0766,Senior Data Analyst,Commonwealth Bank,Adelaide,Property,1-3 years,2,87000,"AWS,SQL,BPMN",1,0,2025
J0767,BI Analyst,KPMG,Melbourne,Retail,5+ years,3,107000,"Power BI,SQL,BPMN",0,0,2026
J0768,Associate BA,Deloitte,Brisbane,Government,1-3 years,1,75000,"Power BI,SQL,Looker,R",0,1,2026
J0769,Senior Business Analyst,ANZ Bank,Melbourne,Consulting,1-3 years,2,108000,"Power BI,R,Azure,DAX,SQL",1,1,2024
J0770,Systems Analyst,Commonwealth Bank,Sydney,Finance,3-5 years,2,100000,"Power BI,SQL,BPMN,AWS,DAX",1,0,2024
J0771,Data Analyst,Dept of Health,Perth,Consulting,3-5 years,2,89000,"Stakeholder Management,SQL,R,Excel",0,0,2025
J0772,BI Analyst,Deloitte,Adelaide,Energy,3-5 years,2,97000,"Agile,SQL,R,AWS,Jira,Machine Learning",0,0,2025
J0773,Systems Analyst,KPMG,Melbourne,Property,1-3 years,1,81000,"Power BI,SQL,R,DAX",0,0,2024
J0774,Reporting Analyst,Woolworths,Melbourne,Property,Graduate/<1yr,0,80000,"Power BI,BPMN,DAX,Python,Machine Learning",0,0,2024
J0775,Senior Business Analyst,ANZ Bank,Adelaide,Energy,3-5 years,2,95000,"Python,SQL,AWS,Agile,Looker",1,0,2026
J0776,Senior Data Analyst,Commonwealth Bank,Brisbane,Healthcare,1-3 years,2,101000,"Power BI,SQL,BPMN,AWS,R,Tableau,Azure",1,0,2025
J0777,Associate BA,Dept of Health,Sydney,Property,Graduate/<1yr,0,80000,"Agile,DAX,Machine Learning,AWS",0,0,2024
J0778,Business Analyst,Woolworths,Brisbane,Consulting,Graduate/<1yr,0,65000,"Power BI,SQL,Stakeholder Management,AWS,Azure,Jira",0,1,2025
J0779,Senior Data Analyst,PwC,Melbourne,Healthcare,1-3 years,2,98000,"Jira,SQL,Power BI,Machine Learning,R,Stakeholder Management,Python,BPMN",0,0,2026
J0780,Business Analyst,ANZ Bank,Melbourne,Government,Graduate/<1yr,0,72000,"Power BI,SQL,BPMN,Azure",1,0,2024
J0781,Junior Data Analyst,PwC,Remote,Finance,1-3 years,1,83000,"Power BI,BPMN,Tableau,Looker,Jira,AWS,R,Machine Learning",0,0,2026
J0782,Data Analyst,ANZ Bank,Brisbane,Energy,1-3 years,1,81000,"R,DAX,Power BI",0,1,2026
J0783,Business Analyst,ANZ Bank,Sydney,Energy,3-5 years,2,115000,"Power BI,Jira,SQL,AWS,Stakeholder Management,Machine Learning",1,0,2024
J0784,Data Analyst,Telstra,Melbourne,Healthcare,Graduate/<1yr,0,72000,"Python,SQL,Machine Learning",0,0,2026
J0785,Business Analyst,NAB,Melbourne,Property,5+ years,3,124000,"Power BI,Looker,Stakeholder Management,AWS,SQL,Python,Agile,Azure",0,0,2025
J0786,Data Analyst,PwC,Sydney,Finance,3-5 years,2,104000,"Power BI,SQL,Agile,AWS,R",0,0,2025
J0787,Business Analyst,PwC,Brisbane,Finance,3-5 years,2,107000,"Power BI,Tableau,Agile,Azure,SQL,AWS",1,0,2025
J0788,Reporting Analyst,Woolworths,Sydney,Retail,3-5 years,2,116000,"Agile,Tableau,Excel,Power BI,SQL,Python,Machine Learning,AWS",1,1,2026
J0789,Reporting Analyst,PwC,Brisbane,Consulting,Graduate/<1yr,0,67000,"Jira,SQL,Agile,Power BI,AWS,Looker,BPMN",0,0,2026
J0790,Senior Business Analyst,NAB,Canberra,Technology,3-5 years,2,116000,"Power BI,DAX,Machine Learning,SQL,Azure,Python,BPMN",0,0,2025
J0791,Business Analyst,Deloitte,Perth,Technology,Graduate/<1yr,0,69000,"BPMN,SQL,Python,Excel,Looker",0,0,2026
J0792,BI Analyst,Woolworths,Adelaide,Government,1-3 years,1,81000,"Power BI,SQL,Azure",0,0,2024
J0793,BI Analyst,Woolworths,Adelaide,Finance,Graduate/<1yr,0,70000,"Stakeholder Management,SQL,Azure,Power BI,Jira,AWS,Agile",0,1,2025
J0794,BI Analyst,NAB,Remote,Property,3-5 years,2,98000,"Power BI,Agile,R,Python,Machine Learning",0,0,2026
J0795,BI Analyst,Commonwealth Bank,Melbourne,Retail,1-3 years,1,99000,"Power BI,Azure,Tableau,DAX,Looker,Machine Learning",0,0,2024
J0796,Junior Data Analyst,Telstra,Sydney,Finance,3-5 years,1,92000,"Tableau,SQL,Power BI,BPMN,Jira,Python",1,0,2025
J0797,Business Analyst,Deloitte,Remote,Consulting,1-3 years,1,88000,"Power BI,SQL,AWS,DAX,Machine Learning,BPMN,Tableau,Azure",1,0,2025
J0798,BI Analyst,Commonwealth Bank,Melbourne,Healthcare,3-5 years,2,107000,"Machine Learning,SQL,BPMN,Looker,Python,Jira",1,0,2026
J0799,Business Analyst,Amazon,Brisbane,Finance,1-3 years,1,83000,"Power BI,Stakeholder Management,Machine Learning,Python,Agile",1,0,2024
J0800,Business Analyst,Dept of Health,Melbourne,Government,5+ years,3,118000,"Power BI,SQL,Looker,Agile",0,0,2026
J0801,Data Analyst,Amazon,Brisbane,Government,Graduate/<1yr,0,69000,"DAX,Python,Tableau,Stakeholder Management,Agile,SQL,Excel,Power BI",0,0,2026
J0802,BI Analyst,Commonwealth Bank,Sydney,Property,3-5 years,2,103000,"Jira,SQL,Looker",0,0,2024
J0803,Data Analyst,Dept of Health,Melbourne,Finance,1-3 years,1,94000,"AWS,SQL,Python,Tableau",1,1,2024
J0804,Senior Data Analyst,Dept of Health,Melbourne,Technology,1-3 years,2,103000,"Looker,SQL,BPMN,Machine Learning,Stakeholder Management",0,1,2025
J0805,Business Analyst,Commonwealth Bank,Melbourne,Healthcare,Graduate/<1yr,0,70000,"Power BI,AWS,R,Looker,BPMN,SQL",0,1,2026
J0806,BI Analyst,KPMG,Brisbane,Energy,1-3 years,1,85000,"Power BI,Tableau,Azure,SQL,Agile,Stakeholder Management,BPMN",0,0,2026
J0807,Business Analyst,Deloitte,Melbourne,Consulting,5+ years,3,129000,"Power BI,SQL,Python,Tableau",1,1,2026
J0808,Business Analyst,Commonwealth Bank,Melbourne,Finance,3-5 years,2,105000,"Power BI,SQL,DAX,Looker,Agile",0,0,2024
J0809,Business Analyst,Commonwealth Bank,Melbourne,Government,Graduate/<1yr,0,67000,"Power BI,SQL,Tableau,R,BPMN,Stakeholder Management,Python",0,0,2025
J0810,Reporting Analyst,Amazon,Sydney,Energy,5+ years,3,130000,"Machine Learning,SQL,Python,Stakeholder Management,Power BI",0,0,2025
J0811,Insights Analyst,NAB,Sydney,Retail,5+ years,3,132000,"Jira,SQL,Excel,Machine Learning,Power BI,DAX",0,0,2026
J0812,BI Analyst,ANZ Bank,Adelaide,Property,1-3 years,1,98000,"Power BI,SQL,AWS,DAX,Tableau,Machine Learning,Agile,R",0,0,2025
J0813,Business Analyst,PwC,Sydney,Consulting,Graduate/<1yr,0,75000,"Power BI,SQL,Jira,Azure,BPMN,Agile",0,0,2026
J0814,Business Analyst,Amazon,Adelaide,Property,3-5 years,2,82000,"Stakeholder Management,SQL,DAX",1,1,2026
J0815,Reporting Analyst,Amazon,Sydney,Consulting,1-3 years,1,87000,"Power BI,SQL,R,Looker",0,1,2025
J0816,Business Analyst,Woolworths,Sydney,Government,1-3 years,1,86000,"BPMN,SQL,Azure,Excel",0,1,2026
J0817,Senior Data Analyst,ANZ Bank,Sydney,Healthcare,1-3 years,2,105000,"Power BI,SQL,Stakeholder Management",0,0,2026
J0818,Systems Analyst,KPMG,Canberra,Government,3-5 years,2,113000,"Power BI,SQL,Excel,Machine Learning,Azure,Agile,Stakeholder Management",0,0,2024
J0819,Business Analyst,ANZ Bank,Remote,Retail,3-5 years,2,93000,"Power BI,Looker,R,Agile,SQL,Excel,DAX,Jira",1,0,2025
J0820,Junior Data Analyst,Woolworths,Melbourne,Technology,3-5 years,1,92000,"Tableau,SQL,Jira",0,0,2024
J0821,Data Analyst,Dept of Health,Melbourne,Healthcare,3-5 years,2,113000,"Power BI,SQL,Stakeholder Management,AWS,Excel,Python",0,0,2026
J0822,Business Analyst,Telstra,Brisbane,Consulting,Graduate/<1yr,0,83000,"Power BI,SQL,Tableau,Looker,AWS,Azure,Machine Learning",1,0,2026
J0823,Business Analyst,Dept of Health,Canberra,Finance,3-5 years,2,118000,"BPMN,Machine Learning,Jira,Excel,DAX,Stakeholder Management,Python,Looker",1,0,2026
J0824,Data Analyst,Dept of Health,Perth,Property,1-3 years,1,86000,"Power BI,SQL,Jira,Excel,Tableau,Agile,AWS",1,0,2025
J0825,BI Analyst,ANZ Bank,Sydney,Consulting,3-5 years,2,108000,"AWS,Stakeholder Management,Power BI,Looker,SQL,Tableau,BPMN",0,0,2025
J0826,Insights Analyst,ANZ Bank,Sydney,Retail,3-5 years,2,105000,"SQL,Excel,Power BI,Python,AWS",1,0,2025
J0827,BI Analyst,PwC,Sydney,Consulting,5+ years,3,133000,"Stakeholder Management,Looker,Power BI,Tableau,AWS,Azure,Jira,SQL",1,0,2024
J0828,Business Analyst,PwC,Melbourne,Technology,Graduate/<1yr,0,86000,"Stakeholder Management,SQL,AWS,Tableau,Python,Power BI,Machine Learning",1,0,2024
J0829,Business Analyst,Commonwealth Bank,Melbourne,Healthcare,1-3 years,1,87000,"Power BI,SQL,Looker,Python",0,0,2024
J0830,Reporting Analyst,Amazon,Canberra,Technology,1-3 years,1,84000,"DAX,SQL,Excel",1,0,2024
J0831,Systems Analyst,ANZ Bank,Remote,Retail,1-3 years,1,77000,"Machine Learning,SQL,Power BI,Stakeholder Management",0,1,2025
J0832,Senior Business Analyst,Deloitte,Remote,Technology,3-5 years,2,101000,"Excel,SQL,Jira,Looker,Machine Learning,Azure",0,0,2026
J0833,Data Analyst,KPMG,Melbourne,Property,1-3 years,1,90000,"Excel,SQL,Looker,Tableau,Power BI,Stakeholder Management,Python,R",0,0,2026
J0834,BI Analyst,Woolworths,Melbourne,Consulting,Graduate/<1yr,0,69000,"Power BI,SQL,Agile,Excel,DAX",0,0,2025
J0835,Reporting Analyst,Deloitte,Perth,Healthcare,1-3 years,1,84000,"Power BI,SQL,BPMN,Jira,Python,Stakeholder Management",1,0,2025
J0836,Senior Data Analyst,PwC,Brisbane,Technology,Graduate/<1yr,2,98000,"AWS,Tableau,Agile,Azure,Stakeholder Management,SQL,BPMN,Power BI",1,0,2026
J0837,Reporting Analyst,ANZ Bank,Perth,Technology,3-5 years,2,99000,"Power BI,SQL,AWS,Python,Looker,Agile,Excel",0,0,2026
J0838,Systems Analyst,Telstra,Sydney,Technology,1-3 years,1,95000,"Agile,SQL,Azure",1,0,2024
J0839,Data Analyst,Telstra,Sydney,Property,3-5 years,2,89000,"Power BI,SQL,Jira",1,0,2025
J0840,Junior Data Analyst,Commonwealth Bank,Melbourne,Technology,5+ years,1,91000,"Machine Learning,SQL,Tableau,BPMN",1,1,2026
J0841,Senior Business Analyst,Amazon,Brisbane,Energy,1-3 years,2,106000,"Power BI,Azure,DAX,R,SQL,Python",1,0,2024
J0842,Business Analyst,NAB,Melbourne,Finance,3-5 years,2,99000,"Python,SQL,Excel,Power BI,Stakeholder Management,Agile",1,0,2025
J0843,Senior Business Analyst,Telstra,Melbourne,Technology,1-3 years,2,101000,"Power BI,SQL,Tableau",1,1,2025
J0844,Insights Analyst,Dept of Health,Brisbane,Finance,3-5 years,2,100000,"Python,SQL,Azure,DAX,R",1,0,2025
J0845,Business Analyst,NAB,Melbourne,Finance,1-3 years,1,95000,"Power BI,Jira,DAX,Excel,AWS",1,1,2026
J0846,Senior Data Analyst,PwC,Sydney,Healthcare,5+ years,3,138000,"DAX,Agile,Looker,Machine Learning,SQL,Stakeholder Management,Python,Excel",0,1,2025
J0847,Business Analyst,ANZ Bank,Melbourne,Retail,3-5 years,2,118000,"Power BI,Jira,Azure,SQL,Machine Learning,Python,Tableau",0,0,2025
J0848,Associate BA,Dept of Health,Adelaide,Healthcare,3-5 years,2,103000,"Stakeholder Management,AWS,Looker,R,Power BI,DAX",0,0,2025
J0849,Business Analyst,ANZ Bank,Melbourne,Consulting,1-3 years,1,84000,"Power BI,SQL,Stakeholder Management",0,0,2025
J0850,Junior Data Analyst,Amazon,Melbourne,Government,3-5 years,1,87000,"Power BI,SQL,DAX",1,0,2025
J0851,Business Analyst,PwC,Sydney,Technology,3-5 years,2,109000,"Power BI,DAX,Excel,BPMN,Looker,Jira,SQL",0,0,2026
J0852,Junior Data Analyst,ANZ Bank,Adelaide,Retail,5+ years,1,85000,"Excel,SQL,R,Jira,Stakeholder Management,Python,DAX,BPMN",1,0,2025
J0853,Systems Analyst,ANZ Bank,Canberra,Energy,3-5 years,2,101000,"R,SQL,Stakeholder Management,AWS,Python",0,0,2025
J0854,Senior Data Analyst,Dept of Health,Melbourne,Consulting,1-3 years,2,111000,"Power BI,Looker,AWS,Python,Stakeholder Management",0,0,2024
J0855,Senior Business Analyst,PwC,Melbourne,Government,5+ years,3,135000,"DAX,AWS,Tableau,Power BI,R,Python,Looker,SQL",0,0,2026
J0856,Reporting Analyst,Woolworths,Melbourne,Finance,Graduate/<1yr,0,73000,"Jira,Machine Learning,SQL,Agile",0,0,2025
J0857,Systems Analyst,Amazon,Melbourne,Property,5+ years,3,129000,"Python,SQL,Power BI,DAX,Tableau",0,0,2026
J0858,Senior Data Analyst,Telstra,Sydney,Energy,3-5 years,2,111000,"Power BI,SQL,AWS",0,0,2026
J0859,Business Analyst,Deloitte,Brisbane,Energy,3-5 years,2,95000,"AWS,Looker,Power BI,Excel,Stakeholder Management,R",0,1,2024
J0860,Senior Business Analyst,NAB,Perth,Property,5+ years,3,122000,"Power BI,SQL,AWS,Azure,Excel",1,0,2026
J0861,Senior Business Analyst,PwC,Melbourne,Consulting,3-5 years,2,106000,"BPMN,R,Power BI,Tableau,Machine Learning,Jira,SQL",0,0,2025
J0862,Senior Data Analyst,Dept of Health,Sydney,Finance,1-3 years,2,108000,"Python,Agile,SQL,Excel,Power BI,BPMN",0,1,2025
J0863,Reporting Analyst,Amazon,Remote,Government,1-3 years,1,83000,"Power BI,Jira,SQL,Python,Tableau,Excel,DAX",0,0,2025
J0864,Senior Data Analyst,Telstra,Adelaide,Finance,5+ years,3,109000,"Looker,SQL,Excel,Jira,BPMN,Power BI,R",0,0,2025
J0865,Senior Data Analyst,PwC,Sydney,Technology,5+ years,3,133000,"Power BI,SQL,DAX,BPMN,Stakeholder Management",0,0,2026
J0866,Senior Business Analyst,Deloitte,Brisbane,Retail,1-3 years,2,96000,"Machine Learning,AWS,SQL,Jira,R,Agile",1,1,2025
J0867,BI Analyst,ANZ Bank,Melbourne,Retail,1-3 years,1,95000,"Power BI,SQL,Azure,R,Agile,Looker,Machine Learning",0,0,2025
J0868,Business Analyst,KPMG,Adelaide,Property,Graduate/<1yr,0,70000,"Power BI,SQL,Tableau,Azure,Looker",0,0,2025
J0869,Senior Data Analyst,Amazon,Melbourne,Healthcare,1-3 years,2,106000,"SQL,DAX,BPMN,Agile,Power BI,Jira,Tableau",0,1,2024
J0870,Business Analyst,Dept of Health,Brisbane,Government,Graduate/<1yr,0,78000,"Power BI,SQL,Machine Learning,Tableau,BPMN,Looker,Jira",0,0,2026
J0871,Reporting Analyst,KPMG,Melbourne,Retail,3-5 years,2,110000,"Power BI,SQL,Looker,Azure,Machine Learning,Jira",1,0,2026
J0872,Senior Business Analyst,Woolworths,Remote,Government,3-5 years,2,95000,"Power BI,SQL,R,Tableau,Stakeholder Management,Looker,Excel,DAX",1,0,2024
J0873,Associate BA,Commonwealth Bank,Perth,Healthcare,3-5 years,2,110000,"SQL,Machine Learning,DAX,Tableau,Excel,Agile,Power BI,Azure",0,0,2024
J0874,Systems Analyst,NAB,Remote,Consulting,Graduate/<1yr,0,71000,"Power BI,Machine Learning,BPMN,SQL,Jira,Azure,DAX,Stakeholder Management",0,0,2024
J0875,Data Analyst,Deloitte,Brisbane,Finance,3-5 years,2,97000,"Power BI,SQL,Machine Learning,Excel,Tableau,Agile",0,0,2024
J0876,Business Analyst,PwC,Canberra,Government,1-3 years,1,87000,"Jira,SQL,Tableau",0,0,2024
J0877,BI Analyst,Amazon,Sydney,Property,3-5 years,2,96000,"Power BI,SQL,Looker,R,Agile,AWS,DAX",0,0,2025
J0878,Junior Data Analyst,Deloitte,Melbourne,Consulting,1-3 years,1,83000,"Power BI,SQL,Jira,Machine Learning",1,1,2026
J0879,Data Analyst,NAB,Brisbane,Finance,3-5 years,2,101000,"Power BI,SQL,Machine Learning",0,1,2026
J0880,Data Analyst,Dept of Health,Sydney,Retail,1-3 years,1,90000,"Power BI,Agile,Looker,Excel,SQL,Azure,AWS",0,0,2024
J0881,Systems Analyst,Amazon,Melbourne,Property,1-3 years,1,91000,"BPMN,SQL,Jira,Power BI",1,0,2025
J0882,Data Analyst,PwC,Brisbane,Retail,5+ years,3,115000,"Looker,SQL,Tableau,Azure,Excel,Agile,DAX",0,0,2025
J0883,Senior Business Analyst,Commonwealth Bank,Brisbane,Property,3-5 years,2,95000,"Power BI,Excel,DAX",0,0,2025
J0884,Reporting Analyst,KPMG,Sydney,Healthcare,1-3 years,1,93000,"Power BI,SQL,Python,Excel,BPMN,R",1,0,2026
J0885,Reporting Analyst,Commonwealth Bank,Melbourne,Energy,1-3 years,1,84000,"Power BI,SQL,Jira",0,0,2025
J0886,Systems Analyst,PwC,Perth,Healthcare,1-3 years,1,89000,"Power BI,DAX,AWS,Looker,SQL,Jira,Tableau",0,1,2025
J0887,BI Analyst,ANZ Bank,Remote,Property,5+ years,3,100000,"Power BI,Agile,R,SQL,Stakeholder Management",0,0,2025
J0888,BI Analyst,Dept of Health,Sydney,Finance,1-3 years,1,91000,"Power BI,Machine Learning,Looker,SQL",0,0,2026
J0889,Data Analyst,Deloitte,Sydney,Property,5+ years,3,130000,"Python,SQL,Machine Learning,Agile",1,0,2024
J0890,BI Analyst,Dept of Health,Sydney,Retail,3-5 years,2,108000,"Power BI,Looker,AWS,SQL,Tableau",0,0,2024
J0891,Reporting Analyst,Commonwealth Bank,Brisbane,Finance,3-5 years,2,96000,"Power BI,SQL,Looker,Jira",1,0,2024
J0892,Business Analyst,Deloitte,Adelaide,Finance,1-3 years,1,84000,"Looker,Power BI,SQL,BPMN,Tableau,Python",0,0,2026
J0893,Data Analyst,NAB,Sydney,Property,3-5 years,2,105000,"Azure,R,BPMN,Stakeholder Management,SQL",0,0,2025
J0894,BI Analyst,Woolworths,Brisbane,Government,Graduate/<1yr,0,63000,"Power BI,SQL,Stakeholder Management",0,0,2025
J0895,Systems Analyst,Deloitte,Canberra,Government,1-3 years,1,84000,"Power BI,SQL,Agile",0,1,2026
J0896,Reporting Analyst,Deloitte,Melbourne,Healthcare,1-3 years,1,89000,"Python,SQL,DAX,Stakeholder Management,Tableau",1,0,2026
J0897,Business Analyst,Deloitte,Sydney,Consulting,3-5 years,2,114000,"Power BI,SQL,Machine Learning,Jira,Azure,R",1,0,2026
J0898,Senior Business Analyst,KPMG,Adelaide,Government,Graduate/<1yr,2,97000,"Power BI,SQL,Tableau,BPMN",1,0,2025
J0899,BI Analyst,Telstra,Brisbane,Retail,1-3 years,1,92000,"Machine Learning,SQL,Tableau,DAX,R,BPMN,Stakeholder Management,Python",0,0,2025
J0900,Data Analyst,NAB,Perth,Finance,5+ years,3,124000,"Power BI,Looker,Agile,SQL,BPMN,Python,R,Azure",0,1,2024
J0901,Data Analyst,PwC,Melbourne,Property,3-5 years,2,101000,"Power BI,SQL,Azure,BPMN",0,0,2026
J0902,Data Analyst,NAB,Melbourne,Consulting,Graduate/<1yr,0,76000,"Stakeholder Management,Agile,Python,Azure,AWS",0,0,2025
J0903,Data Analyst,Telstra,Sydney,Energy,3-5 years,2,111000,"Machine Learning,SQL,Excel,Jira,Power BI,BPMN,DAX,Tableau",1,1,2026
J0904,Senior Business Analyst,Deloitte,Sydney,Energy,3-5 years,2,117000,"Power BI,SQL,Machine Learning,Excel,AWS,DAX,BPMN,R",1,0,2026
J0905,Reporting Analyst,Dept of Health,Melbourne,Consulting,3-5 years,2,121000,"Agile,SQL,Azure,Machine Learning,Power BI,DAX,BPMN,Python",0,1,2026
J0906,Business Analyst,Telstra,Melbourne,Finance,3-5 years,2,114000,"SQL,Jira,Tableau,Power BI,BPMN,Stakeholder Management,Machine Learning,Azure",0,0,2026
J0907,BI Analyst,Deloitte,Melbourne,Government,3-5 years,2,102000,"Power BI,Tableau,Excel,Azure,Jira,BPMN,Agile,SQL",0,0,2025
J0908,Data Analyst,KPMG,Perth,Energy,Graduate/<1yr,0,80000,"DAX,SQL,Tableau,Python",1,1,2026
J0909,Data Analyst,Commonwealth Bank,Canberra,Technology,1-3 years,1,90000,"Looker,Power BI,BPMN,R,Azure,AWS,Python,SQL",1,0,2024
J0910,Business Analyst,ANZ Bank,Melbourne,Consulting,3-5 years,2,105000,"Excel,Python,Stakeholder Management,Azure,Looker,SQL,Power BI",0,0,2026
J0911,Senior Business Analyst,KPMG,Canberra,Finance,3-5 years,2,116000,"DAX,SQL,Power BI,R,Stakeholder Management,Python,Jira,Machine Learning",0,1,2024
J0912,BI Analyst,KPMG,Canberra,Retail,5+ years,3,135000,"Power BI,SQL,R,Tableau,Machine Learning,Python,Excel,Agile",0,0,2025
J0913,Associate BA,PwC,Sydney,Retail,3-5 years,2,105000,"Looker,SQL,Agile,R,Tableau,BPMN,Jira,Azure",1,0,2024
J0914,Reporting Analyst,Amazon,Brisbane,Energy,3-5 years,2,90000,"Power BI,SQL,R,Looker",0,1,2024
J0915,Business Analyst,Amazon,Melbourne,Government,1-3 years,1,86000,"SQL,AWS,Tableau,DAX,Stakeholder Management,Power BI",0,0,2026
J0916,Associate BA,Amazon,Sydney,Property,Graduate/<1yr,0,73000,"Power BI,SQL,DAX,Agile,AWS,Python,Excel",1,0,2025
J0917,Junior Data Analyst,PwC,Melbourne,Technology,1-3 years,1,91000,"Agile,SQL,Machine Learning,Excel,Jira,Tableau,R",1,0,2026
J0918,Senior Data Analyst,KPMG,Brisbane,Energy,5+ years,3,112000,"Excel,SQL,DAX,Tableau,Power BI",1,0,2024
J0919,Systems Analyst,KPMG,Melbourne,Technology,Graduate/<1yr,0,78000,"Power BI,Agile,Python,DAX,Looker,Excel,SQL",1,0,2025
J0920,BI Analyst,Amazon,Melbourne,Healthcare,5+ years,3,136000,"R,Jira,Azure,Excel,SQL,Python,Machine Learning",0,0,2024
J0921,Business Analyst,NAB,Perth,Property,3-5 years,2,100000,"Power BI,SQL,Stakeholder Management,DAX,Python,Excel,Tableau",1,0,2024
J0922,Senior Data Analyst,Telstra,Melbourne,Energy,1-3 years,2,105000,"Jira,SQL,AWS,Python,Stakeholder Management",0,0,2025
J0923,Reporting Analyst,Deloitte,Sydney,Energy,1-3 years,1,93000,"Power BI,SQL,Excel,AWS",0,1,2026
J0924,Systems Analyst,KPMG,Adelaide,Finance,3-5 years,2,99000,"Power BI,SQL,Tableau,DAX",1,1,2024
J0925,Reporting Analyst,Dept of Health,Remote,Consulting,3-5 years,2,99000,"SQL,Azure,Machine Learning",1,0,2025
J0926,Business Analyst,Commonwealth Bank,Sydney,Property,5+ years,3,132000,"Power BI,DAX,SQL,Excel,Looker",0,1,2025
J0927,Systems Analyst,Commonwealth Bank,Adelaide,Technology,3-5 years,2,99000,"Power BI,SQL,Jira,Tableau",0,0,2025
J0928,Business Analyst,NAB,Melbourne,Property,Graduate/<1yr,0,71000,"Agile,SQL,Jira,Tableau,Stakeholder Management,Power BI",1,0,2026
J0929,Senior Data Analyst,PwC,Sydney,Consulting,3-5 years,2,101000,"Python,Stakeholder Management,DAX,Power BI",0,0,2024
J0930,Data Analyst,Woolworths,Sydney,Finance,3-5 years,2,104000,"Power BI,Machine Learning,SQL",1,0,2024
J0931,Data Analyst,Amazon,Brisbane,Healthcare,1-3 years,1,92000,"Power BI,R,SQL,Azure,Excel,Jira,Python,DAX",0,0,2026
J0932,Junior Data Analyst,Deloitte,Melbourne,Finance,Graduate/<1yr,0,70000,"Excel,SQL,Power BI",0,0,2024
J0933,Senior Data Analyst,ANZ Bank,Sydney,Technology,5+ years,3,133000,"DAX,SQL,Power BI,AWS",0,0,2025
J0934,Business Analyst,Commonwealth Bank,Melbourne,Energy,3-5 years,2,110000,"Power BI,SQL,Python,Machine Learning",1,0,2026
J0935,Business Analyst,ANZ Bank,Melbourne,Healthcare,3-5 years,2,107000,"Tableau,SQL,Agile,AWS",0,1,2025
J0936,BI Analyst,PwC,Melbourne,Technology,1-3 years,1,88000,"DAX,SQL,Azure,Looker,Machine Learning",0,0,2025
J0937,Reporting Analyst,Commonwealth Bank,Melbourne,Finance,1-3 years,1,93000,"SQL,Power BI,Machine Learning,Azure,Excel",1,0,2026
J0938,Systems Analyst,KPMG,Melbourne,Consulting,5+ years,3,131000,"Python,AWS,Excel,Power BI,Stakeholder Management,SQL,Agile",0,0,2024
J0939,Systems Analyst,Amazon,Perth,Property,1-3 years,1,91000,"Power BI,SQL,Looker,Excel,DAX,Stakeholder Management,Jira",1,0,2024
J0940,Business Analyst,Amazon,Remote,Healthcare,1-3 years,1,85000,"Power BI,SQL,AWS",1,1,2026
J0941,Data Analyst,Commonwealth Bank,Perth,Retail,3-5 years,2,102000,"Power BI,SQL,Excel,Looker,Jira,BPMN,R,AWS",0,0,2026
J0942,Reporting Analyst,Woolworths,Brisbane,Consulting,5+ years,3,119000,"SQL,R,Stakeholder Management,Azure,Jira,Excel,Machine Learning,Tableau",1,1,2025
J0943,Data Analyst,ANZ Bank,Sydney,Energy,3-5 years,2,100000,"Tableau,Jira,SQL,AWS,Stakeholder Management",0,0,2025
J0944,Reporting Analyst,Deloitte,Brisbane,Finance,3-5 years,2,95000,"SQL,Power BI,R,DAX,Agile,Looker,BPMN",0,0,2025
J0945,Data Analyst,PwC,Remote,Technology,Graduate/<1yr,0,59000,"Power BI,SQL,Looker,DAX,R",0,1,2025
J0946,Junior Data Analyst,PwC,Melbourne,Consulting,Graduate/<1yr,0,74000,"Power BI,SQL,R,Python,Stakeholder Management",1,1,2024
J0947,Systems Analyst,Commonwealth Bank,Brisbane,Government,3-5 years,2,100000,"Power BI,SQL,AWS,Jira",1,0,2025
J0948,Insights Analyst,KPMG,Sydney,Government,1-3 years,1,90000,"Agile,SQL,Azure,Power BI",1,1,2025
J0949,Business Analyst,NAB,Melbourne,Finance,3-5 years,2,99000,"Excel,SQL,Agile,Looker,Power BI",0,0,2024
J0950,Systems Analyst,NAB,Perth,Property,Graduate/<1yr,0,71000,"BPMN,Azure,Excel,Agile",0,0,2024
J0951,Business Analyst,Telstra,Sydney,Healthcare,3-5 years,2,107000,"Power BI,SQL,R,Azure",0,1,2025
J0952,Associate BA,NAB,Brisbane,Technology,5+ years,3,130000,"Power BI,SQL,AWS,Machine Learning,Tableau,R",1,1,2025
J0953,Senior Data Analyst,Deloitte,Brisbane,Healthcare,1-3 years,2,91000,"Power BI,SQL,Agile,R,Excel",0,0,2025
J0954,Senior Data Analyst,Woolworths,Sydney,Technology,3-5 years,2,108000,"AWS,SQL,Tableau,DAX,R,Jira,Machine Learning,Power BI",1,0,2026
J0955,Associate BA,Amazon,Sydney,Technology,3-5 years,2,101000,"Python,AWS,Agile",1,0,2026
J0956,Business Analyst,KPMG,Adelaide,Property,1-3 years,1,79000,"Power BI,SQL,Azure,Python,BPMN",1,0,2026
J0957,BI Analyst,NAB,Brisbane,Energy,Graduate/<1yr,0,68000,"Power BI,SQL,Python,Excel",0,0,2025
J0958,Business Analyst,Telstra,Melbourne,Government,1-3 years,1,91000,"AWS,R,DAX,SQL,Agile,BPMN,Stakeholder Management,Tableau",1,0,2025
J0959,Data Analyst,NAB,Perth,Energy,5+ years,3,121000,"Power BI,SQL,DAX",0,0,2025
J0960,Senior Data Analyst,Dept of Health,Melbourne,Retail,3-5 years,2,99000,"Power BI,SQL,Looker,R,Azure,Machine Learning,AWS",1,0,2024
J0961,Data Analyst,NAB,Perth,Government,1-3 years,1,90000,"Power BI,Excel,DAX,Python,Tableau,SQL",1,0,2024
J0962,Senior Business Analyst,Amazon,Melbourne,Retail,1-3 years,2,99000,"Power BI,SQL,Agile",1,0,2026
J0963,Senior Data Analyst,Deloitte,Sydney,Property,5+ years,3,148000,"AWS,SQL,BPMN,Machine Learning,Azure,DAX,Tableau,Jira",1,0,2025
J0964,BI Analyst,Dept of Health,Brisbane,Retail,3-5 years,2,103000,"Power BI,Excel,Azure,Tableau,R,DAX,Python,Looker",0,0,2024
J0965,Associate BA,Woolworths,Melbourne,Property,3-5 years,2,107000,"Power BI,SQL,Jira,AWS,Azure,DAX",1,0,2026
J0966,Junior Data Analyst,ANZ Bank,Remote,Energy,1-3 years,1,78000,"Power BI,BPMN,Agile,AWS,Looker",1,0,2025
J0967,Business Analyst,Deloitte,Brisbane,Healthcare,1-3 years,1,88000,"AWS,Jira,Stakeholder Management,SQL,Looker,Power BI,DAX",0,0,2024
J0968,Business Analyst,Commonwealth Bank,Brisbane,Finance,3-5 years,2,95000,"Power BI,SQL,Machine Learning,BPMN,Python,Tableau",1,0,2025
J0969,Data Analyst,ANZ Bank,Melbourne,Government,3-5 years,2,102000,"Excel,SQL,Power BI,R,BPMN",1,1,2026
J0970,Senior Business Analyst,Amazon,Melbourne,Government,1-3 years,2,95000,"Looker,SQL,Tableau",1,1,2025
J0971,BI Analyst,Telstra,Melbourne,Technology,3-5 years,2,104000,"Tableau,SQL,R,DAX,Excel,Looker",0,0,2026
J0972,Senior Business Analyst,Dept of Health,Melbourne,Finance,3-5 years,2,94000,"Power BI,SQL,DAX,Looker,Excel,Agile",0,0,2025
J0973,Associate BA,Woolworths,Brisbane,Retail,3-5 years,2,111000,"AWS,SQL,Azure,Machine Learning,Agile,Power BI,DAX",1,0,2026
J0974,Business Analyst,Telstra,Sydney,Healthcare,3-5 years,2,109000,"AWS,SQL,Python,Stakeholder Management",1,1,2024
J0975,Business Analyst,PwC,Brisbane,Energy,Graduate/<1yr,0,72000,"Power BI,SQL,Azure",0,1,2025
J0976,Senior Business Analyst,ANZ Bank,Melbourne,Retail,1-3 years,2,119000,"Power BI,SQL,Python,Looker,DAX,AWS",0,0,2026
J0977,BI Analyst,Commonwealth Bank,Melbourne,Healthcare,3-5 years,2,100000,"SQL,Tableau,Stakeholder Management,R,Python",1,1,2026
J0978,Associate BA,KPMG,Melbourne,Energy,3-5 years,2,102000,"Power BI,SQL,Python,Agile",0,0,2025
J0979,Business Analyst,KPMG,Brisbane,Property,1-3 years,1,86000,"Machine Learning,DAX,BPMN,AWS",1,0,2026
J0980,Business Analyst,Telstra,Sydney,Finance,5+ years,3,126000,"Jira,SQL,Azure,Stakeholder Management,Agile,Looker,Excel",0,0,2026
J0981,Reporting Analyst,PwC,Brisbane,Property,3-5 years,2,101000,"Power BI,SQL,Python,AWS,Jira,Excel,Agile,Looker",1,1,2024
J0982,Systems Analyst,Dept of Health,Melbourne,Energy,1-3 years,1,88000,"Agile,DAX,Power BI,SQL,Looker,Python",1,0,2025
J0983,Data Analyst,Woolworths,Brisbane,Healthcare,1-3 years,1,96000,"Looker,SQL,Excel,Python,Tableau,DAX",0,1,2025
J0984,Senior Data Analyst,NAB,Melbourne,Finance,3-5 years,2,104000,"Looker,Tableau,SQL,Machine Learning,Jira,Excel,DAX,Power BI",0,0,2024
J0985,Senior Data Analyst,Commonwealth Bank,Melbourne,Healthcare,5+ years,3,125000,"Excel,SQL,Looker,Jira,Power BI,BPMN,AWS",0,0,2024
J0986,Business Analyst,Deloitte,Perth,Energy,1-3 years,1,93000,"Looker,DAX,Stakeholder Management,SQL,Excel,Azure,Tableau",0,0,2026
J0987,Senior Data Analyst,Amazon,Brisbane,Retail,1-3 years,2,97000,"Power BI,SQL,Python,R,DAX,Looker",0,1,2025
J0988,Senior Data Analyst,Amazon,Melbourne,Energy,1-3 years,2,102000,"Power BI,SQL,AWS",0,0,2024
J0989,Reporting Analyst,Amazon,Melbourne,Technology,3-5 years,2,100000,"Looker,SQL,DAX,Python,Stakeholder Management,Jira",0,0,2025
J0990,Reporting Analyst,Amazon,Melbourne,Finance,1-3 years,1,95000,"Power BI,SQL,Machine Learning,Excel,Azure,AWS",1,0,2024
J0991,Senior Business Analyst,Dept of Health,Sydney,Healthcare,Graduate/<1yr,2,104000,"Power BI,Excel,BPMN,Stakeholder Management,Tableau,Agile,Looker",0,0,2025
J0992,Systems Analyst,Deloitte,Sydney,Government,1-3 years,1,108000,"Machine Learning,SQL,Jira,Python,Power BI",1,0,2025
J0993,Reporting Analyst,Commonwealth Bank,Sydney,Technology,3-5 years,2,95000,"Power BI,SQL,Jira",0,0,2026
J0994,Business Analyst,Woolworths,Brisbane,Energy,5+ years,3,127000,"Excel,SQL,Python,DAX,Stakeholder Management,Tableau,Azure,Power BI",1,0,2024
J0995,Business Analyst,Woolworths,Sydney,Technology,1-3 years,1,82000,"Power BI,SQL,BPMN,Stakeholder Management",0,0,2025
J0996,Senior Business Analyst,KPMG,Melbourne,Energy,3-5 years,2,117000,"Jira,BPMN,Looker,Python,DAX,SQL,Power BI",0,0,2025
J0997,Junior Data Analyst,NAB,Brisbane,Property,1-3 years,1,85000,"Power BI,SQL,Tableau,AWS,BPMN,Jira",0,0,2024
J0998,Business Analyst,Woolworths,Melbourne,Government,5+ years,3,127000,"Azure,SQL,Jira,Python,Excel,Tableau,BPMN",0,0,2024
J0999,Senior Data Analyst,Amazon,Brisbane,Retail,Graduate/<1yr,2,93000,"Power BI,SQL,R,Agile",0,0,2025
J1000,BI Analyst,Dept of Health,Sydney,Consulting,1-3 years,1,95000,"Machine Learning,AWS,SQL,Python,Stakeholder Management,BPMN,Excel,DAX",1,0,2024
J1001,BI Analyst,ANZ Bank,Perth,Finance,1-3 years,1,79000,"Power BI,SQL,Tableau,Stakeholder Management,Jira,DAX,Agile",0,0,2024
J1002,Senior Business Analyst,Telstra,Brisbane,Finance,1-3 years,2,90000,"Power BI,SQL,R",0,1,2025
J1003,Data Analyst,Amazon,Melbourne,Technology,5+ years,3,122000,"Power BI,SQL,DAX,BPMN,Python",0,0,2025
J1004,Business Analyst,Dept of Health,Melbourne,Government,5+ years,3,133000,"Stakeholder Management,SQL,Machine Learning,Azure,Looker,BPMN,Agile,Power BI",0,1,2025
J1005,Senior Business Analyst,Amazon,Brisbane,Property,3-5 years,2,100000,"Power BI,SQL,DAX",0,0,2025
J1006,Systems Analyst,NAB,Melbourne,Energy,3-5 years,2,104000,"Power BI,SQL,Python,DAX,Azure,R,Looker",0,0,2026
J1007,BI Analyst,ANZ Bank,Sydney,Technology,1-3 years,1,94000,"BPMN,SQL,Power BI,AWS,Excel,Azure,Python,Agile",1,0,2026
J1008,BI Analyst,Deloitte,Brisbane,Property,Graduate/<1yr,0,74000,"Power BI,Jira,Python,SQL,AWS,Machine Learning",1,0,2024
J1009,Data Analyst,Woolworths,Melbourne,Retail,5+ years,3,119000,"Power BI,SQL,Tableau",1,1,2026
J1010,Senior Business Analyst,Amazon,Melbourne,Energy,5+ years,3,120000,"BPMN,DAX,Power BI,SQL,Stakeholder Management,AWS,Azure,R",0,1,2024
J1011,BI Analyst,Woolworths,Melbourne,Government,3-5 years,2,109000,"Power BI,Azure,Agile,Looker,Machine Learning,SQL",0,0,2024
J1012,Data Analyst,KPMG,Sydney,Energy,1-3 years,1,87000,"Power BI,SQL,Excel,Azure",0,0,2026
J1013,Data Analyst,KPMG,Remote,Technology,5+ years,3,117000,"Tableau,Machine Learning,R,BPMN,Azure,Power BI,SQL",1,0,2026
J1014,Data Analyst,Woolworths,Sydney,Retail,1-3 years,1,84000,"Looker,SQL,AWS,Jira",0,0,2025
J1015,Senior Data Analyst,Telstra,Brisbane,Retail,3-5 years,2,98000,"BPMN,Power BI,Jira",0,1,2026
J1016,Senior Business Analyst,PwC,Melbourne,Property,5+ years,3,128000,"Power BI,Tableau,Machine Learning",1,0,2024
J1017,Business Analyst,NAB,Sydney,Finance,5+ years,3,134000,"Python,SQL,Agile,Machine Learning,DAX,BPMN",1,0,2025
J1018,Junior Data Analyst,NAB,Sydney,Retail,1-3 years,1,87000,"BPMN,SQL,DAX",0,0,2025
J1019,Data Analyst,Telstra,Perth,Property,1-3 years,1,93000,"BPMN,SQL,Excel,Python,Agile,AWS",1,0,2024
J1020,Business Analyst,Amazon,Melbourne,Retail,1-3 years,1,88000,"Power BI,BPMN,SQL",1,0,2025
J1021,Data Analyst,NAB,Sydney,Finance,1-3 years,1,83000,"Power BI,SQL,Excel",1,1,2026
J1022,Junior Data Analyst,Deloitte,Brisbane,Government,5+ years,1,84000,"Power BI,SQL,AWS",0,0,2026
J1023,Business Analyst,Deloitte,Adelaide,Property,1-3 years,1,85000,"Jira,Tableau,Machine Learning,SQL,AWS",1,0,2024
J1024,Data Analyst,Amazon,Melbourne,Technology,3-5 years,2,99000,"Power BI,SQL,BPMN,Looker",0,1,2026
J1025,BI Analyst,Woolworths,Sydney,Technology,3-5 years,2,108000,"Power BI,SQL,DAX",1,0,2024
J1026,BI Analyst,PwC,Melbourne,Retail,3-5 years,2,102000,"Power BI,SQL,Azure",0,0,2024
J1027,Senior Business Analyst,Telstra,Sydney,Retail,1-3 years,2,112000,"Python,Excel,DAX,Machine Learning,Stakeholder Management,Tableau,Power BI,BPMN",1,0,2026
J1028,BI Analyst,Deloitte,Melbourne,Retail,3-5 years,2,103000,"BPMN,SQL,Agile,R,Power BI",1,1,2024
J1029,BI Analyst,Dept of Health,Sydney,Consulting,1-3 years,1,86000,"Azure,Looker,SQL",1,1,2024
J1030,Business Analyst,Amazon,Melbourne,Consulting,3-5 years,2,106000,"Power BI,Machine Learning,Azure,SQL,BPMN,Stakeholder Management,R",0,0,2024
J1031,Business Analyst,Woolworths,Melbourne,Consulting,5+ years,3,135000,"SQL,Excel,Power BI,Python,DAX,Machine Learning",1,0,2025
J1032,Data Analyst,PwC,Remote,Property,5+ years,3,108000,"Python,Jira,Stakeholder Management,DAX,Tableau",0,1,2025
J1033,Associate BA,NAB,Melbourne,Energy,1-3 years,1,96000,"Power BI,DAX,SQL,Machine Learning,BPMN",1,0,2025
J1034,Systems Analyst,Dept of Health,Brisbane,Government,3-5 years,2,99000,"Power BI,SQL,Agile,Machine Learning",1,0,2026
J1035,Junior Data Analyst,KPMG,Melbourne,Property,1-3 years,1,96000,"Power BI,Machine Learning,SQL,Agile,Stakeholder Management,Python,Looker",0,0,2025
J1036,Senior Business Analyst,Deloitte,Sydney,Property,3-5 years,2,115000,"Stakeholder Management,Power BI,Azure,R,SQL,Python,DAX",1,0,2025
J1037,Senior Data Analyst,Woolworths,Sydney,Consulting,1-3 years,2,101000,"Power BI,SQL,R,Agile,Azure,DAX,Excel",1,0,2024
J1038,Business Analyst,Telstra,Sydney,Technology,1-3 years,1,95000,"AWS,SQL,Python",1,0,2024
J1039,Systems Analyst,Amazon,Perth,Finance,3-5 years,2,104000,"BPMN,SQL,DAX,Jira,AWS,Azure",0,0,2026
J1040,BI Analyst,Deloitte,Sydney,Energy,Graduate/<1yr,0,83000,"SQL,Machine Learning,AWS,Looker,R,Power BI",1,0,2025
J1041,Reporting Analyst,Deloitte,Sydney,Healthcare,3-5 years,2,112000,"Power BI,SQL,Machine Learning,Agile,Python,Tableau",1,1,2026
J1042,Junior Data Analyst,PwC,Sydney,Finance,1-3 years,1,91000,"Power BI,SQL,Agile",0,0,2024
J1043,Reporting Analyst,Woolworths,Sydney,Finance,1-3 years,1,96000,"Power BI,SQL,Tableau,Machine Learning,DAX,AWS,BPMN,Stakeholder Management",1,0,2026
J1044,Senior Business Analyst,ANZ Bank,Sydney,Finance,5+ years,3,131000,"Jira,AWS,Power BI,SQL,Agile,Machine Learning,Azure,Looker",0,0,2024
J1045,Business Analyst,Deloitte,Sydney,Technology,3-5 years,2,106000,"Power BI,BPMN,AWS",0,0,2025
J1046,BI Analyst,ANZ Bank,Melbourne,Retail,3-5 years,2,106000,"Tableau,SQL,BPMN",1,0,2026
J1047,Data Analyst,PwC,Sydney,Government,1-3 years,1,95000,"Power BI,SQL,Excel,DAX,Python,Stakeholder Management,Tableau",0,0,2025
J1048,Data Analyst,Telstra,Brisbane,Retail,Graduate/<1yr,0,69000,"Azure,Agile,SQL,Python,Looker,R,BPMN",1,0,2026
J1049,Senior Business Analyst,Commonwealth Bank,Sydney,Energy,1-3 years,2,98000,"Agile,SQL,Looker",0,1,2026
J1050,Business Analyst,PwC,Brisbane,Energy,Graduate/<1yr,0,69000,"Azure,Power BI,DAX,Stakeholder Management,Agile,Excel",1,0,2025
J1051,Business Analyst,PwC,Brisbane,Healthcare,3-5 years,2,95000,"Stakeholder Management,SQL,Python,Excel",0,0,2025
J1052,Junior Data Analyst,PwC,Melbourne,Energy,1-3 years,1,96000,"Power BI,Python,Machine Learning,SQL",0,0,2026
J1053,Business Analyst,KPMG,Sydney,Finance,5+ years,3,129000,"Stakeholder Management,SQL,Power BI,Jira,Looker,Azure,Machine Learning,Agile",0,1,2024
J1054,Data Analyst,ANZ Bank,Sydney,Government,5+ years,3,126000,"BPMN,Stakeholder Management,SQL,Machine Learning,Power BI",0,0,2025
J1055,Data Analyst,Dept of Health,Brisbane,Consulting,1-3 years,1,82000,"SQL,Agile,Stakeholder Management,Tableau,DAX",0,0,2026
J1056,Business Analyst,Telstra,Sydney,Energy,1-3 years,1,89000,"Machine Learning,SQL,Power BI,AWS",0,1,2024
J1057,Senior Data Analyst,Telstra,Melbourne,Energy,3-5 years,2,111000,"Power BI,SQL,Azure",0,0,2026
J1058,BI Analyst,ANZ Bank,Melbourne,Retail,1-3 years,1,91000,"Tableau,SQL,Jira,Power BI,Stakeholder Management,Python",0,0,2025
J1059,Business Analyst,Dept of Health,Sydney,Consulting,Graduate/<1yr,0,74000,"Power BI,Machine Learning,SQL",0,0,2026
J1060,Data Analyst,ANZ Bank,Melbourne,Technology,5+ years,3,125000,"Power BI,SQL,Looker",1,0,2025
J1061,Reporting Analyst,Deloitte,Melbourne,Retail,Graduate/<1yr,0,70000,"Machine Learning,SQL,R,BPMN,Jira",0,0,2026
J1062,Systems Analyst,Commonwealth Bank,Remote,Retail,3-5 years,2,92000,"Python,SQL,Jira,DAX,R,Power BI,Agile,Tableau",1,0,2026
J1063,Senior Data Analyst,KPMG,Melbourne,Property,1-3 years,2,102000,"Looker,Machine Learning,Power BI,Excel",0,0,2024
J1064,Systems Analyst,ANZ Bank,Sydney,Finance,3-5 years,2,102000,"R,SQL,Agile,Stakeholder Management,Power BI,Excel",1,0,2025
J1065,Data Analyst,ANZ Bank,Brisbane,Energy,Graduate/<1yr,0,75000,"R,Excel,SQL,Power BI,AWS,Stakeholder Management,Machine Learning,Python",1,1,2025
J1066,Senior Business Analyst,Amazon,Sydney,Consulting,3-5 years,2,102000,"Power BI,SQL,Agile",0,0,2025
J1067,Business Analyst,Deloitte,Brisbane,Healthcare,5+ years,3,118000,"SQL,Machine Learning,Stakeholder Management",0,0,2026
J1068,BI Analyst,Amazon,Adelaide,Technology,5+ years,3,117000,"Power BI,SQL,Tableau,R,Python",1,0,2025
J1069,Business Analyst,PwC,Sydney,Finance,3-5 years,2,105000,"Azure,SQL,Jira,Power BI,Tableau",0,0,2025
J1070,Data Analyst,Deloitte,Brisbane,Energy,5+ years,3,109000,"Stakeholder Management,SQL,Power BI,Excel",1,1,2024
J1071,Reporting Analyst,NAB,Melbourne,Retail,1-3 years,1,94000,"Stakeholder Management,Jira,Excel,SQL,Power BI,Python,Tableau,BPMN",0,0,2025
J1072,Reporting Analyst,Dept of Health,Melbourne,Property,5+ years,3,119000,"Power BI,Jira,AWS,Agile",1,0,2025
J1073,Reporting Analyst,PwC,Sydney,Energy,1-3 years,1,87000,"Power BI,SQL,Agile,DAX",0,0,2025
J1074,Insights Analyst,Commonwealth Bank,Canberra,Healthcare,3-5 years,2,106000,"Power BI,SQL,Tableau,Azure,BPMN,Excel,Agile,Looker",0,0,2025
J1075,Senior Business Analyst,Deloitte,Melbourne,Consulting,3-5 years,2,102000,"Tableau,SQL,Power BI,Azure",0,0,2025
J1076,Senior Business Analyst,Woolworths,Melbourne,Healthcare,Graduate/<1yr,2,104000,"AWS,SQL,Jira,DAX,R,Looker",1,1,2026
J1077,Reporting Analyst,Dept of Health,Brisbane,Consulting,Graduate/<1yr,0,85000,"Power BI,SQL,AWS,Azure,Python,Machine Learning,Jira",1,0,2025
J1078,Senior Business Analyst,KPMG,Melbourne,Healthcare,5+ years,3,130000,"Stakeholder Management,SQL,Looker,Power BI,Jira,BPMN,Excel,DAX",1,0,2025
J1079,Senior Data Analyst,PwC,Melbourne,Finance,3-5 years,2,102000,"Jira,SQL,Tableau,R,BPMN,Stakeholder Management,AWS",0,0,2024
J1080,Associate BA,Telstra,Brisbane,Consulting,1-3 years,1,94000,"Looker,SQL,DAX,Stakeholder Management,R,AWS,Python",0,0,2025
J1081,Senior Data Analyst,Dept of Health,Melbourne,Government,1-3 years,2,106000,"Stakeholder Management,SQL,AWS,Power BI,Tableau",0,0,2025
J1082,Business Analyst,ANZ Bank,Melbourne,Consulting,3-5 years,2,109000,"Power BI,DAX,SQL,Tableau,AWS",0,0,2026
J1083,Senior Business Analyst,PwC,Melbourne,Retail,3-5 years,2,104000,"Power BI,SQL,Tableau,Excel,Jira,Azure",0,1,2025
J1084,Data Analyst,Commonwealth Bank,Sydney,Energy,1-3 years,1,89000,"Tableau,SQL,Agile",1,0,2025
J1085,Data Analyst,Amazon,Sydney,Government,5+ years,3,132000,"Power BI,SQL,Python,Looker,Machine Learning",0,0,2026
J1086,BI Analyst,PwC,Sydney,Finance,1-3 years,1,86000,"Power BI,Azure,SQL",1,0,2025
J1087,Reporting Analyst,Commonwealth Bank,Melbourne,Consulting,3-5 years,2,98000,"Azure,SQL,Tableau,BPMN",0,0,2024
J1088,Data Analyst,NAB,Adelaide,Healthcare,5+ years,3,116000,"Power BI,SQL,Stakeholder Management,DAX,R,Jira",0,1,2025
J1089,Junior Data Analyst,Commonwealth Bank,Sydney,Consulting,3-5 years,1,88000,"Power BI,SQL,Looker,R,Stakeholder Management,AWS",1,0,2026
J1090,Junior Data Analyst,KPMG,Sydney,Government,3-5 years,1,96000,"Tableau,SQL,DAX,Python,R,Power BI,AWS",1,0,2025
J1091,Business Analyst,Commonwealth Bank,Melbourne,Retail,3-5 years,2,104000,"Excel,SQL,Azure,DAX,AWS",0,0,2025
J1092,Data Analyst,ANZ Bank,Perth,Consulting,Graduate/<1yr,0,73000,"SQL,Azure,Power BI,R",1,0,2025
J1093,Senior Business Analyst,PwC,Sydney,Consulting,3-5 years,2,107000,"Power BI,Jira,SQL,BPMN,AWS,Agile,Tableau,R",0,0,2024
J1094,Junior Data Analyst,Telstra,Sydney,Property,3-5 years,1,86000,"Agile,Excel,SQL,DAX,AWS,Power BI",0,0,2024
J1095,Senior Business Analyst,Amazon,Sydney,Healthcare,1-3 years,2,113000,"Power BI,Azure,R,AWS,BPMN,Agile,Machine Learning,Looker",1,0,2024
J1096,Business Analyst,Amazon,Sydney,Finance,3-5 years,2,103000,"Power BI,SQL,Agile,AWS",0,0,2025
J1097,Data Analyst,Woolworths,Melbourne,Consulting,5+ years,3,123000,"Looker,DAX,Python,R,SQL",1,1,2026
J1098,Data Analyst,ANZ Bank,Sydney,Technology,1-3 years,1,94000,"BPMN,SQL,Machine Learning,Tableau",1,0,2025
J1099,Data Analyst,Commonwealth Bank,Brisbane,Technology,Graduate/<1yr,0,75000,"DAX,Agile,Tableau,Looker,Power BI",1,0,2026
J1100,Data Analyst,Deloitte,Melbourne,Energy,1-3 years,1,93000,"Machine Learning,SQL,BPMN,Agile,Stakeholder Management,Tableau,Python,Excel",0,0,2025
J1101,Data Analyst,ANZ Bank,Canberra,Consulting,Graduate/<1yr,0,81000,"Power BI,SQL,R,Agile,Tableau,AWS,Machine Learning",0,0,2024
J1102,Data Analyst,Amazon,Melbourne,Consulting,5+ years,3,125000,"Power BI,Tableau,Python,Machine Learning",1,1,2024
J1103,Data Analyst,ANZ Bank,Melbourne,Healthcare,1-3 years,1,87000,"Tableau,SQL,Azure,Stakeholder Management",0,0,2026
J1104,Data Analyst,Woolworths,Melbourne,Healthcare,1-3 years,1,83000,"SQL,Power BI,BPMN",1,0,2025
J1105,Associate BA,PwC,Brisbane,Energy,3-5 years,2,96000,"Power BI,SQL,R,Jira",0,1,2025
J1106,Associate BA,Telstra,Brisbane,Property,3-5 years,2,100000,"Power BI,Stakeholder Management,SQL",1,1,2026
J1107,BI Analyst,NAB,Melbourne,Healthcare,Graduate/<1yr,0,74000,"Jira,SQL,AWS,Python,DAX",1,0,2025
J1108,Data Analyst,Dept of Health,Brisbane,Healthcare,3-5 years,2,97000,"Power BI,SQL,Stakeholder Management,Python,R",0,0,2025
J1109,Data Analyst,Deloitte,Adelaide,Government,5+ years,3,126000,"Stakeholder Management,SQL,Power BI,Python,AWS,Tableau,Azure",0,0,2025
J1110,Senior Business Analyst,Dept of Health,Melbourne,Energy,3-5 years,2,95000,"Power BI,Looker,BPMN",1,0,2026
J1111,Associate BA,Deloitte,Sydney,Retail,1-3 years,1,86000,"Power BI,SQL,Excel,BPMN,Looker,Machine Learning,Tableau,Agile",1,0,2024
J1112,Senior Business Analyst,Woolworths,Melbourne,Finance,5+ years,3,127000,"Excel,SQL,Stakeholder Management,Machine Learning,Looker,R,AWS,Power BI",1,1,2024
J1113,BI Analyst,Woolworths,Brisbane,Finance,3-5 years,2,101000,"Python,SQL,Agile,Looker,DAX,Stakeholder Management,Power BI,Azure",1,0,2025
J1114,Systems Analyst,Amazon,Adelaide,Retail,Graduate/<1yr,0,77000,"Excel,Azure,Tableau,Machine Learning,SQL,Power BI,Agile",0,1,2025
J1115,Business Analyst,Amazon,Brisbane,Energy,1-3 years,1,79000,"DAX,SQL,BPMN,Tableau",1,0,2026
J1116,Senior Business Analyst,KPMG,Melbourne,Technology,1-3 years,2,106000,"Machine Learning,SQL,Tableau,Agile",1,1,2026
J1117,Business Analyst,Woolworths,Sydney,Healthcare,3-5 years,2,115000,"Power BI,Azure,Agile,SQL,DAX,Jira,BPMN,R",0,0,2025
J1118,Senior Business Analyst,Telstra,Brisbane,Property,1-3 years,2,102000,"Power BI,Excel,BPMN,Stakeholder Management,Agile,Machine Learning,SQL",1,0,2025
J1119,Data Analyst,Woolworths,Melbourne,Government,3-5 years,2,89000,"Power BI,SQL,Excel,Stakeholder Management,Looker",0,0,2025
J1120,Data Analyst,Telstra,Sydney,Finance,3-5 years,2,113000,"Excel,SQL,Agile,BPMN,AWS,Power BI,DAX,Jira",0,0,2025
J1121,Junior Data Analyst,KPMG,Sydney,Property,1-3 years,1,88000,"Excel,SQL,Power BI,Stakeholder Management,AWS",0,0,2026
J1122,Systems Analyst,Telstra,Sydney,Property,1-3 years,1,90000,"Power BI,BPMN,AWS,Stakeholder Management,Tableau,Python",1,1,2025
J1123,Senior Business Analyst,Commonwealth Bank,Melbourne,Healthcare,3-5 years,2,110000,"Stakeholder Management,SQL,Looker,AWS,BPMN,Azure",1,0,2025
J1124,Data Analyst,PwC,Melbourne,Consulting,3-5 years,2,97000,"Power BI,SQL,Agile,AWS",1,1,2026
J1125,Reporting Analyst,NAB,Canberra,Technology,5+ years,3,122000,"Power BI,Excel,DAX,Looker",0,0,2025
J1126,Data Analyst,Woolworths,Melbourne,Retail,Graduate/<1yr,0,70000,"Azure,SQL,Looker,Jira,AWS,Stakeholder Management",1,0,2024
J1127,Business Analyst,Woolworths,Melbourne,Consulting,3-5 years,2,108000,"BPMN,SQL,R,AWS,DAX,Python,Azure,Agile",1,1,2025
J1128,Reporting Analyst,Amazon,Melbourne,Energy,1-3 years,1,90000,"Power BI,SQL,DAX,Tableau,Azure,Excel,AWS,Stakeholder Management",0,0,2025
J1129,Data Analyst,Commonwealth Bank,Sydney,Government,1-3 years,1,99000,"Power BI,Machine Learning,DAX,Jira,Azure,Agile,Python",1,0,2024
J1130,Business Analyst,Deloitte,Melbourne,Technology,3-5 years,2,107000,"Stakeholder Management,SQL,Jira,Python",0,0,2026
J1131,Business Analyst,ANZ Bank,Sydney,Government,3-5 years,2,117000,"Power BI,SQL,BPMN,Azure,Jira,Machine Learning",1,0,2024
J1132,Reporting Analyst,Dept of Health,Melbourne,Property,1-3 years,1,88000,"Machine Learning,SQL,Agile,R",1,0,2024
J1133,Associate BA,Amazon,Sydney,Consulting,1-3 years,1,91000,"Power BI,SQL,Stakeholder Management",0,0,2025
J1134,Systems Analyst,NAB,Sydney,Energy,1-3 years,1,87000,"Excel,SQL,Machine Learning,Looker",1,0,2024
J1135,Junior Data Analyst,Woolworths,Melbourne,Finance,Graduate/<1yr,0,68000,"Jira,BPMN,Agile",1,0,2025
J1136,Business Analyst,PwC,Remote,Healthcare,3-5 years,2,98000,"Power BI,SQL,Azure,Jira,DAX",1,0,2026
J1137,Insights Analyst,KPMG,Canberra,Retail,1-3 years,1,94000,"Jira,R,Azure,Machine Learning,DAX,Agile,Tableau,Stakeholder Management",0,0,2026
J1138,Senior Business Analyst,Dept of Health,Adelaide,Consulting,1-3 years,2,83000,"Power BI,Agile,Jira,SQL",1,0,2024
J1139,Business Analyst,NAB,Perth,Consulting,5+ years,3,112000,"Power BI,Stakeholder Management,Agile",0,0,2026
J1140,Reporting Analyst,Amazon,Sydney,Property,1-3 years,1,90000,"Power BI,SQL,Tableau,Excel,Agile",1,0,2026
J1141,Business Analyst,PwC,Canberra,Retail,1-3 years,1,88000,"Power BI,SQL,BPMN,DAX",0,0,2025
J1142,Associate BA,NAB,Adelaide,Consulting,1-3 years,1,80000,"Python,SQL,Tableau,Excel",1,0,2024
J1143,Data Analyst,Telstra,Melbourne,Technology,3-5 years,2,97000,"Power BI,SQL,Python,R",1,0,2026
J1144,Business Analyst,Telstra,Sydney,Energy,3-5 years,2,103000,"Power BI,SQL,R,Looker,Excel,Tableau,Stakeholder Management",0,0,2025
J1145,Insights Analyst,ANZ Bank,Brisbane,Healthcare,3-5 years,2,98000,"Power BI,SQL,Stakeholder Management,Jira,DAX",1,0,2024
J1146,Systems Analyst,Amazon,Melbourne,Retail,1-3 years,1,86000,"Power BI,SQL,Stakeholder Management",0,0,2025
J1147,Junior Data Analyst,NAB,Brisbane,Finance,Graduate/<1yr,0,81000,"Power BI,Azure,Machine Learning,Python,Tableau,SQL,DAX,Jira",1,0,2026
J1148,Business Analyst,Commonwealth Bank,Melbourne,Government,3-5 years,2,111000,"Machine Learning,Python,DAX,AWS,Power BI",1,0,2026
J1149,Data Analyst,Commonwealth Bank,Brisbane,Energy,1-3 years,1,95000,"Excel,SQL,Jira,Python,Azure,Tableau,BPMN,Machine Learning",0,0,2026
J1150,Business Analyst,ANZ Bank,Perth,Consulting,3-5 years,2,93000,"Power BI,SQL,R,BPMN,Stakeholder Management",0,0,2025
J1151,Reporting Analyst,NAB,Melbourne,Property,1-3 years,1,95000,"Power BI,SQL,Python,Jira,R,AWS,DAX",1,0,2025
J1152,Senior Business Analyst,KPMG,Sydney,Healthcare,5+ years,3,137000,"SQL,DAX,AWS,Machine Learning,Azure,R,Agile",1,0,2026
J1153,Senior Business Analyst,Dept of Health,Sydney,Energy,5+ years,3,132000,"Power BI,Looker,SQL,Python,Machine Learning,R",0,0,2024
J1154,Associate BA,ANZ Bank,Adelaide,Property,Graduate/<1yr,0,72000,"Python,Agile,Azure,DAX,Jira,Tableau,Power BI,BPMN",0,0,2025
J1155,Business Analyst,Amazon,Perth,Government,1-3 years,1,75000,"Looker,SQL,Agile",0,1,2026
J1156,Business Analyst,Amazon,Brisbane,Property,1-3 years,1,89000,"Azure,Python,Stakeholder Management,SQL,Power BI,Agile",0,1,2024
J1157,Business Analyst,NAB,Melbourne,Property,3-5 years,2,98000,"Power BI,SQL,BPMN",0,0,2025
J1158,BI Analyst,Amazon,Perth,Energy,1-3 years,1,85000,"Power BI,SQL,Jira,Azure",1,0,2024
J1159,Senior Data Analyst,ANZ Bank,Perth,Government,1-3 years,2,102000,"Power BI,SQL,Looker,Excel,Azure",1,0,2024
J1160,Data Analyst,NAB,Melbourne,Property,3-5 years,2,99000,"R,Stakeholder Management,Looker,DAX,AWS,SQL,Excel",1,0,2024
J1161,Senior Business Analyst,Commonwealth Bank,Canberra,Consulting,3-5 years,2,102000,"SQL,DAX,Azure",1,0,2024
J1162,Business Analyst,PwC,Melbourne,Government,Graduate/<1yr,0,74000,"Tableau,Jira,Stakeholder Management,Power BI,BPMN,Agile,Python,DAX",0,1,2026
J1163,Data Analyst,Woolworths,Canberra,Government,1-3 years,1,90000,"Power BI,Stakeholder Management,Azure,Excel,Looker,Python",0,0,2025
J1164,Data Analyst,Woolworths,Brisbane,Consulting,Graduate/<1yr,0,65000,"R,SQL,Power BI,Tableau,Agile,Jira",1,1,2025
J1165,Business Analyst,Woolworths,Perth,Finance,1-3 years,1,85000,"DAX,SQL,Power BI,Tableau",0,0,2024
J1166,Business Analyst,Deloitte,Melbourne,Technology,1-3 years,1,85000,"Python,SQL,DAX,Jira,Excel",0,1,2026
J1167,Senior Data Analyst,Amazon,Melbourne,Retail,1-3 years,2,117000,"AWS,SQL,Python,Azure,Tableau,DAX,Power BI",0,0,2026
J1168,Data Analyst,Telstra,Melbourne,Healthcare,3-5 years,2,106000,"Power BI,BPMN,Jira,SQL,Stakeholder Management,DAX,Python",0,0,2025
J1169,BI Analyst,KPMG,Melbourne,Energy,3-5 years,2,98000,"R,Tableau,SQL,Stakeholder Management,Looker,Python",0,0,2025
J1170,BI Analyst,ANZ Bank,Sydney,Property,3-5 years,2,108000,"Agile,SQL,BPMN,AWS,DAX,Tableau",1,0,2024
J1171,Junior Data Analyst,Commonwealth Bank,Sydney,Government,3-5 years,1,82000,"Power BI,SQL,Excel,Agile,Looker,Jira,BPMN,Python",1,0,2025
J1172,Junior Data Analyst,KPMG,Melbourne,Technology,1-3 years,1,77000,"Power BI,SQL,Stakeholder Management,BPMN",0,0,2025
J1173,Business Analyst,Amazon,Brisbane,Healthcare,1-3 years,1,79000,"Power BI,R,AWS,BPMN,Looker,SQL",0,0,2025
J1174,Data Analyst,Telstra,Melbourne,Technology,3-5 years,2,106000,"Excel,SQL,Power BI,Azure,R,BPMN,DAX,Agile",1,0,2026
J1175,Senior Data Analyst,NAB,Brisbane,Consulting,5+ years,3,130000,"Azure,SQL,Python,Tableau,Agile",1,0,2024
J1176,Reporting Analyst,Dept of Health,Melbourne,Retail,3-5 years,2,106000,"Looker,Jira,SQL,Stakeholder Management,Power BI,Agile,Machine Learning,DAX",0,0,2026
J1177,Reporting Analyst,Amazon,Melbourne,Government,Graduate/<1yr,0,80000,"Power BI,Jira,Excel,SQL,Looker,Azure,Python",0,0,2024
J1178,Business Analyst,Commonwealth Bank,Melbourne,Finance,1-3 years,1,96000,"SQL,Machine Learning,Azure,Jira,AWS",0,0,2026
J1179,Business Analyst,PwC,Adelaide,Energy,3-5 years,2,97000,"AWS,Stakeholder Management,SQL,DAX,Excel,Jira",1,0,2025
J1180,Business Analyst,Deloitte,Sydney,Finance,3-5 years,2,111000,"Power BI,Agile,Python,Tableau,Looker,DAX,Excel,Stakeholder Management",0,0,2025
J1181,Senior Data Analyst,Woolworths,Sydney,Energy,1-3 years,2,114000,"Power BI,SQL,Python,Jira,DAX,Azure",1,0,2024
J1182,Data Analyst,NAB,Melbourne,Retail,1-3 years,1,95000,"Power BI,SQL,Machine Learning,Azure,Looker,Agile",0,1,2024
J1183,Data Analyst,Deloitte,Perth,Finance,1-3 years,1,80000,"Power BI,SQL,Stakeholder Management,AWS,Excel",0,0,2026
J1184,Business Analyst,Deloitte,Brisbane,Retail,Graduate/<1yr,0,78000,"Stakeholder Management,SQL,BPMN,Machine Learning,Power BI,Agile,Excel,DAX",1,0,2024
J1185,Senior Business Analyst,Woolworths,Sydney,Finance,Graduate/<1yr,2,118000,"BPMN,SQL,R,Power BI,DAX",0,0,2026
J1186,Senior Data Analyst,NAB,Sydney,Consulting,5+ years,3,126000,"Machine Learning,Looker,SQL,AWS,Agile,Power BI",0,0,2024
J1187,Systems Analyst,Telstra,Brisbane,Technology,1-3 years,1,84000,"Power BI,SQL,Python,BPMN,R,Jira,Agile",0,1,2025
J1188,Data Analyst,KPMG,Melbourne,Healthcare,5+ years,3,129000,"Power BI,SQL,Machine Learning,Azure",0,0,2025
J1189,Reporting Analyst,ANZ Bank,Canberra,Healthcare,5+ years,3,134000,"Stakeholder Management,Machine Learning,Python,Looker,Azure,BPMN,DAX",0,1,2026
J1190,BI Analyst,PwC,Canberra,Retail,1-3 years,1,94000,"Azure,SQL,Power BI,AWS",0,1,2025
J1191,Business Analyst,Amazon,Melbourne,Government,Graduate/<1yr,0,85000,"Power BI,SQL,Jira,Stakeholder Management,Excel,Machine Learning,Looker,DAX",1,1,2026
J1192,Data Analyst,KPMG,Melbourne,Government,5+ years,3,133000,"Power BI,Python,R,Looker,SQL,AWS,DAX",0,0,2024
J1193,BI Analyst,Commonwealth Bank,Brisbane,Healthcare,3-5 years,2,94000,"Power BI,SQL,Agile",1,1,2026
J1194,Data Analyst,Telstra,Sydney,Energy,3-5 years,2,112000,"DAX,Machine Learning,Power BI,AWS,SQL",0,0,2024
J1195,Senior Business Analyst,NAB,Sydney,Technology,5+ years,3,121000,"Power BI,SQL,BPMN,R,Agile",0,0,2025
J1196,Systems Analyst,Woolworths,Adelaide,Property,3-5 years,2,92000,"AWS,SQL,Looker,Agile,Jira,Stakeholder Management,Python,Power BI",0,0,2026
J1197,Systems Analyst,NAB,Sydney,Technology,3-5 years,2,106000,"Power BI,AWS,Machine Learning,BPMN,SQL,Jira",1,0,2026
J1198,Reporting Analyst,KPMG,Melbourne,Consulting,1-3 years,1,95000,"Power BI,Machine Learning,SQL",1,0,2024
J1199,Business Analyst,NAB,Melbourne,Property,3-5 years,2,99000,"Power BI,SQL,R",0,0,2024
J1200,Systems Analyst,ANZ Bank,Melbourne,Consulting,Graduate/<1yr,0,61000,"Looker,Excel,Azure,Jira,Stakeholder Management,BPMN,DAX",0,0,2026
J1201,Junior Data Analyst,Amazon,Brisbane,Finance,Graduate/<1yr,0,72000,"Azure,SQL,AWS,Power BI,Stakeholder Management,R",0,1,2024
J1202,Systems Analyst,Commonwealth Bank,Sydney,Government,3-5 years,2,104000,"Python,SQL,DAX,AWS,BPMN",1,1,2025
J1203,Systems Analyst,NAB,Brisbane,Consulting,5+ years,3,122000,"Python,SQL,Power BI,DAX",0,0,2025
J1204,Reporting Analyst,Woolworths,Remote,Consulting,5+ years,3,111000,"AWS,SQL,BPMN",1,0,2025
J1205,Data Analyst,KPMG,Melbourne,Retail,3-5 years,2,105000,"Azure,Stakeholder Management,SQL",0,0,2026
J1206,Associate BA,KPMG,Melbourne,Finance,3-5 years,2,97000,"Jira,SQL,Power BI,Python",1,0,2026
J1207,Senior Business Analyst,Deloitte,Adelaide,Government,5+ years,3,114000,"Looker,SQL,Stakeholder Management,BPMN,AWS,Power BI",0,1,2026
J1208,Senior Data Analyst,KPMG,Sydney,Healthcare,5+ years,3,132000,"Jira,SQL,Agile,Azure,Machine Learning,DAX",1,0,2026
J1209,BI Analyst,ANZ Bank,Brisbane,Technology,1-3 years,1,80000,"Tableau,SQL,Stakeholder Management,Jira,DAX",0,0,2026
J1210,Business Analyst,Deloitte,Melbourne,Government,1-3 years,1,95000,"Power BI,Agile,Excel,Python,Azure,SQL,Tableau",0,1,2025
J1211,Data Analyst,Amazon,Canberra,Property,3-5 years,2,108000,"SQL,Agile,Azure,Jira,Stakeholder Management,DAX,Power BI,AWS",1,0,2026
J1212,Data Analyst,NAB,Adelaide,Technology,Graduate/<1yr,0,72000,"Power BI,SQL,Excel,Machine Learning",1,0,2025
J1213,BI Analyst,KPMG,Sydney,Retail,Graduate/<1yr,0,74000,"Power BI,SQL,AWS,DAX,Agile",0,1,2025
J1214,Reporting Analyst,Commonwealth Bank,Melbourne,Retail,Graduate/<1yr,0,79000,"Agile,SQL,AWS,Python,DAX,Jira",0,0,2025
J1215,Insights Analyst,Woolworths,Melbourne,Energy,5+ years,3,127000,"Power BI,SQL,Azure,Agile,Python",0,1,2025
J1216,Systems Analyst,KPMG,Melbourne,Finance,1-3 years,1,94000,"DAX,AWS,SQL,Power BI,Jira,R,Python",1,1,2025
J1217,Data Analyst,NAB,Sydney,Energy,Graduate/<1yr,0,71000,"Power BI,SQL,Looker",1,0,2026
J1218,BI Analyst,ANZ Bank,Melbourne,Healthcare,Graduate/<1yr,0,67000,"Power BI,SQL,Excel,AWS,Jira,Agile,R,Tableau",1,0,2026
J1219,Systems Analyst,Woolworths,Sydney,Healthcare,3-5 years,2,95000,"Power BI,SQL,Stakeholder Management,Jira,Looker",0,0,2025
J1220,Data Analyst,Amazon,Perth,Consulting,1-3 years,1,96000,"Power BI,Azure,Agile",1,0,2024
J1221,Senior Data Analyst,KPMG,Melbourne,Energy,1-3 years,2,118000,"Power BI,Looker,Jira,SQL,DAX,Machine Learning,AWS,Tableau",1,0,2024
J1222,Senior Business Analyst,Deloitte,Adelaide,Finance,3-5 years,2,86000,"Agile,SQL,Jira,Power BI",1,1,2026
J1223,Reporting Analyst,ANZ Bank,Sydney,Government,1-3 years,1,92000,"Power BI,BPMN,Jira,Looker,Azure,Python,Machine Learning,Agile",1,0,2025
J1224,Data Analyst,Woolworths,Melbourne,Retail,3-5 years,2,111000,"Agile,SQL,AWS,R,Machine Learning,Stakeholder Management,Power BI",1,0,2026
J1225,Reporting Analyst,Amazon,Adelaide,Technology,3-5 years,2,89000,"Power BI,SQL,Looker,Stakeholder Management,Agile",1,0,2025
J1226,Data Analyst,Commonwealth Bank,Sydney,Consulting,1-3 years,1,99000,"Power BI,AWS,SQL,DAX,Tableau,Looker",0,0,2026
J1227,Data Analyst,ANZ Bank,Melbourne,Finance,3-5 years,2,104000,"Jira,Machine Learning,DAX,Python,Excel,Tableau,SQL,R",0,1,2026
J1228,Business Analyst,Amazon,Perth,Consulting,3-5 years,2,90000,"SQL,Agile,Stakeholder Management,Looker,DAX",0,0,2025
J1229,BI Analyst,Commonwealth Bank,Melbourne,Property,3-5 years,2,97000,"Power BI,SQL,Stakeholder Management,Jira,AWS,Azure",0,0,2025
J1230,BI Analyst,Commonwealth Bank,Sydney,Technology,1-3 years,1,91000,"Azure,Power BI,Excel,Tableau,Looker",1,0,2025
J1231,Data Analyst,Deloitte,Adelaide,Energy,3-5 years,2,105000,"Power BI,DAX,Azure,Machine Learning,AWS,Excel,Python",1,1,2025
J1232,Data Analyst,Woolworths,Melbourne,Government,3-5 years,2,107000,"Power BI,SQL,DAX",1,1,2025
J1233,Senior Business Analyst,Woolworths,Sydney,Consulting,3-5 years,2,102000,"Python,SQL,AWS,Power BI",0,0,2024
J1234,Senior Data Analyst,Deloitte,Sydney,Energy,3-5 years,2,114000,"Power BI,Excel,BPMN,Looker,SQL,Machine Learning,Azure",1,0,2024
J1235,BI Analyst,ANZ Bank,Melbourne,Retail,5+ years,3,122000,"Machine Learning,Azure,R,Excel,SQL,DAX,BPMN",1,1,2025
J1236,Reporting Analyst,Amazon,Brisbane,Finance,3-5 years,2,107000,"Power BI,SQL,Python,AWS,Tableau,Excel,Machine Learning,Stakeholder Management",0,0,2025
J1237,Business Analyst,NAB,Sydney,Technology,1-3 years,1,90000,"Power BI,DAX,Agile,Looker,Azure",1,0,2025
J1238,Reporting Analyst,Commonwealth Bank,Adelaide,Finance,1-3 years,1,85000,"Power BI,SQL,BPMN,Tableau,Looker,Stakeholder Management,Python",0,0,2026
J1239,Data Analyst,KPMG,Sydney,Healthcare,5+ years,3,129000,"Power BI,SQL,R,DAX,Python",1,1,2025
J1240,Systems Analyst,Dept of Health,Melbourne,Property,1-3 years,1,90000,"Power BI,SQL,Azure,Excel,Looker",0,0,2024
J1241,Business Analyst,ANZ Bank,Perth,Technology,1-3 years,1,96000,"Power BI,SQL,Azure,Stakeholder Management,Tableau,Python",0,1,2026
J1242,Senior Data Analyst,Telstra,Sydney,Government,1-3 years,2,106000,"BPMN,SQL,Stakeholder Management,Tableau,DAX,Looker",0,0,2026
J1243,Junior Data Analyst,KPMG,Melbourne,Technology,5+ years,1,97000,"Machine Learning,Python,Power BI,BPMN,SQL,Jira,Agile,R",1,0,2025
J1244,Business Analyst,ANZ Bank,Canberra,Property,3-5 years,2,100000,"Power BI,SQL,R,Stakeholder Management,DAX,Excel",1,0,2025
J1245,Senior Data Analyst,Woolworths,Melbourne,Consulting,1-3 years,2,116000,"Power BI,SQL,Machine Learning,Excel,Azure,DAX,AWS,Agile",0,0,2025
J1246,Reporting Analyst,PwC,Sydney,Consulting,5+ years,3,119000,"BPMN,Jira,Power BI,R,Tableau,SQL",0,1,2025
J1247,Data Analyst,Dept of Health,Perth,Government,1-3 years,1,90000,"DAX,SQL,Agile,Excel,Jira,Power BI",0,0,2025
J1248,Senior Data Analyst,Deloitte,Sydney,Retail,5+ years,3,141000,"AWS,BPMN,Azure,SQL,Stakeholder Management,Python,Tableau",1,0,2025
J1249,Data Analyst,Deloitte,Melbourne,Consulting,3-5 years,2,110000,"Power BI,SQL,R,DAX,Python,Stakeholder Management,Excel,AWS",1,1,2026
J1250,Data Analyst,Telstra,Perth,Property,1-3 years,1,87000,"Power BI,SQL,Agile",1,0,2026
J1251,Business Analyst,Deloitte,Sydney,Finance,1-3 years,1,93000,"Power BI,SQL,BPMN,Looker,Machine Learning",0,1,2025
J1252,Insights Analyst,Deloitte,Adelaide,Finance,Graduate/<1yr,0,76000,"Power BI,SQL,AWS,Looker,Azure,DAX,Tableau",1,1,2026
J1253,BI Analyst,KPMG,Sydney,Energy,3-5 years,2,112000,"Python,Looker,AWS,Power BI,Jira,Stakeholder Management",1,0,2025
J1254,Senior Business Analyst,Deloitte,Melbourne,Healthcare,3-5 years,2,108000,"Power BI,BPMN,Stakeholder Management,SQL,DAX,Azure,R",1,0,2026
J1255,Associate BA,Amazon,Melbourne,Technology,1-3 years,1,96000,"DAX,Python,Azure,Power BI,Machine Learning,Agile,Stakeholder Management",1,0,2026
J1256,Senior Business Analyst,ANZ Bank,Brisbane,Government,1-3 years,2,110000,"Power BI,SQL,Tableau,Python,Machine Learning,Stakeholder Management,BPMN,R",0,0,2025
J1257,Senior Business Analyst,NAB,Perth,Healthcare,3-5 years,2,108000,"Power BI,SQL,R,Tableau,Machine Learning,DAX,AWS",1,0,2026
J1258,Data Analyst,KPMG,Sydney,Property,1-3 years,1,105000,"Power BI,SQL,AWS,Agile,DAX,Tableau,Azure",1,0,2025
J1259,Business Analyst,Woolworths,Brisbane,Government,3-5 years,2,102000,"Power BI,SQL,DAX,Jira,AWS,BPMN,Excel,Stakeholder Management",1,0,2026
J1260,Senior Business Analyst,Deloitte,Perth,Energy,3-5 years,2,101000,"Power BI,SQL,Jira,R,Looker,AWS",0,0,2026
J1261,Business Analyst,Deloitte,Sydney,Consulting,5+ years,3,133000,"Machine Learning,Looker,Power BI,Jira,Python,Stakeholder Management,SQL",0,0,2025
J1262,Senior Business Analyst,KPMG,Perth,Retail,3-5 years,2,99000,"Power BI,SQL,Looker,AWS,Azure",1,0,2025
J1263,Data Analyst,Dept of Health,Sydney,Technology,1-3 years,1,101000,"Machine Learning,SQL,AWS,Stakeholder Management,DAX",1,0,2025
J1264,Reporting Analyst,Dept of Health,Brisbane,Healthcare,3-5 years,2,101000,"Power BI,AWS,Tableau,R,Stakeholder Management,SQL",0,0,2025
J1265,Reporting Analyst,ANZ Bank,Melbourne,Healthcare,1-3 years,1,81000,"BPMN,SQL,Looker,DAX,Jira,Agile,Power BI,Azure",0,0,2026
J1266,Data Analyst,PwC,Melbourne,Technology,5+ years,3,120000,"Agile,SQL,Power BI",1,1,2024
J1267,Data Analyst,Amazon,Remote,Healthcare,1-3 years,1,89000,"Power BI,AWS,Tableau,BPMN,SQL,DAX",1,1,2026
J1268,Data Analyst,PwC,Adelaide,Government,3-5 years,2,87000,"Power BI,SQL,Excel",0,0,2025
J1269,Business Analyst,ANZ Bank,Canberra,Technology,3-5 years,2,109000,"Power BI,BPMN,Azure,R,SQL",0,0,2026
J1270,Reporting Analyst,NAB,Melbourne,Technology,1-3 years,1,85000,"Looker,SQL,Power BI,DAX,Jira,Agile",0,0,2025
J1271,Senior Business Analyst,Commonwealth Bank,Melbourne,Consulting,1-3 years,2,110000,"Power BI,SQL,Machine Learning,R,Agile,Stakeholder Management,Tableau,DAX",1,0,2024
J1272,Business Analyst,Dept of Health,Sydney,Energy,1-3 years,1,94000,"Power BI,SQL,AWS,Stakeholder Management,Machine Learning,Tableau,BPMN,R",1,0,2025
J1273,Senior Business Analyst,ANZ Bank,Brisbane,Energy,5+ years,3,128000,"Looker,SQL,Excel,Tableau,Machine Learning,Python,Jira,R",1,1,2025
J1274,Senior Data Analyst,ANZ Bank,Brisbane,Government,1-3 years,2,99000,"Machine Learning,BPMN,DAX,Excel,Jira,Azure",1,1,2025
J1275,Data Analyst,Amazon,Perth,Energy,3-5 years,2,111000,"Power BI,SQL,Machine Learning,Python,Azure",1,0,2026
J1276,BI Analyst,Dept of Health,Sydney,Technology,Graduate/<1yr,0,77000,"DAX,SQL,Tableau,Agile,Looker",1,0,2025
J1277,Senior Data Analyst,Dept of Health,Adelaide,Property,1-3 years,2,97000,"Excel,SQL,BPMN,R,AWS,Tableau,Machine Learning,Stakeholder Management",0,0,2024
J1278,Senior Business Analyst,Commonwealth Bank,Sydney,Technology,5+ years,3,140000,"SQL,Stakeholder Management,R,Excel,Python,AWS,Azure,DAX",0,0,2026
J1279,Business Analyst,KPMG,Brisbane,Finance,1-3 years,1,92000,"R,SQL,BPMN,DAX,Tableau,Python,Power BI",1,0,2025
J1280,Business Analyst,Woolworths,Perth,Finance,3-5 years,2,92000,"Stakeholder Management,SQL,Looker,BPMN",0,0,2024
J1281,BI Analyst,Woolworths,Sydney,Energy,3-5 years,2,112000,"AWS,SQL,Power BI,BPMN,Tableau,Jira,Stakeholder Management,R",1,1,2025
J1282,Business Analyst,Amazon,Sydney,Energy,1-3 years,1,86000,"Agile,SQL,Jira",0,0,2024
J1283,Business Analyst,ANZ Bank,Sydney,Healthcare,Graduate/<1yr,0,81000,"Power BI,SQL,Excel,Machine Learning",0,0,2026
J1284,Reporting Analyst,Dept of Health,Perth,Government,3-5 years,2,101000,"Looker,SQL,Excel,BPMN,Tableau,Jira",1,0,2024
J1285,Data Analyst,ANZ Bank,Adelaide,Consulting,3-5 years,2,91000,"Stakeholder Management,SQL,AWS,Azure",0,0,2025
J1286,Senior Data Analyst,Deloitte,Sydney,Property,1-3 years,2,100000,"SQL,AWS,Power BI,R",1,0,2026
J1287,Data Analyst,PwC,Brisbane,Technology,Graduate/<1yr,0,72000,"Power BI,Jira,BPMN,SQL,Stakeholder Management,Excel,AWS,Machine Learning",1,0,2024
J1288,Data Analyst,Deloitte,Brisbane,Property,Graduate/<1yr,0,67000,"Power BI,SQL,R,DAX",0,0,2024
J1289,Data Analyst,NAB,Perth,Healthcare,3-5 years,2,92000,"Power BI,DAX,Agile,Excel,AWS",0,1,2025
J1290,BI Analyst,Telstra,Brisbane,Energy,3-5 years,2,104000,"Power BI,SQL,Agile,AWS",0,0,2026
J1291,Business Analyst,KPMG,Perth,Technology,5+ years,3,120000,"Tableau,SQL,Agile,Power BI,Python,Stakeholder Management",0,1,2026
J1292,BI Analyst,Commonwealth Bank,Brisbane,Retail,3-5 years,2,102000,"Power BI,SQL,AWS,Looker,Agile,BPMN,Jira",1,0,2025
J1293,Data Analyst,KPMG,Remote,Energy,1-3 years,1,85000,"Python,SQL,DAX,Power BI,Excel,Tableau,R",1,0,2025
J1294,Senior Data Analyst,PwC,Perth,Healthcare,3-5 years,2,100000,"Power BI,BPMN,Looker,DAX,SQL",1,0,2025
J1295,Junior Data Analyst,NAB,Brisbane,Healthcare,1-3 years,1,92000,"Power BI,Python,SQL,AWS",0,0,2025
J1296,Junior Data Analyst,NAB,Brisbane,Consulting,1-3 years,1,84000,"Agile,SQL,BPMN,Python,Tableau,Jira,AWS,DAX",1,0,2024
J1297,Senior Business Analyst,Woolworths,Brisbane,Energy,1-3 years,2,102000,"Python,SQL,Power BI,DAX",0,0,2025
J1298,Business Analyst,ANZ Bank,Sydney,Technology,3-5 years,2,107000,"Power BI,BPMN,AWS,R,Python",0,0,2024
J1299,Data Analyst,PwC,Canberra,Consulting,5+ years,3,127000,"Power BI,SQL,Stakeholder Management,Excel,BPMN,Machine Learning,Azure",1,1,2025
J1300,Systems Analyst,PwC,Melbourne,Technology,3-5 years,2,103000,"Power BI,SQL,Stakeholder Management",0,0,2026
J1301,Data Analyst,Commonwealth Bank,Melbourne,Consulting,5+ years,3,121000,"SQL,Jira,Python,Agile",1,1,2024
J1302,Business Analyst,PwC,Sydney,Energy,3-5 years,2,106000,"BPMN,SQL,DAX,R",0,0,2025
J1303,BI Analyst,NAB,Brisbane,Property,Graduate/<1yr,0,68000,"AWS,SQL,Tableau",1,1,2026
J1304,Data Analyst,KPMG,Sydney,Finance,3-5 years,2,110000,"Tableau,R,Looker,Azure,SQL,Excel,AWS,Jira",1,0,2024
J1305,Data Analyst,Dept of Health,Brisbane,Technology,1-3 years,1,85000,"Power BI,R,Tableau,Jira,SQL,Agile,AWS",0,0,2026
J1306,Junior Data Analyst,NAB,Melbourne,Government,3-5 years,1,97000,"Machine Learning,Power BI,SQL,Looker,Agile,Azure",0,1,2025
J1307,Junior Data Analyst,ANZ Bank,Sydney,Government,3-5 years,1,94000,"SQL,Power BI,DAX,Excel,Machine Learning",0,0,2024
J1308,Data Analyst,NAB,Melbourne,Energy,5+ years,3,121000,"Tableau,SQL,Stakeholder Management,Agile,Power BI",1,0,2025
J1309,Systems Analyst,Telstra,Melbourne,Property,Graduate/<1yr,0,61000,"Power BI,SQL,Agile,Excel",1,0,2024
J1310,Business Analyst,Dept of Health,Sydney,Property,1-3 years,1,97000,"Excel,SQL,Python,Azure,BPMN,Tableau",1,1,2026
J1311,Data Analyst,Telstra,Remote,Property,3-5 years,2,104000,"Power BI,SQL,Tableau,Stakeholder Management,Jira,Azure,DAX,Machine Learning",1,0,2024
J1312,Reporting Analyst,Dept of Health,Sydney,Government,5+ years,3,121000,"BPMN,SQL,Jira",1,0,2025
J1313,Senior Data Analyst,NAB,Melbourne,Energy,1-3 years,2,115000,"Power BI,Python,Azure",0,0,2026
J1314,Senior Data Analyst,Commonwealth Bank,Melbourne,Property,3-5 years,2,101000,"Power BI,SQL,Python",0,0,2024
J1315,BI Analyst,Amazon,Perth,Government,1-3 years,1,77000,"Power BI,SQL,Stakeholder Management,Python,Jira",0,0,2025
J1316,BI Analyst,Telstra,Adelaide,Consulting,3-5 years,2,103000,"Python,Machine Learning,SQL,Tableau",0,0,2024
J1317,Senior Data Analyst,KPMG,Melbourne,Energy,1-3 years,2,93000,"Power BI,Excel,DAX,Jira",1,0,2024
J1318,Senior Data Analyst,PwC,Melbourne,Consulting,Graduate/<1yr,2,101000,"Power BI,SQL,BPMN",0,1,2026
J1319,Data Analyst,Dept of Health,Sydney,Retail,3-5 years,2,103000,"Power BI,SQL,Stakeholder Management,AWS",0,0,2025
J1320,BI Analyst,Commonwealth Bank,Sydney,Energy,1-3 years,1,93000,"Power BI,SQL,R",1,0,2025
J1321,Business Analyst,PwC,Brisbane,Consulting,Graduate/<1yr,0,73000,"Power BI,SQL,Agile,DAX,AWS",0,0,2025
J1322,Data Analyst,Woolworths,Canberra,Healthcare,3-5 years,2,103000,"Power BI,SQL,Jira,Stakeholder Management,Looker,BPMN",0,0,2024
J1323,Junior Data Analyst,PwC,Sydney,Energy,5+ years,1,88000,"Agile,SQL,Power BI,Jira,AWS,Stakeholder Management,Looker",0,0,2024
J1324,Business Analyst,Amazon,Melbourne,Consulting,Graduate/<1yr,0,76000,"Power BI,AWS,Tableau,Machine Learning,Stakeholder Management",1,0,2026
J1325,Senior Business Analyst,Telstra,Melbourne,Healthcare,3-5 years,2,101000,"Power BI,SQL,Stakeholder Management,Jira,Python,Excel",0,0,2025
J1326,Systems Analyst,Deloitte,Adelaide,Energy,5+ years,3,118000,"Azure,R,BPMN,Power BI",0,0,2025
J1327,Business Analyst,Dept of Health,Sydney,Energy,5+ years,3,126000,"Power BI,SQL,Stakeholder Management",0,0,2026
J1328,Business Analyst,Commonwealth Bank,Brisbane,Property,1-3 years,1,88000,"AWS,SQL,Looker,Power BI,BPMN,DAX,Stakeholder Management,Jira",1,1,2026
J1329,Junior Data Analyst,Deloitte,Sydney,Retail,5+ years,1,103000,"Power BI,SQL,AWS,Machine Learning,DAX,Agile,Jira",0,0,2024
J1330,Reporting Analyst,ANZ Bank,Brisbane,Consulting,5+ years,3,123000,"Azure,Stakeholder Management,DAX,Power BI",1,1,2024
J1331,Associate BA,NAB,Melbourne,Retail,5+ years,3,130000,"Looker,Power BI,BPMN,Python,SQL,AWS,DAX,Excel",1,0,2025
J1332,Reporting Analyst,Woolworths,Melbourne,Retail,1-3 years,1,94000,"Power BI,SQL,AWS,Python,Machine Learning",1,0,2026
J1333,Data Analyst,Amazon,Sydney,Energy,5+ years,3,123000,"Power BI,SQL,Stakeholder Management,Excel,DAX",0,0,2026
J1334,Junior Data Analyst,NAB,Remote,Retail,1-3 years,1,88000,"Excel,Azure,Tableau,Machine Learning,Looker",0,0,2026
J1335,Senior Business Analyst,Woolworths,Brisbane,Technology,3-5 years,2,98000,"Python,SQL,Stakeholder Management,R,Power BI",0,0,2025
J1336,Data Analyst,Dept of Health,Perth,Healthcare,5+ years,3,120000,"Power BI,Stakeholder Management,Excel,SQL",0,0,2026
J1337,Business Analyst,PwC,Melbourne,Government,1-3 years,1,103000,"DAX,SQL,Agile,R,Stakeholder Management,Azure,Python,Machine Learning",0,1,2025
J1338,Data Analyst,Amazon,Adelaide,Finance,3-5 years,2,97000,"Power BI,Agile,Azure,AWS,Excel,SQL,Looker,Stakeholder Management",0,1,2026
J1339,Data Analyst,NAB,Perth,Healthcare,1-3 years,1,91000,"AWS,Jira,Tableau,Power BI,SQL",0,1,2026
J1340,Senior Business Analyst,Deloitte,Melbourne,Healthcare,Graduate/<1yr,2,99000,"Machine Learning,SQL,Python,Stakeholder Management,Jira",1,0,2025
J1341,Data Analyst,KPMG,Sydney,Consulting,Graduate/<1yr,0,73000,"Power BI,SQL,Python",0,0,2024
J1342,Reporting Analyst,Dept of Health,Brisbane,Government,1-3 years,1,95000,"Power BI,SQL,Machine Learning,DAX",0,0,2025
J1343,Senior Business Analyst,Woolworths,Sydney,Government,1-3 years,2,116000,"Agile,SQL,Excel,Stakeholder Management,Python,DAX,Power BI,R",0,0,2024
J1344,Associate BA,NAB,Melbourne,Technology,3-5 years,2,102000,"DAX,Power BI,Machine Learning,AWS,R,Excel,SQL,Agile",0,0,2026
J1345,Data Analyst,Deloitte,Melbourne,Retail,3-5 years,2,106000,"Tableau,SQL,BPMN,Machine Learning",1,0,2026
J1346,Senior Business Analyst,Woolworths,Brisbane,Finance,3-5 years,2,92000,"Tableau,SQL,DAX",0,0,2026
J1347,Business Analyst,Commonwealth Bank,Perth,Property,3-5 years,2,100000,"BPMN,SQL,R,Looker,AWS,Power BI,Machine Learning,Excel",0,0,2026
J1348,Reporting Analyst,Dept of Health,Sydney,Property,1-3 years,1,95000,"Azure,Excel,Machine Learning,Stakeholder Management,SQL,Power BI,Jira",1,0,2024
J1349,Senior Data Analyst,NAB,Melbourne,Property,5+ years,3,128000,"R,SQL,Looker,Tableau,Stakeholder Management,AWS",0,1,2026
J1350,Reporting Analyst,Commonwealth Bank,Melbourne,Energy,1-3 years,1,94000,"Power BI,BPMN,Azure,Machine Learning",1,0,2024
J1351,Data Analyst,NAB,Melbourne,Healthcare,1-3 years,1,94000,"R,SQL,Tableau,Agile,Machine Learning,Python,Azure,AWS",0,0,2025
J1352,Business Analyst,Commonwealth Bank,Adelaide,Finance,1-3 years,1,82000,"Agile,SQL,Azure",1,0,2026
J1353,Business Analyst,PwC,Melbourne,Consulting,3-5 years,2,110000,"DAX,Power BI,SQL,Machine Learning,AWS,Stakeholder Management",1,0,2024
J1354,BI Analyst,Commonwealth Bank,Perth,Energy,1-3 years,1,79000,"BPMN,SQL,AWS",1,1,2025
J1355,BI Analyst,ANZ Bank,Sydney,Consulting,5+ years,3,130000,"Azure,Jira,AWS,Stakeholder Management,BPMN",0,0,2024
J1356,Data Analyst,Commonwealth Bank,Sydney,Retail,3-5 years,2,102000,"Power BI,SQL,Jira",1,0,2026
J1357,Business Analyst,NAB,Sydney,Energy,3-5 years,2,104000,"DAX,SQL,Python",0,0,2024
J1358,Associate BA,ANZ Bank,Sydney,Technology,Graduate/<1yr,0,78000,"Power BI,SQL,Looker,Azure,R",0,0,2024
J1359,Systems Analyst,ANZ Bank,Perth,Government,3-5 years,2,95000,"Agile,SQL,Power BI,R,Excel,BPMN,Looker,Jira",1,0,2024
J1360,Systems Analyst,Commonwealth Bank,Adelaide,Technology,1-3 years,1,81000,"Power BI,SQL,Azure,DAX,Jira",0,0,2026
J1361,Senior Business Analyst,KPMG,Melbourne,Energy,1-3 years,2,101000,"BPMN,SQL,Stakeholder Management,Power BI,R",0,0,2026
J1362,Data Analyst,Telstra,Sydney,Property,3-5 years,2,115000,"Looker,SQL,AWS,Power BI,Stakeholder Management,R,Machine Learning",0,0,2025
J1363,Systems Analyst,ANZ Bank,Melbourne,Property,5+ years,3,118000,"Power BI,SQL,Excel",1,0,2025
J1364,Reporting Analyst,KPMG,Melbourne,Technology,1-3 years,1,90000,"BPMN,Looker,SQL,Agile,Machine Learning,Azure",1,0,2025
J1365,Reporting Analyst,Woolworths,Brisbane,Property,5+ years,3,115000,"Excel,AWS,BPMN",0,1,2024
J1366,Senior Data Analyst,Dept of Health,Melbourne,Energy,1-3 years,2,108000,"DAX,SQL,Machine Learning,BPMN",1,0,2025
J1367,Business Analyst,KPMG,Melbourne,Government,3-5 years,2,104000,"Power BI,SQL,DAX,Agile,BPMN",1,0,2026
J1368,Data Analyst,NAB,Brisbane,Property,3-5 years,2,94000,"Power BI,Jira,SQL,Tableau,Excel,Stakeholder Management",1,0,2025
J1369,Junior Data Analyst,Woolworths,Sydney,Technology,3-5 years,1,97000,"Power BI,BPMN,DAX,Machine Learning,AWS,Jira,Excel,R",1,0,2026
J1370,Business Analyst,PwC,Sydney,Finance,3-5 years,2,103000,"Power BI,SQL,Agile,Azure,DAX",0,1,2026
J1371,Systems Analyst,PwC,Adelaide,Retail,3-5 years,2,86000,"DAX,SQL,AWS,Jira",0,0,2025
J1372,Junior Data Analyst,ANZ Bank,Melbourne,Property,3-5 years,1,93000,"R,SQL,Machine Learning,Python,Agile",0,0,2026
J1373,Junior Data Analyst,Telstra,Sydney,Retail,Graduate/<1yr,0,77000,"Power BI,SQL,R,Looker,Agile",1,0,2024
J1374,Insights Analyst,Amazon,Sydney,Property,5+ years,3,131000,"Excel,Stakeholder Management,SQL,BPMN,Machine Learning,Power BI,R,Python",1,0,2026
J1375,Business Analyst,Amazon,Adelaide,Retail,3-5 years,2,92000,"Power BI,Looker,Excel",0,0,2025
J1376,Senior Business Analyst,PwC,Sydney,Healthcare,3-5 years,2,102000,"Power BI,BPMN,Excel,SQL",1,1,2024
J1377,Business Analyst,KPMG,Sydney,Retail,1-3 years,1,104000,"DAX,SQL,BPMN,Power BI,Python,Machine Learning",0,1,2024
J1378,Business Analyst,Deloitte,Adelaide,Technology,1-3 years,1,84000,"Azure,DAX,Stakeholder Management",0,0,2025
J1379,Senior Data Analyst,Dept of Health,Melbourne,Government,1-3 years,2,97000,"Power BI,SQL,AWS",0,0,2024
J1380,Business Analyst,Commonwealth Bank,Sydney,Consulting,Graduate/<1yr,0,76000,"Looker,BPMN,Power BI,SQL,Stakeholder Management,Machine Learning,Excel",1,1,2025
J1381,Business Analyst,Commonwealth Bank,Melbourne,Property,3-5 years,2,112000,"Power BI,Python,Machine Learning,BPMN,Azure,AWS,Agile,SQL",1,0,2026
J1382,Systems Analyst,Woolworths,Remote,Healthcare,1-3 years,1,76000,"AWS,SQL,Stakeholder Management,Excel",0,0,2024
J1383,Data Analyst,PwC,Sydney,Government,1-3 years,1,88000,"Power BI,SQL,BPMN,Tableau,Jira",0,1,2024
J1384,Insights Analyst,Dept of Health,Melbourne,Consulting,1-3 years,1,80000,"SQL,BPMN,Tableau,Power BI",0,0,2026
J1385,Senior Business Analyst,KPMG,Brisbane,Energy,5+ years,3,107000,"Power BI,SQL,R,Tableau",1,0,2025
J1386,Business Analyst,Deloitte,Brisbane,Energy,3-5 years,2,107000,"R,SQL,Excel,Python,Azure,Power BI,DAX,AWS",1,0,2026
J1387,Business Analyst,ANZ Bank,Canberra,Finance,1-3 years,1,95000,"Power BI,SQL,Looker,AWS",0,0,2026
J1388,Business Analyst,ANZ Bank,Melbourne,Government,1-3 years,1,88000,"Power BI,SQL,DAX,Jira",1,0,2026
J1389,BI Analyst,Amazon,Melbourne,Government,1-3 years,1,79000,"Power BI,Agile,SQL",1,0,2025
J1390,Senior Business Analyst,Amazon,Perth,Government,Graduate/<1yr,2,115000,"Tableau,SQL,Machine Learning,BPMN,AWS,Excel,Azure,Power BI",1,0,2026
J1391,BI Analyst,Deloitte,Perth,Technology,1-3 years,1,83000,"Power BI,SQL,R,Machine Learning,Excel",0,0,2025
J1392,Data Analyst,Telstra,Melbourne,Retail,1-3 years,1,95000,"Azure,DAX,Power BI,Tableau,Machine Learning,Looker,Agile,BPMN",1,1,2024
J1393,BI Analyst,Woolworths,Melbourne,Technology,1-3 years,1,93000,"Power BI,SQL,Tableau,Excel,Azure,Python,BPMN",0,0,2025
J1394,BI Analyst,Telstra,Perth,Energy,5+ years,3,122000,"Agile,DAX,Stakeholder Management,Azure,SQL",1,1,2025
J1395,Senior Data Analyst,KPMG,Perth,Property,5+ years,3,127000,"Power BI,AWS,Stakeholder Management,Python,SQL",0,1,2026
J1396,BI Analyst,NAB,Sydney,Energy,3-5 years,2,107000,"Power BI,SQL,R,Machine Learning,Stakeholder Management,AWS,Looker",1,0,2025
J1397,Reporting Analyst,PwC,Sydney,Retail,3-5 years,2,102000,"Power BI,DAX,Stakeholder Management,BPMN",0,0,2025
J1398,Business Analyst,Commonwealth Bank,Sydney,Healthcare,3-5 years,2,106000,"Power BI,SQL,Tableau,Python",1,0,2025
J1399,BI Analyst,ANZ Bank,Sydney,Retail,3-5 years,2,110000,"DAX,SQL,Looker,AWS,Machine Learning",0,1,2024
J1400,Senior Data Analyst,Deloitte,Sydney,Finance,1-3 years,2,106000,"Power BI,Azure,Looker,AWS",1,0,2026
J1401,Reporting Analyst,ANZ Bank,Melbourne,Finance,3-5 years,2,102000,"Power BI,Excel,Tableau,AWS,Python,BPMN",0,0,2025
J1402,Senior Business Analyst,KPMG,Melbourne,Retail,1-3 years,2,113000,"Machine Learning,SQL,Python,BPMN,Excel,Agile,Stakeholder Management",1,0,2026
J1403,Data Analyst,Deloitte,Sydney,Retail,1-3 years,1,90000,"BPMN,DAX,Excel,Python,Power BI",1,0,2025
J1404,BI Analyst,ANZ Bank,Sydney,Technology,3-5 years,2,104000,"Power BI,SQL,Tableau,Excel",0,0,2025
J1405,BI Analyst,KPMG,Perth,Technology,5+ years,3,130000,"Power BI,SQL,Machine Learning",1,1,2026
J1406,Reporting Analyst,Telstra,Brisbane,Consulting,3-5 years,2,103000,"Power BI,Machine Learning,Stakeholder Management,DAX",0,1,2026
J1407,Reporting Analyst,Deloitte,Sydney,Government,1-3 years,1,96000,"Power BI,SQL,Python,Jira,Azure,Agile",1,0,2026
J1408,BI Analyst,ANZ Bank,Sydney,Technology,3-5 years,2,105000,"Power BI,SQL,DAX,R,BPMN,Jira",0,0,2025
J1409,Data Analyst,KPMG,Sydney,Retail,3-5 years,2,109000,"Python,SQL,Jira,Tableau,BPMN",0,1,2025
J1410,Business Analyst,NAB,Brisbane,Property,3-5 years,2,107000,"R,SQL,Jira,Excel,Azure,Tableau,Power BI,DAX",0,1,2025
J1411,Business Analyst,NAB,Adelaide,Government,Graduate/<1yr,0,66000,"BPMN,SQL,AWS,Excel,R",0,0,2026
J1412,Senior Data Analyst,Commonwealth Bank,Melbourne,Energy,Graduate/<1yr,2,116000,"Machine Learning,BPMN,R,Excel,AWS,Stakeholder Management,DAX,Power BI",0,0,2026
J1413,BI Analyst,ANZ Bank,Perth,Technology,1-3 years,1,92000,"Power BI,SQL,Stakeholder Management,Machine Learning",1,0,2025
J1414,Senior Data Analyst,Amazon,Sydney,Energy,3-5 years,2,118000,"R,Excel,Stakeholder Management,Python,DAX,Power BI,Azure,SQL",0,0,2026
J1415,Reporting Analyst,Deloitte,Melbourne,Finance,3-5 years,2,94000,"SQL,Azure,R,Jira",0,0,2025
J1416,Data Analyst,Deloitte,Perth,Healthcare,3-5 years,2,95000,"Power BI,SQL,BPMN",1,0,2026
J1417,BI Analyst,Deloitte,Perth,Healthcare,1-3 years,1,88000,"Machine Learning,SQL,Power BI",0,1,2026
J1418,Reporting Analyst,Woolworths,Sydney,Property,3-5 years,2,105000,"Stakeholder Management,SQL,Azure,Excel",1,0,2025
J1419,BI Analyst,Deloitte,Perth,Finance,5+ years,3,133000,"Power BI,Jira,Azure,Looker,Python,AWS,BPMN,DAX",0,1,2026
J1420,Data Analyst,Commonwealth Bank,Melbourne,Property,1-3 years,1,82000,"Power BI,Agile,Stakeholder Management",0,1,2026
J1421,Senior Data Analyst,Amazon,Melbourne,Property,5+ years,3,131000,"BPMN,SQL,DAX,Looker,Power BI,R,Machine Learning",1,0,2025
J1422,Reporting Analyst,Woolworths,Melbourne,Healthcare,Graduate/<1yr,0,67000,"Python,SQL,R,Stakeholder Management",0,0,2025
J1423,Senior Data Analyst,NAB,Perth,Retail,1-3 years,2,107000,"Power BI,SQL,Python,Machine Learning",0,0,2024
J1424,Business Analyst,NAB,Sydney,Energy,5+ years,3,116000,"Tableau,Power BI,Looker,Excel",0,0,2026
J1425,Business Analyst,Deloitte,Melbourne,Finance,1-3 years,1,88000,"Power BI,R,Stakeholder Management,BPMN,Excel,SQL,AWS",0,0,2026
J1426,BI Analyst,Deloitte,Sydney,Finance,3-5 years,2,110000,"Power BI,Excel,Machine Learning,Stakeholder Management",0,0,2025
J1427,Business Analyst,Telstra,Melbourne,Finance,Graduate/<1yr,0,79000,"Power BI,SQL,Agile,Machine Learning,Excel,BPMN",1,0,2024
J1428,Associate BA,PwC,Brisbane,Finance,1-3 years,1,87000,"Azure,SQL,R,Agile,Python",1,0,2024
J1429,BI Analyst,Woolworths,Remote,Energy,1-3 years,1,82000,"Power BI,SQL,DAX,R,Looker,Azure,Excel,Tableau",0,1,2025
J1430,Business Analyst,PwC,Melbourne,Energy,1-3 years,1,86000,"Power BI,SQL,Python,Jira",1,0,2026
J1431,Senior Data Analyst,Deloitte,Melbourne,Healthcare,3-5 years,2,104000,"BPMN,Tableau,Azure,R,SQL",1,0,2026
J1432,Systems Analyst,Woolworths,Melbourne,Healthcare,5+ years,3,120000,"BPMN,SQL,Agile,Azure,Power BI",1,0,2024
J1433,Systems Analyst,Dept of Health,Melbourne,Healthcare,3-5 years,2,96000,"Power BI,SQL,Tableau",1,0,2026
J1434,Business Analyst,PwC,Melbourne,Government,3-5 years,2,97000,"BPMN,SQL,Jira",1,0,2024
J1435,Junior Data Analyst,NAB,Brisbane,Finance,3-5 years,1,85000,"Azure,SQL,R,Jira,Excel,Stakeholder Management",1,0,2025
J1436,Reporting Analyst,Woolworths,Perth,Technology,5+ years,3,121000,"SQL,Excel,BPMN,DAX,Stakeholder Management,Power BI,Looker,Python",0,0,2026
J1437,Insights Analyst,ANZ Bank,Brisbane,Consulting,1-3 years,1,91000,"Excel,Machine Learning,Stakeholder Management,Power BI,R",1,1,2025
J1438,Business Analyst,Telstra,Melbourne,Healthcare,5+ years,3,123000,"Power BI,BPMN,AWS,Python,Azure,R,Excel,Stakeholder Management",0,0,2025
J1439,Junior Data Analyst,Dept of Health,Melbourne,Consulting,5+ years,1,101000,"Power BI,SQL,AWS,Tableau,Machine Learning,Jira,DAX",1,1,2025
J1440,Business Analyst,Deloitte,Brisbane,Energy,3-5 years,2,110000,"Machine Learning,R,BPMN,Python,DAX,Azure",1,0,2025
J1441,Senior Data Analyst,NAB,Melbourne,Property,3-5 years,2,111000,"Python,Azure,Machine Learning,R,SQL,Agile",0,0,2025
J1442,Systems Analyst,Amazon,Brisbane,Technology,5+ years,3,116000,"Power BI,DAX,Jira,Looker",1,0,2026
J1443,Business Analyst,NAB,Melbourne,Technology,5+ years,3,125000,"Machine Learning,SQL,Agile,DAX,BPMN",1,0,2025
J1444,Business Analyst,Dept of Health,Sydney,Finance,1-3 years,1,76000,"Agile,SQL,Jira,BPMN",0,1,2024
J1445,Senior Data Analyst,Woolworths,Adelaide,Retail,5+ years,3,119000,"Stakeholder Management,SQL,R,Azure",1,0,2026
J1446,Insights Analyst,Dept of Health,Perth,Property,1-3 years,1,83000,"BPMN,SQL,Stakeholder Management",0,0,2024
J1447,Reporting Analyst,PwC,Sydney,Property,1-3 years,1,91000,"Excel,AWS,SQL,Tableau,R,Stakeholder Management",0,0,2025
J1448,Data Analyst,Deloitte,Remote,Property,3-5 years,2,93000,"Machine Learning,SQL,R,Stakeholder Management,Looker,DAX",1,0,2025
J1449,BI Analyst,NAB,Melbourne,Retail,5+ years,3,130000,"Stakeholder Management,SQL,DAX,BPMN,Excel,Machine Learning,Agile",1,0,2026
J1450,Senior Data Analyst,PwC,Perth,Healthcare,1-3 years,2,99000,"Power BI,Excel,SQL,BPMN,R,Stakeholder Management,Tableau",1,0,2024
J1451,Reporting Analyst,Telstra,Sydney,Retail,1-3 years,1,94000,"DAX,SQL,Looker,R,Machine Learning,Agile",1,0,2024
J1452,Senior Business Analyst,NAB,Sydney,Consulting,5+ years,3,133000,"Stakeholder Management,Excel,Power BI,SQL,Azure,DAX",0,0,2024
J1453,Junior Data Analyst,NAB,Melbourne,Energy,Graduate/<1yr,0,69000,"Stakeholder Management,Looker,Machine Learning,SQL,Excel",1,0,2026
J1454,Data Analyst,NAB,Canberra,Retail,5+ years,3,139000,"R,Python,Tableau,Machine Learning,AWS,Excel,SQL,Azure",0,0,2025
J1455,Senior Data Analyst,PwC,Sydney,Finance,Graduate/<1yr,2,110000,"BPMN,SQL,Stakeholder Management,AWS,Jira,Excel,DAX",1,1,2025
J1456,Business Analyst,PwC,Brisbane,Property,5+ years,3,134000,"Power BI,Machine Learning,R,Agile,SQL,Excel,Tableau,Python",0,0,2025
J1457,Data Analyst,KPMG,Sydney,Property,1-3 years,1,90000,"AWS,SQL,Jira,Python,Tableau",0,1,2025
J1458,Systems Analyst,ANZ Bank,Perth,Finance,3-5 years,2,107000,"Power BI,SQL,AWS,Machine Learning,Stakeholder Management",1,0,2026
J1459,Data Analyst,Dept of Health,Sydney,Consulting,3-5 years,2,103000,"Agile,SQL,BPMN,Stakeholder Management",0,0,2024
J1460,Business Analyst,Commonwealth Bank,Brisbane,Technology,Graduate/<1yr,0,78000,"Agile,AWS,Tableau,Looker,Python,Machine Learning,Stakeholder Management,SQL",0,0,2024
J1461,Business Analyst,Deloitte,Canberra,Property,Graduate/<1yr,0,75000,"Jira,SQL,Machine Learning",1,0,2026
J1462,Data Analyst,Telstra,Sydney,Energy,1-3 years,1,94000,"Excel,SQL,Stakeholder Management,Python,AWS,Power BI,R",0,0,2025
J1463,Reporting Analyst,ANZ Bank,Melbourne,Government,1-3 years,1,92000,"AWS,BPMN,Stakeholder Management,SQL,Jira,Machine Learning,Excel,Power BI",1,0,2024
J1464,Associate BA,Amazon,Sydney,Healthcare,5+ years,3,134000,"Power BI,Agile,Jira,AWS,SQL,R,Stakeholder Management,Machine Learning",1,0,2026
J1465,Reporting Analyst,Amazon,Sydney,Energy,Graduate/<1yr,0,76000,"Power BI,AWS,SQL,Tableau,Machine Learning",1,0,2024
J1466,Senior Business Analyst,Woolworths,Perth,Government,3-5 years,2,99000,"R,SQL,Excel,Power BI,Looker,BPMN",0,0,2024
J1467,Senior Data Analyst,NAB,Brisbane,Finance,5+ years,3,123000,"Stakeholder Management,Power BI,Excel,DAX,SQL,BPMN,Azure",0,0,2024
J1468,Senior Data Analyst,KPMG,Sydney,Retail,1-3 years,2,103000,"Power BI,SQL,R,BPMN,Python",1,0,2025
J1469,Data Analyst,NAB,Perth,Retail,1-3 years,1,102000,"BPMN,SQL,AWS,Python,R,DAX,Machine Learning",1,0,2024
J1470,Business Analyst,Dept of Health,Melbourne,Healthcare,1-3 years,1,86000,"Power BI,Azure,Tableau,Stakeholder Management,Jira,R",1,1,2025
J1471,BI Analyst,PwC,Melbourne,Consulting,5+ years,3,118000,"Power BI,SQL,R,BPMN",1,1,2025
J1472,Senior Business Analyst,ANZ Bank,Brisbane,Government,1-3 years,2,100000,"Machine Learning,SQL,Excel",1,0,2026
J1473,Systems Analyst,NAB,Sydney,Technology,3-5 years,2,109000,"Looker,Excel,Stakeholder Management,Machine Learning,Power BI,SQL,Tableau,DAX",0,0,2026
J1474,Systems Analyst,PwC,Melbourne,Technology,3-5 years,2,100000,"Power BI,BPMN,SQL,Tableau,Jira,R,Excel",1,0,2024
J1475,BI Analyst,Commonwealth Bank,Melbourne,Retail,Graduate/<1yr,0,69000,"Power BI,SQL,Machine Learning,Agile,Tableau",0,0,2026
J1476,Senior Data Analyst,KPMG,Melbourne,Energy,3-5 years,2,114000,"DAX,Jira,Tableau,Power BI,Machine Learning,AWS,SQL",0,1,2026
J1477,Business Analyst,Woolworths,Sydney,Government,Graduate/<1yr,0,68000,"BPMN,SQL,Power BI,Excel,R,Looker,Tableau,Agile",0,0,2026
J1478,Senior Business Analyst,Amazon,Adelaide,Energy,1-3 years,2,86000,"Power BI,SQL,R,Jira",0,0,2026
J1479,Senior Business Analyst,KPMG,Sydney,Energy,3-5 years,2,106000,"Power BI,Tableau,Excel,SQL,BPMN,DAX,Azure,Stakeholder Management",0,0,2026
J1480,Systems Analyst,Amazon,Brisbane,Consulting,1-3 years,1,81000,"Power BI,SQL,Jira,Excel",1,0,2026
J1481,Junior Data Analyst,Woolworths,Melbourne,Property,3-5 years,1,80000,"Agile,Looker,AWS,Power BI,SQL,DAX,Stakeholder Management",1,0,2025
J1482,Senior Data Analyst,ANZ Bank,Brisbane,Retail,3-5 years,2,93000,"Power BI,Jira,Looker,SQL,AWS",1,0,2026
J1483,Systems Analyst,Amazon,Sydney,Retail,3-5 years,2,106000,"Machine Learning,SQL,Power BI",1,0,2024
J1484,BI Analyst,Telstra,Sydney,Technology,3-5 years,2,102000,"Tableau,Looker,Jira,Stakeholder Management,Excel,BPMN",1,0,2025
J1485,Senior Business Analyst,Amazon,Melbourne,Government,1-3 years,2,117000,"Power BI,Excel,SQL,Jira,AWS,Tableau,DAX",1,0,2025
J1486,Business Analyst,ANZ Bank,Sydney,Property,1-3 years,1,90000,"Power BI,SQL,Machine Learning",1,1,2025
J1487,BI Analyst,PwC,Brisbane,Retail,5+ years,3,123000,"R,SQL,Stakeholder Management,Machine Learning,Excel,Python,Azure,DAX",0,0,2025
J1488,BI Analyst,KPMG,Perth,Healthcare,1-3 years,1,94000,"Looker,SQL,Stakeholder Management,Jira,AWS",0,0,2025
J1489,Business Analyst,Amazon,Adelaide,Energy,3-5 years,2,88000,"Jira,SQL,Stakeholder Management,BPMN,Tableau,AWS,Excel",1,0,2026
J1490,Insights Analyst,KPMG,Sydney,Healthcare,3-5 years,2,98000,"Power BI,SQL,Excel,Jira",1,0,2025
J1491,Business Analyst,Dept of Health,Brisbane,Technology,1-3 years,1,88000,"Power BI,Jira,Stakeholder Management,Azure,Excel,BPMN,SQL",1,0,2026
J1492,BI Analyst,Dept of Health,Sydney,Government,Graduate/<1yr,0,78000,"Azure,Excel,R,Tableau,DAX,Agile,SQL,Power BI",0,0,2025
J1493,Reporting Analyst,NAB,Melbourne,Energy,5+ years,3,123000,"Power BI,SQL,R",0,0,2026
J1494,Associate BA,Commonwealth Bank,Melbourne,Retail,3-5 years,2,103000,"Power BI,Stakeholder Management,SQL",0,0,2025
J1495,Business Analyst,Amazon,Perth,Healthcare,1-3 years,1,96000,"DAX,AWS,Azure,SQL,Python,Power BI",0,0,2025
J1496,Associate BA,NAB,Melbourne,Property,3-5 years,2,106000,"Power BI,SQL,DAX,Agile,Tableau,BPMN",0,0,2026
J1497,Senior Data Analyst,Dept of Health,Sydney,Energy,1-3 years,2,105000,"Excel,SQL,Azure",1,0,2024
J1498,BI Analyst,Amazon,Sydney,Finance,3-5 years,2,121000,"SQL,Azure,Machine Learning,Python,Jira,R,Looker",1,1,2026
J1499,Senior Business Analyst,Commonwealth Bank,Sydney,Technology,Graduate/<1yr,2,105000,"Python,Azure,Stakeholder Management,Excel,SQL,Power BI",1,0,2025
J1500,Data Analyst,ANZ Bank,Sydney,Property,1-3 years,1,89000,"Power BI,SQL,Machine Learning,DAX,Looker",1,0,2024
J1501,Data Analyst,Telstra,Adelaide,Retail,1-3 years,1,87000,"SQL,Looker,Excel,Azure,BPMN,AWS,Jira",0,0,2024
J1502,Junior Data Analyst,Deloitte,Sydney,Finance,5+ years,1,95000,"Agile,SQL,Python,Power BI,BPMN",0,1,2026
J1503,Senior Business Analyst,KPMG,Sydney,Healthcare,3-5 years,2,101000,"Power BI,SQL,Azure",0,0,2026
J1504,Reporting Analyst,PwC,Sydney,Healthcare,1-3 years,1,88000,"Looker,SQL,Power BI",1,0,2024
J1505,Senior Data Analyst,Woolworths,Brisbane,Energy,5+ years,3,126000,"Jira,AWS,Azure,SQL,Agile,Power BI,Tableau,Machine Learning",0,0,2025
J1506,Data Analyst,Amazon,Sydney,Healthcare,1-3 years,1,96000,"Power BI,SQL,Stakeholder Management,Excel,Machine Learning,Azure",0,0,2025
J1507,BI Analyst,Amazon,Sydney,Technology,3-5 years,2,107000,"Agile,SQL,DAX,R,BPMN,Power BI,Jira",1,1,2024
J1508,Senior Data Analyst,KPMG,Brisbane,Technology,3-5 years,2,107000,"BPMN,Azure,Machine Learning,Agile,Looker,Jira,DAX,AWS",1,0,2025
J1509,Senior Business Analyst,NAB,Brisbane,Finance,1-3 years,2,106000,"Tableau,DAX,AWS,R,Jira,Looker,Machine Learning,SQL",1,0,2026
J1510,Business Analyst,Commonwealth Bank,Sydney,Consulting,1-3 years,1,89000,"Power BI,SQL,Tableau,Stakeholder Management",0,1,2024
J1511,Senior Business Analyst,Telstra,Adelaide,Healthcare,5+ years,3,115000,"Tableau,Stakeholder Management,Power BI,Excel,DAX,SQL,Looker,Agile",1,0,2025
J1512,Senior Data Analyst,Commonwealth Bank,Perth,Property,3-5 years,2,111000,"Tableau,SQL,Python,Excel,Machine Learning,Power BI,Jira",0,1,2025
J1513,Business Analyst,PwC,Brisbane,Energy,3-5 years,2,106000,"AWS,SQL,DAX,Tableau",1,0,2026
J1514,Reporting Analyst,NAB,Melbourne,Technology,3-5 years,2,97000,"R,SQL,Jira,Power BI",0,1,2025
J1515,Business Analyst,Dept of Health,Melbourne,Energy,1-3 years,1,82000,"Stakeholder Management,Jira,Power BI,Agile,Python,AWS,SQL,BPMN",1,0,2026
J1516,BI Analyst,Dept of Health,Sydney,Finance,3-5 years,2,104000,"Power BI,SQL,Agile,Tableau",1,0,2026
J1517,Systems Analyst,KPMG,Sydney,Finance,3-5 years,2,108000,"Excel,SQL,Power BI,Azure,Python",0,0,2026
J1518,Junior Data Analyst,ANZ Bank,Brisbane,Technology,1-3 years,1,85000,"Jira,SQL,R,BPMN,Power BI,AWS,Python",0,1,2026
J1519,Business Analyst,Dept of Health,Melbourne,Government,5+ years,3,129000,"Power BI,SQL,Jira,AWS,Tableau",0,0,2025
J1520,Business Analyst,Dept of Health,Melbourne,Property,5+ years,3,129000,"Power BI,SQL,Agile,Machine Learning,Python",1,1,2025
J1521,Senior Business Analyst,ANZ Bank,Remote,Healthcare,5+ years,3,111000,"Power BI,SQL,Excel,Azure,Looker",1,0,2025
J1522,Data Analyst,Commonwealth Bank,Sydney,Retail,3-5 years,2,119000,"AWS,Stakeholder Management,Jira,Tableau,Machine Learning,SQL,Agile,Azure",0,0,2025
J1523,Systems Analyst,Amazon,Canberra,Finance,1-3 years,1,91000,"Power BI,DAX,Stakeholder Management,BPMN,Python,Jira,Looker,SQL",0,0,2025
J1524,Associate BA,NAB,Sydney,Consulting,1-3 years,1,101000,"Power BI,Machine Learning,Azure,Python,R,SQL,DAX",0,0,2025
J1525,Associate BA,PwC,Sydney,Consulting,1-3 years,1,87000,"AWS,SQL,BPMN,Agile,Power BI,Jira,Excel",1,1,2025
J1526,Senior Business Analyst,Deloitte,Melbourne,Technology,5+ years,3,124000,"Power BI,Looker,SQL,AWS,BPMN",1,1,2026
J1527,Business Analyst,Woolworths,Canberra,Retail,3-5 years,2,103000,"Agile,SQL,R",0,0,2025
J1528,Data Analyst,Deloitte,Brisbane,Government,3-5 years,2,102000,"Agile,SQL,Stakeholder Management,Excel,AWS,Jira",1,1,2025
J1529,Business Analyst,Dept of Health,Sydney,Finance,3-5 years,2,106000,"Power BI,SQL,Looker,Tableau",1,0,2024
J1530,Systems Analyst,NAB,Melbourne,Property,5+ years,3,137000,"SQL,R,AWS,Python,BPMN,Power BI,DAX,Jira",0,0,2025
J1531,Data Analyst,Commonwealth Bank,Melbourne,Technology,3-5 years,2,99000,"DAX,AWS,Excel,Power BI,SQL",1,1,2026
J1532,Senior Business Analyst,NAB,Melbourne,Finance,Graduate/<1yr,2,106000,"Power BI,SQL,Azure,Looker,DAX,Jira,Tableau,AWS",0,0,2025
J1533,Business Analyst,Deloitte,Sydney,Consulting,1-3 years,1,80000,"SQL,R,BPMN,Jira,DAX,Stakeholder Management",0,0,2026
J1534,Senior Business Analyst,Amazon,Melbourne,Consulting,1-3 years,2,102000,"Power BI,SQL,R,Tableau",0,0,2024
J1535,Senior Business Analyst,PwC,Adelaide,Healthcare,3-5 years,2,88000,"Power BI,SQL,Excel",1,1,2026
J1536,Senior Data Analyst,Deloitte,Melbourne,Finance,Graduate/<1yr,2,105000,"Power BI,Looker,Agile,AWS,SQL,DAX",0,0,2025
J1537,Systems Analyst,Commonwealth Bank,Sydney,Energy,1-3 years,1,91000,"Power BI,SQL,Stakeholder Management,Excel,AWS,DAX,Looker,Agile",0,1,2024
J1538,Senior Business Analyst,ANZ Bank,Sydney,Government,3-5 years,2,112000,"Azure,Agile,SQL,DAX,Machine Learning,AWS,R",1,1,2025
J1539,Business Analyst,PwC,Sydney,Property,1-3 years,1,91000,"Power BI,SQL,AWS,Python,Excel",0,1,2025
J1540,Junior Data Analyst,Commonwealth Bank,Melbourne,Energy,3-5 years,1,84000,"Tableau,Power BI,Stakeholder Management",1,1,2025
J1541,Reporting Analyst,Dept of Health,Melbourne,Technology,5+ years,3,115000,"SQL,Agile,DAX,BPMN,Excel,R",1,0,2026
J1542,Junior Data Analyst,Deloitte,Melbourne,Retail,3-5 years,1,89000,"Power BI,SQL,Jira,Tableau,Python,Excel,DAX",0,0,2025
J1543,BI Analyst,Commonwealth Bank,Sydney,Energy,5+ years,3,121000,"Looker,R,Power BI,SQL,Python,Stakeholder Management",1,0,2026
J1544,Data Analyst,Telstra,Sydney,Property,5+ years,3,134000,"BPMN,SQL,DAX,Excel,Power BI,Machine Learning",0,0,2025
J1545,Business Analyst,ANZ Bank,Remote,Healthcare,3-5 years,2,81000,"Power BI,SQL,Stakeholder Management",0,0,2025
J1546,Business Analyst,Deloitte,Melbourne,Consulting,1-3 years,1,89000,"Looker,SQL,Tableau,Power BI,Jira",1,0,2024
J1547,Senior Data Analyst,KPMG,Melbourne,Government,5+ years,3,120000,"Power BI,SQL,Jira,Machine Learning,R,Stakeholder Management,DAX,BPMN",1,0,2026
J1548,Senior Data Analyst,Woolworths,Melbourne,Technology,1-3 years,2,108000,"Power BI,Python,Azure,Tableau",1,0,2026
J1549,Reporting Analyst,ANZ Bank,Melbourne,Technology,Graduate/<1yr,0,69000,"Excel,Jira,Looker,Stakeholder Management",0,1,2025
J1550,Reporting Analyst,KPMG,Brisbane,Finance,1-3 years,1,80000,"Power BI,SQL,Agile",0,0,2025
J1551,Business Analyst,PwC,Adelaide,Consulting,1-3 years,1,83000,"Power BI,Looker,Stakeholder Management,Machine Learning,DAX,SQL",0,0,2025
J1552,Data Analyst,Woolworths,Brisbane,Consulting,1-3 years,1,96000,"Power BI,SQL,Machine Learning,Stakeholder Management,Azure,DAX",0,0,2026
J1553,Systems Analyst,Deloitte,Melbourne,Finance,3-5 years,2,102000,"BPMN,SQL,R,Machine Learning,Excel,AWS,Stakeholder Management,Power BI",1,0,2026
J1554,Senior Business Analyst,PwC,Remote,Technology,5+ years,3,113000,"Machine Learning,SQL,R,Jira,Excel,Power BI,Looker,Tableau",1,0,2024
J1555,Systems Analyst,Dept of Health,Sydney,Healthcare,5+ years,3,129000,"Machine Learning,SQL,Stakeholder Management,AWS,Power BI,Excel,Agile,Jira",1,1,2026
J1556,Senior Business Analyst,Woolworths,Perth,Retail,1-3 years,2,103000,"Power BI,Tableau,R,Stakeholder Management,Looker,Machine Learning,Excel,SQL",0,0,2024
J1557,Business Analyst,Telstra,Melbourne,Retail,1-3 years,1,95000,"Python,Jira,Azure,SQL",0,1,2025
J1558,Junior Data Analyst,Dept of Health,Melbourne,Energy,3-5 years,1,78000,"Power BI,Excel,SQL,Azure,Agile",0,0,2025
J1559,Senior Data Analyst,NAB,Melbourne,Retail,1-3 years,2,103000,"Excel,Tableau,Power BI",0,1,2026
J1560,Senior Business Analyst,Dept of Health,Brisbane,Finance,3-5 years,2,105000,"Power BI,SQL,R,Tableau",1,0,2025
J1561,Insights Analyst,Deloitte,Melbourne,Retail,1-3 years,1,84000,"Agile,SQL,Tableau,Power BI,BPMN",0,0,2024
J1562,Senior Business Analyst,KPMG,Brisbane,Technology,3-5 years,2,106000,"R,SQL,Excel,Azure,Machine Learning,Power BI",0,0,2025
J1563,Junior Data Analyst,Dept of Health,Sydney,Healthcare,5+ years,1,92000,"Power BI,SQL,Machine Learning,BPMN,Jira",1,0,2024
J1564,Systems Analyst,Deloitte,Adelaide,Technology,3-5 years,2,98000,"Power BI,AWS,Jira,Python",0,1,2025
J1565,Reporting Analyst,Woolworths,Sydney,Finance,Graduate/<1yr,0,71000,"Power BI,Azure,Python,Stakeholder Management,SQL,BPMN",0,0,2026
J1566,Senior Data Analyst,Commonwealth Bank,Melbourne,Property,Graduate/<1yr,2,105000,"Looker,SQL,Machine Learning,AWS,Agile,Azure,BPMN",1,0,2025
J1567,Senior Data Analyst,Deloitte,Sydney,Property,1-3 years,2,111000,"Azure,Tableau,Power BI,Agile,Looker,BPMN,AWS,SQL",0,0,2026
J1568,Senior Business Analyst,Woolworths,Melbourne,Energy,5+ years,3,129000,"Looker,SQL,Excel,Power BI,DAX,R,Azure,Stakeholder Management",1,1,2024
J1569,Data Analyst,Woolworths,Melbourne,Retail,5+ years,3,125000,"Agile,SQL,Power BI,Tableau",0,0,2026
J1570,Data Analyst,KPMG,Perth,Government,5+ years,3,127000,"Power BI,BPMN,Azure,DAX,Machine Learning",1,0,2025
J1571,Reporting Analyst,KPMG,Adelaide,Healthcare,5+ years,3,115000,"Power BI,Agile,R,AWS,Stakeholder Management,Jira,Python,SQL",0,0,2025
J1572,Reporting Analyst,Deloitte,Melbourne,Finance,5+ years,3,129000,"BPMN,SQL,AWS,Stakeholder Management,Jira,Python,Power BI",1,1,2025
J1573,Business Analyst,Woolworths,Perth,Government,3-5 years,2,90000,"Power BI,SQL,Jira,Excel",0,0,2025
J1574,Business Analyst,Telstra,Brisbane,Finance,3-5 years,2,102000,"Power BI,SQL,Jira,Python,Machine Learning",1,0,2025
J1575,Business Analyst,Dept of Health,Melbourne,Consulting,3-5 years,2,111000,"Power BI,SQL,Azure,Stakeholder Management,AWS,Python,BPMN",1,1,2026
J1576,Data Analyst,Deloitte,Melbourne,Property,1-3 years,1,89000,"Power BI,SQL,DAX,Agile,AWS",0,1,2025
J1577,BI Analyst,Amazon,Melbourne,Government,1-3 years,1,87000,"Tableau,SQL,DAX",0,1,2025
J1578,Systems Analyst,KPMG,Brisbane,Finance,3-5 years,2,95000,"Power BI,SQL,Stakeholder Management,AWS",1,1,2025
J1579,Reporting Analyst,Amazon,Adelaide,Energy,3-5 years,2,90000,"Tableau,SQL,Looker,Power BI",1,0,2025
J1580,Associate BA,ANZ Bank,Sydney,Energy,3-5 years,2,116000,"Looker,SQL,Machine Learning,Power BI,DAX,Jira,Excel,Tableau",0,0,2024
J1581,Systems Analyst,Deloitte,Melbourne,Energy,3-5 years,2,106000,"Looker,SQL,Jira,AWS,Agile,Python",0,0,2026
J1582,Senior Data Analyst,Amazon,Melbourne,Finance,5+ years,3,124000,"Tableau,SQL,Azure,Machine Learning,R,Agile,Looker",0,0,2026
J1583,Data Analyst,NAB,Remote,Finance,1-3 years,1,76000,"Excel,SQL,DAX,BPMN,Stakeholder Management,Azure,R",0,0,2025
J1584,Senior Data Analyst,Amazon,Melbourne,Energy,3-5 years,2,97000,"Power BI,SQL,Excel,Azure,Agile,BPMN",0,0,2026
J1585,Business Analyst,Deloitte,Melbourne,Energy,1-3 years,1,93000,"Power BI,SQL,Stakeholder Management,DAX,Azure,Jira",0,0,2026
J1586,Senior Data Analyst,NAB,Melbourne,Property,3-5 years,2,100000,"Power BI,Agile,AWS,Tableau,BPMN,Looker,SQL,DAX",0,0,2025
J1587,Business Analyst,Woolworths,Melbourne,Property,Graduate/<1yr,0,72000,"Power BI,SQL,Azure,DAX",1,0,2025
J1588,Business Analyst,Telstra,Sydney,Retail,3-5 years,2,109000,"SQL,Python,Azure,Tableau,Power BI,Agile",0,0,2026
J1589,BI Analyst,NAB,Melbourne,Consulting,3-5 years,2,117000,"Azure,Tableau,AWS,DAX,SQL,Machine Learning,Looker",0,0,2024
J1590,Business Analyst,Dept of Health,Sydney,Energy,1-3 years,1,97000,"AWS,Excel,Azure,SQL,Tableau,R,Jira,DAX",1,0,2025
J1591,Associate BA,KPMG,Brisbane,Property,3-5 years,2,96000,"Power BI,DAX,Looker,SQL,Jira",0,1,2025
J1592,Business Analyst,Telstra,Melbourne,Retail,5+ years,3,119000,"Power BI,SQL,R",1,1,2026
J1593,Senior Data Analyst,ANZ Bank,Perth,Consulting,1-3 years,2,99000,"Power BI,SQL,Python",0,0,2025
J1594,Business Analyst,KPMG,Perth,Property,5+ years,3,119000,"Agile,SQL,Excel,Looker,Power BI,DAX",1,1,2024
J1595,Business Analyst,Commonwealth Bank,Sydney,Technology,1-3 years,1,86000,"Agile,SQL,Azure",0,0,2026
J1596,Junior Data Analyst,Dept of Health,Brisbane,Energy,1-3 years,1,85000,"Excel,SQL,Power BI,Tableau,Looker,BPMN,AWS,Agile",1,0,2025
J1597,BI Analyst,Commonwealth Bank,Sydney,Technology,1-3 years,1,84000,"Looker,SQL,Jira",1,0,2024
J1598,Senior Data Analyst,NAB,Perth,Retail,5+ years,3,122000,"Power BI,SQL,Looker",1,1,2025
J1599,Reporting Analyst,ANZ Bank,Melbourne,Healthcare,3-5 years,2,111000,"Power BI,SQL,Python,Azure,BPMN,Jira",1,0,2026
J1600,BI Analyst,Woolworths,Canberra,Technology,1-3 years,1,92000,"BPMN,Looker,DAX,Tableau,R,Power BI,AWS",0,0,2024
J1601,BI Analyst,PwC,Perth,Healthcare,1-3 years,1,92000,"Looker,Python,AWS,BPMN,Azure,SQL,Jira,DAX",1,1,2026
J1602,Data Analyst,NAB,Melbourne,Technology,3-5 years,2,112000,"Power BI,R,Looker,BPMN,Machine Learning,Python",1,0,2024
J1603,Senior Data Analyst,Amazon,Perth,Healthcare,1-3 years,2,102000,"Power BI,Python,R,SQL,BPMN,Tableau,Jira",0,0,2024
J1604,Reporting Analyst,KPMG,Brisbane,Technology,3-5 years,2,103000,"Stakeholder Management,SQL,Machine Learning,Jira,Looker,Power BI,R",1,0,2026
J1605,Data Analyst,KPMG,Sydney,Healthcare,5+ years,3,134000,"Power BI,AWS,Tableau,Machine Learning,SQL",0,1,2026
J1606,Data Analyst,ANZ Bank,Canberra,Finance,Graduate/<1yr,0,78000,"Agile,DAX,R,Azure,BPMN,Jira,SQL,Python",1,0,2026
J1607,BI Analyst,NAB,Sydney,Government,1-3 years,1,87000,"Power BI,SQL,Tableau,BPMN",1,1,2026
J1608,Reporting Analyst,KPMG,Sydney,Healthcare,1-3 years,1,84000,"Power BI,AWS,Stakeholder Management,R,BPMN",1,0,2026
J1609,Data Analyst,NAB,Sydney,Retail,3-5 years,2,106000,"Python,SQL,Tableau,R,Azure,Power BI,Agile",1,0,2024
J1610,Senior Data Analyst,KPMG,Brisbane,Healthcare,5+ years,3,116000,"Agile,SQL,R,Excel,Power BI",1,0,2026
J1611,Senior Business Analyst,Amazon,Melbourne,Finance,3-5 years,2,104000,"Power BI,Azure,DAX,SQL,Excel,Python",1,0,2024
J1612,Data Analyst,KPMG,Sydney,Consulting,3-5 years,2,112000,"Power BI,SQL,Agile,Looker,BPMN,Tableau,DAX",0,0,2024
J1613,Data Analyst,NAB,Sydney,Energy,5+ years,3,122000,"Power BI,Python,Agile,DAX",1,0,2025
J1614,Associate BA,NAB,Melbourne,Technology,1-3 years,1,96000,"Power BI,Tableau,SQL,DAX",0,0,2025
J1615,Senior Data Analyst,PwC,Melbourne,Healthcare,3-5 years,2,102000,"Power BI,BPMN,Stakeholder Management,Excel",0,0,2024
J1616,BI Analyst,Amazon,Melbourne,Consulting,3-5 years,2,99000,"Power BI,SQL,Azure",1,1,2026
J1617,Senior Data Analyst,NAB,Melbourne,Technology,3-5 years,2,107000,"Jira,SQL,Power BI,Agile,AWS,BPMN,Stakeholder Management",0,0,2026
J1618,Systems Analyst,Woolworths,Melbourne,Energy,3-5 years,2,97000,"Azure,SQL,R,BPMN,Power BI,Stakeholder Management",1,0,2025
J1619,BI Analyst,Telstra,Brisbane,Finance,3-5 years,2,93000,"Looker,SQL,BPMN,Azure",1,1,2025
J1620,Business Analyst,ANZ Bank,Melbourne,Consulting,1-3 years,1,100000,"Stakeholder Management,SQL,R,Machine Learning,DAX,Agile,Tableau,Excel",1,0,2025
J1621,Senior Data Analyst,Woolworths,Brisbane,Finance,1-3 years,2,100000,"Agile,SQL,Excel,Looker,Power BI,Stakeholder Management,AWS",0,0,2024
J1622,Senior Business Analyst,Amazon,Melbourne,Property,Graduate/<1yr,2,110000,"Power BI,SQL,DAX,Excel,Looker,Machine Learning,Tableau",0,0,2026
J1623,Data Analyst,KPMG,Brisbane,Healthcare,3-5 years,2,106000,"BPMN,SQL,R,Machine Learning,Power BI,Jira,Azure",1,0,2026
J1624,Data Analyst,PwC,Melbourne,Finance,1-3 years,1,102000,"Power BI,SQL,Stakeholder Management,Azure,Machine Learning,Jira",1,0,2025
J1625,BI Analyst,Deloitte,Perth,Finance,1-3 years,1,86000,"Jira,Looker,DAX,Power BI,Python",0,0,2025
J1626,Associate BA,Commonwealth Bank,Perth,Government,3-5 years,2,103000,"R,SQL,Python,Excel",1,0,2025
J1627,Junior Data Analyst,PwC,Canberra,Property,3-5 years,1,94000,"Power BI,SQL,BPMN,R",0,0,2026
J1628,Business Analyst,NAB,Brisbane,Retail,1-3 years,1,91000,"Excel,SQL,Azure,R,Power BI,Jira,Machine Learning,Looker",1,0,2025
J1629,Senior Business Analyst,Deloitte,Melbourne,Energy,Graduate/<1yr,2,112000,"SQL,Jira,Machine Learning,DAX,Agile,Power BI,AWS,R",0,0,2025
J1630,Data Analyst,Dept of Health,Adelaide,Energy,5+ years,3,124000,"Power BI,Tableau,SQL,Excel,Machine Learning,DAX,Agile,Jira",1,0,2025
J1631,Data Analyst,NAB,Brisbane,Property,3-5 years,2,96000,"Power BI,SQL,R,Tableau,DAX,Jira",1,0,2026
J1632,Data Analyst,PwC,Melbourne,Energy,3-5 years,2,113000,"Machine Learning,SQL,Azure,AWS,Tableau",1,1,2026
J1633,Junior Data Analyst,ANZ Bank,Brisbane,Retail,1-3 years,1,82000,"Looker,SQL,Jira,R,AWS",0,1,2025
J1634,Business Analyst,KPMG,Perth,Finance,1-3 years,1,94000,"Power BI,Azure,SQL,Tableau,Machine Learning,Stakeholder Management,Excel,Looker",0,0,2024
J1635,Data Analyst,NAB,Melbourne,Government,Graduate/<1yr,0,79000,"Power BI,SQL,Python",0,0,2026
J1636,Business Analyst,Woolworths,Brisbane,Technology,3-5 years,2,105000,"Agile,SQL,Azure",0,1,2024
J1637,BI Analyst,ANZ Bank,Sydney,Technology,3-5 years,2,106000,"Machine Learning,SQL,Looker,DAX,Tableau,AWS,Power BI",1,0,2026
J1638,Reporting Analyst,Commonwealth Bank,Brisbane,Finance,3-5 years,2,97000,"Power BI,SQL,Looker,Azure",1,0,2024
J1639,Senior Data Analyst,Telstra,Sydney,Retail,1-3 years,2,99000,"Agile,SQL,R,Looker,Tableau,Azure,DAX",0,1,2024
J1640,Business Analyst,Commonwealth Bank,Perth,Technology,3-5 years,2,105000,"Machine Learning,SQL,AWS,Azure,Power BI",1,0,2025
J1641,Senior Data Analyst,Telstra,Sydney,Property,1-3 years,2,105000,"Power BI,SQL,DAX",0,0,2024
J1642,Associate BA,Deloitte,Melbourne,Consulting,3-5 years,2,101000,"DAX,Tableau,Excel,Looker",0,0,2024
J1643,Junior Data Analyst,Amazon,Perth,Healthcare,Graduate/<1yr,0,86000,"BPMN,Agile,Excel,Machine Learning,SQL,Azure,Power BI",1,0,2025
J1644,Senior Data Analyst,Deloitte,Melbourne,Property,5+ years,3,125000,"Machine Learning,SQL,Azure,Jira,Agile",0,0,2024
J1645,Associate BA,NAB,Remote,Retail,1-3 years,1,76000,"BPMN,SQL,Jira,Stakeholder Management,Power BI,R,Excel,Looker",0,0,2024
J1646,Associate BA,ANZ Bank,Sydney,Property,1-3 years,1,97000,"Power BI,SQL,DAX,Stakeholder Management",1,0,2026
J1647,Senior Business Analyst,Woolworths,Canberra,Healthcare,1-3 years,2,100000,"Excel,SQL,Agile",1,1,2026
J1648,Senior Business Analyst,Telstra,Melbourne,Energy,1-3 years,2,108000,"Agile,SQL,Tableau,Excel,Python,AWS",0,0,2026
J1649,Business Analyst,Commonwealth Bank,Melbourne,Retail,1-3 years,1,84000,"Power BI,Looker,Tableau,Python,Agile,Machine Learning,Excel",1,0,2025
J1650,Reporting Analyst,Woolworths,Adelaide,Retail,1-3 years,1,81000,"Power BI,Agile,Azure,SQL,Stakeholder Management,AWS",1,1,2026
J1651,Business Analyst,KPMG,Sydney,Technology,1-3 years,1,89000,"Power BI,SQL,Jira,AWS,BPMN,Excel",0,0,2025
J1652,Business Analyst,Deloitte,Sydney,Healthcare,5+ years,3,125000,"Power BI,SQL,AWS,R",0,0,2024
J1653,Business Analyst,PwC,Sydney,Government,1-3 years,1,91000,"Power BI,SQL,Azure,Excel,Python",0,1,2025
J1654,BI Analyst,KPMG,Sydney,Consulting,1-3 years,1,99000,"DAX,Stakeholder Management,Python,Excel,AWS,SQL,Power BI,BPMN",0,0,2026
J1655,Junior Data Analyst,Deloitte,Sydney,Consulting,5+ years,1,97000,"Power BI,SQL,Agile,Python",0,0,2025
J1656,BI Analyst,PwC,Sydney,Healthcare,3-5 years,2,108000,"Jira,SQL,Machine Learning,Looker,Stakeholder Management,Power BI",1,0,2024
J1657,Business Analyst,Amazon,Perth,Government,3-5 years,2,105000,"Power BI,Machine Learning,Stakeholder Management,Looker,SQL,Jira,Python",1,0,2026
J1658,Insights Analyst,Commonwealth Bank,Perth,Technology,3-5 years,2,89000,"Looker,SQL,Power BI,Excel,BPMN,Jira",0,0,2025
J1659,Business Analyst,Amazon,Remote,Finance,1-3 years,1,82000,"Jira,Tableau,Power BI,DAX,Agile",0,0,2024
J1660,Junior Data Analyst,Dept of Health,Sydney,Healthcare,3-5 years,1,88000,"Power BI,Agile,Tableau,SQL,Jira",0,1,2025
J1661,Data Analyst,Dept of Health,Sydney,Technology,Graduate/<1yr,0,80000,"Python,SQL,AWS,Machine Learning,Looker,Tableau,DAX",1,0,2026
J1662,Data Analyst,Commonwealth Bank,Sydney,Government,1-3 years,1,92000,"Machine Learning,SQL,Agile,R,AWS,Power BI",0,0,2026
J1663,Junior Data Analyst,Commonwealth Bank,Melbourne,Finance,1-3 years,1,94000,"Power BI,AWS,R,SQL,Tableau,Excel,Jira,DAX",0,0,2026
J1664,Junior Data Analyst,Dept of Health,Melbourne,Finance,Graduate/<1yr,0,74000,"Power BI,SQL,Jira,Stakeholder Management,Looker,AWS",0,0,2026
J1665,Business Analyst,Telstra,Sydney,Healthcare,1-3 years,1,88000,"Power BI,SQL,Machine Learning,Looker",0,1,2026
J1666,Data Analyst,Woolworths,Sydney,Energy,3-5 years,2,104000,"Stakeholder Management,SQL,Jira,Power BI,Looker,R",0,0,2025
J1667,BI Analyst,KPMG,Sydney,Consulting,3-5 years,2,109000,"Power BI,SQL,AWS,BPMN,R,Machine Learning",1,0,2024
J1668,BI Analyst,KPMG,Melbourne,Energy,1-3 years,1,79000,"Power BI,R,Agile,SQL",1,1,2024
J1669,Business Analyst,NAB,Sydney,Technology,1-3 years,1,88000,"Excel,SQL,BPMN,Tableau,Power BI,R,Agile,Azure",1,0,2024
J1670,Business Analyst,KPMG,Melbourne,Healthcare,3-5 years,2,93000,"Power BI,SQL,Looker",0,0,2025
J1671,Data Analyst,Woolworths,Brisbane,Retail,3-5 years,2,105000,"R,AWS,Looker,SQL,Jira,Power BI,Python,Machine Learning",0,0,2025
J1672,Data Analyst,Woolworths,Brisbane,Technology,3-5 years,2,94000,"Power BI,Azure,BPMN,AWS,Excel,Agile",0,1,2026
J1673,Systems Analyst,Commonwealth Bank,Sydney,Property,3-5 years,2,117000,"Python,SQL,Jira,Power BI,Stakeholder Management,Machine Learning,Tableau",1,0,2025
J1674,Senior Business Analyst,Deloitte,Melbourne,Property,1-3 years,2,108000,"Machine Learning,Tableau,Power BI,Stakeholder Management,SQL,R,Azure",1,0,2024
J1675,Senior Data Analyst,Dept of Health,Melbourne,Property,1-3 years,2,106000,"Power BI,SQL,DAX,Stakeholder Management,Tableau,Azure",1,0,2025
J1676,Senior Data Analyst,Dept of Health,Sydney,Energy,Graduate/<1yr,2,101000,"Power BI,SQL,BPMN",1,0,2024
J1677,Senior Business Analyst,Telstra,Sydney,Consulting,1-3 years,2,105000,"Tableau,SQL,R",0,1,2026
J1678,Data Analyst,Woolworths,Sydney,Retail,1-3 years,1,91000,"DAX,SQL,Excel",1,0,2026
J1679,Data Analyst,KPMG,Sydney,Technology,1-3 years,1,88000,"Excel,SQL,Looker,BPMN,AWS",1,0,2025
J1680,BI Analyst,KPMG,Melbourne,Healthcare,1-3 years,1,84000,"Power BI,SQL,R,Looker,Stakeholder Management,Excel,Tableau",1,0,2025
J1681,Data Analyst,Dept of Health,Sydney,Retail,3-5 years,2,108000,"Power BI,SQL,Jira,DAX",1,0,2025
J1682,Business Analyst,ANZ Bank,Sydney,Government,3-5 years,2,108000,"SQL,DAX,Power BI,Agile,Azure,R,AWS",0,0,2026
J1683,Associate BA,KPMG,Melbourne,Healthcare,5+ years,3,127000,"SQL,BPMN,R,Power BI,AWS,Jira",1,0,2025
J1684,Senior Data Analyst,PwC,Melbourne,Energy,1-3 years,2,106000,"Power BI,DAX,Agile,Machine Learning,BPMN,Looker",0,1,2025
J1685,Data Analyst,Dept of Health,Sydney,Consulting,3-5 years,2,110000,"Power BI,Jira,Agile,Machine Learning,AWS,Azure,Looker,BPMN",0,0,2025
J1686,Business Analyst,NAB,Adelaide,Retail,1-3 years,1,86000,"Power BI,SQL,Python",0,0,2026
J1687,Senior Business Analyst,Woolworths,Melbourne,Government,3-5 years,2,98000,"Power BI,SQL,Jira",0,1,2026
J1688,Systems Analyst,PwC,Melbourne,Consulting,1-3 years,1,97000,"Power BI,SQL,Looker,Agile,AWS,Stakeholder Management,Jira,Machine Learning",1,0,2026
J1689,Data Analyst,Deloitte,Canberra,Healthcare,5+ years,3,121000,"Power BI,SQL,Stakeholder Management,BPMN",0,0,2025
J1690,Senior Business Analyst,Telstra,Melbourne,Property,1-3 years,2,107000,"Machine Learning,SQL,DAX",0,0,2025
J1691,Senior Data Analyst,Deloitte,Brisbane,Property,3-5 years,2,96000,"Looker,SQL,Stakeholder Management,DAX,Agile,Python,Jira,BPMN",0,0,2026
J1692,Senior Data Analyst,Deloitte,Melbourne,Consulting,1-3 years,2,112000,"Machine Learning,SQL,Python,Tableau,Jira",1,1,2025
J1693,Systems Analyst,NAB,Adelaide,Energy,5+ years,3,115000,"Power BI,AWS,BPMN,R,Azure,Python",1,1,2025
J1694,Reporting Analyst,Amazon,Sydney,Healthcare,5+ years,3,124000,"Power BI,SQL,Stakeholder Management,Agile",0,0,2024
J1695,Systems Analyst,Commonwealth Bank,Melbourne,Retail,3-5 years,2,91000,"Power BI,SQL,Looker,R,Agile,BPMN,Stakeholder Management",1,0,2024
J1696,Senior Data Analyst,NAB,Melbourne,Government,3-5 years,2,112000,"Jira,SQL,Azure,Stakeholder Management,Power BI,Machine Learning",0,0,2025
J1697,Senior Business Analyst,KPMG,Melbourne,Finance,1-3 years,2,98000,"Tableau,SQL,Stakeholder Management,Azure",1,0,2025
J1698,Business Analyst,Deloitte,Sydney,Retail,1-3 years,1,92000,"Power BI,SQL,AWS",1,0,2025
J1699,Reporting Analyst,Amazon,Brisbane,Healthcare,3-5 years,2,97000,"Power BI,BPMN,Agile,Machine Learning,DAX",1,0,2026
J1700,Senior Data Analyst,Deloitte,Perth,Consulting,1-3 years,2,96000,"AWS,Looker,R,Excel,SQL",0,0,2024
J1701,BI Analyst,Dept of Health,Sydney,Finance,5+ years,3,131000,"Power BI,SQL,Stakeholder Management,Python,DAX",1,0,2026
J1702,Data Analyst,Telstra,Melbourne,Healthcare,1-3 years,1,86000,"Power BI,R,Agile,Looker,Excel",1,0,2026
J1703,Business Analyst,Dept of Health,Brisbane,Technology,3-5 years,2,103000,"Power BI,SQL,Tableau",1,0,2025
J1704,Senior Business Analyst,NAB,Sydney,Technology,1-3 years,2,115000,"DAX,SQL,Stakeholder Management,BPMN,Azure,Tableau",1,0,2025
J1705,Systems Analyst,Dept of Health,Melbourne,Technology,3-5 years,2,106000,"AWS,Tableau,R,BPMN,Azure,Agile,SQL,Power BI",0,0,2025
J1706,Business Analyst,Amazon,Brisbane,Government,3-5 years,2,104000,"Power BI,Looker,Excel,Machine Learning,BPMN,AWS,SQL",0,0,2026
J1707,Senior Business Analyst,Dept of Health,Melbourne,Consulting,3-5 years,2,101000,"Agile,SQL,Power BI",0,0,2026
J1708,Insights Analyst,Commonwealth Bank,Sydney,Healthcare,3-5 years,2,106000,"Power BI,SQL,DAX,Looker,Azure",0,0,2024
J1709,Junior Data Analyst,Woolworths,Melbourne,Healthcare,1-3 years,1,97000,"Power BI,Excel,Machine Learning,DAX,AWS,SQL,Looker",0,0,2026
J1710,Senior Business Analyst,Commonwealth Bank,Brisbane,Property,5+ years,3,117000,"Power BI,DAX,Tableau,R,AWS",0,0,2025
J1711,Systems Analyst,ANZ Bank,Melbourne,Technology,3-5 years,2,99000,"BPMN,SQL,Jira,Stakeholder Management,AWS,Power BI",1,0,2025
J1712,Business Analyst,Deloitte,Melbourne,Technology,1-3 years,1,92000,"Looker,R,Power BI,Machine Learning,SQL,Stakeholder Management,DAX",0,0,2026
J1713,Data Analyst,NAB,Sydney,Government,5+ years,3,127000,"Power BI,SQL,Excel,Looker",1,0,2024
J1714,Junior Data Analyst,Woolworths,Melbourne,Finance,Graduate/<1yr,0,82000,"Tableau,AWS,Looker,SQL,Agile,Power BI,Machine Learning",0,0,2026
J1715,BI Analyst,Commonwealth Bank,Sydney,Property,1-3 years,1,91000,"Power BI,SQL,Excel,AWS",0,0,2026
J1716,Business Analyst,Telstra,Canberra,Healthcare,3-5 years,2,103000,"Power BI,SQL,AWS",1,0,2026
J1717,Business Analyst,Woolworths,Sydney,Government,Graduate/<1yr,0,74000,"Power BI,SQL,R,Agile",0,0,2025
J1718,Data Analyst,Amazon,Melbourne,Healthcare,1-3 years,1,79000,"BPMN,AWS,Machine Learning,Jira",0,1,2026
J1719,Data Analyst,ANZ Bank,Melbourne,Government,Graduate/<1yr,0,73000,"Python,Stakeholder Management,Azure",0,0,2026
J1720,Data Analyst,NAB,Brisbane,Retail,3-5 years,2,94000,"Azure,SQL,Power BI",1,0,2024
J1721,Systems Analyst,Commonwealth Bank,Melbourne,Property,3-5 years,2,108000,"SQL,AWS,Stakeholder Management,Power BI,Jira,DAX",1,0,2025
J1722,Senior Data Analyst,Woolworths,Melbourne,Consulting,Graduate/<1yr,2,104000,"Power BI,SQL,Python,R,DAX",0,0,2025
J1723,Reporting Analyst,ANZ Bank,Brisbane,Consulting,1-3 years,1,81000,"Power BI,SQL,Machine Learning",1,0,2025
J1724,Senior Data Analyst,ANZ Bank,Sydney,Government,Graduate/<1yr,2,109000,"Excel,Power BI,SQL,Python",0,0,2025
J1725,Business Analyst,Commonwealth Bank,Remote,Healthcare,Graduate/<1yr,0,64000,"AWS,SQL,Agile",0,0,2025
J1726,BI Analyst,Woolworths,Melbourne,Healthcare,3-5 years,2,103000,"Power BI,Jira,Azure",0,0,2026
J1727,Senior Data Analyst,ANZ Bank,Melbourne,Finance,3-5 years,2,111000,"Power BI,SQL,Excel,Python,Tableau,AWS,Machine Learning",1,0,2024
J1728,Senior Business Analyst,KPMG,Adelaide,Retail,3-5 years,2,95000,"Jira,SQL,Python",1,0,2026
J1729,Business Analyst,ANZ Bank,Melbourne,Technology,3-5 years,2,104000,"Looker,SQL,Agile,Azure,Jira,Excel",0,0,2025
J1730,Data Analyst,Dept of Health,Melbourne,Finance,3-5 years,2,106000,"Agile,Azure,Looker,BPMN,Power BI,SQL",0,1,2025
J1731,Reporting Analyst,Telstra,Canberra,Retail,3-5 years,2,101000,"Power BI,SQL,Stakeholder Management",1,0,2024
J1732,Data Analyst,Amazon,Melbourne,Retail,5+ years,3,128000,"SQL,Agile,Looker,R,Power BI,Tableau,Azure",0,0,2025
J1733,Business Analyst,Amazon,Brisbane,Healthcare,3-5 years,2,90000,"Looker,SQL,R,Jira,Azure,Excel,Power BI",1,0,2025
J1734,Senior Business Analyst,Amazon,Sydney,Healthcare,3-5 years,2,106000,"DAX,SQL,Excel,Azure,R,Stakeholder Management,Jira",0,0,2024
J1735,Senior Business Analyst,NAB,Sydney,Healthcare,3-5 years,2,110000,"Power BI,SQL,Looker,DAX,Stakeholder Management,Machine Learning",0,0,2024
J1736,Data Analyst,KPMG,Melbourne,Consulting,1-3 years,1,95000,"Power BI,SQL,Jira,Python",1,1,2024
J1737,Reporting Analyst,Deloitte,Perth,Technology,5+ years,3,127000,"SQL,Stakeholder Management,Azure,Jira,Agile,R,Power BI,DAX",1,0,2026
J1738,Reporting Analyst,Amazon,Perth,Healthcare,3-5 years,2,95000,"Power BI,SQL,Stakeholder Management,Excel",0,0,2025
J1739,Data Analyst,Commonwealth Bank,Sydney,Energy,3-5 years,2,102000,"Azure,SQL,BPMN,DAX,Excel",0,0,2026
J1740,Senior Data Analyst,NAB,Melbourne,Consulting,1-3 years,2,107000,"DAX,SQL,Power BI,Tableau",1,1,2024
J1741,Senior Business Analyst,Amazon,Perth,Energy,1-3 years,2,96000,"Excel,SQL,Stakeholder Management,Python,Agile,Jira",1,0,2026
J1742,Data Analyst,ANZ Bank,Sydney,Retail,3-5 years,2,106000,"Power BI,SQL,DAX,Jira,AWS",0,0,2026
J1743,BI Analyst,Woolworths,Canberra,Healthcare,1-3 years,1,91000,"R,Machine Learning,Power BI,SQL,Excel,Tableau",0,0,2026
J1744,Associate BA,Amazon,Sydney,Property,5+ years,3,135000,"Power BI,SQL,Tableau,AWS,Python",1,0,2026
J1745,BI Analyst,KPMG,Sydney,Energy,3-5 years,2,100000,"Jira,R,Looker,Agile,Power BI",1,0,2025
J1746,Data Analyst,Woolworths,Melbourne,Property,1-3 years,1,97000,"Python,SQL,Tableau,Power BI,Looker,Azure",1,0,2025
J1747,Business Analyst,Deloitte,Melbourne,Retail,5+ years,3,135000,"Stakeholder Management,Power BI,BPMN,Agile,DAX,Tableau,Machine Learning,Azure",1,0,2026
J1748,Senior Business Analyst,Woolworths,Melbourne,Retail,3-5 years,2,96000,"Power BI,SQL,Stakeholder Management",0,0,2026
J1749,Systems Analyst,KPMG,Sydney,Consulting,3-5 years,2,102000,"Power BI,Looker,SQL",1,0,2025
J1750,Data Analyst,ANZ Bank,Melbourne,Property,3-5 years,2,109000,"Power BI,Agile,Tableau,Jira,BPMN,Stakeholder Management,AWS",0,0,2024
J1751,Data Analyst,Commonwealth Bank,Brisbane,Energy,Graduate/<1yr,0,67000,"AWS,SQL,DAX,Azure,Power BI",0,0,2025
J1752,Business Analyst,Dept of Health,Melbourne,Government,5+ years,3,133000,"Jira,SQL,Agile,Azure,AWS,Stakeholder Management,Looker",0,0,2025
J1753,Systems Analyst,NAB,Canberra,Retail,Graduate/<1yr,0,67000,"R,SQL,Power BI,Looker",0,0,2026
J1754,Associate BA,KPMG,Sydney,Energy,Graduate/<1yr,0,66000,"Power BI,SQL,DAX,Looker,Agile,Stakeholder Management,R",0,0,2025
J1755,Reporting Analyst,ANZ Bank,Melbourne,Consulting,1-3 years,1,99000,"Azure,SQL,R,DAX,Jira,AWS,Machine Learning,Tableau",1,0,2024
J1756,Senior Business Analyst,Telstra,Sydney,Technology,1-3 years,2,106000,"Power BI,SQL,Excel",1,0,2026
J1757,Business Analyst,KPMG,Brisbane,Consulting,1-3 years,1,85000,"Power BI,SQL,Machine Learning",0,0,2026
J1758,Systems Analyst,Telstra,Melbourne,Healthcare,3-5 years,2,95000,"Stakeholder Management,SQL,AWS",1,0,2025
J1759,Data Analyst,Deloitte,Melbourne,Property,1-3 years,1,102000,"Azure,SQL,DAX,Jira,Power BI,Machine Learning",0,0,2025
J1760,Reporting Analyst,Commonwealth Bank,Melbourne,Energy,5+ years,3,137000,"Jira,SQL,Tableau,Machine Learning,Looker,Python",0,0,2026
J1761,Business Analyst,Dept of Health,Sydney,Technology,Graduate/<1yr,0,79000,"AWS,Excel,SQL,Azure,DAX",1,1,2025
J1762,Reporting Analyst,NAB,Perth,Healthcare,1-3 years,1,92000,"Tableau,Agile,Power BI,Jira,SQL,DAX,Python",0,0,2026
J1763,Senior Data Analyst,Deloitte,Sydney,Retail,1-3 years,2,107000,"Excel,Tableau,Power BI,SQL",1,0,2024
J1764,Systems Analyst,Dept of Health,Canberra,Government,3-5 years,2,102000,"SQL,Stakeholder Management,DAX,Agile",1,1,2024
J1765,Business Analyst,Woolworths,Sydney,Technology,1-3 years,1,89000,"Power BI,SQL,Python,DAX",0,1,2024
J1766,Senior Data Analyst,Dept of Health,Perth,Government,5+ years,3,126000,"Machine Learning,SQL,Azure,Excel,BPMN,Stakeholder Management,Looker",1,0,2025
J1767,BI Analyst,Woolworths,Melbourne,Healthcare,5+ years,3,120000,"Power BI,SQL,Looker,Azure,Python,R,Jira",0,0,2025
J1768,Business Analyst,NAB,Sydney,Government,Graduate/<1yr,0,71000,"R,SQL,AWS,Jira,Stakeholder Management",0,0,2026
J1769,Associate BA,Woolworths,Sydney,Consulting,3-5 years,2,96000,"Power BI,SQL,Agile,Azure",0,0,2025
J1770,Data Analyst,Amazon,Brisbane,Consulting,Graduate/<1yr,0,65000,"Agile,SQL,Power BI",0,0,2025
J1771,Data Analyst,Amazon,Melbourne,Property,3-5 years,2,104000,"Looker,Machine Learning,SQL,Power BI,R,DAX",1,0,2026
J1772,Reporting Analyst,Deloitte,Sydney,Healthcare,3-5 years,2,98000,"Power BI,SQL,Stakeholder Management,Agile,Looker,R",1,0,2026
J1773,Data Analyst,PwC,Sydney,Retail,3-5 years,2,94000,"Power BI,SQL,Excel",1,0,2025
J1774,Systems Analyst,NAB,Brisbane,Retail,1-3 years,1,89000,"Power BI,SQL,Tableau,Agile,AWS,R,DAX",1,0,2026
J1775,Data Analyst,KPMG,Remote,Technology,1-3 years,1,85000,"Power BI,SQL,Python,Machine Learning,Azure",0,0,2026
J1776,Junior Data Analyst,ANZ Bank,Melbourne,Property,3-5 years,1,90000,"Power BI,SQL,Jira,Machine Learning,Agile",1,0,2026
J1777,Associate BA,Telstra,Melbourne,Consulting,Graduate/<1yr,0,76000,"AWS,SQL,BPMN,Machine Learning,Jira,Python,Looker,R",1,0,2026
J1778,Data Analyst,Woolworths,Melbourne,Finance,3-5 years,2,94000,"AWS,SQL,Agile,Jira",1,1,2025
J1779,Senior Business Analyst,NAB,Melbourne,Property,3-5 years,2,97000,"Looker,DAX,SQL,Agile,AWS",1,0,2025
J1780,Reporting Analyst,Dept of Health,Adelaide,Technology,1-3 years,1,78000,"Power BI,SQL,Jira",0,1,2025
J1781,Insights Analyst,Dept of Health,Brisbane,Healthcare,5+ years,3,122000,"Power BI,SQL,Azure,DAX",0,0,2026
J1782,Junior Data Analyst,PwC,Remote,Technology,3-5 years,1,85000,"R,SQL,Power BI,DAX,Machine Learning,BPMN,Stakeholder Management",1,0,2025
J1783,Data Analyst,KPMG,Adelaide,Finance,5+ years,3,114000,"Power BI,SQL,Tableau",0,0,2024
J1784,Business Analyst,PwC,Sydney,Healthcare,3-5 years,2,105000,"Power BI,Excel,Machine Learning,Python,SQL,R",0,1,2026
J1785,Systems Analyst,PwC,Sydney,Retail,1-3 years,1,99000,"Machine Learning,Looker,SQL,Stakeholder Management,Power BI,DAX,Excel",0,1,2024
J1786,Reporting Analyst,Amazon,Melbourne,Energy,1-3 years,1,104000,"Stakeholder Management,SQL,Python,Azure,Agile,DAX,Machine Learning,Jira",1,0,2026
J1787,Business Analyst,Dept of Health,Perth,Property,3-5 years,2,98000,"Excel,Power BI,AWS,Agile,SQL",0,0,2025
J1788,Senior Business Analyst,Amazon,Brisbane,Technology,1-3 years,2,108000,"Power BI,Tableau,BPMN,Jira,Machine Learning,Agile,Azure,Python",1,0,2025
J1789,Business Analyst,ANZ Bank,Perth,Healthcare,3-5 years,2,97000,"Python,Jira,Power BI,SQL,Excel,AWS,Machine Learning",1,0,2025
J1790,Data Analyst,Amazon,Melbourne,Consulting,1-3 years,1,74000,"Excel,SQL,Jira",0,0,2025
J1791,Data Analyst,Telstra,Remote,Consulting,1-3 years,1,79000,"Power BI,Stakeholder Management,Tableau",0,1,2024
J1792,Junior Data Analyst,ANZ Bank,Melbourne,Finance,5+ years,1,91000,"Machine Learning,SQL,DAX",0,0,2026
J1793,Business Analyst,NAB,Brisbane,Finance,1-3 years,1,88000,"SQL,Azure,Power BI,Agile,BPMN,Stakeholder Management,Jira",1,1,2025
J1794,Junior Data Analyst,NAB,Canberra,Technology,5+ years,1,88000,"Jira,SQL,Python,Looker",0,0,2024
J1795,Reporting Analyst,Amazon,Melbourne,Retail,Graduate/<1yr,0,72000,"Power BI,SQL,BPMN,Azure",0,0,2025
J1796,Business Analyst,Telstra,Adelaide,Energy,1-3 years,1,73000,"Power BI,SQL,Stakeholder Management",0,1,2024
J1797,Junior Data Analyst,NAB,Sydney,Energy,1-3 years,1,86000,"Power BI,Looker,SQL",1,1,2024
J1798,Data Analyst,ANZ Bank,Brisbane,Energy,1-3 years,1,88000,"Machine Learning,Agile,Stakeholder Management,BPMN,SQL,Power BI,AWS",0,0,2026
J1799,Senior Data Analyst,KPMG,Canberra,Healthcare,3-5 years,2,101000,"Tableau,SQL,Azure,R",1,0,2025
J1800,Business Analyst,Telstra,Sydney,Government,5+ years,3,127000,"Excel,SQL,Looker,R,Python,BPMN,DAX",0,1,2024
J1801,Senior Data Analyst,PwC,Perth,Technology,3-5 years,2,101000,"Power BI,SQL,Jira,Excel,DAX",1,0,2025
J1802,Junior Data Analyst,Amazon,Sydney,Government,3-5 years,1,86000,"Power BI,SQL,BPMN",0,0,2026
J1803,Business Analyst,NAB,Melbourne,Technology,3-5 years,2,107000,"Machine Learning,Python,Looker,AWS,Agile,Azure,Power BI",0,0,2026
J1804,Data Analyst,Telstra,Sydney,Property,3-5 years,2,110000,"Tableau,SQL,Power BI,Azure,Excel,Agile,Stakeholder Management",0,0,2025
J1805,Senior Data Analyst,ANZ Bank,Sydney,Property,5+ years,3,127000,"Azure,SQL,Excel,AWS,DAX,Power BI",1,1,2024
J1806,Insights Analyst,KPMG,Canberra,Property,1-3 years,1,94000,"Power BI,SQL,Python,DAX",0,0,2026
J1807,Reporting Analyst,Dept of Health,Brisbane,Property,1-3 years,1,82000,"R,Power BI,AWS,Jira,Looker,Tableau,SQL,Stakeholder Management",0,0,2024
J1808,Senior Data Analyst,PwC,Melbourne,Energy,1-3 years,2,107000,"Stakeholder Management,SQL,Power BI,BPMN,Azure,Agile,AWS,Jira",0,1,2025
J1809,Senior Data Analyst,Amazon,Sydney,Finance,1-3 years,2,114000,"Power BI,Stakeholder Management,BPMN,Azure,Python,Machine Learning,Jira,Excel",1,0,2025
J1810,Senior Business Analyst,PwC,Melbourne,Finance,3-5 years,2,105000,"Power BI,SQL,R,BPMN,Looker,Excel,AWS",1,0,2025
J1811,BI Analyst,NAB,Adelaide,Finance,5+ years,3,106000,"Power BI,SQL,Stakeholder Management,Looker",0,0,2025
J1812,Business Analyst,Amazon,Adelaide,Consulting,3-5 years,2,96000,"Power BI,SQL,Azure",0,0,2025
J1813,Systems Analyst,Amazon,Melbourne,Government,3-5 years,2,101000,"Power BI,Jira,DAX,BPMN,R,Agile,SQL,AWS",0,0,2025
J1814,Business Analyst,NAB,Perth,Healthcare,1-3 years,1,100000,"Azure,Looker,Python,DAX,Power BI,SQL,Machine Learning",1,0,2024
J1815,Data Analyst,Deloitte,Sydney,Retail,5+ years,3,130000,"Power BI,SQL,BPMN,Jira,Machine Learning,Azure,AWS,Looker",1,0,2024
J1816,Business Analyst,Dept of Health,Sydney,Government,3-5 years,2,112000,"Power BI,Tableau,Machine Learning,SQL,AWS,R",0,0,2025
J1817,Business Analyst,Amazon,Sydney,Finance,1-3 years,1,103000,"Power BI,SQL,Azure,Python,AWS,R,Tableau,DAX",1,0,2026
J1818,Data Analyst,Dept of Health,Brisbane,Government,5+ years,3,118000,"Azure,Jira,SQL,Power BI,AWS,Python,R",1,0,2024
J1819,Systems Analyst,NAB,Perth,Consulting,3-5 years,2,95000,"Power BI,SQL,Tableau",1,0,2025
J1820,Reporting Analyst,ANZ Bank,Melbourne,Consulting,3-5 years,2,103000,"DAX,SQL,BPMN,Machine Learning",0,0,2026
J1821,Associate BA,KPMG,Adelaide,Government,3-5 years,2,95000,"Power BI,SQL,BPMN,Azure",1,0,2026
J1822,Data Analyst,Commonwealth Bank,Melbourne,Energy,3-5 years,2,107000,"Power BI,SQL,Tableau,Agile,R,Excel,AWS",1,0,2024
J1823,Data Analyst,ANZ Bank,Melbourne,Finance,3-5 years,2,106000,"Power BI,SQL,Tableau,R",1,0,2026
J1824,Junior Data Analyst,Deloitte,Melbourne,Government,1-3 years,1,93000,"Power BI,Stakeholder Management,AWS,Machine Learning,Agile,DAX,Jira",0,1,2026
J1825,Business Analyst,Dept of Health,Remote,Energy,1-3 years,1,90000,"Stakeholder Management,SQL,Power BI,Machine Learning,Azure,Tableau,DAX",0,0,2024
J1826,Data Analyst,Telstra,Brisbane,Technology,3-5 years,2,101000,"DAX,SQL,Azure",0,1,2025
J1827,Reporting Analyst,Telstra,Remote,Retail,3-5 years,2,92000,"Looker,Excel,Python,Jira,Power BI,SQL",1,0,2024
J1828,BI Analyst,Commonwealth Bank,Melbourne,Property,3-5 years,2,103000,"Power BI,SQL,DAX,Python",0,0,2025
J1829,Reporting Analyst,Woolworths,Melbourne,Energy,3-5 years,2,99000,"Looker,Power BI,Excel,Azure,R,Agile",1,0,2026
J1830,Senior Data Analyst,Dept of Health,Perth,Finance,3-5 years,2,99000,"Power BI,SQL,Python",1,0,2025
J1831,BI Analyst,Dept of Health,Melbourne,Property,1-3 years,1,86000,"Power BI,SQL,DAX",0,0,2026
J1832,BI Analyst,ANZ Bank,Remote,Retail,1-3 years,1,73000,"Looker,SQL,R",0,0,2026
J1833,Systems Analyst,Woolworths,Brisbane,Property,1-3 years,1,78000,"Power BI,SQL,Excel,BPMN,Stakeholder Management",0,0,2026
J1834,Systems Analyst,NAB,Sydney,Retail,1-3 years,1,88000,"Power BI,SQL,Excel,BPMN,Jira,Agile,Looker,R",1,0,2026
J1835,Business Analyst,Woolworths,Perth,Energy,1-3 years,1,100000,"SQL,Python,Tableau,AWS,Jira,Machine Learning,DAX",1,0,2024
J1836,Business Analyst,PwC,Brisbane,Retail,5+ years,3,115000,"Power BI,Agile,DAX,Azure",0,0,2026
J1837,Senior Data Analyst,PwC,Brisbane,Retail,5+ years,3,126000,"Machine Learning,SQL,DAX",0,0,2025
J1838,Associate BA,Amazon,Sydney,Technology,1-3 years,1,92000,"Jira,SQL,Looker,Power BI,AWS,Azure",0,0,2026
J1839,Senior Data Analyst,KPMG,Melbourne,Energy,1-3 years,2,108000,"Azure,SQL,Machine Learning,Jira,Excel,Power BI,Looker,R",1,1,2026
J1840,Senior Business Analyst,Deloitte,Canberra,Property,5+ years,3,121000,"Power BI,SQL,Machine Learning",1,0,2026
J1841,Associate BA,KPMG,Melbourne,Retail,3-5 years,2,114000,"Power BI,DAX,Machine Learning,Excel",0,1,2025
J1842,Business Analyst,Deloitte,Melbourne,Finance,3-5 years,2,101000,"Power BI,SQL,Excel,Looker,Python,Agile",0,0,2024
J1843,Senior Data Analyst,Telstra,Brisbane,Consulting,3-5 years,2,105000,"Machine Learning,Looker,BPMN,Jira,AWS,Stakeholder Management,Azure",0,0,2026
J1844,Data Analyst,Commonwealth Bank,Sydney,Energy,Graduate/<1yr,0,79000,"Machine Learning,SQL,Azure",0,0,2024
J1845,Data Analyst,Amazon,Perth,Finance,5+ years,3,124000,"Power BI,SQL,DAX,AWS",1,0,2026
J1846,Systems Analyst,Deloitte,Sydney,Healthcare,5+ years,3,133000,"Excel,SQL,Power BI,Machine Learning,DAX,Tableau",0,1,2024
J1847,Business Analyst,Deloitte,Canberra,Consulting,1-3 years,1,85000,"BPMN,SQL,Tableau,Agile,Looker,R,Stakeholder Management",0,0,2024
J1848,BI Analyst,Telstra,Melbourne,Retail,3-5 years,2,99000,"Power BI,Jira,SQL,Azure",1,1,2024
J1849,Business Analyst,Woolworths,Sydney,Property,3-5 years,2,116000,"Power BI,AWS,Azure,Machine Learning,BPMN,SQL,Excel",1,0,2026
J1850,Reporting Analyst,Deloitte,Melbourne,Technology,1-3 years,1,90000,"Jira,SQL,Tableau,Machine Learning,BPMN,DAX",1,0,2026
J1851,Business Analyst,Amazon,Melbourne,Retail,1-3 years,1,93000,"AWS,Excel,Tableau,DAX,Power BI",1,0,2024
J1852,Business Analyst,Woolworths,Sydney,Technology,1-3 years,1,86000,"Agile,SQL,Looker,Power BI",0,0,2026
J1853,Senior Data Analyst,Amazon,Sydney,Technology,1-3 years,2,105000,"Power BI,SQL,AWS,DAX,Stakeholder Management,Looker,R,Python",1,1,2026
J1854,Senior Business Analyst,PwC,Brisbane,Technology,3-5 years,2,109000,"SQL,Machine Learning,Azure,Looker",1,0,2026
J1855,Business Analyst,Deloitte,Melbourne,Property,Graduate/<1yr,0,66000,"Power BI,SQL,Jira,Tableau,Agile,BPMN,R",0,0,2024
J1856,Senior Data Analyst,Deloitte,Sydney,Technology,3-5 years,2,103000,"Tableau,SQL,DAX,BPMN,R,Azure",0,1,2025
J1857,BI Analyst,Amazon,Sydney,Government,3-5 years,2,102000,"Excel,SQL,BPMN,Tableau,Agile,Azure,Looker",0,0,2026
J1858,Systems Analyst,Amazon,Adelaide,Healthcare,5+ years,3,119000,"Power BI,DAX,AWS,Agile,SQL,Python",1,0,2026
J1859,Senior Data Analyst,Woolworths,Sydney,Technology,Graduate/<1yr,2,115000,"Power BI,SQL,Tableau,Excel,Python,Looker,Machine Learning",0,1,2025
J1860,Senior Data Analyst,Commonwealth Bank,Sydney,Finance,1-3 years,2,110000,"Power BI,SQL,Excel,Jira,Agile,R,AWS",0,1,2024
J1861,Senior Business Analyst,Commonwealth Bank,Perth,Technology,5+ years,3,134000,"Jira,SQL,DAX,Power BI,AWS,Python,Machine Learning",0,0,2024
J1862,Business Analyst,PwC,Sydney,Consulting,Graduate/<1yr,0,74000,"Power BI,DAX,Looker,Jira,AWS,Azure",0,0,2024
J1863,Data Analyst,Woolworths,Remote,Finance,5+ years,3,114000,"Power BI,SQL,Looker,Python",1,0,2025
J1864,BI Analyst,Amazon,Melbourne,Technology,1-3 years,1,87000,"Power BI,SQL,Tableau,DAX",0,0,2024
J1865,Data Analyst,Woolworths,Brisbane,Property,5+ years,3,117000,"DAX,SQL,Power BI,Python",0,0,2025
J1866,Business Analyst,Dept of Health,Melbourne,Retail,Graduate/<1yr,0,77000,"Azure,SQL,AWS,Excel,BPMN,Agile,DAX,Jira",1,1,2024
J1867,Reporting Analyst,Deloitte,Brisbane,Healthcare,3-5 years,2,103000,"Azure,AWS,SQL,Excel,Python,Jira,DAX",0,0,2026
J1868,Associate BA,ANZ Bank,Adelaide,Government,Graduate/<1yr,0,66000,"Power BI,DAX,SQL",0,0,2026
J1869,Data Analyst,Amazon,Melbourne,Energy,3-5 years,2,99000,"DAX,SQL,Power BI",1,1,2024
J1870,BI Analyst,Telstra,Melbourne,Retail,1-3 years,1,82000,"Agile,SQL,BPMN,AWS,Power BI",0,0,2024
J1871,Business Analyst,ANZ Bank,Brisbane,Healthcare,5+ years,3,119000,"Power BI,SQL,Excel,Python,Agile,Looker,Stakeholder Management",0,0,2025
J1872,Senior Data Analyst,Dept of Health,Sydney,Property,1-3 years,2,108000,"Power BI,Jira,SQL",0,0,2025
J1873,Reporting Analyst,NAB,Perth,Retail,3-5 years,2,103000,"Power BI,AWS,Excel,Azure,BPMN,SQL,DAX,Jira",0,1,2026
J1874,Business Analyst,Woolworths,Sydney,Healthcare,3-5 years,2,101000,"SQL,Excel,Stakeholder Management,BPMN,Power BI",0,0,2025
J1875,Systems Analyst,Amazon,Sydney,Consulting,1-3 years,1,89000,"Agile,Tableau,Jira,BPMN,Power BI,DAX",0,0,2024
J1876,Senior Business Analyst,ANZ Bank,Adelaide,Property,3-5 years,2,97000,"SQL,R,Python,BPMN,Jira,Stakeholder Management,Agile",0,0,2025
J1877,Business Analyst,PwC,Melbourne,Energy,1-3 years,1,98000,"Power BI,SQL,Azure,Machine Learning,BPMN,R,DAX",1,0,2026
J1878,Reporting Analyst,Telstra,Melbourne,Retail,1-3 years,1,83000,"BPMN,DAX,Power BI,Excel,SQL,Stakeholder Management",0,0,2025
J1879,Data Analyst,Amazon,Brisbane,Finance,1-3 years,1,78000,"R,SQL,Python",0,0,2026
J1880,Business Analyst,Amazon,Melbourne,Retail,3-5 years,2,108000,"Jira,SQL,DAX,Azure,Tableau,R",0,0,2024
J1881,Business Analyst,Commonwealth Bank,Sydney,Government,5+ years,3,127000,"Jira,SQL,Machine Learning,Excel,Looker",1,0,2026
J1882,Business Analyst,PwC,Melbourne,Finance,1-3 years,1,96000,"R,Machine Learning,BPMN,Azure,Excel,SQL,AWS,Python",1,0,2026
J1883,Business Analyst,PwC,Canberra,Energy,3-5 years,2,94000,"BPMN,SQL,Excel,Power BI",1,0,2025
J1884,Business Analyst,NAB,Brisbane,Technology,3-5 years,2,107000,"Stakeholder Management,R,DAX,Jira,Power BI,Azure,AWS,Looker",0,0,2026
J1885,Data Analyst,Telstra,Canberra,Energy,3-5 years,2,102000,"Power BI,Looker,Stakeholder Management",1,1,2025
J1886,Reporting Analyst,Commonwealth Bank,Sydney,Technology,3-5 years,2,110000,"Power BI,SQL,DAX,Azure",0,0,2025
J1887,Junior Data Analyst,PwC,Canberra,Consulting,1-3 years,1,97000,"Python,SQL,Azure,Power BI,DAX,Machine Learning,Agile,AWS",0,1,2025
J1888,Data Analyst,Deloitte,Sydney,Consulting,5+ years,3,130000,"Python,SQL,Machine Learning,Power BI,R,Excel",1,0,2024
J1889,Associate BA,ANZ Bank,Melbourne,Government,Graduate/<1yr,0,78000,"Power BI,Looker,Azure,DAX,Jira,Machine Learning,Excel,Agile",0,0,2024
J1890,Business Analyst,Telstra,Melbourne,Technology,3-5 years,2,100000,"Power BI,Agile,Looker,AWS,Tableau,SQL",0,0,2026
J1891,Reporting Analyst,NAB,Brisbane,Retail,1-3 years,1,80000,"Power BI,Tableau,Jira,SQL",1,0,2025
J1892,Associate BA,KPMG,Sydney,Consulting,3-5 years,2,119000,"Power BI,Tableau,SQL,Machine Learning,BPMN,DAX,AWS,Python",0,0,2025
J1893,Senior Data Analyst,ANZ Bank,Sydney,Property,1-3 years,2,102000,"Power BI,SQL,Tableau,AWS",0,0,2025
J1894,BI Analyst,Dept of Health,Sydney,Consulting,5+ years,3,132000,"R,SQL,DAX,Power BI,Jira,Tableau",0,0,2026
J1895,BI Analyst,Amazon,Melbourne,Government,3-5 years,2,95000,"Stakeholder Management,BPMN,R,Excel,Agile,SQL,Power BI,DAX",0,0,2024
J1896,Senior Business Analyst,Deloitte,Canberra,Technology,3-5 years,2,99000,"Power BI,Python,BPMN",0,1,2026
J1897,Systems Analyst,ANZ Bank,Sydney,Technology,3-5 years,2,109000,"Power BI,Stakeholder Management,Tableau,Machine Learning,Excel,DAX,Python",0,1,2024
J1898,Reporting Analyst,Deloitte,Melbourne,Energy,1-3 years,1,84000,"Jira,Power BI,Stakeholder Management",0,0,2026
J1899,Systems Analyst,Commonwealth Bank,Melbourne,Healthcare,3-5 years,2,102000,"Power BI,SQL,AWS,Python",1,0,2026
J1900,Reporting Analyst,Amazon,Sydney,Healthcare,1-3 years,1,84000,"BPMN,Power BI,Looker,SQL",0,0,2026
J1901,BI Analyst,Woolworths,Perth,Property,1-3 years,1,86000,"BPMN,SQL,Agile,Power BI,Python,Jira",0,0,2024
J1902,BI Analyst,KPMG,Sydney,Consulting,1-3 years,1,75000,"Power BI,SQL,Tableau,BPMN",1,0,2024
J1903,Reporting Analyst,Deloitte,Melbourne,Energy,1-3 years,1,92000,"Tableau,SQL,BPMN,Azure,Excel,Agile,Python",0,0,2024
J1904,Junior Data Analyst,Woolworths,Melbourne,Healthcare,Graduate/<1yr,0,68000,"Power BI,SQL,Agile",0,0,2026
J1905,Junior Data Analyst,Dept of Health,Melbourne,Technology,3-5 years,1,84000,"Looker,SQL,Jira",0,0,2026
J1906,BI Analyst,Dept of Health,Brisbane,Government,1-3 years,1,101000,"SQL,Machine Learning,R,Azure,Power BI,BPMN,Excel,Python",0,0,2025
J1907,BI Analyst,KPMG,Remote,Property,1-3 years,1,72000,"Excel,SQL,Looker,BPMN,Agile,Tableau",1,0,2026
J1908,Senior Business Analyst,ANZ Bank,Melbourne,Government,3-5 years,2,101000,"Agile,Power BI,Tableau,Stakeholder Management,Jira,BPMN,R",0,0,2026
J1909,Reporting Analyst,NAB,Remote,Property,3-5 years,2,91000,"DAX,SQL,R,Power BI",0,0,2025
J1910,Business Analyst,KPMG,Sydney,Healthcare,1-3 years,1,98000,"Tableau,R,DAX,Python,Looker,Azure",0,0,2026
J1911,Systems Analyst,NAB,Melbourne,Government,1-3 years,1,103000,"Power BI,SQL,AWS,Machine Learning,Jira,R,DAX",1,0,2024
J1912,Business Analyst,KPMG,Perth,Finance,1-3 years,1,88000,"R,SQL,Agile,Machine Learning",1,0,2025
J1913,Data Analyst,Telstra,Perth,Property,3-5 years,2,106000,"Power BI,SQL,BPMN",0,1,2024
J1914,Business Analyst,ANZ Bank,Brisbane,Finance,3-5 years,2,99000,"BPMN,SQL,R,Tableau",1,0,2025
J1915,Business Analyst,KPMG,Melbourne,Technology,3-5 years,2,105000,"DAX,SQL,BPMN,Excel,Stakeholder Management",0,0,2025
J1916,Senior Business Analyst,Deloitte,Brisbane,Energy,Graduate/<1yr,2,100000,"Power BI,SQL,Tableau,Agile,BPMN",1,0,2025
J1917,Reporting Analyst,Dept of Health,Sydney,Retail,1-3 years,1,93000,"Machine Learning,SQL,Agile,BPMN,Stakeholder Management,R",0,0,2024
J1918,Associate BA,Dept of Health,Brisbane,Healthcare,5+ years,3,108000,"Power BI,SQL,Excel",0,0,2025
J1919,Reporting Analyst,NAB,Sydney,Property,3-5 years,2,108000,"Power BI,SQL,R,Agile,Machine Learning",1,0,2026
J1920,Reporting Analyst,Woolworths,Sydney,Retail,5+ years,3,116000,"Stakeholder Management,Looker,Jira,Agile,Excel",0,0,2026
J1921,Data Analyst,Commonwealth Bank,Adelaide,Government,1-3 years,1,91000,"Power BI,SQL,Tableau,Machine Learning,Excel,AWS,Agile,R",0,1,2024
J1922,Data Analyst,Dept of Health,Sydney,Government,3-5 years,2,112000,"Power BI,SQL,R,Tableau,DAX,Stakeholder Management",0,1,2025
J1923,BI Analyst,Dept of Health,Melbourne,Technology,3-5 years,2,105000,"Looker,SQL,Jira,Power BI,Excel",0,0,2026
J1924,Senior Data Analyst,Commonwealth Bank,Canberra,Property,1-3 years,2,107000,"Jira,SQL,Power BI,Machine Learning,Tableau,R",1,0,2026
J1925,Data Analyst,NAB,Adelaide,Government,Graduate/<1yr,0,77000,"Stakeholder Management,SQL,Machine Learning,Power BI,Looker,DAX,Agile,Jira",1,1,2026
J1926,Senior Data Analyst,NAB,Sydney,Government,Graduate/<1yr,2,120000,"Azure,SQL,Tableau,Agile,Machine Learning,DAX,Power BI",0,0,2025
J1927,BI Analyst,Amazon,Melbourne,Energy,3-5 years,2,112000,"Power BI,SQL,Looker,Machine Learning,Tableau",0,1,2026
J1928,Business Analyst,Amazon,Sydney,Technology,5+ years,3,129000,"Power BI,Stakeholder Management,Azure,Jira,Python,SQL,Looker",0,1,2024
J1929,Data Analyst,PwC,Sydney,Consulting,1-3 years,1,84000,"Power BI,R,SQL,Jira,Excel,BPMN",1,0,2025
J1930,Business Analyst,KPMG,Sydney,Energy,5+ years,3,130000,"SQL,Looker,Machine Learning,Python,Agile,Jira",1,0,2026
J1931,Data Analyst,Telstra,Perth,Energy,3-5 years,2,101000,"Power BI,SQL,Jira,Agile,Excel,Python,Azure",0,0,2026
J1932,Senior Business Analyst,ANZ Bank,Sydney,Retail,3-5 years,2,113000,"Power BI,BPMN,Machine Learning,Azure,Excel,Python,SQL,Agile",0,0,2025
J1933,Systems Analyst,Dept of Health,Melbourne,Property,1-3 years,1,93000,"SQL,Machine Learning,Excel,Azure,Power BI,Agile",1,0,2024
J1934,Data Analyst,Woolworths,Brisbane,Property,1-3 years,1,83000,"Power BI,SQL,Tableau,Machine Learning,Jira,Excel",1,0,2025
J1935,Data Analyst,NAB,Melbourne,Government,1-3 years,1,84000,"Power BI,SQL,DAX,Python,Jira",1,0,2026
J1936,Junior Data Analyst,Deloitte,Perth,Consulting,1-3 years,1,92000,"Power BI,SQL,Jira,Looker",1,0,2024
J1937,BI Analyst,Woolworths,Perth,Finance,3-5 years,2,101000,"Power BI,R,AWS,Stakeholder Management,Jira,Machine Learning,BPMN,Tableau",0,1,2025
J1938,Data Analyst,Dept of Health,Adelaide,Healthcare,3-5 years,2,100000,"Power BI,Azure,R,SQL,AWS,BPMN,Agile,Jira",0,0,2026
J1939,Systems Analyst,Deloitte,Sydney,Healthcare,5+ years,3,125000,"Power BI,Stakeholder Management,SQL,Tableau",1,0,2024
J1940,Associate BA,NAB,Adelaide,Healthcare,1-3 years,1,80000,"BPMN,Power BI,Azure,Jira",0,1,2025
J1941,Senior Data Analyst,Telstra,Brisbane,Technology,1-3 years,2,97000,"Power BI,SQL,Looker",0,0,2026
J1942,Business Analyst,Telstra,Remote,Consulting,1-3 years,1,81000,"Jira,SQL,Agile,BPMN,Power BI",0,0,2024
J1943,Systems Analyst,Woolworths,Melbourne,Energy,3-5 years,2,100000,"Power BI,SQL,R",1,1,2024
J1944,Junior Data Analyst,Commonwealth Bank,Brisbane,Technology,3-5 years,1,79000,"R,SQL,Tableau,Python,Looker,BPMN",0,0,2026
J1945,Senior Business Analyst,Woolworths,Sydney,Retail,1-3 years,2,111000,"AWS,Machine Learning,Tableau,Power BI,SQL,R,Excel",0,0,2024
J1946,Senior Data Analyst,Woolworths,Perth,Healthcare,3-5 years,2,109000,"Power BI,SQL,Python,AWS,Tableau,Machine Learning,Excel,Stakeholder Management",0,1,2026
J1947,Reporting Analyst,PwC,Sydney,Healthcare,Graduate/<1yr,0,76000,"Power BI,SQL,Jira,R,Python,BPMN,Tableau",1,0,2024
J1948,Reporting Analyst,Dept of Health,Sydney,Consulting,5+ years,3,122000,"BPMN,SQL,DAX",0,0,2026
J1949,Senior Business Analyst,NAB,Perth,Government,5+ years,3,123000,"Power BI,SQL,Excel",0,0,2024
J1950,Associate BA,Woolworths,Sydney,Government,1-3 years,1,85000,"Power BI,Jira,DAX",0,0,2024
J1951,Senior Business Analyst,Dept of Health,Sydney,Healthcare,1-3 years,2,104000,"Tableau,SQL,Stakeholder Management,Excel",0,0,2026
J1952,BI Analyst,Deloitte,Sydney,Technology,5+ years,3,116000,"Power BI,SQL,Excel,Jira",0,0,2026
J1953,Systems Analyst,ANZ Bank,Melbourne,Consulting,1-3 years,1,101000,"Power BI,AWS,Tableau,BPMN,SQL,Looker,Stakeholder Management,Machine Learning",0,0,2026
J1954,Data Analyst,ANZ Bank,Brisbane,Retail,3-5 years,2,109000,"Machine Learning,SQL,Python,AWS,Azure,R",0,0,2025
J1955,Reporting Analyst,Commonwealth Bank,Sydney,Healthcare,5+ years,3,128000,"Azure,Python,R,BPMN,Agile,Excel,SQL,Looker",0,0,2026
J1956,Associate BA,Dept of Health,Sydney,Government,1-3 years,1,88000,"Power BI,BPMN,Looker,DAX,Stakeholder Management,SQL",0,0,2025
J1957,Senior Business Analyst,Deloitte,Perth,Energy,Graduate/<1yr,2,105000,"Power BI,Looker,Python,SQL,Machine Learning,BPMN,R",0,0,2026
J1958,Senior Data Analyst,Deloitte,Perth,Finance,Graduate/<1yr,2,102000,"AWS,SQL,Python,Agile,BPMN",0,0,2025
J1959,BI Analyst,Dept of Health,Perth,Technology,3-5 years,2,105000,"Power BI,SQL,Machine Learning,Looker,BPMN,Stakeholder Management",1,1,2025
J1960,Reporting Analyst,Dept of Health,Brisbane,Consulting,1-3 years,1,82000,"Power BI,SQL,Tableau,Stakeholder Management",1,0,2026
J1961,Reporting Analyst,Dept of Health,Sydney,Consulting,3-5 years,2,105000,"Power BI,SQL,Machine Learning,AWS",1,0,2025
J1962,Senior Data Analyst,Dept of Health,Sydney,Healthcare,5+ years,3,126000,"DAX,SQL,BPMN",1,0,2024
J1963,BI Analyst,Woolworths,Perth,Technology,1-3 years,1,86000,"Power BI,Excel,Python,BPMN,R,Tableau,Stakeholder Management",0,0,2025
J1964,Systems Analyst,NAB,Melbourne,Government,1-3 years,1,89000,"Jira,R,Excel,DAX,BPMN,Machine Learning,Tableau",0,1,2024
J1965,Business Analyst,Commonwealth Bank,Melbourne,Government,1-3 years,1,90000,"Power BI,SQL,DAX,Azure,BPMN",1,0,2026
J1966,Associate BA,KPMG,Sydney,Energy,1-3 years,1,98000,"AWS,SQL,Looker,DAX,Python,Jira,Power BI,Tableau",1,0,2026
J1967,Systems Analyst,NAB,Sydney,Property,Graduate/<1yr,0,70000,"Excel,DAX,BPMN,SQL,Power BI",0,1,2026
J1968,Senior Business Analyst,Woolworths,Brisbane,Consulting,3-5 years,2,95000,"Excel,SQL,Azure,Power BI",0,0,2024
J1969,Data Analyst,PwC,Sydney,Healthcare,1-3 years,1,93000,"Power BI,SQL,Azure,Agile",0,0,2025
J1970,Business Analyst,NAB,Sydney,Technology,1-3 years,1,98000,"Power BI,Machine Learning,Python,SQL,Tableau,R",0,0,2024
J1971,Systems Analyst,Telstra,Perth,Finance,1-3 years,1,94000,"BPMN,SQL,Looker,Machine Learning,Azure,Python,Power BI,Stakeholder Management",1,0,2025
J1972,Business Analyst,Telstra,Sydney,Government,1-3 years,1,88000,"Agile,Looker,SQL,R,Python,Stakeholder Management",0,0,2024
J1973,Systems Analyst,PwC,Sydney,Government,1-3 years,1,102000,"Python,SQL,Machine Learning,Azure,Tableau,Jira,BPMN",0,1,2025
J1974,Data Analyst,Deloitte,Melbourne,Technology,Graduate/<1yr,0,78000,"Excel,Power BI,R,Tableau,Stakeholder Management,Machine Learning,Python",1,0,2026
J1975,Data Analyst,Telstra,Melbourne,Finance,5+ years,3,125000,"Power BI,SQL,AWS,Stakeholder Management",0,0,2024
J1976,Systems Analyst,KPMG,Melbourne,Retail,3-5 years,2,107000,"AWS,R,SQL,Power BI,Azure,Excel,Tableau,Jira",1,0,2026
J1977,Reporting Analyst,ANZ Bank,Perth,Consulting,5+ years,3,121000,"Azure,SQL,R,Jira",1,1,2026
J1978,Data Analyst,Telstra,Perth,Government,3-5 years,2,102000,"Power BI,Jira,AWS,Tableau,Looker,Excel,Agile,Python",1,0,2024
J1979,Senior Data Analyst,Deloitte,Sydney,Energy,3-5 years,2,112000,"Power BI,SQL,Looker,Machine Learning,DAX,BPMN,R",1,0,2025
J1980,Senior Business Analyst,Commonwealth Bank,Brisbane,Healthcare,3-5 years,2,94000,"DAX,SQL,Agile",0,0,2024
J1981,BI Analyst,Deloitte,Melbourne,Consulting,5+ years,3,120000,"Excel,AWS,Stakeholder Management,R,Looker,Power BI,Jira",0,0,2026
J1982,Business Analyst,ANZ Bank,Melbourne,Energy,5+ years,3,116000,"Power BI,SQL,Jira",1,0,2024
J1983,Senior Data Analyst,PwC,Melbourne,Consulting,1-3 years,2,100000,"Power BI,Excel,AWS,Jira,SQL,Looker,DAX",1,0,2026
J1984,Data Analyst,Commonwealth Bank,Melbourne,Finance,Graduate/<1yr,0,72000,"Power BI,Looker,SQL,Excel,Python,Stakeholder Management,Jira",0,0,2024
J1985,BI Analyst,Amazon,Melbourne,Property,3-5 years,2,100000,"Looker,Python,R,Stakeholder Management,Machine Learning,Tableau,BPMN,Agile",0,1,2025
J1986,Junior Data Analyst,NAB,Melbourne,Consulting,3-5 years,1,94000,"Power BI,SQL,Machine Learning",1,0,2026
J1987,BI Analyst,NAB,Sydney,Government,1-3 years,1,105000,"Python,R,SQL,Jira,Stakeholder Management,Machine Learning,Tableau,Power BI",0,0,2024
J1988,Reporting Analyst,Commonwealth Bank,Brisbane,Government,3-5 years,2,99000,"Tableau,SQL,BPMN",0,0,2026
J1989,Data Analyst,KPMG,Sydney,Government,5+ years,3,136000,"Jira,AWS,Stakeholder Management,Agile,Power BI,BPMN,Machine Learning",1,0,2025
J1990,Systems Analyst,Telstra,Sydney,Finance,1-3 years,1,88000,"DAX,SQL,Tableau",0,0,2026
J1991,Systems Analyst,Amazon,Melbourne,Technology,1-3 years,1,88000,"DAX,SQL,Power BI,Looker,R,Excel,AWS",0,0,2026
J1992,Associate BA,Amazon,Perth,Property,3-5 years,2,109000,"Excel,Tableau,Power BI,SQL,AWS,Azure,Looker",1,1,2026
J1993,Senior Data Analyst,ANZ Bank,Brisbane,Healthcare,1-3 years,2,98000,"Excel,Python,SQL,AWS,Azure,Jira,Looker",1,1,2026
J1994,Senior Business Analyst,ANZ Bank,Melbourne,Energy,Graduate/<1yr,2,112000,"Power BI,SQL,Stakeholder Management,DAX,Machine Learning",0,0,2026
J1995,Senior Data Analyst,Amazon,Melbourne,Government,1-3 years,2,110000,"Power BI,SQL,BPMN,Looker,Azure,Tableau,DAX,Stakeholder Management",0,0,2025
J1996,Senior Data Analyst,Woolworths,Sydney,Energy,5+ years,3,125000,"Power BI,SQL,AWS,Excel,BPMN",1,1,2026
J1997,Associate BA,Amazon,Melbourne,Property,3-5 years,2,102000,"Power BI,SQL,Jira",1,0,2025
J1998,Data Analyst,NAB,Melbourne,Retail,5+ years,3,125000,"Azure,SQL,BPMN",0,1,2026
J1999,BI Analyst,Amazon,Melbourne,Finance,1-3 years,1,94000,"BPMN,Looker,SQL,Stakeholder Management,Jira,Machine Learning,Power BI,Tableau",1,0,2024
