customer_id,customer_type,invoice_id,invoice_date,total_amount,product_category
C0001,champion,INV00000,2024-12-06,354.05,Home
C0001,champion,INV00001,2024-11-08,245.34,Electronics
C0001,champion,INV00002,2024-11-04,283.62,Beauty
C0001,champion,INV00003,2024-11-15,376.85,Electronics
C0001,champion,INV00004,2024-09-01,258.14,Apparel
C0001,champion,INV00005,2024-09-02,75.66,Beauty
C0001,champion,INV00006,2024-06-09,158.12,Home
C0001,champion,INV00007,2024-07-12,250.17,Apparel
C0001,champion,INV00008,2024-02-06,76.77,Sports
C0001,champion,INV00009,2024-08-02,312.72,Beauty
C0001,champion,INV00010,2024-06-09,170.09,Apparel
C0001,champion,INV00011,2024-04-19,281.82,Electronics
C0001,champion,INV00012,2024-08-08,290.55,Home
C0001,champion,INV00013,2024-04-16,311.94,Home
C0001,champion,INV00014,2023-12-22,416.96,Electronics
C0001,champion,INV00015,2024-08-08,357.96,Sports
C0001,champion,INV00016,2023-03-23,318.33,Home
C0001,champion,INV00017,2024-05-16,355.2,Apparel
C0001,champion,INV00018,2023-05-10,464.67,Sports
C0001,champion,INV00019,2023-07-31,262.05,Electronics
C0001,champion,INV00020,2023-07-25,279.22,Beauty
C0001,champion,INV00021,2022-11-11,141.93,Electronics
C0001,champion,INV00022,2024-01-11,231.57,Home
C0001,champion,INV00023,2023-10-19,284.69,Electronics
C0001,champion,INV00024,2024-01-29,264.55,Electronics
C0002,loyal,INV00025,2024-12-03,204.61,Apparel
C0002,loyal,INV00026,2024-11-23,241.68,Electronics
C0002,loyal,INV00027,2024-11-09,133.45,Apparel
C0002,loyal,INV00028,2024-09-01,171.87,Home
C0002,loyal,INV00029,2024-10-16,87.51,Beauty
C0002,loyal,INV00030,2024-09-19,311.01,Apparel
C0002,loyal,INV00031,2024-08-17,221.99,Home
C0002,loyal,INV00032,2024-08-20,265.38,Home
C0002,loyal,INV00033,2024-06-02,231.22,Home
C0002,loyal,INV00034,2024-02-01,197.64,Sports
C0003,atrisk,INV00035,2024-03-21,135.38,Apparel
C0003,atrisk,INV00036,2024-02-28,189.52,Beauty
C0003,atrisk,INV00037,2024-02-04,235.93,Apparel
C0003,atrisk,INV00038,2023-11-28,79.07,Electronics
C0003,atrisk,INV00039,2024-01-05,248.01,Beauty
C0003,atrisk,INV00040,2024-01-21,10.0,Electronics
C0004,champion,INV00041,2024-12-27,143.29,Electronics
C0004,champion,INV00042,2024-11-19,165.6,Home
C0004,champion,INV00043,2024-11-01,276.39,Electronics
C0004,champion,INV00044,2024-10-28,181.69,Home
C0004,champion,INV00045,2024-11-09,83.49,Sports
C0004,champion,INV00046,2024-11-22,225.05,Apparel
C0004,champion,INV00047,2024-06-18,143.82,Beauty
C0004,champion,INV00048,2024-09-06,209.96,Apparel
C0004,champion,INV00049,2024-02-27,210.26,Apparel
C0004,champion,INV00050,2024-06-03,217.94,Electronics
C0004,champion,INV00051,2024-03-02,181.88,Beauty
C0004,champion,INV00052,2023-11-27,280.38,Electronics
C0004,champion,INV00053,2024-03-26,255.61,Beauty
C0004,champion,INV00054,2024-08-19,172.79,Beauty
C0004,champion,INV00055,2023-10-06,224.9,Electronics
C0004,champion,INV00056,2024-05-01,245.52,Sports
C0004,champion,INV00057,2023-05-15,185.36,Beauty
C0004,champion,INV00058,2023-06-15,197.86,Sports
C0004,champion,INV00059,2023-12-15,10.0,Electronics
C0004,champion,INV00060,2023-02-12,258.94,Home
C0004,champion,INV00061,2024-03-22,237.17,Beauty
C0004,champion,INV00062,2022-11-11,294.18,Home
C0004,champion,INV00063,2024-07-04,165.6,Home
C0004,champion,INV00064,2023-04-16,82.7,Beauty
C0004,champion,INV00065,2022-07-23,198.7,Apparel
C0004,champion,INV00066,2023-06-26,243.12,Electronics
C0004,champion,INV00067,2023-12-03,223.28,Electronics
C0005,loyal,INV00068,2024-12-08,128.55,Electronics
C0005,loyal,INV00069,2024-11-13,120.18,Electronics
C0005,loyal,INV00070,2024-11-10,80.61,Home
C0005,loyal,INV00071,2024-10-12,129.98,Home
C0005,loyal,INV00072,2024-10-29,109.17,Home
C0005,loyal,INV00073,2024-10-24,74.85,Electronics
C0005,loyal,INV00074,2024-06-23,85.85,Electronics
C0005,loyal,INV00075,2024-03-17,95.69,Electronics
C0005,loyal,INV00076,2024-03-19,96.26,Beauty
C0005,loyal,INV00077,2024-01-19,107.51,Apparel
C0005,loyal,INV00078,2024-09-29,105.35,Beauty
C0006,champion,INV00079,2024-12-12,164.44,Sports
C0006,champion,INV00080,2024-11-03,253.33,Home
C0006,champion,INV00081,2024-10-31,173.63,Electronics
C0006,champion,INV00082,2024-08-20,158.48,Home
C0006,champion,INV00083,2024-11-10,207.29,Electronics
C0006,champion,INV00084,2024-11-02,209.41,Electronics
C0006,champion,INV00085,2024-10-19,211.53,Home
C0006,champion,INV00086,2024-03-28,217.17,Home
C0006,champion,INV00087,2024-10-09,238.9,Electronics
C0006,champion,INV00088,2024-07-30,312.83,Electronics
C0006,champion,INV00089,2024-06-05,134.62,Apparel
C0006,champion,INV00090,2024-09-15,243.12,Sports
C0006,champion,INV00091,2023-09-01,176.63,Electronics
C0006,champion,INV00092,2024-05-31,135.58,Sports
C0006,champion,INV00093,2024-03-07,164.77,Beauty
C0006,champion,INV00094,2023-10-04,235.12,Electronics
C0006,champion,INV00095,2023-09-21,276.12,Home
C0006,champion,INV00096,2023-04-10,260.4,Home
C0006,champion,INV00097,2024-05-10,240.97,Apparel
C0007,loyal,INV00098,2024-10-19,209.59,Beauty
C0007,loyal,INV00099,2024-09-11,193.11,Apparel
C0007,loyal,INV00100,2024-09-09,224.57,Apparel
C0007,loyal,INV00101,2024-09-10,289.57,Apparel
C0007,loyal,INV00102,2024-05-24,178.04,Apparel
C0007,loyal,INV00103,2024-05-02,243.61,Home
C0007,loyal,INV00104,2024-06-03,157.98,Apparel
C0007,loyal,INV00105,2024-08-03,132.08,Home
C0007,loyal,INV00106,2024-06-21,250.74,Home
C0007,loyal,INV00107,2024-02-10,260.83,Electronics
C0007,loyal,INV00108,2023-10-05,303.96,Home
C0007,loyal,INV00109,2024-04-04,142.67,Home
C0007,loyal,INV00110,2024-01-17,210.15,Apparel
C0008,atrisk,INV00111,2024-04-05,246.93,Electronics
C0008,atrisk,INV00112,2024-02-28,138.1,Electronics
C0008,atrisk,INV00113,2024-02-05,102.31,Beauty
C0008,atrisk,INV00114,2024-03-12,168.72,Electronics
C0009,loyal,INV00115,2024-10-22,198.44,Home
C0009,loyal,INV00116,2024-09-13,169.38,Home
C0009,loyal,INV00117,2024-09-12,232.7,Apparel
C0009,loyal,INV00118,2024-08-08,232.15,Electronics
C0009,loyal,INV00119,2024-07-10,216.23,Beauty
C0009,loyal,INV00120,2024-08-18,174.86,Electronics
C0009,loyal,INV00121,2024-03-02,204.5,Home
C0009,loyal,INV00122,2024-08-27,191.8,Electronics
C0009,loyal,INV00123,2024-04-13,12.61,Home
C0009,loyal,INV00124,2024-04-16,225.46,Home
C0009,loyal,INV00125,2024-06-14,222.82,Home
C0009,loyal,INV00126,2024-03-05,182.32,Apparel
C0010,potential,INV00127,2024-10-22,129.12,Home
C0010,potential,INV00128,2024-10-15,67.69,Apparel
C0010,potential,INV00129,2024-09-18,105.08,Home
C0010,potential,INV00130,2024-08-26,128.81,Apparel
C0010,potential,INV00131,2024-05-23,166.02,Sports
C0010,potential,INV00132,2024-09-02,75.92,Home
C0011,champion,INV00133,2024-12-03,365.69,Home
C0011,champion,INV00134,2024-11-03,178.09,Apparel
C0011,champion,INV00135,2024-10-18,331.88,Electronics
C0011,champion,INV00136,2024-11-06,340.86,Home
C0011,champion,INV00137,2024-07-20,271.11,Sports
C0011,champion,INV00138,2024-09-09,162.7,Electronics
C0011,champion,INV00139,2024-06-06,140.78,Home
C0011,champion,INV00140,2024-04-16,301.15,Electronics
C0011,champion,INV00141,2024-04-23,442.55,Electronics
C0011,champion,INV00142,2024-06-15,184.08,Home
C0011,champion,INV00143,2024-07-06,171.25,Apparel
C0011,champion,INV00144,2024-08-26,377.91,Electronics
C0011,champion,INV00145,2024-07-12,512.52,Home
C0011,champion,INV00146,2024-06-30,256.82,Electronics
C0011,champion,INV00147,2024-02-27,326.33,Electronics
C0011,champion,INV00148,2023-08-26,331.52,Electronics
C0011,champion,INV00149,2023-09-12,445.74,Electronics
C0012,lost,INV00150,2023-02-26,70.92,Electronics
C0012,lost,INV00151,2023-02-02,41.66,Apparel
C0012,lost,INV00152,2022-12-28,57.96,Electronics
C0013,champion,INV00153,2024-12-23,295.42,Beauty
C0013,champion,INV00154,2024-11-15,389.57,Home
C0013,champion,INV00155,2024-10-10,266.02,Apparel
C0013,champion,INV00156,2024-09-24,191.83,Beauty
C0013,champion,INV00157,2024-09-14,290.09,Beauty
C0013,champion,INV00158,2024-06-16,127.98,Electronics
C0013,champion,INV00159,2024-06-26,283.28,Beauty
C0013,champion,INV00160,2024-05-13,212.39,Home
C0013,champion,INV00161,2024-06-06,154.74,Home
C0013,champion,INV00162,2024-08-01,251.42,Sports
C0013,champion,INV00163,2024-04-07,223.52,Beauty
C0013,champion,INV00164,2024-05-06,282.55,Electronics
C0013,champion,INV00165,2023-10-18,321.91,Sports
C0013,champion,INV00166,2023-08-04,251.53,Sports
C0013,champion,INV00167,2023-09-18,283.15,Apparel
C0013,champion,INV00168,2023-07-02,304.65,Apparel
C0013,champion,INV00169,2024-05-29,228.77,Sports
C0013,champion,INV00170,2023-11-28,206.86,Sports
C0013,champion,INV00171,2024-08-19,216.79,Apparel
C0013,champion,INV00172,2023-08-17,339.25,Home
C0013,champion,INV00173,2024-05-17,196.49,Beauty
C0013,champion,INV00174,2023-05-15,203.34,Home
C0013,champion,INV00175,2023-03-26,304.08,Electronics
C0014,loyal,INV00176,2024-12-13,83.36,Electronics
C0014,loyal,INV00177,2024-12-03,100.92,Beauty
C0014,loyal,INV00178,2024-11-01,119.45,Apparel
C0014,loyal,INV00179,2024-09-29,74.18,Electronics
C0014,loyal,INV00180,2024-10-02,81.59,Sports
C0014,loyal,INV00181,2024-06-11,125.26,Beauty
C0014,loyal,INV00182,2024-09-14,109.62,Apparel
C0014,loyal,INV00183,2024-08-16,108.5,Electronics
C0014,loyal,INV00184,2024-07-14,125.37,Sports
C0014,loyal,INV00185,2024-02-11,60.02,Electronics
C0014,loyal,INV00186,2024-02-27,100.37,Home
C0014,loyal,INV00187,2024-07-23,69.9,Home
C0014,loyal,INV00188,2024-01-24,113.91,Sports
C0014,loyal,INV00189,2023-08-07,97.9,Apparel
C0015,potential,INV00190,2024-11-30,91.9,Electronics
C0015,potential,INV00191,2024-10-28,73.65,Apparel
C0015,potential,INV00192,2024-09-15,69.29,Home
C0015,potential,INV00193,2024-09-10,54.67,Beauty
C0015,potential,INV00194,2024-08-10,64.07,Apparel
C0015,potential,INV00195,2024-05-29,88.27,Beauty
C0015,potential,INV00196,2024-09-13,81.86,Apparel
C0016,lost,INV00197,2024-02-01,61.84,Sports
C0016,lost,INV00198,2023-12-29,76.95,Sports
C0016,lost,INV00199,2024-01-12,81.34,Home
C0017,atrisk,INV00200,2024-04-09,92.16,Electronics
C0017,atrisk,INV00201,2024-04-02,123.95,Sports
C0017,atrisk,INV00202,2024-02-11,151.26,Home
C0017,atrisk,INV00203,2024-02-06,30.72,Beauty
C0017,atrisk,INV00204,2024-01-16,133.23,Electronics
C0017,atrisk,INV00205,2023-12-16,107.04,Electronics
C0017,atrisk,INV00206,2024-02-27,160.46,Electronics
C0018,lost,INV00207,2023-07-09,48.69,Home
C0019,atrisk,INV00208,2024-05-01,95.15,Apparel
C0019,atrisk,INV00209,2024-03-25,86.27,Apparel
C0019,atrisk,INV00210,2024-02-23,156.4,Electronics
C0019,atrisk,INV00211,2024-01-23,103.36,Beauty
C0019,atrisk,INV00212,2023-12-01,124.09,Beauty
C0019,atrisk,INV00213,2023-11-03,137.6,Sports
C0019,atrisk,INV00214,2024-02-07,84.43,Apparel
C0019,atrisk,INV00215,2024-01-24,58.09,Electronics
C0019,atrisk,INV00216,2023-09-04,103.18,Electronics
C0020,potential,INV00217,2024-11-27,121.34,Apparel
C0020,potential,INV00218,2024-11-09,93.26,Electronics
C0020,potential,INV00219,2024-09-24,74.31,Beauty
C0020,potential,INV00220,2024-08-26,35.62,Home
C0020,potential,INV00221,2024-09-12,122.4,Apparel
C0021,potential,INV00222,2024-10-09,70.17,Sports
C0021,potential,INV00223,2024-09-26,108.09,Home
C0021,potential,INV00224,2024-08-12,75.12,Apparel
C0022,atrisk,INV00225,2024-07-05,134.08,Home
C0022,atrisk,INV00226,2024-06-09,193.27,Apparel
C0022,atrisk,INV00227,2024-05-10,186.75,Apparel
C0022,atrisk,INV00228,2024-05-15,165.13,Electronics
C0022,atrisk,INV00229,2024-05-30,212.25,Electronics
C0023,loyal,INV00230,2024-12-02,237.53,Home
C0023,loyal,INV00231,2024-11-23,272.08,Sports
C0023,loyal,INV00232,2024-09-27,217.78,Home
C0023,loyal,INV00233,2024-08-07,156.39,Home
C0023,loyal,INV00234,2024-10-11,200.85,Sports
C0023,loyal,INV00235,2024-07-15,171.4,Beauty
C0023,loyal,INV00236,2024-08-10,86.66,Home
C0023,loyal,INV00237,2024-10-14,181.02,Home
C0023,loyal,INV00238,2024-08-12,215.51,Apparel
C0024,lost,INV00239,2023-09-17,55.78,Sports
C0025,lost,INV00240,2023-11-04,59.27,Electronics
C0025,lost,INV00241,2023-10-21,65.95,Apparel
C0026,atrisk,INV00242,2024-05-20,150.98,Electronics
C0026,atrisk,INV00243,2024-04-30,103.65,Apparel
C0026,atrisk,INV00244,2024-04-12,180.04,Sports
C0026,atrisk,INV00245,2024-04-20,72.54,Apparel
C0026,atrisk,INV00246,2024-01-09,111.53,Apparel
C0026,atrisk,INV00247,2024-03-01,117.89,Apparel
C0027,potential,INV00248,2024-09-11,135.47,Beauty
C0027,potential,INV00249,2024-08-22,90.75,Beauty
C0027,potential,INV00250,2024-07-23,60.57,Sports
C0027,potential,INV00251,2024-05-29,45.94,Beauty
C0028,loyal,INV00252,2024-10-26,226.08,Beauty
C0028,loyal,INV00253,2024-10-09,101.03,Electronics
C0028,loyal,INV00254,2024-08-19,334.32,Beauty
C0028,loyal,INV00255,2024-09-14,268.08,Beauty
C0028,loyal,INV00256,2024-09-08,263.83,Electronics
C0028,loyal,INV00257,2024-06-13,152.6,Beauty
C0028,loyal,INV00258,2024-05-05,190.39,Home
C0028,loyal,INV00259,2024-05-25,228.15,Apparel
C0028,loyal,INV00260,2024-08-31,299.99,Home
C0028,loyal,INV00261,2024-06-04,158.5,Home
C0029,loyal,INV00262,2024-12-07,158.02,Electronics
C0029,loyal,INV00263,2024-11-28,137.18,Home
C0029,loyal,INV00264,2024-09-28,88.12,Apparel
C0029,loyal,INV00265,2024-10-29,82.98,Electronics
C0029,loyal,INV00266,2024-10-20,137.41,Sports
C0029,loyal,INV00267,2024-09-28,108.74,Electronics
C0029,loyal,INV00268,2024-05-05,71.92,Apparel
C0029,loyal,INV00269,2024-06-15,95.37,Electronics
C0029,loyal,INV00270,2024-05-13,197.78,Beauty
C0029,loyal,INV00271,2024-03-03,136.07,Home
C0029,loyal,INV00272,2024-06-30,159.09,Sports
C0030,loyal,INV00273,2024-10-05,138.15,Electronics
C0030,loyal,INV00274,2024-09-05,147.4,Apparel
C0030,loyal,INV00275,2024-08-22,124.36,Home
C0030,loyal,INV00276,2024-07-13,135.64,Beauty
C0030,loyal,INV00277,2024-08-10,115.68,Sports
C0030,loyal,INV00278,2024-08-06,142.53,Electronics
C0030,loyal,INV00279,2024-02-14,109.59,Beauty
C0030,loyal,INV00280,2024-01-27,106.55,Electronics
C0030,loyal,INV00281,2024-02-16,176.75,Home
C0030,loyal,INV00282,2024-03-03,125.2,Electronics
C0030,loyal,INV00283,2024-07-17,86.71,Electronics
C0030,loyal,INV00284,2023-09-27,131.45,Apparel
C0031,loyal,INV00285,2024-12-07,139.47,Home
C0031,loyal,INV00286,2024-11-19,171.41,Electronics
C0031,loyal,INV00287,2024-11-05,84.92,Home
C0031,loyal,INV00288,2024-10-20,127.13,Apparel
C0031,loyal,INV00289,2024-08-09,218.17,Beauty
C0031,loyal,INV00290,2024-06-05,194.06,Electronics
C0031,loyal,INV00291,2024-07-28,125.7,Electronics
C0032,potential,INV00292,2024-10-31,109.08,Electronics
C0032,potential,INV00293,2024-10-20,119.47,Beauty
C0032,potential,INV00294,2024-10-11,74.11,Apparel
C0032,potential,INV00295,2024-09-13,120.36,Home
C0033,potential,INV00296,2024-09-26,73.28,Home
C0033,potential,INV00297,2024-08-24,67.27,Electronics
C0033,potential,INV00298,2024-09-04,63.48,Beauty
C0033,potential,INV00299,2024-06-28,57.47,Beauty
C0033,potential,INV00300,2024-06-26,87.83,Beauty
C0033,potential,INV00301,2024-04-24,99.82,Beauty
C0034,loyal,INV00302,2024-12-01,89.61,Sports
C0034,loyal,INV00303,2024-11-06,196.11,Home
C0034,loyal,INV00304,2024-10-04,171.36,Home
C0034,loyal,INV00305,2024-10-20,192.27,Electronics
C0034,loyal,INV00306,2024-09-12,125.8,Electronics
C0034,loyal,INV00307,2024-05-25,130.25,Electronics
C0034,loyal,INV00308,2024-06-16,151.29,Home
C0035,atrisk,INV00309,2024-05-05,139.07,Apparel
C0035,atrisk,INV00310,2024-03-29,103.37,Home
C0035,atrisk,INV00311,2024-04-19,214.27,Electronics
C0035,atrisk,INV00312,2024-01-18,155.2,Beauty
C0035,atrisk,INV00313,2024-01-18,163.97,Apparel
C0035,atrisk,INV00314,2023-10-28,177.67,Apparel
C0036,atrisk,INV00315,2024-05-17,216.94,Home
C0036,atrisk,INV00316,2024-05-05,175.7,Electronics
C0036,atrisk,INV00317,2024-04-07,162.03,Beauty
C0036,atrisk,INV00318,2024-04-26,157.45,Apparel
C0036,atrisk,INV00319,2024-01-18,157.56,Beauty
C0036,atrisk,INV00320,2024-02-22,167.54,Apparel
C0036,atrisk,INV00321,2024-03-24,161.17,Apparel
C0036,atrisk,INV00322,2023-10-27,180.1,Electronics
C0037,lost,INV00323,2023-12-14,32.23,Home
C0037,lost,INV00324,2023-11-22,28.72,Apparel
C0037,lost,INV00325,2023-10-23,32.7,Electronics
C0038,loyal,INV00326,2024-11-10,212.11,Electronics
C0038,loyal,INV00327,2024-10-04,173.02,Electronics
C0038,loyal,INV00328,2024-10-01,91.32,Electronics
C0038,loyal,INV00329,2024-10-11,85.15,Home
C0038,loyal,INV00330,2024-09-03,220.38,Sports
C0038,loyal,INV00331,2024-07-18,148.7,Electronics
C0038,loyal,INV00332,2024-08-18,183.16,Apparel
C0038,loyal,INV00333,2024-07-07,92.55,Apparel
C0039,atrisk,INV00334,2024-07-28,72.99,Home
C0039,atrisk,INV00335,2024-06-19,145.79,Beauty
C0039,atrisk,INV00336,2024-07-02,128.52,Electronics
C0039,atrisk,INV00337,2024-06-25,145.9,Home
C0039,atrisk,INV00338,2024-06-06,166.88,Electronics
C0039,atrisk,INV00339,2024-01-30,140.94,Home
C0039,atrisk,INV00340,2024-05-23,98.58,Apparel
C0039,atrisk,INV00341,2023-12-24,123.04,Beauty
C0039,atrisk,INV00342,2024-05-25,89.34,Electronics
C0040,atrisk,INV00343,2024-06-16,166.24,Electronics
C0040,atrisk,INV00344,2024-05-16,203.66,Electronics
C0040,atrisk,INV00345,2024-05-09,97.18,Sports
C0040,atrisk,INV00346,2024-03-27,139.91,Beauty
C0040,atrisk,INV00347,2024-01-16,157.28,Home
C0040,atrisk,INV00348,2024-04-12,114.18,Beauty
C0040,atrisk,INV00349,2023-12-01,151.63,Sports
C0041,potential,INV00350,2024-11-13,66.94,Home
C0041,potential,INV00351,2024-11-06,99.49,Electronics
C0041,potential,INV00352,2024-10-24,32.25,Apparel
C0041,potential,INV00353,2024-09-20,54.99,Sports
C0041,potential,INV00354,2024-07-12,70.26,Home
C0042,potential,INV00355,2024-10-31,112.58,Sports
C0042,potential,INV00356,2024-09-23,94.0,Electronics
C0042,potential,INV00357,2024-09-09,134.58,Apparel
C0042,potential,INV00358,2024-08-20,105.46,Sports
C0043,lost,INV00359,2023-03-22,38.77,Home
C0044,atrisk,INV00360,2024-08-26,146.91,Apparel
C0044,atrisk,INV00361,2024-07-28,162.32,Electronics
C0044,atrisk,INV00362,2024-06-25,172.67,Home
C0044,atrisk,INV00363,2024-08-05,187.17,Apparel
C0044,atrisk,INV00364,2024-05-22,160.64,Sports
C0045,lost,INV00365,2024-03-28,101.0,Home
C0046,potential,INV00366,2024-11-25,116.07,Sports
C0046,potential,INV00367,2024-10-29,80.59,Electronics
C0046,potential,INV00368,2024-11-07,63.08,Home
C0046,potential,INV00369,2024-10-08,101.18,Home
C0046,potential,INV00370,2024-07-20,49.53,Home
C0046,potential,INV00371,2024-06-18,61.26,Electronics
C0047,lost,INV00372,2023-09-14,58.83,Sports
C0048,lost,INV00373,2023-02-27,58.49,Electronics
C0049,atrisk,INV00374,2024-08-10,254.49,Electronics
C0049,atrisk,INV00375,2024-07-09,102.86,Beauty
C0049,atrisk,INV00376,2024-07-17,319.66,Beauty
C0049,atrisk,INV00377,2024-07-05,241.23,Apparel
C0050,lost,INV00378,2024-03-23,54.47,Sports
C0050,lost,INV00379,2024-02-21,99.64,Home
C0051,atrisk,INV00380,2024-04-01,101.69,Sports
C0051,atrisk,INV00381,2024-03-17,113.03,Apparel
C0051,atrisk,INV00382,2024-03-08,141.4,Sports
C0051,atrisk,INV00383,2024-02-07,144.28,Apparel
C0051,atrisk,INV00384,2024-01-08,51.65,Sports
C0051,atrisk,INV00385,2023-10-19,164.36,Electronics
C0052,potential,INV00386,2024-11-22,58.54,Apparel
C0052,potential,INV00387,2024-10-19,49.64,Home
C0052,potential,INV00388,2024-10-05,84.78,Home
C0052,potential,INV00389,2024-09-26,195.29,Sports
C0052,potential,INV00390,2024-08-26,62.31,Sports
C0053,loyal,INV00391,2024-10-13,120.93,Home
C0053,loyal,INV00392,2024-09-27,197.36,Apparel
C0053,loyal,INV00393,2024-09-07,147.13,Home
C0053,loyal,INV00394,2024-06-21,149.44,Home
C0053,loyal,INV00395,2024-06-19,128.5,Home
C0053,loyal,INV00396,2024-06-20,171.21,Home
C0054,lost,INV00397,2024-01-29,65.96,Apparel
C0054,lost,INV00398,2024-01-01,66.45,Sports
C0054,lost,INV00399,2024-01-01,56.42,Apparel
C0055,champion,INV00400,2024-12-13,415.99,Apparel
C0055,champion,INV00401,2024-12-03,213.57,Apparel
C0055,champion,INV00402,2024-11-21,302.3,Sports
C0055,champion,INV00403,2024-11-19,243.61,Apparel
C0055,champion,INV00404,2024-10-26,367.57,Apparel
C0055,champion,INV00405,2024-08-25,305.86,Home
C0055,champion,INV00406,2024-05-11,224.4,Apparel
C0055,champion,INV00407,2024-05-03,158.59,Apparel
C0055,champion,INV00408,2024-03-24,256.94,Home
C0055,champion,INV00409,2024-02-29,344.93,Home
C0055,champion,INV00410,2024-02-07,244.96,Sports
C0055,champion,INV00411,2024-04-15,298.26,Home
C0055,champion,INV00412,2024-04-29,348.9,Beauty
C0055,champion,INV00413,2023-09-02,105.98,Electronics
C0055,champion,INV00414,2024-02-09,371.99,Home
C0055,champion,INV00415,2023-08-21,356.49,Electronics
C0055,champion,INV00416,2023-07-20,370.99,Electronics
C0055,champion,INV00417,2023-04-28,383.89,Electronics
C0055,champion,INV00418,2023-08-15,310.9,Beauty
C0055,champion,INV00419,2024-08-02,243.39,Beauty
C0055,champion,INV00420,2024-05-27,197.76,Electronics
C0055,champion,INV00421,2022-11-18,312.77,Home
C0055,champion,INV00422,2022-09-21,486.87,Sports
C0055,champion,INV00423,2024-03-12,391.0,Sports
C0055,champion,INV00424,2023-04-23,300.1,Sports
C0056,potential,INV00425,2024-11-18,81.33,Home
C0056,potential,INV00426,2024-11-01,85.39,Apparel
C0056,potential,INV00427,2024-09-15,87.8,Electronics
C0057,loyal,INV00428,2024-11-17,233.79,Home
C0057,loyal,INV00429,2024-10-25,103.91,Sports
C0057,loyal,INV00430,2024-10-26,130.93,Home
C0057,loyal,INV00431,2024-09-12,227.91,Apparel
C0057,loyal,INV00432,2024-07-20,175.02,Home
C0057,loyal,INV00433,2024-08-14,127.5,Beauty
C0057,loyal,INV00434,2024-07-26,209.84,Electronics
C0057,loyal,INV00435,2024-06-16,235.97,Electronics
C0057,loyal,INV00436,2024-03-06,217.44,Electronics
C0058,potential,INV00437,2024-11-09,98.51,Sports
C0058,potential,INV00438,2024-10-26,46.22,Electronics
C0058,potential,INV00439,2024-09-28,72.79,Home
C0058,potential,INV00440,2024-09-28,65.33,Sports
C0059,lost,INV00441,2023-11-21,121.21,Electronics
C0060,loyal,INV00442,2024-12-08,184.91,Beauty
C0060,loyal,INV00443,2024-11-23,102.62,Sports
C0060,loyal,INV00444,2024-11-04,192.19,Apparel
C0060,loyal,INV00445,2024-10-18,263.54,Sports
C0060,loyal,INV00446,2024-08-06,189.61,Apparel
C0060,loyal,INV00447,2024-08-05,179.99,Home
C0060,loyal,INV00448,2024-10-15,112.71,Electronics
C0060,loyal,INV00449,2024-04-21,226.33,Sports
C0060,loyal,INV00450,2024-08-26,71.62,Sports
C0060,loyal,INV00451,2024-05-15,128.11,Beauty
C0060,loyal,INV00452,2024-06-21,191.54,Apparel
C0060,loyal,INV00453,2024-02-26,123.25,Apparel
C0060,loyal,INV00454,2024-02-12,132.58,Electronics
C0061,lost,INV00455,2023-07-03,83.13,Beauty
C0062,atrisk,INV00456,2024-03-29,157.63,Beauty
C0062,atrisk,INV00457,2024-03-21,134.88,Beauty
C0062,atrisk,INV00458,2024-02-20,192.8,Apparel
C0062,atrisk,INV00459,2024-03-02,182.28,Apparel
C0062,atrisk,INV00460,2023-11-02,197.88,Apparel
C0062,atrisk,INV00461,2023-10-06,194.18,Apparel
C0063,atrisk,INV00462,2024-06-25,160.74,Home
C0063,atrisk,INV00463,2024-06-17,235.08,Home
C0063,atrisk,INV00464,2024-04-08,208.5,Electronics
C0063,atrisk,INV00465,2024-05-14,165.31,Home
C0064,loyal,INV00466,2024-12-04,175.08,Home
C0064,loyal,INV00467,2024-11-18,65.43,Beauty
C0064,loyal,INV00468,2024-10-25,107.18,Electronics
C0064,loyal,INV00469,2024-10-05,168.98,Sports
C0064,loyal,INV00470,2024-08-30,29.88,Electronics
C0064,loyal,INV00471,2024-10-10,126.56,Apparel
C0064,loyal,INV00472,2024-06-19,117.67,Electronics
C0064,loyal,INV00473,2024-09-11,184.85,Home
C0064,loyal,INV00474,2024-02-20,91.5,Sports
C0064,loyal,INV00475,2024-09-05,251.39,Electronics
C0064,loyal,INV00476,2023-11-20,162.56,Beauty
C0064,loyal,INV00477,2023-12-18,109.63,Electronics
C0064,loyal,INV00478,2024-06-07,90.64,Sports
C0064,loyal,INV00479,2024-09-04,219.91,Electronics
C0065,lost,INV00480,2023-05-24,68.96,Home
C0065,lost,INV00481,2023-04-24,55.86,Home
C0066,potential,INV00482,2024-10-23,103.4,Beauty
C0066,potential,INV00483,2024-09-19,10.0,Electronics
C0066,potential,INV00484,2024-08-28,124.77,Apparel
C0066,potential,INV00485,2024-07-01,107.61,Home
C0066,potential,INV00486,2024-06-01,59.75,Electronics
C0066,potential,INV00487,2024-06-30,99.27,Sports
C0066,potential,INV00488,2024-08-12,129.71,Electronics
C0067,atrisk,INV00489,2024-05-04,95.57,Sports
C0067,atrisk,INV00490,2024-04-05,123.4,Sports
C0067,atrisk,INV00491,2024-02-22,117.18,Apparel
C0067,atrisk,INV00492,2024-02-10,86.08,Beauty
C0067,atrisk,INV00493,2024-03-21,92.45,Sports
C0067,atrisk,INV00494,2023-12-26,59.77,Beauty
C0067,atrisk,INV00495,2023-11-12,38.85,Apparel
C0068,potential,INV00496,2024-10-08,119.67,Home
C0068,potential,INV00497,2024-09-01,136.07,Sports
C0068,potential,INV00498,2024-09-18,124.85,Home
C0068,potential,INV00499,2024-08-21,79.4,Sports
C0068,potential,INV00500,2024-06-22,133.97,Electronics
C0068,potential,INV00501,2024-08-14,109.94,Home
C0068,potential,INV00502,2024-06-04,80.56,Home
C0069,lost,INV00503,2024-03-21,52.09,Electronics
C0069,lost,INV00504,2024-02-21,52.23,Sports
C0070,atrisk,INV00505,2024-05-20,157.73,Beauty
C0070,atrisk,INV00506,2024-05-07,72.02,Apparel
C0070,atrisk,INV00507,2024-03-07,104.72,Home
C0070,atrisk,INV00508,2024-02-08,95.16,Apparel
C0070,atrisk,INV00509,2024-04-18,132.44,Sports
C0070,atrisk,INV00510,2024-02-25,54.46,Electronics
C0070,atrisk,INV00511,2024-02-08,121.12,Home
C0070,atrisk,INV00512,2023-10-02,97.44,Sports
C0070,atrisk,INV00513,2023-07-13,122.49,Electronics
C0071,loyal,INV00514,2024-12-03,251.42,Home
C0071,loyal,INV00515,2024-11-06,215.18,Home
C0071,loyal,INV00516,2024-11-03,99.71,Beauty
C0071,loyal,INV00517,2024-11-06,186.94,Electronics
C0071,loyal,INV00518,2024-08-21,232.01,Sports
C0071,loyal,INV00519,2024-06-01,198.93,Home
C0071,loyal,INV00520,2024-05-19,176.63,Beauty
C0071,loyal,INV00521,2024-04-30,75.22,Sports
C0072,loyal,INV00522,2024-12-13,207.97,Electronics
C0072,loyal,INV00523,2024-11-04,181.02,Beauty
C0072,loyal,INV00524,2024-11-17,139.05,Electronics
C0072,loyal,INV00525,2024-09-11,181.1,Home
C0072,loyal,INV00526,2024-09-16,177.97,Home
C0072,loyal,INV00527,2024-07-11,151.63,Sports
C0073,lost,INV00528,2023-05-12,62.24,Sports
C0073,lost,INV00529,2023-04-13,38.99,Home
C0073,lost,INV00530,2023-03-29,44.07,Electronics
C0074,potential,INV00531,2024-09-25,65.94,Apparel
C0074,potential,INV00532,2024-09-05,60.9,Apparel
C0074,potential,INV00533,2024-07-19,106.5,Home
C0074,potential,INV00534,2024-07-18,53.84,Beauty
C0075,potential,INV00535,2024-09-04,61.26,Apparel
C0075,potential,INV00536,2024-08-18,114.51,Apparel
C0075,potential,INV00537,2024-08-03,75.36,Home
C0075,potential,INV00538,2024-07-06,116.72,Home
C0075,potential,INV00539,2024-04-05,77.1,Beauty
C0076,champion,INV00540,2024-12-24,265.87,Electronics
C0076,champion,INV00541,2024-11-18,301.95,Beauty
C0076,champion,INV00542,2024-11-20,193.88,Home
C0076,champion,INV00543,2024-11-03,169.77,Sports
C0076,champion,INV00544,2024-10-01,382.73,Electronics
C0076,champion,INV00545,2024-07-17,464.0,Electronics
C0076,champion,INV00546,2024-06-27,451.65,Electronics
C0076,champion,INV00547,2024-04-02,322.42,Beauty
C0076,champion,INV00548,2024-04-04,336.4,Beauty
C0076,champion,INV00549,2024-08-02,412.96,Apparel
C0076,champion,INV00550,2024-07-07,418.56,Home
C0076,champion,INV00551,2024-04-15,326.79,Apparel
C0076,champion,INV00552,2024-04-28,196.28,Beauty
C0076,champion,INV00553,2024-09-24,422.75,Home
C0076,champion,INV00554,2023-09-05,373.38,Apparel
C0076,champion,INV00555,2024-05-28,394.73,Apparel
C0076,champion,INV00556,2023-05-28,414.53,Home
C0076,champion,INV00557,2024-01-19,421.26,Beauty
C0076,champion,INV00558,2024-02-04,242.03,Electronics
C0076,champion,INV00559,2024-01-17,588.45,Apparel
C0076,champion,INV00560,2023-03-25,419.71,Beauty
C0076,champion,INV00561,2024-03-05,429.37,Home
C0076,champion,INV00562,2023-03-05,334.58,Electronics
C0076,champion,INV00563,2023-02-26,276.02,Beauty
C0076,champion,INV00564,2023-06-21,513.19,Apparel
C0076,champion,INV00565,2024-02-03,435.41,Apparel
C0076,champion,INV00566,2023-08-18,425.38,Home
C0077,atrisk,INV00567,2024-08-26,115.15,Electronics
C0077,atrisk,INV00568,2024-07-27,75.45,Beauty
C0077,atrisk,INV00569,2024-08-04,115.45,Beauty
C0077,atrisk,INV00570,2024-06-15,94.14,Sports
C0077,atrisk,INV00571,2024-05-26,69.16,Apparel
C0078,lost,INV00572,2023-05-02,66.05,Electronics
C0078,lost,INV00573,2023-04-08,58.15,Electronics
C0078,lost,INV00574,2023-04-14,63.7,Sports
C0079,lost,INV00575,2023-01-06,63.73,Home
C0079,lost,INV00576,2022-12-21,87.48,Sports
C0079,lost,INV00577,2022-11-21,46.82,Home
C0080,loyal,INV00578,2024-11-19,122.96,Electronics
C0080,loyal,INV00579,2024-10-17,133.89,Electronics
C0080,loyal,INV00580,2024-09-30,122.4,Home
C0080,loyal,INV00581,2024-10-05,114.55,Home
C0080,loyal,INV00582,2024-07-06,128.79,Sports
C0080,loyal,INV00583,2024-10-05,176.81,Electronics
C0080,loyal,INV00584,2024-05-23,91.76,Electronics
C0081,lost,INV00585,2024-01-14,32.87,Home
C0082,loyal,INV00586,2024-12-14,206.94,Home
C0082,loyal,INV00587,2024-11-15,175.55,Electronics
C0082,loyal,INV00588,2024-09-29,255.47,Apparel
C0082,loyal,INV00589,2024-10-24,280.06,Home
C0082,loyal,INV00590,2024-07-11,206.63,Electronics
C0082,loyal,INV00591,2024-09-10,217.95,Electronics
C0082,loyal,INV00592,2024-04-30,63.23,Home
C0082,loyal,INV00593,2024-08-24,161.66,Home
C0082,loyal,INV00594,2024-03-09,169.32,Beauty
C0082,loyal,INV00595,2024-10-03,182.37,Sports
C0082,loyal,INV00596,2024-02-18,275.24,Beauty
C0082,loyal,INV00597,2024-05-08,218.29,Electronics
C0082,loyal,INV00598,2024-07-11,208.81,Home
C0083,potential,INV00599,2024-10-02,119.32,Home
C0083,potential,INV00600,2024-08-31,117.84,Beauty
C0083,potential,INV00601,2024-09-10,85.7,Sports
C0083,potential,INV00602,2024-08-15,92.98,Home
C0083,potential,INV00603,2024-08-03,68.93,Electronics
C0084,potential,INV00604,2024-10-22,98.53,Beauty
C0084,potential,INV00605,2024-09-13,72.16,Home
C0084,potential,INV00606,2024-09-10,63.36,Home
C0084,potential,INV00607,2024-08-26,89.43,Apparel
C0084,potential,INV00608,2024-06-12,57.04,Home
C0084,potential,INV00609,2024-08-13,95.62,Home
C0084,potential,INV00610,2024-06-24,89.71,Electronics
C0085,potential,INV00611,2024-11-12,64.61,Home
C0085,potential,INV00612,2024-10-25,45.94,Home
C0085,potential,INV00613,2024-09-15,139.16,Beauty
C0085,potential,INV00614,2024-09-01,76.89,Sports
C0086,potential,INV00615,2024-09-21,62.96,Home
C0086,potential,INV00616,2024-08-16,137.26,Apparel
C0086,potential,INV00617,2024-09-01,92.92,Home
C0086,potential,INV00618,2024-06-11,108.62,Electronics
C0086,potential,INV00619,2024-06-09,43.51,Electronics
C0086,potential,INV00620,2024-07-08,94.11,Apparel
C0086,potential,INV00621,2024-03-07,78.99,Sports
C0087,potential,INV00622,2024-10-17,129.68,Electronics
C0087,potential,INV00623,2024-09-17,150.71,Apparel
C0087,potential,INV00624,2024-09-09,115.34,Sports
C0088,potential,INV00625,2024-11-22,75.81,Electronics
C0088,potential,INV00626,2024-11-15,78.15,Beauty
C0088,potential,INV00627,2024-10-15,93.01,Apparel
C0089,lost,INV00628,2023-05-27,44.22,Electronics
C0089,lost,INV00629,2023-05-13,41.83,Apparel
C0090,loyal,INV00630,2024-11-19,119.45,Beauty
C0090,loyal,INV00631,2024-10-17,130.15,Sports
C0090,loyal,INV00632,2024-11-03,146.96,Electronics
C0090,loyal,INV00633,2024-08-30,40.98,Sports
C0090,loyal,INV00634,2024-06-28,185.26,Electronics
C0090,loyal,INV00635,2024-08-16,132.55,Home
C0090,loyal,INV00636,2024-08-03,71.54,Apparel
C0090,loyal,INV00637,2024-08-27,115.66,Home
C0090,loyal,INV00638,2024-05-27,212.35,Home
C0091,loyal,INV00639,2024-11-25,121.6,Sports
C0091,loyal,INV00640,2024-11-11,148.88,Electronics
C0091,loyal,INV00641,2024-09-30,149.58,Electronics
C0091,loyal,INV00642,2024-08-09,108.77,Beauty
C0091,loyal,INV00643,2024-08-17,86.87,Home
C0091,loyal,INV00644,2024-08-22,81.76,Beauty
C0091,loyal,INV00645,2024-09-02,173.3,Apparel
C0091,loyal,INV00646,2024-04-08,107.11,Home
C0091,loyal,INV00647,2024-05-17,203.59,Beauty
C0091,loyal,INV00648,2024-04-23,155.69,Sports
C0091,loyal,INV00649,2024-09-06,130.14,Apparel
C0091,loyal,INV00650,2024-07-05,122.4,Electronics
C0092,lost,INV00651,2024-02-04,86.51,Sports
C0092,lost,INV00652,2024-01-07,46.9,Home
C0092,lost,INV00653,2023-12-18,62.15,Electronics
C0093,loyal,INV00654,2024-10-30,117.85,Apparel
C0093,loyal,INV00655,2024-09-27,209.13,Electronics
C0093,loyal,INV00656,2024-10-04,207.99,Home
C0093,loyal,INV00657,2024-09-27,192.24,Electronics
C0093,loyal,INV00658,2024-07-30,132.85,Apparel
C0093,loyal,INV00659,2024-04-28,204.72,Apparel
C0093,loyal,INV00660,2024-09-18,158.8,Electronics
C0093,loyal,INV00661,2024-05-22,100.37,Apparel
C0093,loyal,INV00662,2024-07-10,121.9,Beauty
C0093,loyal,INV00663,2024-01-07,183.73,Electronics
C0094,atrisk,INV00664,2024-05-10,43.68,Apparel
C0094,atrisk,INV00665,2024-04-20,114.27,Electronics
C0094,atrisk,INV00666,2024-03-01,115.57,Home
C0094,atrisk,INV00667,2024-04-19,95.77,Electronics
C0095,lost,INV00668,2023-02-26,49.1,Apparel
C0096,champion,INV00669,2024-12-22,270.71,Electronics
C0096,champion,INV00670,2024-12-09,234.62,Apparel
C0096,champion,INV00671,2024-10-11,159.89,Sports
C0096,champion,INV00672,2024-08-27,265.58,Beauty
C0096,champion,INV00673,2024-09-29,138.64,Electronics
C0096,champion,INV00674,2024-09-23,155.96,Beauty
C0096,champion,INV00675,2024-07-07,230.1,Apparel
C0096,champion,INV00676,2024-04-14,176.56,Beauty
C0096,champion,INV00677,2024-07-07,146.41,Home
C0096,champion,INV00678,2024-08-27,224.31,Electronics
C0096,champion,INV00679,2024-02-06,119.7,Sports
C0096,champion,INV00680,2023-10-31,86.49,Electronics
C0096,champion,INV00681,2024-03-09,190.2,Electronics
C0096,champion,INV00682,2023-08-16,221.27,Home
C0096,champion,INV00683,2024-05-26,214.79,Home
C0096,champion,INV00684,2024-04-26,91.35,Home
C0096,champion,INV00685,2023-11-02,183.52,Home
C0096,champion,INV00686,2024-02-20,213.4,Apparel
C0096,champion,INV00687,2024-05-02,104.34,Electronics
C0096,champion,INV00688,2024-01-15,144.35,Home
C0096,champion,INV00689,2023-02-11,176.35,Sports
C0096,champion,INV00690,2022-10-16,183.65,Beauty
C0096,champion,INV00691,2024-07-21,145.77,Beauty
C0096,champion,INV00692,2024-05-29,120.64,Home
C0096,champion,INV00693,2024-01-21,149.85,Electronics
C0096,champion,INV00694,2022-06-11,225.89,Apparel
C0096,champion,INV00695,2023-10-07,120.41,Home
C0096,champion,INV00696,2022-03-29,91.6,Electronics
C0096,champion,INV00697,2022-08-07,210.23,Electronics
C0097,atrisk,INV00698,2024-04-21,116.86,Apparel
C0097,atrisk,INV00699,2024-04-07,109.99,Home
C0097,atrisk,INV00700,2024-03-30,203.52,Beauty
C0097,atrisk,INV00701,2024-01-10,211.61,Apparel
C0097,atrisk,INV00702,2024-02-17,59.86,Home
C0097,atrisk,INV00703,2023-12-18,200.86,Home
C0097,atrisk,INV00704,2023-09-06,106.59,Home
C0098,champion,INV00705,2024-12-09,330.99,Apparel
C0098,champion,INV00706,2024-11-09,270.8,Electronics
C0098,champion,INV00707,2024-11-25,358.38,Home
C0098,champion,INV00708,2024-08-29,88.76,Home
C0098,champion,INV00709,2024-09-16,308.79,Electronics
C0098,champion,INV00710,2024-10-15,230.48,Home
C0098,champion,INV00711,2024-06-18,302.34,Home
C0098,champion,INV00712,2024-08-19,307.23,Electronics
C0098,champion,INV00713,2024-09-04,246.48,Electronics
C0098,champion,INV00714,2024-07-09,211.92,Apparel
C0098,champion,INV00715,2024-07-22,243.17,Sports
C0098,champion,INV00716,2024-09-01,293.9,Electronics
C0098,champion,INV00717,2024-07-06,186.62,Electronics
C0098,champion,INV00718,2024-02-27,110.21,Electronics
C0098,champion,INV00719,2023-08-07,370.79,Sports
C0099,potential,INV00720,2024-09-14,69.12,Home
C0099,potential,INV00721,2024-08-14,54.71,Electronics
C0099,potential,INV00722,2024-07-04,86.25,Electronics
C0099,potential,INV00723,2024-07-04,116.02,Beauty
C0099,potential,INV00724,2024-07-20,98.72,Apparel
C0099,potential,INV00725,2024-06-16,84.12,Electronics
C0100,potential,INV00726,2024-10-26,36.29,Electronics
C0100,potential,INV00727,2024-10-16,34.22,Home
C0100,potential,INV00728,2024-08-27,84.62,Electronics
C0100,potential,INV00729,2024-07-25,60.38,Apparel
C0100,potential,INV00730,2024-06-16,64.39,Home
C0101,atrisk,INV00731,2024-06-21,249.12,Home
C0101,atrisk,INV00732,2024-05-28,130.73,Beauty
C0101,atrisk,INV00733,2024-05-20,110.22,Electronics
C0101,atrisk,INV00734,2024-04-01,202.65,Sports
C0101,atrisk,INV00735,2024-05-24,135.57,Home
C0102,atrisk,INV00736,2024-07-16,116.3,Electronics
C0102,atrisk,INV00737,2024-06-09,148.17,Home
C0102,atrisk,INV00738,2024-05-09,162.4,Sports
C0102,atrisk,INV00739,2024-06-16,148.72,Electronics
C0102,atrisk,INV00740,2024-03-22,179.42,Beauty
C0103,champion,INV00741,2024-12-30,231.44,Sports
C0103,champion,INV00742,2024-11-26,242.64,Electronics
C0103,champion,INV00743,2024-10-27,204.32,Beauty
C0103,champion,INV00744,2024-11-12,235.38,Sports
C0103,champion,INV00745,2024-10-15,266.52,Apparel
C0103,champion,INV00746,2024-10-06,267.72,Home
C0103,champion,INV00747,2024-11-18,193.53,Beauty
C0103,champion,INV00748,2024-05-13,205.26,Home
C0103,champion,INV00749,2024-09-09,181.93,Apparel
C0103,champion,INV00750,2024-10-19,162.51,Electronics
C0103,champion,INV00751,2024-03-15,177.68,Beauty
C0103,champion,INV00752,2024-06-04,343.39,Electronics
C0103,champion,INV00753,2023-11-30,265.46,Home
C0103,champion,INV00754,2024-05-23,133.7,Apparel
C0103,champion,INV00755,2023-09-25,142.02,Electronics
C0103,champion,INV00756,2024-01-05,166.22,Electronics
C0103,champion,INV00757,2023-10-09,184.92,Apparel
C0103,champion,INV00758,2023-09-11,188.7,Electronics
C0103,champion,INV00759,2024-08-26,276.14,Beauty
C0103,champion,INV00760,2024-01-04,112.12,Beauty
C0103,champion,INV00761,2023-10-17,337.33,Beauty
C0103,champion,INV00762,2022-12-05,243.46,Electronics
C0103,champion,INV00763,2023-08-12,248.63,Electronics
C0103,champion,INV00764,2023-09-27,295.57,Apparel
C0103,champion,INV00765,2023-10-01,211.63,Electronics
C0103,champion,INV00766,2022-05-25,180.15,Beauty
C0103,champion,INV00767,2023-01-28,241.47,Home
C0104,champion,INV00768,2024-12-22,254.01,Electronics
C0104,champion,INV00769,2024-11-23,191.9,Electronics
C0104,champion,INV00770,2024-10-19,106.03,Electronics
C0104,champion,INV00771,2024-08-30,168.11,Apparel
C0104,champion,INV00772,2024-10-31,77.79,Home
C0104,champion,INV00773,2024-09-23,267.53,Electronics
C0104,champion,INV00774,2024-06-01,173.13,Sports
C0104,champion,INV00775,2024-09-08,205.69,Beauty
C0104,champion,INV00776,2024-05-04,81.85,Beauty
C0104,champion,INV00777,2024-05-11,179.97,Home
C0104,champion,INV00778,2024-07-15,122.67,Electronics
C0104,champion,INV00779,2024-04-02,151.37,Electronics
C0104,champion,INV00780,2024-01-21,96.97,Home
C0104,champion,INV00781,2024-02-14,246.66,Apparel
C0104,champion,INV00782,2024-04-28,129.43,Home
C0104,champion,INV00783,2023-12-13,174.74,Apparel
C0104,champion,INV00784,2023-10-01,304.5,Home
C0104,champion,INV00785,2024-06-18,125.85,Electronics
C0104,champion,INV00786,2024-06-25,350.46,Electronics
C0104,champion,INV00787,2024-07-04,125.97,Apparel
C0104,champion,INV00788,2023-04-12,175.35,Apparel
C0104,champion,INV00789,2023-07-16,165.26,Apparel
C0104,champion,INV00790,2022-09-08,171.06,Home
C0104,champion,INV00791,2023-11-27,186.61,Electronics
C0104,champion,INV00792,2023-12-04,223.98,Beauty
C0104,champion,INV00793,2022-10-14,179.66,Home
C0105,atrisk,INV00794,2024-03-22,71.88,Electronics
C0105,atrisk,INV00795,2024-02-17,166.47,Electronics
C0105,atrisk,INV00796,2024-01-14,167.32,Sports
C0105,atrisk,INV00797,2024-01-31,176.64,Apparel
C0106,atrisk,INV00798,2024-07-21,98.72,Home
C0106,atrisk,INV00799,2024-07-01,109.61,Home
C0106,atrisk,INV00800,2024-06-27,127.58,Home
C0106,atrisk,INV00801,2024-06-15,74.06,Home
C0106,atrisk,INV00802,2024-04-24,143.88,Electronics
C0106,atrisk,INV00803,2024-06-11,127.56,Apparel
C0107,loyal,INV00804,2024-12-04,190.33,Sports
C0107,loyal,INV00805,2024-11-01,227.71,Electronics
C0107,loyal,INV00806,2024-10-03,118.4,Electronics
C0107,loyal,INV00807,2024-09-17,278.79,Electronics
C0107,loyal,INV00808,2024-07-25,293.42,Beauty
C0107,loyal,INV00809,2024-09-30,169.56,Beauty
C0107,loyal,INV00810,2024-09-29,190.1,Electronics
C0107,loyal,INV00811,2024-03-20,129.49,Sports
C0107,loyal,INV00812,2024-10-09,235.94,Beauty
C0107,loyal,INV00813,2024-04-05,237.84,Electronics
C0108,atrisk,INV00814,2024-05-25,203.6,Beauty
C0108,atrisk,INV00815,2024-05-14,133.11,Sports
C0108,atrisk,INV00816,2024-04-29,113.35,Electronics
C0108,atrisk,INV00817,2024-04-16,156.53,Electronics
C0108,atrisk,INV00818,2024-02-07,137.29,Apparel
C0109,loyal,INV00819,2024-12-04,161.87,Beauty
C0109,loyal,INV00820,2024-11-04,128.87,Electronics
C0109,loyal,INV00821,2024-11-12,158.55,Home
C0109,loyal,INV00822,2024-11-04,176.86,Home
C0109,loyal,INV00823,2024-10-17,123.94,Beauty
C0109,loyal,INV00824,2024-10-15,128.79,Beauty
C0109,loyal,INV00825,2024-07-01,128.46,Home
C0109,loyal,INV00826,2024-07-10,181.9,Apparel
C0109,loyal,INV00827,2024-03-07,185.78,Home
C0109,loyal,INV00828,2024-09-05,259.41,Electronics
C0109,loyal,INV00829,2024-09-15,153.59,Beauty
C0110,potential,INV00830,2024-10-13,82.31,Sports
C0110,potential,INV00831,2024-09-05,97.98,Beauty
C0110,potential,INV00832,2024-08-22,124.65,Electronics
C0110,potential,INV00833,2024-08-26,136.91,Home
C0110,potential,INV00834,2024-05-14,36.44,Electronics
C0110,potential,INV00835,2024-05-26,144.81,Beauty
C0111,lost,INV00836,2023-12-03,72.53,Home
C0111,lost,INV00837,2023-11-24,41.59,Home
C0112,lost,INV00838,2023-02-10,77.22,Home
C0112,lost,INV00839,2023-01-29,93.02,Apparel
C0112,lost,INV00840,2023-01-15,86.61,Home
C0113,atrisk,INV00841,2024-05-24,90.31,Electronics
C0113,atrisk,INV00842,2024-05-02,93.73,Home
C0113,atrisk,INV00843,2024-04-28,97.41,Beauty
C0113,atrisk,INV00844,2024-03-07,121.02,Home
C0113,atrisk,INV00845,2024-03-01,86.26,Home
C0114,potential,INV00846,2024-11-21,53.33,Electronics
C0114,potential,INV00847,2024-11-06,38.36,Home
C0114,potential,INV00848,2024-10-10,72.1,Home
C0115,lost,INV00849,2023-06-01,71.89,Beauty
C0115,lost,INV00850,2023-05-06,44.62,Apparel
C0116,atrisk,INV00851,2024-04-19,160.81,Home
C0116,atrisk,INV00852,2024-04-01,117.83,Beauty
C0116,atrisk,INV00853,2024-02-11,78.03,Apparel
C0116,atrisk,INV00854,2024-03-17,206.77,Electronics
C0116,atrisk,INV00855,2024-01-26,140.92,Home
C0117,champion,INV00856,2024-12-28,461.25,Electronics
C0117,champion,INV00857,2024-12-06,314.04,Electronics
C0117,champion,INV00858,2024-12-04,378.4,Sports
C0117,champion,INV00859,2024-11-28,379.85,Apparel
C0117,champion,INV00860,2024-08-06,303.38,Apparel
C0117,champion,INV00861,2024-08-15,131.28,Apparel
C0117,champion,INV00862,2024-06-13,204.55,Apparel
C0117,champion,INV00863,2024-10-19,332.63,Home
C0117,champion,INV00864,2024-07-21,291.62,Beauty
C0117,champion,INV00865,2024-01-21,489.17,Beauty
C0117,champion,INV00866,2024-03-03,213.91,Apparel
C0117,champion,INV00867,2024-03-28,342.53,Beauty
C0117,champion,INV00868,2023-10-23,376.36,Beauty
C0117,champion,INV00869,2023-11-08,568.17,Sports
C0117,champion,INV00870,2024-02-24,558.79,Sports
C0117,champion,INV00871,2023-09-20,449.63,Apparel
C0117,champion,INV00872,2023-07-03,292.06,Home
C0117,champion,INV00873,2023-12-03,219.26,Sports
C0117,champion,INV00874,2023-12-16,346.05,Home
C0117,champion,INV00875,2023-08-03,299.03,Home
C0117,champion,INV00876,2023-10-15,457.58,Electronics
C0118,atrisk,INV00877,2024-06-10,170.98,Beauty
C0118,atrisk,INV00878,2024-06-03,83.99,Electronics
C0118,atrisk,INV00879,2024-05-13,66.71,Electronics
C0118,atrisk,INV00880,2024-04-26,90.44,Home
C0118,atrisk,INV00881,2024-03-18,129.08,Home
C0119,potential,INV00882,2024-09-13,169.16,Apparel
C0119,potential,INV00883,2024-08-29,179.72,Sports
C0119,potential,INV00884,2024-08-12,180.32,Home
C0120,potential,INV00885,2024-10-25,129.8,Apparel
C0120,potential,INV00886,2024-09-27,97.23,Sports
C0120,potential,INV00887,2024-09-17,107.27,Apparel
C0120,potential,INV00888,2024-08-20,78.3,Home
C0120,potential,INV00889,2024-06-15,110.02,Sports
C0121,potential,INV00890,2024-09-18,143.32,Apparel
C0121,potential,INV00891,2024-08-18,113.8,Beauty
C0121,potential,INV00892,2024-07-28,136.47,Home
C0121,potential,INV00893,2024-08-22,122.16,Electronics
C0121,potential,INV00894,2024-05-05,133.11,Apparel
C0121,potential,INV00895,2024-06-10,164.41,Electronics
C0122,potential,INV00896,2024-11-01,103.85,Electronics
C0122,potential,INV00897,2024-10-22,55.11,Home
C0122,potential,INV00898,2024-10-10,63.61,Home
C0122,potential,INV00899,2024-09-02,63.17,Home
C0122,potential,INV00900,2024-06-14,97.05,Home
C0122,potential,INV00901,2024-04-25,57.81,Beauty
C0122,potential,INV00902,2024-09-20,63.04,Electronics
C0123,loyal,INV00903,2024-12-05,165.04,Apparel
C0123,loyal,INV00904,2024-10-29,138.09,Home
C0123,loyal,INV00905,2024-10-26,249.18,Apparel
C0123,loyal,INV00906,2024-10-12,248.04,Home
C0123,loyal,INV00907,2024-07-10,203.21,Electronics
C0123,loyal,INV00908,2024-07-08,200.16,Electronics
C0123,loyal,INV00909,2024-07-14,141.75,Home
C0123,loyal,INV00910,2024-08-29,177.59,Sports
C0123,loyal,INV00911,2024-08-31,129.8,Sports
C0123,loyal,INV00912,2024-06-17,141.3,Electronics
C0123,loyal,INV00913,2024-07-08,135.5,Electronics
C0124,atrisk,INV00914,2024-03-13,119.04,Beauty
C0124,atrisk,INV00915,2024-02-19,120.67,Apparel
C0124,atrisk,INV00916,2023-12-30,77.51,Beauty
C0124,atrisk,INV00917,2024-02-03,97.91,Electronics
C0124,atrisk,INV00918,2023-12-28,137.68,Beauty
C0124,atrisk,INV00919,2023-09-25,158.71,Home
C0124,atrisk,INV00920,2023-10-27,93.57,Sports
C0125,atrisk,INV00921,2024-05-09,64.42,Sports
C0125,atrisk,INV00922,2024-04-03,65.85,Apparel
C0125,atrisk,INV00923,2024-02-23,95.8,Electronics
C0125,atrisk,INV00924,2024-01-19,65.36,Beauty
C0126,loyal,INV00925,2024-12-14,186.05,Electronics
C0126,loyal,INV00926,2024-11-09,80.48,Apparel
C0126,loyal,INV00927,2024-10-19,240.76,Electronics
C0126,loyal,INV00928,2024-09-15,137.36,Home
C0126,loyal,INV00929,2024-08-12,173.13,Sports
C0126,loyal,INV00930,2024-10-10,190.52,Beauty
C0126,loyal,INV00931,2024-06-17,278.27,Home
C0126,loyal,INV00932,2024-09-07,268.58,Electronics
C0127,atrisk,INV00933,2024-04-01,96.76,Electronics
C0127,atrisk,INV00934,2024-02-25,116.91,Sports
C0127,atrisk,INV00935,2024-03-18,166.75,Beauty
C0127,atrisk,INV00936,2024-01-08,114.52,Beauty
C0127,atrisk,INV00937,2023-12-19,140.64,Home
C0127,atrisk,INV00938,2023-09-19,77.98,Electronics
C0127,atrisk,INV00939,2024-02-07,64.05,Beauty
C0128,atrisk,INV00940,2024-08-12,47.31,Apparel
C0128,atrisk,INV00941,2024-07-08,62.92,Electronics
C0128,atrisk,INV00942,2024-07-01,94.16,Beauty
C0128,atrisk,INV00943,2024-07-07,104.42,Beauty
C0128,atrisk,INV00944,2024-04-26,120.19,Home
C0128,atrisk,INV00945,2024-06-28,87.78,Apparel
C0128,atrisk,INV00946,2024-05-08,52.27,Apparel
C0128,atrisk,INV00947,2024-05-27,92.58,Electronics
C0129,atrisk,INV00948,2024-08-30,206.56,Electronics
C0129,atrisk,INV00949,2024-07-24,88.74,Beauty
C0129,atrisk,INV00950,2024-08-14,180.03,Electronics
C0129,atrisk,INV00951,2024-06-04,176.87,Sports
C0130,loyal,INV00952,2024-11-15,151.2,Apparel
C0130,loyal,INV00953,2024-10-25,189.64,Apparel
C0130,loyal,INV00954,2024-09-26,168.05,Electronics
C0130,loyal,INV00955,2024-08-23,162.04,Apparel
C0130,loyal,INV00956,2024-08-03,108.57,Electronics
C0130,loyal,INV00957,2024-09-16,231.45,Home
C0130,loyal,INV00958,2024-07-18,158.91,Apparel
C0130,loyal,INV00959,2024-03-01,111.6,Home
C0130,loyal,INV00960,2024-04-05,174.58,Electronics
C0131,loyal,INV00961,2024-11-12,149.68,Apparel
C0131,loyal,INV00962,2024-10-09,90.03,Apparel
C0131,loyal,INV00963,2024-09-09,40.82,Electronics
C0131,loyal,INV00964,2024-08-20,96.62,Home
C0131,loyal,INV00965,2024-10-03,110.01,Beauty
C0131,loyal,INV00966,2024-05-16,140.42,Home
C0131,loyal,INV00967,2024-05-16,129.89,Home
C0131,loyal,INV00968,2024-05-21,136.85,Apparel
C0132,loyal,INV00969,2024-11-12,130.55,Electronics
C0132,loyal,INV00970,2024-10-29,137.73,Beauty
C0132,loyal,INV00971,2024-10-11,171.3,Home
C0132,loyal,INV00972,2024-08-17,164.88,Apparel
C0132,loyal,INV00973,2024-07-23,188.66,Sports
C0132,loyal,INV00974,2024-08-19,148.13,Beauty
C0132,loyal,INV00975,2024-08-08,214.65,Apparel
C0132,loyal,INV00976,2024-03-26,100.28,Electronics
C0133,lost,INV00977,2024-01-29,48.75,Home
C0133,lost,INV00978,2023-12-29,31.74,Electronics
C0134,lost,INV00979,2023-11-07,66.32,Sports
C0134,lost,INV00980,2023-10-30,78.64,Electronics
C0135,atrisk,INV00981,2024-08-24,139.39,Electronics
C0135,atrisk,INV00982,2024-07-22,109.05,Home
C0135,atrisk,INV00983,2024-08-06,130.63,Sports
C0135,atrisk,INV00984,2024-04-29,162.05,Home
C0135,atrisk,INV00985,2024-03-25,130.25,Home
C0135,atrisk,INV00986,2024-06-15,196.89,Apparel
C0136,champion,INV00987,2024-12-14,308.93,Beauty
C0136,champion,INV00988,2024-11-23,252.91,Beauty
C0136,champion,INV00989,2024-10-11,278.75,Electronics
C0136,champion,INV00990,2024-08-28,507.34,Apparel
C0136,champion,INV00991,2024-09-25,537.74,Beauty
C0136,champion,INV00992,2024-10-15,559.89,Sports
C0136,champion,INV00993,2024-06-29,343.89,Electronics
C0136,champion,INV00994,2024-05-25,380.34,Electronics
C0136,champion,INV00995,2024-08-08,321.97,Electronics
C0136,champion,INV00996,2024-09-15,172.34,Electronics
C0136,champion,INV00997,2024-01-29,213.67,Apparel
C0136,champion,INV00998,2024-05-08,394.67,Electronics
C0136,champion,INV00999,2024-03-25,468.77,Sports
C0136,champion,INV01000,2024-06-02,450.32,Electronics
C0136,champion,INV01001,2023-07-01,477.43,Beauty
C0136,champion,INV01002,2023-05-09,667.85,Apparel
C0136,champion,INV01003,2024-05-04,354.61,Beauty
C0136,champion,INV01004,2023-03-26,315.76,Sports
C0136,champion,INV01005,2023-04-12,432.33,Electronics
C0137,champion,INV01006,2024-12-21,431.98,Sports
C0137,champion,INV01007,2024-12-12,229.89,Home
C0137,champion,INV01008,2024-12-07,266.99,Home
C0137,champion,INV01009,2024-10-04,469.11,Apparel
C0137,champion,INV01010,2024-09-20,292.17,Home
C0137,champion,INV01011,2024-09-17,236.65,Electronics
C0137,champion,INV01012,2024-10-16,393.53,Sports
C0137,champion,INV01013,2024-08-31,408.33,Home
C0137,champion,INV01014,2024-05-27,257.08,Sports
C0137,champion,INV01015,2024-03-26,214.31,Sports
C0137,champion,INV01016,2024-06-04,254.47,Home
C0137,champion,INV01017,2024-02-06,300.99,Home
C0137,champion,INV01018,2024-09-28,189.32,Electronics
C0137,champion,INV01019,2024-07-18,222.83,Sports
C0137,champion,INV01020,2024-06-22,482.64,Beauty
C0137,champion,INV01021,2024-05-25,439.91,Sports
C0137,champion,INV01022,2023-07-28,302.13,Sports
C0137,champion,INV01023,2024-04-27,440.58,Home
C0137,champion,INV01024,2024-03-08,376.01,Electronics
C0137,champion,INV01025,2023-09-03,326.3,Beauty
C0137,champion,INV01026,2023-12-07,246.71,Electronics
C0137,champion,INV01027,2023-01-28,325.95,Sports
C0137,champion,INV01028,2023-03-02,209.09,Electronics
C0137,champion,INV01029,2023-09-18,197.59,Sports
C0137,champion,INV01030,2023-05-25,308.04,Home
C0137,champion,INV01031,2023-03-12,358.35,Apparel
C0137,champion,INV01032,2022-11-02,266.49,Electronics
C0138,potential,INV01033,2024-09-06,142.46,Home
C0138,potential,INV01034,2024-08-10,147.16,Apparel
C0138,potential,INV01035,2024-08-05,140.15,Apparel
C0138,potential,INV01036,2024-06-20,184.06,Electronics
C0138,potential,INV01037,2024-05-01,112.69,Apparel
C0138,potential,INV01038,2024-04-09,118.13,Beauty
C0138,potential,INV01039,2024-05-15,135.51,Apparel
C0139,champion,INV01040,2024-12-09,326.04,Electronics
C0139,champion,INV01041,2024-11-24,358.94,Home
C0139,champion,INV01042,2024-10-08,282.0,Home
C0139,champion,INV01043,2024-11-06,220.88,Electronics
C0139,champion,INV01044,2024-11-07,395.05,Apparel
C0139,champion,INV01045,2024-06-07,170.59,Electronics
C0139,champion,INV01046,2024-06-18,249.11,Sports
C0139,champion,INV01047,2024-09-09,354.55,Apparel
C0139,champion,INV01048,2024-09-28,192.96,Home
C0139,champion,INV01049,2024-09-10,332.37,Home
C0139,champion,INV01050,2024-03-24,392.03,Home
C0139,champion,INV01051,2024-01-25,309.19,Electronics
C0139,champion,INV01052,2024-05-19,265.32,Electronics
C0139,champion,INV01053,2023-11-15,162.52,Electronics
C0139,champion,INV01054,2024-05-13,300.28,Apparel
C0139,champion,INV01055,2024-02-28,123.17,Home
C0139,champion,INV01056,2024-01-08,196.24,Electronics
C0139,champion,INV01057,2023-10-11,269.73,Home
C0139,champion,INV01058,2023-05-31,214.73,Apparel
C0140,potential,INV01059,2024-11-17,88.68,Electronics
C0140,potential,INV01060,2024-11-06,119.7,Home
C0140,potential,INV01061,2024-10-10,75.44,Electronics
C0140,potential,INV01062,2024-10-24,75.09,Sports
C0140,potential,INV01063,2024-09-26,49.28,Home
C0140,potential,INV01064,2024-09-18,130.22,Electronics
C0141,loyal,INV01065,2024-11-20,225.44,Home
C0141,loyal,INV01066,2024-11-13,232.32,Apparel
C0141,loyal,INV01067,2024-10-11,277.82,Apparel
C0141,loyal,INV01068,2024-10-15,268.23,Home
C0141,loyal,INV01069,2024-07-07,267.63,Apparel
C0141,loyal,INV01070,2024-07-08,286.82,Home
C0141,loyal,INV01071,2024-04-12,192.95,Electronics
C0141,loyal,INV01072,2024-04-03,222.06,Home
C0141,loyal,INV01073,2024-01-13,285.7,Electronics
C0141,loyal,INV01074,2024-01-28,275.14,Sports
C0141,loyal,INV01075,2024-02-04,214.06,Apparel
C0141,loyal,INV01076,2024-02-08,245.43,Home
C0141,loyal,INV01077,2024-08-28,197.49,Home
C0142,champion,INV01078,2024-12-20,313.83,Electronics
C0142,champion,INV01079,2024-12-07,228.51,Apparel
C0142,champion,INV01080,2024-10-15,334.74,Beauty
C0142,champion,INV01081,2024-08-25,327.44,Home
C0142,champion,INV01082,2024-07-17,270.09,Apparel
C0142,champion,INV01083,2024-09-21,351.62,Beauty
C0142,champion,INV01084,2024-06-29,267.69,Sports
C0142,champion,INV01085,2024-03-22,146.4,Home
C0142,champion,INV01086,2024-08-06,370.45,Apparel
C0142,champion,INV01087,2024-05-18,309.03,Electronics
C0142,champion,INV01088,2023-12-06,282.67,Beauty
C0142,champion,INV01089,2024-08-10,245.6,Beauty
C0142,champion,INV01090,2024-09-27,355.6,Beauty
C0142,champion,INV01091,2023-11-26,185.27,Home
C0142,champion,INV01092,2024-02-02,465.14,Apparel
C0142,champion,INV01093,2023-06-14,286.18,Home
C0142,champion,INV01094,2024-01-19,299.35,Home
C0142,champion,INV01095,2023-07-12,207.34,Electronics
C0142,champion,INV01096,2024-01-31,196.96,Beauty
C0142,champion,INV01097,2024-05-25,306.0,Apparel
C0142,champion,INV01098,2024-08-02,244.8,Apparel
C0142,champion,INV01099,2024-02-09,430.08,Apparel
C0142,champion,INV01100,2023-08-24,422.02,Home
C0142,champion,INV01101,2023-11-02,254.77,Electronics
C0143,loyal,INV01102,2024-10-23,212.16,Beauty
C0143,loyal,INV01103,2024-10-09,239.27,Electronics
C0143,loyal,INV01104,2024-10-09,178.83,Beauty
C0143,loyal,INV01105,2024-08-30,129.8,Home
C0143,loyal,INV01106,2024-09-05,189.98,Sports
C0143,loyal,INV01107,2024-09-18,136.5,Beauty
C0143,loyal,INV01108,2024-08-12,156.8,Beauty
C0143,loyal,INV01109,2024-08-14,217.94,Home
C0143,loyal,INV01110,2024-07-11,270.02,Electronics
C0144,loyal,INV01111,2024-11-04,79.26,Beauty
C0144,loyal,INV01112,2024-10-15,152.89,Beauty
C0144,loyal,INV01113,2024-09-19,141.17,Home
C0144,loyal,INV01114,2024-09-20,33.77,Home
C0144,loyal,INV01115,2024-07-15,94.07,Electronics
C0144,loyal,INV01116,2024-06-17,165.39,Home
C0144,loyal,INV01117,2024-08-12,74.13,Electronics
C0144,loyal,INV01118,2024-07-01,76.47,Sports
C0144,loyal,INV01119,2023-12-28,189.61,Apparel
C0144,loyal,INV01120,2023-11-19,103.1,Home
C0144,loyal,INV01121,2024-05-18,96.18,Apparel
C0145,atrisk,INV01122,2024-03-24,74.8,Apparel
C0145,atrisk,INV01123,2024-02-15,137.81,Apparel
C0145,atrisk,INV01124,2024-01-24,152.77,Apparel
C0145,atrisk,INV01125,2023-12-31,121.42,Apparel
C0145,atrisk,INV01126,2023-12-15,86.4,Electronics
C0145,atrisk,INV01127,2023-11-10,150.85,Beauty
C0145,atrisk,INV01128,2023-12-31,111.17,Beauty
C0145,atrisk,INV01129,2023-10-22,171.6,Electronics
C0145,atrisk,INV01130,2023-06-26,86.32,Electronics
C0146,loyal,INV01131,2024-10-19,181.58,Sports
C0146,loyal,INV01132,2024-10-08,60.36,Home
C0146,loyal,INV01133,2024-09-23,163.9,Home
C0146,loyal,INV01134,2024-08-20,174.22,Beauty
C0146,loyal,INV01135,2024-09-01,120.31,Home
C0146,loyal,INV01136,2024-04-27,163.2,Home
C0146,loyal,INV01137,2024-08-02,205.83,Electronics
C0146,loyal,INV01138,2024-08-31,103.72,Apparel
C0146,loyal,INV01139,2024-03-25,52.72,Home
C0146,loyal,INV01140,2023-12-09,203.12,Electronics
C0146,loyal,INV01141,2023-09-25,119.66,Home
C0147,potential,INV01142,2024-11-21,89.64,Electronics
C0147,potential,INV01143,2024-10-30,127.26,Electronics
C0147,potential,INV01144,2024-09-30,127.85,Apparel
C0147,potential,INV01145,2024-09-04,154.06,Electronics
C0147,potential,INV01146,2024-08-17,114.56,Sports
C0147,potential,INV01147,2024-07-19,51.38,Electronics
C0147,potential,INV01148,2024-04-07,75.51,Electronics
C0148,loyal,INV01149,2024-10-29,182.31,Home
C0148,loyal,INV01150,2024-09-24,205.22,Electronics
C0148,loyal,INV01151,2024-09-13,235.83,Sports
C0148,loyal,INV01152,2024-07-13,227.01,Electronics
C0148,loyal,INV01153,2024-09-11,260.16,Electronics
C0148,loyal,INV01154,2024-07-21,80.8,Sports
C0148,loyal,INV01155,2024-03-21,121.6,Sports
C0148,loyal,INV01156,2024-04-30,61.06,Apparel
C0149,champion,INV01157,2024-12-22,137.71,Home
C0149,champion,INV01158,2024-12-01,168.36,Sports
C0149,champion,INV01159,2024-11-10,167.11,Apparel
C0149,champion,INV01160,2024-11-16,245.9,Apparel
C0149,champion,INV01161,2024-08-28,246.12,Home
C0149,champion,INV01162,2024-10-13,168.21,Beauty
C0149,champion,INV01163,2024-08-18,201.5,Apparel
C0149,champion,INV01164,2024-10-06,205.8,Apparel
C0149,champion,INV01165,2024-05-28,157.76,Sports
C0149,champion,INV01166,2024-09-14,164.3,Sports
C0149,champion,INV01167,2024-08-04,194.54,Home
C0149,champion,INV01168,2023-11-11,180.8,Electronics
C0149,champion,INV01169,2024-09-17,174.8,Home
C0149,champion,INV01170,2024-05-28,261.58,Electronics
C0149,champion,INV01171,2024-03-03,91.57,Sports
C0149,champion,INV01172,2023-05-17,195.61,Electronics
C0150,champion,INV01173,2024-12-07,353.04,Apparel
C0150,champion,INV01174,2024-11-22,543.83,Home
C0150,champion,INV01175,2024-10-08,433.98,Apparel
C0150,champion,INV01176,2024-08-18,251.52,Home
C0150,champion,INV01177,2024-08-29,321.07,Beauty
C0150,champion,INV01178,2024-09-23,388.67,Electronics
C0150,champion,INV01179,2024-10-14,391.93,Home
C0150,champion,INV01180,2024-08-24,409.27,Electronics
C0150,champion,INV01181,2024-04-27,202.94,Apparel
C0150,champion,INV01182,2024-08-30,335.49,Electronics
C0150,champion,INV01183,2024-02-11,159.89,Sports
C0150,champion,INV01184,2024-01-01,426.43,Apparel
C0150,champion,INV01185,2023-10-26,546.81,Beauty
C0150,champion,INV01186,2023-12-09,234.73,Electronics
C0150,champion,INV01187,2024-08-03,259.05,Home
C0150,champion,INV01188,2023-07-01,286.69,Electronics
C0150,champion,INV01189,2024-05-29,553.45,Beauty
C0150,champion,INV01190,2024-07-24,317.11,Electronics
C0150,champion,INV01191,2024-03-30,415.12,Apparel
C0150,champion,INV01192,2023-01-23,327.91,Electronics
C0150,champion,INV01193,2022-12-18,387.29,Home
C0150,champion,INV01194,2024-04-20,413.85,Apparel
C0150,champion,INV01195,2023-06-06,255.4,Electronics
C0151,loyal,INV01196,2024-10-06,204.03,Beauty
C0151,loyal,INV01197,2024-09-20,154.67,Beauty
C0151,loyal,INV01198,2024-07-26,173.74,Electronics
C0151,loyal,INV01199,2024-07-20,234.97,Beauty
C0151,loyal,INV01200,2024-08-31,235.22,Electronics
C0151,loyal,INV01201,2024-08-17,222.62,Home
C0151,loyal,INV01202,2024-03-22,205.52,Home
C0151,loyal,INV01203,2024-02-04,230.36,Home
C0151,loyal,INV01204,2023-12-07,307.51,Home
C0152,loyal,INV01205,2024-11-23,91.68,Electronics
C0152,loyal,INV01206,2024-11-09,111.38,Apparel
C0152,loyal,INV01207,2024-10-20,160.74,Sports
C0152,loyal,INV01208,2024-07-29,186.85,Apparel
C0152,loyal,INV01209,2024-08-11,119.34,Home
C0152,loyal,INV01210,2024-09-29,122.52,Sports
C0153,champion,INV01211,2024-12-13,120.51,Electronics
C0153,champion,INV01212,2024-11-17,85.92,Electronics
C0153,champion,INV01213,2024-10-04,204.82,Apparel
C0153,champion,INV01214,2024-10-26,322.63,Home
C0153,champion,INV01215,2024-08-19,113.07,Beauty
C0153,champion,INV01216,2024-07-26,307.61,Electronics
C0153,champion,INV01217,2024-09-14,238.01,Home
C0153,champion,INV01218,2024-08-09,218.13,Home
C0153,champion,INV01219,2024-07-30,194.27,Beauty
C0153,champion,INV01220,2024-10-02,223.28,Electronics
C0153,champion,INV01221,2023-12-19,257.99,Home
C0153,champion,INV01222,2024-05-29,177.49,Home
C0153,champion,INV01223,2023-09-02,229.15,Apparel
C0153,champion,INV01224,2023-11-19,180.27,Electronics
C0153,champion,INV01225,2024-01-26,374.51,Apparel
C0153,champion,INV01226,2024-01-03,170.82,Home
C0153,champion,INV01227,2024-04-17,230.79,Home
C0153,champion,INV01228,2023-11-01,215.15,Sports
C0153,champion,INV01229,2023-10-08,211.12,Apparel
C0153,champion,INV01230,2023-08-26,309.84,Home
C0153,champion,INV01231,2024-05-27,221.88,Beauty
C0153,champion,INV01232,2024-07-19,301.97,Sports
C0153,champion,INV01233,2023-03-16,258.4,Beauty
C0153,champion,INV01234,2023-10-26,265.29,Home
C0153,champion,INV01235,2022-11-06,267.71,Sports
C0153,champion,INV01236,2022-09-10,244.68,Home
C0153,champion,INV01237,2024-01-10,238.06,Sports
C0154,atrisk,INV01238,2024-04-20,132.83,Home
C0154,atrisk,INV01239,2024-04-05,99.74,Beauty
C0154,atrisk,INV01240,2024-03-23,119.67,Sports
C0154,atrisk,INV01241,2024-01-24,170.1,Sports
C0154,atrisk,INV01242,2023-12-26,125.8,Electronics
C0154,atrisk,INV01243,2023-12-17,87.76,Home
C0154,atrisk,INV01244,2024-01-03,140.26,Beauty
C0154,atrisk,INV01245,2023-08-12,182.68,Sports
C0155,potential,INV01246,2024-11-19,102.89,Electronics
C0155,potential,INV01247,2024-10-21,104.76,Home
C0155,potential,INV01248,2024-09-08,125.98,Apparel
C0155,potential,INV01249,2024-09-29,113.58,Home
C0156,loyal,INV01250,2024-11-26,130.88,Home
C0156,loyal,INV01251,2024-10-24,113.46,Beauty
C0156,loyal,INV01252,2024-09-13,125.56,Beauty
C0156,loyal,INV01253,2024-09-06,100.66,Sports
C0156,loyal,INV01254,2024-07-29,163.85,Apparel
C0156,loyal,INV01255,2024-07-04,92.27,Home
C0156,loyal,INV01256,2024-05-12,110.76,Home
C0157,lost,INV01257,2024-03-13,92.6,Apparel
C0158,loyal,INV01258,2024-10-07,195.01,Home
C0158,loyal,INV01259,2024-08-31,134.88,Sports
C0158,loyal,INV01260,2024-08-26,246.52,Beauty
C0158,loyal,INV01261,2024-09-13,166.53,Home
C0158,loyal,INV01262,2024-08-08,246.07,Home
C0158,loyal,INV01263,2024-06-24,266.72,Electronics
C0158,loyal,INV01264,2024-07-27,213.29,Apparel
C0159,loyal,INV01265,2024-10-03,101.9,Electronics
C0159,loyal,INV01266,2024-09-04,215.45,Beauty
C0159,loyal,INV01267,2024-08-12,98.29,Electronics
C0159,loyal,INV01268,2024-07-08,151.8,Home
C0159,loyal,INV01269,2024-08-12,210.43,Home
C0159,loyal,INV01270,2024-07-30,128.25,Electronics
C0159,loyal,INV01271,2024-04-30,179.0,Apparel
C0159,loyal,INV01272,2024-05-30,145.14,Electronics
C0159,loyal,INV01273,2024-04-26,61.17,Electronics
C0159,loyal,INV01274,2024-05-21,233.12,Electronics
C0160,loyal,INV01275,2024-10-09,149.55,Electronics
C0160,loyal,INV01276,2024-09-14,143.15,Home
C0160,loyal,INV01277,2024-08-26,152.08,Sports
C0160,loyal,INV01278,2024-08-07,108.32,Beauty
C0160,loyal,INV01279,2024-08-30,223.06,Electronics
C0160,loyal,INV01280,2024-06-21,177.22,Electronics
C0160,loyal,INV01281,2024-04-30,129.24,Beauty
C0160,loyal,INV01282,2024-05-22,108.17,Home
C0160,loyal,INV01283,2024-07-05,125.23,Beauty
C0160,loyal,INV01284,2023-12-17,166.36,Electronics
C0160,loyal,INV01285,2024-03-23,192.02,Home
C0160,loyal,INV01286,2024-07-02,146.21,Apparel
C0161,atrisk,INV01287,2024-03-09,192.51,Sports
C0161,atrisk,INV01288,2024-02-28,148.84,Electronics
C0161,atrisk,INV01289,2024-01-03,175.91,Beauty
C0161,atrisk,INV01290,2023-12-28,79.72,Apparel
C0161,atrisk,INV01291,2024-01-21,140.78,Electronics
C0161,atrisk,INV01292,2023-09-06,133.79,Apparel
C0161,atrisk,INV01293,2023-10-29,121.74,Beauty
C0161,atrisk,INV01294,2023-10-14,141.47,Sports
C0162,loyal,INV01295,2024-10-29,106.46,Home
C0162,loyal,INV01296,2024-10-20,145.11,Beauty
C0162,loyal,INV01297,2024-08-14,179.96,Beauty
C0162,loyal,INV01298,2024-07-16,144.79,Electronics
C0162,loyal,INV01299,2024-06-11,223.2,Apparel
C0162,loyal,INV01300,2024-05-22,293.49,Electronics
C0162,loyal,INV01301,2024-03-15,136.03,Electronics
C0162,loyal,INV01302,2024-08-27,155.45,Home
C0163,loyal,INV01303,2024-11-16,310.4,Apparel
C0163,loyal,INV01304,2024-10-23,205.31,Home
C0163,loyal,INV01305,2024-10-13,210.1,Home
C0163,loyal,INV01306,2024-10-02,181.37,Home
C0163,loyal,INV01307,2024-09-29,135.5,Electronics
C0163,loyal,INV01308,2024-10-07,212.36,Apparel
C0163,loyal,INV01309,2024-08-12,215.86,Home
C0163,loyal,INV01310,2024-02-17,223.99,Electronics
C0163,loyal,INV01311,2024-01-09,225.85,Home
C0163,loyal,INV01312,2024-08-18,142.08,Home
C0163,loyal,INV01313,2024-05-20,121.09,Beauty
C0163,loyal,INV01314,2023-10-06,161.47,Home
C0164,lost,INV01315,2023-03-25,51.02,Apparel
C0165,potential,INV01316,2024-11-28,113.93,Electronics
C0165,potential,INV01317,2024-11-19,158.52,Electronics
C0165,potential,INV01318,2024-10-09,82.71,Beauty
C0165,potential,INV01319,2024-09-20,95.77,Home
C0166,atrisk,INV01320,2024-08-31,97.53,Home
C0166,atrisk,INV01321,2024-08-05,95.34,Home
C0166,atrisk,INV01322,2024-08-15,51.9,Home
C0166,atrisk,INV01323,2024-06-29,45.23,Home
C0166,atrisk,INV01324,2024-05-19,79.73,Home
C0166,atrisk,INV01325,2024-07-27,72.36,Home
C0166,atrisk,INV01326,2024-07-20,36.31,Apparel
C0167,lost,INV01327,2023-11-03,50.12,Electronics
C0168,loyal,INV01328,2024-11-21,261.03,Apparel
C0168,loyal,INV01329,2024-10-13,249.72,Beauty
C0168,loyal,INV01330,2024-11-03,323.02,Apparel
C0168,loyal,INV01331,2024-10-04,366.17,Beauty
C0168,loyal,INV01332,2024-07-04,230.6,Sports
C0168,loyal,INV01333,2024-09-12,114.98,Apparel
C0168,loyal,INV01334,2024-06-24,220.53,Beauty
C0168,loyal,INV01335,2024-08-08,254.45,Apparel
C0168,loyal,INV01336,2024-01-22,355.12,Home
C0168,loyal,INV01337,2024-05-25,254.57,Home
C0168,loyal,INV01338,2023-11-07,178.59,Home
C0168,loyal,INV01339,2024-09-05,312.2,Apparel
C0168,loyal,INV01340,2024-08-29,343.74,Beauty
C0168,loyal,INV01341,2024-04-27,236.83,Home
C0169,potential,INV01342,2024-10-26,82.59,Apparel
C0169,potential,INV01343,2024-10-15,77.32,Beauty
C0169,potential,INV01344,2024-10-08,89.5,Electronics
C0169,potential,INV01345,2024-07-13,82.59,Electronics
C0169,potential,INV01346,2024-07-06,78.65,Home
C0169,potential,INV01347,2024-05-14,93.26,Home
C0169,potential,INV01348,2024-08-09,48.58,Beauty
C0170,champion,INV01349,2024-12-22,313.53,Beauty
C0170,champion,INV01350,2024-12-08,266.61,Home
C0170,champion,INV01351,2024-11-04,326.34,Apparel
C0170,champion,INV01352,2024-11-28,312.46,Apparel
C0170,champion,INV01353,2024-10-31,71.25,Electronics
C0170,champion,INV01354,2024-07-25,314.43,Home
C0170,champion,INV01355,2024-11-10,248.14,Apparel
C0170,champion,INV01356,2024-09-08,303.23,Beauty
C0170,champion,INV01357,2024-07-23,231.99,Sports
C0170,champion,INV01358,2024-05-11,216.63,Home
C0170,champion,INV01359,2024-07-15,238.97,Sports
C0170,champion,INV01360,2024-04-13,162.36,Home
C0170,champion,INV01361,2024-07-19,398.96,Apparel
C0170,champion,INV01362,2023-11-02,151.99,Sports
C0170,champion,INV01363,2023-10-15,249.88,Beauty
C0170,champion,INV01364,2023-12-28,206.92,Electronics
C0170,champion,INV01365,2024-01-05,356.2,Apparel
C0170,champion,INV01366,2023-06-10,285.22,Beauty
C0170,champion,INV01367,2023-07-19,254.91,Electronics
C0170,champion,INV01368,2024-04-19,369.54,Home
C0170,champion,INV01369,2023-05-02,223.71,Apparel
C0170,champion,INV01370,2024-05-26,192.12,Sports
C0170,champion,INV01371,2023-04-16,238.1,Apparel
C0170,champion,INV01372,2023-12-20,107.57,Electronics
C0170,champion,INV01373,2024-04-02,349.73,Home
C0170,champion,INV01374,2023-12-13,243.5,Home
C0170,champion,INV01375,2023-01-20,242.09,Home
C0171,lost,INV01376,2024-01-19,28.99,Electronics
C0172,lost,INV01377,2023-09-17,55.91,Sports
C0172,lost,INV01378,2023-08-14,70.75,Apparel
C0173,atrisk,INV01379,2024-06-09,70.83,Home
C0173,atrisk,INV01380,2024-05-19,170.09,Electronics
C0173,atrisk,INV01381,2024-05-14,135.09,Beauty
C0173,atrisk,INV01382,2024-02-16,249.74,Apparel
C0173,atrisk,INV01383,2024-01-21,119.17,Apparel
C0173,atrisk,INV01384,2023-12-12,144.48,Sports
C0173,atrisk,INV01385,2024-01-05,94.35,Beauty
C0174,loyal,INV01386,2024-11-07,175.37,Home
C0174,loyal,INV01387,2024-10-27,198.65,Beauty
C0174,loyal,INV01388,2024-09-16,109.57,Home
C0174,loyal,INV01389,2024-09-05,146.62,Home
C0174,loyal,INV01390,2024-10-10,230.29,Electronics
C0174,loyal,INV01391,2024-08-14,187.48,Sports
C0174,loyal,INV01392,2024-09-08,171.29,Electronics
C0174,loyal,INV01393,2024-03-07,234.24,Apparel
C0175,lost,INV01394,2023-06-18,10.0,Apparel
C0176,champion,INV01395,2024-12-20,227.47,Electronics
C0176,champion,INV01396,2024-12-02,242.18,Home
C0176,champion,INV01397,2024-11-10,418.42,Beauty
C0176,champion,INV01398,2024-08-25,288.45,Electronics
C0176,champion,INV01399,2024-08-18,277.69,Electronics
C0176,champion,INV01400,2024-10-26,322.7,Sports
C0176,champion,INV01401,2024-06-23,269.45,Home
C0176,champion,INV01402,2024-07-12,180.91,Apparel
C0176,champion,INV01403,2024-03-15,304.92,Sports
C0176,champion,INV01404,2024-07-02,236.75,Apparel
C0176,champion,INV01405,2024-07-03,160.23,Electronics
C0176,champion,INV01406,2024-02-16,463.31,Home
C0176,champion,INV01407,2024-04-24,239.76,Home
C0176,champion,INV01408,2024-07-30,432.41,Home
C0176,champion,INV01409,2024-03-01,194.57,Electronics
C0177,potential,INV01410,2024-09-24,102.51,Electronics
C0177,potential,INV01411,2024-08-26,96.83,Electronics
C0177,potential,INV01412,2024-08-09,121.59,Electronics
C0177,potential,INV01413,2024-08-07,102.52,Beauty
C0177,potential,INV01414,2024-08-15,147.79,Sports
C0177,potential,INV01415,2024-04-02,193.45,Sports
C0177,potential,INV01416,2024-02-03,110.21,Electronics
C0178,lost,INV01417,2024-02-24,49.37,Sports
C0179,loyal,INV01418,2024-10-30,116.33,Home
C0179,loyal,INV01419,2024-10-20,178.21,Electronics
C0179,loyal,INV01420,2024-10-16,112.65,Electronics
C0179,loyal,INV01421,2024-09-09,282.59,Beauty
C0179,loyal,INV01422,2024-06-28,76.69,Sports
C0179,loyal,INV01423,2024-09-25,221.18,Sports
C0179,loyal,INV01424,2024-03-22,155.79,Home
C0180,atrisk,INV01425,2024-04-10,56.53,Electronics
C0180,atrisk,INV01426,2024-04-02,128.79,Sports
C0180,atrisk,INV01427,2024-02-18,66.72,Sports
C0180,atrisk,INV01428,2023-12-21,102.6,Home
C0180,atrisk,INV01429,2023-11-26,124.99,Electronics
C0180,atrisk,INV01430,2023-12-27,81.77,Electronics
C0180,atrisk,INV01431,2023-09-25,95.85,Electronics
C0180,atrisk,INV01432,2023-08-02,53.55,Beauty
C0180,atrisk,INV01433,2023-08-22,27.08,Sports
C0181,lost,INV01434,2023-12-04,49.09,Beauty
C0181,lost,INV01435,2023-11-24,48.52,Electronics
C0182,atrisk,INV01436,2024-05-03,165.15,Home
C0182,atrisk,INV01437,2024-03-27,107.98,Apparel
C0182,atrisk,INV01438,2024-04-13,196.45,Electronics
C0182,atrisk,INV01439,2024-03-31,168.36,Apparel
C0182,atrisk,INV01440,2023-12-19,151.1,Beauty
C0182,atrisk,INV01441,2023-10-21,98.36,Beauty
C0182,atrisk,INV01442,2024-01-28,145.0,Home
C0183,loyal,INV01443,2024-10-24,116.2,Apparel
C0183,loyal,INV01444,2024-10-15,150.27,Beauty
C0183,loyal,INV01445,2024-08-25,139.19,Apparel
C0183,loyal,INV01446,2024-07-29,128.8,Electronics
C0183,loyal,INV01447,2024-08-09,172.71,Home
C0183,loyal,INV01448,2024-04-22,131.19,Sports
C0183,loyal,INV01449,2024-03-28,141.94,Electronics
C0184,lost,INV01450,2024-04-20,32.68,Electronics
C0185,potential,INV01451,2024-10-27,88.27,Electronics
C0185,potential,INV01452,2024-09-21,57.58,Electronics
C0185,potential,INV01453,2024-09-07,41.0,Sports
C0186,lost,INV01454,2023-09-07,86.41,Home
C0186,lost,INV01455,2023-08-11,76.5,Apparel
C0187,champion,INV01456,2024-12-17,236.28,Home
C0187,champion,INV01457,2024-11-21,375.74,Apparel
C0187,champion,INV01458,2024-10-16,329.11,Apparel
C0187,champion,INV01459,2024-10-18,213.99,Apparel
C0187,champion,INV01460,2024-08-19,311.66,Home
C0187,champion,INV01461,2024-06-15,168.93,Beauty
C0187,champion,INV01462,2024-10-06,169.96,Home
C0187,champion,INV01463,2024-08-06,177.81,Electronics
C0187,champion,INV01464,2024-08-19,243.44,Beauty
C0187,champion,INV01465,2024-02-15,319.96,Apparel
C0187,champion,INV01466,2024-01-02,197.85,Home
C0187,champion,INV01467,2024-08-07,361.71,Apparel
C0187,champion,INV01468,2024-02-09,216.48,Beauty
C0187,champion,INV01469,2024-08-22,159.0,Apparel
C0187,champion,INV01470,2023-07-04,111.45,Beauty
C0187,champion,INV01471,2024-01-22,160.52,Beauty
C0187,champion,INV01472,2023-08-09,145.27,Electronics
C0187,champion,INV01473,2023-11-22,305.39,Apparel
C0187,champion,INV01474,2024-07-08,176.06,Home
C0187,champion,INV01475,2024-01-29,310.49,Home
C0187,champion,INV01476,2022-10-29,204.12,Beauty
C0187,champion,INV01477,2023-12-05,194.11,Beauty
C0187,champion,INV01478,2024-06-02,293.87,Electronics
C0187,champion,INV01479,2024-01-07,189.63,Home
C0187,champion,INV01480,2023-12-23,336.4,Electronics
C0187,champion,INV01481,2022-11-28,316.47,Electronics
C0187,champion,INV01482,2024-05-23,242.71,Electronics
C0187,champion,INV01483,2023-03-10,194.07,Apparel
C0188,lost,INV01484,2023-09-24,49.52,Electronics
C0189,atrisk,INV01485,2024-08-23,219.86,Apparel
C0189,atrisk,INV01486,2024-07-15,156.72,Apparel
C0189,atrisk,INV01487,2024-07-18,148.59,Electronics
C0189,atrisk,INV01488,2024-07-12,111.23,Electronics
C0189,atrisk,INV01489,2024-03-28,186.99,Electronics
C0189,atrisk,INV01490,2024-02-25,99.16,Electronics
C0189,atrisk,INV01491,2024-01-08,155.47,Sports
C0189,atrisk,INV01492,2023-11-24,101.48,Apparel
C0189,atrisk,INV01493,2024-01-12,125.78,Sports
C0190,champion,INV01494,2024-12-19,157.45,Beauty
C0190,champion,INV01495,2024-12-12,466.65,Electronics
C0190,champion,INV01496,2024-10-04,223.78,Beauty
C0190,champion,INV01497,2024-11-07,247.27,Electronics
C0190,champion,INV01498,2024-11-13,294.94,Home
C0190,champion,INV01499,2024-06-17,319.74,Apparel
C0190,champion,INV01500,2024-06-22,165.15,Beauty
C0190,champion,INV01501,2024-03-21,286.26,Home
C0190,champion,INV01502,2024-03-30,326.93,Beauty
C0190,champion,INV01503,2024-07-01,259.5,Apparel
C0190,champion,INV01504,2023-11-25,235.76,Beauty
C0190,champion,INV01505,2024-01-02,297.84,Home
C0190,champion,INV01506,2024-09-14,366.42,Apparel
C0190,champion,INV01507,2024-09-06,304.68,Electronics
C0190,champion,INV01508,2023-10-26,300.68,Apparel
C0190,champion,INV01509,2023-12-10,344.79,Beauty
C0190,champion,INV01510,2024-04-07,334.47,Electronics
C0190,champion,INV01511,2023-08-14,408.35,Electronics
C0190,champion,INV01512,2023-12-07,212.78,Home
C0190,champion,INV01513,2023-07-06,368.33,Sports
C0190,champion,INV01514,2023-04-29,224.36,Apparel
C0190,champion,INV01515,2024-06-13,207.7,Home
C0190,champion,INV01516,2024-01-02,428.38,Sports
C0190,champion,INV01517,2024-07-11,221.02,Sports
C0190,champion,INV01518,2023-02-16,343.39,Electronics
C0190,champion,INV01519,2022-10-11,337.78,Electronics
C0190,champion,INV01520,2024-06-20,450.86,Electronics
C0190,champion,INV01521,2024-04-20,169.46,Electronics
C0191,atrisk,INV01522,2024-04-22,99.58,Electronics
C0191,atrisk,INV01523,2024-04-03,138.61,Home
C0191,atrisk,INV01524,2024-03-29,85.59,Home
C0191,atrisk,INV01525,2024-01-20,87.08,Apparel
C0192,loyal,INV01526,2024-10-08,229.97,Sports
C0192,loyal,INV01527,2024-09-28,104.91,Apparel
C0192,loyal,INV01528,2024-09-16,162.54,Apparel
C0192,loyal,INV01529,2024-08-24,194.03,Sports
C0192,loyal,INV01530,2024-07-20,94.44,Electronics
C0192,loyal,INV01531,2024-06-10,172.45,Electronics
C0192,loyal,INV01532,2024-07-04,177.17,Electronics
C0193,potential,INV01533,2024-09-23,85.35,Electronics
C0193,potential,INV01534,2024-08-17,123.58,Electronics
C0193,potential,INV01535,2024-07-09,110.57,Home
C0193,potential,INV01536,2024-08-21,49.71,Apparel
C0193,potential,INV01537,2024-07-17,140.2,Home
C0194,potential,INV01538,2024-11-20,135.04,Home
C0194,potential,INV01539,2024-11-05,146.08,Home
C0194,potential,INV01540,2024-10-13,122.21,Beauty
C0194,potential,INV01541,2024-07-26,122.42,Electronics
C0194,potential,INV01542,2024-10-23,167.45,Apparel
C0195,champion,INV01543,2024-12-30,297.92,Electronics
C0195,champion,INV01544,2024-11-25,164.01,Apparel
C0195,champion,INV01545,2024-11-22,244.65,Home
C0195,champion,INV01546,2024-09-13,359.26,Apparel
C0195,champion,INV01547,2024-08-04,535.6,Beauty
C0195,champion,INV01548,2024-08-07,362.31,Sports
C0195,champion,INV01549,2024-09-07,207.81,Apparel
C0195,champion,INV01550,2024-09-02,423.67,Home
C0195,champion,INV01551,2024-09-01,264.26,Electronics
C0195,champion,INV01552,2024-01-23,349.21,Electronics
C0195,champion,INV01553,2024-01-15,414.23,Electronics
C0195,champion,INV01554,2023-10-28,218.48,Beauty
C0195,champion,INV01555,2024-07-15,434.64,Electronics
C0196,lost,INV01556,2023-05-26,86.51,Sports
C0196,lost,INV01557,2023-05-10,65.94,Beauty
C0196,lost,INV01558,2023-05-12,113.37,Apparel
C0197,lost,INV01559,2023-12-21,58.7,Sports
C0197,lost,INV01560,2023-12-01,85.28,Home
C0197,lost,INV01561,2023-11-07,43.08,Home
C0198,potential,INV01562,2024-11-28,134.92,Beauty
C0198,potential,INV01563,2024-11-12,115.6,Electronics
C0198,potential,INV01564,2024-10-15,143.38,Apparel
C0198,potential,INV01565,2024-08-30,114.78,Electronics
C0198,potential,INV01566,2024-08-24,177.66,Apparel
C0198,potential,INV01567,2024-07-21,170.11,Home
C0199,potential,INV01568,2024-10-20,83.57,Apparel
C0199,potential,INV01569,2024-09-12,83.57,Home
C0199,potential,INV01570,2024-08-27,63.56,Beauty
C0199,potential,INV01571,2024-08-27,69.83,Apparel
C0199,potential,INV01572,2024-08-29,68.45,Beauty
C0199,potential,INV01573,2024-06-22,30.92,Electronics
C0200,atrisk,INV01574,2024-07-03,176.64,Apparel
C0200,atrisk,INV01575,2024-06-07,86.43,Beauty
C0200,atrisk,INV01576,2024-05-26,226.1,Apparel
C0200,atrisk,INV01577,2024-06-12,177.72,Electronics
C0201,potential,INV01578,2024-11-09,99.32,Apparel
C0201,potential,INV01579,2024-10-15,92.01,Home
C0201,potential,INV01580,2024-09-30,73.47,Home
C0201,potential,INV01581,2024-07-27,118.75,Home
C0201,potential,INV01582,2024-07-24,104.43,Electronics
C0202,potential,INV01583,2024-12-01,79.95,Beauty
C0202,potential,INV01584,2024-11-06,72.47,Beauty
C0202,potential,INV01585,2024-10-22,86.4,Apparel
C0202,potential,INV01586,2024-09-26,61.92,Apparel
C0202,potential,INV01587,2024-10-06,113.12,Beauty
C0203,potential,INV01588,2024-09-21,81.49,Home
C0203,potential,INV01589,2024-08-30,93.0,Apparel
C0203,potential,INV01590,2024-08-08,128.37,Home
C0203,potential,INV01591,2024-06-17,108.29,Beauty
C0204,loyal,INV01592,2024-10-05,77.25,Home
C0204,loyal,INV01593,2024-09-28,125.24,Sports
C0204,loyal,INV01594,2024-08-14,51.49,Home
C0204,loyal,INV01595,2024-09-14,85.11,Apparel
C0204,loyal,INV01596,2024-07-21,147.37,Sports
C0204,loyal,INV01597,2024-05-28,171.05,Apparel
C0204,loyal,INV01598,2024-03-03,139.87,Home
C0204,loyal,INV01599,2024-01-06,86.8,Home
C0204,loyal,INV01600,2024-08-02,151.87,Apparel
C0204,loyal,INV01601,2024-06-19,97.2,Electronics
C0204,loyal,INV01602,2024-01-29,158.15,Sports
C0204,loyal,INV01603,2024-02-06,127.75,Beauty
C0204,loyal,INV01604,2023-07-07,165.4,Sports
C0205,lost,INV01605,2024-02-15,44.74,Home
C0206,potential,INV01606,2024-11-05,108.57,Apparel
C0206,potential,INV01607,2024-10-08,135.77,Apparel
C0206,potential,INV01608,2024-08-25,123.75,Sports
C0207,champion,INV01609,2024-12-17,401.43,Beauty
C0207,champion,INV01610,2024-11-14,465.59,Sports
C0207,champion,INV01611,2024-10-14,203.96,Sports
C0207,champion,INV01612,2024-11-17,203.42,Sports
C0207,champion,INV01613,2024-08-03,259.36,Beauty
C0207,champion,INV01614,2024-11-07,297.56,Apparel
C0207,champion,INV01615,2024-06-14,552.97,Electronics
C0207,champion,INV01616,2024-07-16,549.66,Apparel
C0207,champion,INV01617,2024-06-24,314.26,Beauty
C0207,champion,INV01618,2024-09-27,250.34,Beauty
C0207,champion,INV01619,2024-10-08,387.28,Sports
C0207,champion,INV01620,2024-03-28,397.7,Beauty
C0207,champion,INV01621,2023-11-29,429.85,Home
C0207,champion,INV01622,2024-06-18,245.71,Electronics
C0207,champion,INV01623,2024-04-09,68.95,Home
C0207,champion,INV01624,2023-12-08,373.85,Beauty
C0207,champion,INV01625,2024-06-08,498.7,Beauty
C0207,champion,INV01626,2023-10-02,139.82,Home
C0207,champion,INV01627,2024-02-15,334.42,Beauty
C0207,champion,INV01628,2023-03-12,411.59,Home
C0207,champion,INV01629,2023-04-27,178.46,Apparel
C0207,champion,INV01630,2024-03-19,208.49,Apparel
C0207,champion,INV01631,2023-05-03,284.37,Home
C0207,champion,INV01632,2022-10-27,631.82,Home
C0207,champion,INV01633,2022-05-26,299.81,Beauty
C0207,champion,INV01634,2023-12-08,374.41,Beauty
C0207,champion,INV01635,2023-06-20,307.3,Electronics
C0208,champion,INV01636,2024-12-25,287.47,Electronics
C0208,champion,INV01637,2024-12-06,417.86,Apparel
C0208,champion,INV01638,2024-11-01,255.79,Home
C0208,champion,INV01639,2024-09-08,439.61,Electronics
C0208,champion,INV01640,2024-08-07,396.72,Sports
C0208,champion,INV01641,2024-07-28,492.74,Electronics
C0208,champion,INV01642,2024-08-03,425.47,Beauty
C0208,champion,INV01643,2024-08-14,148.81,Sports
C0208,champion,INV01644,2024-07-26,331.08,Electronics
C0208,champion,INV01645,2024-03-30,351.84,Home
C0208,champion,INV01646,2024-08-27,289.09,Sports
C0208,champion,INV01647,2024-04-05,532.46,Beauty
C0209,potential,INV01648,2024-09-27,53.33,Beauty
C0209,potential,INV01649,2024-09-16,111.85,Beauty
C0209,potential,INV01650,2024-07-13,86.43,Electronics
C0210,champion,INV01651,2024-12-07,243.31,Sports
C0210,champion,INV01652,2024-11-24,552.69,Beauty
C0210,champion,INV01653,2024-10-18,397.71,Electronics
C0210,champion,INV01654,2024-09-17,634.18,Apparel
C0210,champion,INV01655,2024-07-12,430.15,Home
C0210,champion,INV01656,2024-06-25,552.71,Beauty
C0210,champion,INV01657,2024-07-10,296.37,Home
C0210,champion,INV01658,2024-06-29,287.9,Electronics
C0210,champion,INV01659,2024-05-13,293.05,Home
C0210,champion,INV01660,2024-05-05,647.5,Apparel
C0210,champion,INV01661,2023-11-23,343.01,Home
C0210,champion,INV01662,2024-02-25,524.03,Sports
C0210,champion,INV01663,2024-03-30,594.21,Apparel
C0210,champion,INV01664,2023-09-22,526.46,Apparel
C0210,champion,INV01665,2024-02-17,417.12,Home
C0210,champion,INV01666,2023-10-14,468.46,Beauty
C0210,champion,INV01667,2024-04-11,227.48,Beauty
C0210,champion,INV01668,2023-06-29,251.06,Electronics
C0210,champion,INV01669,2024-06-28,135.57,Apparel
C0210,champion,INV01670,2023-08-01,340.6,Electronics
C0210,champion,INV01671,2022-12-18,363.53,Electronics
C0210,champion,INV01672,2022-12-03,365.69,Home
C0210,champion,INV01673,2023-07-20,416.76,Sports
C0210,champion,INV01674,2024-05-14,387.96,Home
C0211,atrisk,INV01675,2024-04-06,94.52,Sports
C0211,atrisk,INV01676,2024-03-14,98.45,Home
C0211,atrisk,INV01677,2024-01-21,159.01,Electronics
C0211,atrisk,INV01678,2023-12-26,93.28,Apparel
C0211,atrisk,INV01679,2024-02-14,114.7,Home
C0211,atrisk,INV01680,2024-01-07,190.52,Electronics
C0212,champion,INV01681,2024-12-27,73.74,Apparel
C0212,champion,INV01682,2024-11-22,204.02,Home
C0212,champion,INV01683,2024-12-09,239.99,Electronics
C0212,champion,INV01684,2024-12-03,245.97,Home
C0212,champion,INV01685,2024-08-21,270.57,Electronics
C0212,champion,INV01686,2024-09-13,226.78,Electronics
C0212,champion,INV01687,2024-10-22,309.94,Apparel
C0212,champion,INV01688,2024-11-08,275.33,Electronics
C0212,champion,INV01689,2024-03-22,144.58,Home
C0212,champion,INV01690,2024-01-20,174.64,Electronics
C0212,champion,INV01691,2024-02-21,271.95,Home
C0212,champion,INV01692,2024-08-06,168.78,Home
C0212,champion,INV01693,2024-10-04,164.18,Apparel
C0212,champion,INV01694,2024-06-15,214.52,Electronics
C0212,champion,INV01695,2023-08-25,176.34,Sports
C0212,champion,INV01696,2023-05-22,171.81,Beauty
C0212,champion,INV01697,2023-10-22,117.88,Electronics
C0212,champion,INV01698,2023-10-29,269.3,Beauty
C0212,champion,INV01699,2023-07-24,264.52,Home
C0212,champion,INV01700,2023-12-13,264.21,Electronics
C0212,champion,INV01701,2024-08-09,125.55,Apparel
C0213,champion,INV01702,2024-12-28,245.38,Electronics
C0213,champion,INV01703,2024-11-21,443.2,Apparel
C0213,champion,INV01704,2024-12-06,389.77,Sports
C0213,champion,INV01705,2024-12-01,460.18,Apparel
C0213,champion,INV01706,2024-10-01,409.59,Electronics
C0213,champion,INV01707,2024-09-24,10.0,Sports
C0213,champion,INV01708,2024-07-31,374.64,Electronics
C0213,champion,INV01709,2024-05-11,403.25,Beauty
C0213,champion,INV01710,2024-06-11,442.47,Apparel
C0213,champion,INV01711,2024-10-26,525.84,Electronics
C0213,champion,INV01712,2024-07-11,331.27,Home
C0213,champion,INV01713,2023-12-20,377.04,Apparel
C0213,champion,INV01714,2023-12-10,529.54,Sports
C0213,champion,INV01715,2023-09-04,331.69,Home
C0213,champion,INV01716,2023-11-18,374.43,Apparel
C0213,champion,INV01717,2023-08-06,470.28,Apparel
C0213,champion,INV01718,2024-06-03,447.39,Sports
C0213,champion,INV01719,2024-02-09,23.46,Apparel
C0213,champion,INV01720,2023-11-28,468.08,Sports
C0213,champion,INV01721,2023-01-25,467.7,Apparel
C0213,champion,INV01722,2023-07-07,554.71,Sports
C0213,champion,INV01723,2024-01-06,596.02,Apparel
C0213,champion,INV01724,2023-04-22,478.41,Sports
C0214,champion,INV01725,2024-12-15,251.73,Sports
C0214,champion,INV01726,2024-11-21,538.38,Home
C0214,champion,INV01727,2024-11-13,268.92,Electronics
C0214,champion,INV01728,2024-10-28,344.64,Electronics
C0214,champion,INV01729,2024-10-04,249.91,Electronics
C0214,champion,INV01730,2024-06-08,311.7,Home
C0214,champion,INV01731,2024-08-17,422.35,Home
C0214,champion,INV01732,2024-03-17,330.85,Electronics
C0214,champion,INV01733,2024-04-03,323.01,Home
C0214,champion,INV01734,2024-04-16,375.22,Electronics
C0214,champion,INV01735,2024-01-30,258.96,Beauty
C0214,champion,INV01736,2024-09-18,303.62,Apparel
C0214,champion,INV01737,2024-01-14,302.66,Electronics
C0214,champion,INV01738,2023-09-04,263.14,Apparel
C0214,champion,INV01739,2023-07-02,340.99,Apparel
C0214,champion,INV01740,2024-07-18,366.28,Electronics
C0214,champion,INV01741,2024-01-30,547.64,Sports
C0214,champion,INV01742,2024-07-15,157.01,Apparel
C0214,champion,INV01743,2024-03-20,264.71,Electronics
C0214,champion,INV01744,2024-01-27,510.33,Apparel
C0214,champion,INV01745,2023-01-15,312.6,Beauty
C0214,champion,INV01746,2022-12-11,300.87,Electronics
C0214,champion,INV01747,2022-12-20,119.17,Apparel
C0215,lost,INV01748,2023-09-10,48.17,Home
C0215,lost,INV01749,2023-08-25,46.93,Electronics
C0215,lost,INV01750,2023-08-07,10.0,Beauty
C0216,atrisk,INV01751,2024-06-26,172.01,Electronics
C0216,atrisk,INV01752,2024-05-31,145.4,Apparel
C0216,atrisk,INV01753,2024-04-15,71.48,Beauty
C0216,atrisk,INV01754,2024-04-27,94.9,Home
C0217,lost,INV01755,2023-04-17,89.77,Apparel
C0217,lost,INV01756,2023-04-10,73.4,Electronics
C0218,lost,INV01757,2023-02-25,106.67,Sports
C0218,lost,INV01758,2023-01-31,88.39,Apparel
C0219,loyal,INV01759,2024-11-12,137.13,Home
C0219,loyal,INV01760,2024-10-16,90.49,Sports
C0219,loyal,INV01761,2024-09-07,85.52,Electronics
C0219,loyal,INV01762,2024-10-04,58.33,Beauty
C0219,loyal,INV01763,2024-06-25,111.86,Apparel
C0219,loyal,INV01764,2024-09-03,171.59,Home
C0219,loyal,INV01765,2024-04-04,144.63,Apparel
C0220,potential,INV01766,2024-10-08,110.36,Home
C0220,potential,INV01767,2024-09-03,91.22,Home
C0220,potential,INV01768,2024-07-28,109.59,Home
C0220,potential,INV01769,2024-07-01,128.26,Apparel
C0220,potential,INV01770,2024-05-25,134.5,Home
C0221,potential,INV01771,2024-09-23,71.82,Electronics
C0221,potential,INV01772,2024-08-27,106.19,Apparel
C0221,potential,INV01773,2024-08-14,63.93,Beauty
C0221,potential,INV01774,2024-06-01,64.26,Electronics
C0221,potential,INV01775,2024-08-14,71.53,Beauty
C0221,potential,INV01776,2024-04-26,87.96,Electronics
C0221,potential,INV01777,2024-07-31,95.28,Sports
C0222,loyal,INV01778,2024-11-16,152.79,Electronics
C0222,loyal,INV01779,2024-10-23,259.26,Electronics
C0222,loyal,INV01780,2024-08-30,212.21,Electronics
C0222,loyal,INV01781,2024-10-02,258.03,Apparel
C0222,loyal,INV01782,2024-08-16,181.04,Electronics
C0222,loyal,INV01783,2024-05-25,131.7,Electronics
C0222,loyal,INV01784,2024-10-05,188.65,Beauty
C0223,potential,INV01785,2024-10-18,133.3,Beauty
C0223,potential,INV01786,2024-09-29,97.59,Apparel
C0223,potential,INV01787,2024-08-11,95.17,Sports
C0223,potential,INV01788,2024-07-29,96.36,Sports
C0223,potential,INV01789,2024-09-20,96.98,Home
C0224,loyal,INV01790,2024-11-01,195.73,Home
C0224,loyal,INV01791,2024-10-01,225.18,Beauty
C0224,loyal,INV01792,2024-08-31,242.38,Home
C0224,loyal,INV01793,2024-07-10,90.4,Electronics
C0224,loyal,INV01794,2024-05-29,227.2,Electronics
C0224,loyal,INV01795,2024-09-12,167.1,Apparel
C0224,loyal,INV01796,2024-07-22,192.33,Home
C0224,loyal,INV01797,2024-07-26,161.49,Home
C0224,loyal,INV01798,2024-05-09,253.68,Sports
C0224,loyal,INV01799,2024-08-30,194.49,Apparel
C0225,champion,INV01800,2024-12-17,62.5,Electronics
C0225,champion,INV01801,2024-12-10,248.74,Home
C0225,champion,INV01802,2024-11-19,228.03,Electronics
C0225,champion,INV01803,2024-09-27,283.95,Apparel
C0225,champion,INV01804,2024-09-28,322.51,Home
C0225,champion,INV01805,2024-06-20,248.34,Sports
C0225,champion,INV01806,2024-07-14,201.52,Electronics
C0225,champion,INV01807,2024-08-20,195.4,Electronics
C0225,champion,INV01808,2024-05-23,246.39,Electronics
C0225,champion,INV01809,2024-10-06,278.42,Sports
C0225,champion,INV01810,2024-05-21,312.96,Home
C0225,champion,INV01811,2024-09-09,325.24,Beauty
C0225,champion,INV01812,2024-05-27,277.14,Sports
C0225,champion,INV01813,2024-03-19,392.76,Home
C0225,champion,INV01814,2024-03-12,250.9,Home
C0225,champion,INV01815,2024-07-05,258.23,Electronics
C0225,champion,INV01816,2024-04-05,337.69,Sports
C0225,champion,INV01817,2024-01-12,183.14,Apparel
C0225,champion,INV01818,2023-02-20,310.93,Home
C0225,champion,INV01819,2024-06-29,153.64,Apparel
C0226,atrisk,INV01820,2024-08-27,117.6,Apparel
C0226,atrisk,INV01821,2024-07-28,149.91,Electronics
C0226,atrisk,INV01822,2024-07-04,125.7,Home
C0226,atrisk,INV01823,2024-08-06,192.41,Electronics
C0226,atrisk,INV01824,2024-05-15,117.85,Apparel
C0226,atrisk,INV01825,2024-03-30,211.17,Home
C0226,atrisk,INV01826,2024-05-11,159.79,Electronics
C0227,atrisk,INV01827,2024-03-18,166.81,Sports
C0227,atrisk,INV01828,2024-03-11,85.8,Apparel
C0227,atrisk,INV01829,2024-02-01,140.31,Beauty
C0227,atrisk,INV01830,2023-12-13,174.6,Electronics
C0227,atrisk,INV01831,2024-01-26,236.04,Apparel
C0227,atrisk,INV01832,2023-09-15,272.19,Home
C0227,atrisk,INV01833,2023-08-03,139.73,Beauty
C0227,atrisk,INV01834,2023-06-26,120.63,Home
C0228,champion,INV01835,2024-12-23,120.81,Home
C0228,champion,INV01836,2024-12-02,314.33,Sports
C0228,champion,INV01837,2024-12-07,317.93,Beauty
C0228,champion,INV01838,2024-11-23,198.4,Electronics
C0228,champion,INV01839,2024-07-24,254.19,Home
C0228,champion,INV01840,2024-08-20,177.98,Beauty
C0228,champion,INV01841,2024-08-25,427.53,Home
C0228,champion,INV01842,2024-09-30,230.89,Sports
C0228,champion,INV01843,2024-04-11,211.2,Home
C0228,champion,INV01844,2024-07-23,270.19,Sports
C0228,champion,INV01845,2024-01-08,244.37,Sports
C0228,champion,INV01846,2023-12-26,274.31,Electronics
C0228,champion,INV01847,2024-02-03,276.51,Home
C0228,champion,INV01848,2024-05-16,173.29,Beauty
C0228,champion,INV01849,2024-05-27,338.99,Home
C0228,champion,INV01850,2024-02-27,294.71,Electronics
C0228,champion,INV01851,2023-09-16,401.36,Beauty
C0228,champion,INV01852,2024-03-26,295.94,Electronics
C0228,champion,INV01853,2023-04-03,287.95,Apparel
C0228,champion,INV01854,2024-01-16,368.72,Apparel
C0228,champion,INV01855,2023-05-03,297.98,Home
C0228,champion,INV01856,2024-06-17,247.29,Apparel
C0228,champion,INV01857,2023-12-15,327.07,Sports
C0228,champion,INV01858,2023-08-05,299.95,Electronics
C0228,champion,INV01859,2022-06-01,489.35,Electronics
C0228,champion,INV01860,2023-12-14,259.76,Beauty
C0229,loyal,INV01861,2024-10-24,160.18,Apparel
C0229,loyal,INV01862,2024-10-16,144.12,Apparel
C0229,loyal,INV01863,2024-09-22,99.8,Sports
C0229,loyal,INV01864,2024-07-08,165.63,Electronics
C0229,loyal,INV01865,2024-06-18,97.23,Beauty
C0229,loyal,INV01866,2024-06-16,109.93,Apparel
C0229,loyal,INV01867,2024-05-27,143.81,Home
C0229,loyal,INV01868,2024-03-14,73.1,Apparel
C0229,loyal,INV01869,2024-05-01,135.33,Home
C0229,loyal,INV01870,2024-07-08,156.05,Sports
C0229,loyal,INV01871,2024-03-08,151.09,Beauty
C0230,loyal,INV01872,2024-11-14,134.87,Home
C0230,loyal,INV01873,2024-10-22,200.41,Apparel
C0230,loyal,INV01874,2024-09-13,135.78,Home
C0230,loyal,INV01875,2024-10-24,265.33,Sports
C0230,loyal,INV01876,2024-09-11,208.04,Home
C0230,loyal,INV01877,2024-09-05,142.53,Electronics
C0230,loyal,INV01878,2024-07-17,100.17,Apparel
C0230,loyal,INV01879,2024-06-27,111.18,Beauty
C0230,loyal,INV01880,2024-06-23,105.43,Home
C0230,loyal,INV01881,2024-07-02,228.09,Electronics
C0230,loyal,INV01882,2024-02-28,201.07,Home
C0230,loyal,INV01883,2023-10-04,171.14,Apparel
C0231,atrisk,INV01884,2024-05-08,82.91,Electronics
C0231,atrisk,INV01885,2024-04-30,113.89,Apparel
C0231,atrisk,INV01886,2024-02-28,66.42,Home
C0231,atrisk,INV01887,2024-01-24,96.54,Beauty
C0231,atrisk,INV01888,2024-02-14,73.49,Sports
C0231,atrisk,INV01889,2024-03-14,92.37,Home
C0231,atrisk,INV01890,2024-02-20,105.02,Home
C0231,atrisk,INV01891,2024-02-28,99.96,Electronics
C0232,potential,INV01892,2024-09-07,84.36,Apparel
C0232,potential,INV01893,2024-08-01,84.36,Electronics
C0232,potential,INV01894,2024-06-21,107.37,Apparel
C0233,potential,INV01895,2024-11-30,99.63,Apparel
C0233,potential,INV01896,2024-11-12,73.92,Electronics
C0233,potential,INV01897,2024-10-31,102.55,Electronics
C0233,potential,INV01898,2024-08-29,93.3,Electronics
C0233,potential,INV01899,2024-09-07,91.81,Apparel
C0233,potential,INV01900,2024-07-28,132.6,Sports
C0233,potential,INV01901,2024-08-02,78.02,Sports
C0234,loyal,INV01902,2024-10-13,224.02,Home
C0234,loyal,INV01903,2024-09-06,157.21,Apparel
C0234,loyal,INV01904,2024-09-19,161.88,Electronics
C0234,loyal,INV01905,2024-08-17,181.02,Electronics
C0234,loyal,INV01906,2024-09-15,134.31,Home
C0234,loyal,INV01907,2024-09-08,107.68,Electronics
C0234,loyal,INV01908,2024-06-27,56.62,Apparel
C0234,loyal,INV01909,2024-02-25,123.02,Sports
C0234,loyal,INV01910,2023-12-14,148.41,Apparel
C0235,atrisk,INV01911,2024-07-02,224.85,Home
C0235,atrisk,INV01912,2024-06-13,171.52,Home
C0235,atrisk,INV01913,2024-05-05,157.77,Electronics
C0235,atrisk,INV01914,2024-06-08,160.26,Sports
C0235,atrisk,INV01915,2024-05-07,112.11,Home
C0235,atrisk,INV01916,2024-03-29,156.35,Sports
C0235,atrisk,INV01917,2024-04-15,25.35,Electronics
C0235,atrisk,INV01918,2024-01-30,166.45,Apparel
C0236,lost,INV01919,2023-11-28,27.95,Sports
C0237,lost,INV01920,2024-01-18,36.82,Sports
C0237,lost,INV01921,2023-12-22,36.16,Electronics
C0237,lost,INV01922,2023-11-19,59.74,Electronics
C0238,champion,INV01923,2024-12-24,326.34,Home
C0238,champion,INV01924,2024-11-26,235.64,Home
C0238,champion,INV01925,2024-11-14,471.92,Electronics
C0238,champion,INV01926,2024-10-19,315.43,Sports
C0238,champion,INV01927,2024-09-11,281.59,Home
C0238,champion,INV01928,2024-11-04,346.34,Sports
C0238,champion,INV01929,2024-07-15,281.7,Apparel
C0238,champion,INV01930,2024-10-22,346.05,Beauty
C0238,champion,INV01931,2024-04-28,410.15,Apparel
C0238,champion,INV01932,2024-08-29,309.27,Electronics
C0238,champion,INV01933,2024-04-18,363.76,Home
C0238,champion,INV01934,2023-11-02,240.66,Electronics
C0238,champion,INV01935,2024-06-15,384.25,Apparel
C0239,potential,INV01936,2024-10-13,140.06,Electronics
C0239,potential,INV01937,2024-09-04,180.86,Beauty
C0239,potential,INV01938,2024-08-20,94.48,Apparel
C0239,potential,INV01939,2024-07-18,115.92,Apparel
C0239,potential,INV01940,2024-08-18,101.96,Electronics
C0239,potential,INV01941,2024-07-10,138.79,Home
C0240,champion,INV01942,2024-12-13,207.34,Sports
C0240,champion,INV01943,2024-11-19,207.99,Electronics
C0240,champion,INV01944,2024-10-30,153.38,Electronics
C0240,champion,INV01945,2024-09-29,287.4,Sports
C0240,champion,INV01946,2024-08-15,146.29,Electronics
C0240,champion,INV01947,2024-07-21,347.46,Beauty
C0240,champion,INV01948,2024-07-28,271.6,Home
C0240,champion,INV01949,2024-04-05,157.16,Home
C0240,champion,INV01950,2024-07-30,130.08,Electronics
C0240,champion,INV01951,2024-02-11,243.05,Electronics
C0240,champion,INV01952,2024-09-04,113.59,Electronics
C0240,champion,INV01953,2024-03-24,212.19,Sports
C0240,champion,INV01954,2024-08-03,216.95,Sports
C0240,champion,INV01955,2023-09-15,215.16,Apparel
C0240,champion,INV01956,2024-07-12,231.24,Electronics
C0240,champion,INV01957,2024-05-02,167.17,Beauty
C0240,champion,INV01958,2024-07-06,198.21,Home
C0240,champion,INV01959,2023-08-25,160.42,Home
C0240,champion,INV01960,2024-05-11,263.99,Beauty
C0240,champion,INV01961,2023-06-11,151.01,Home
C0240,champion,INV01962,2024-01-08,253.23,Sports
C0240,champion,INV01963,2023-11-10,192.07,Home
C0240,champion,INV01964,2023-07-26,230.05,Sports
C0241,lost,INV01965,2023-08-02,40.47,Electronics
C0241,lost,INV01966,2023-07-11,76.83,Home
C0242,atrisk,INV01967,2024-05-04,72.72,Apparel
C0242,atrisk,INV01968,2024-04-19,68.37,Sports
C0242,atrisk,INV01969,2024-03-01,128.38,Electronics
C0242,atrisk,INV01970,2024-03-23,191.44,Sports
C0242,atrisk,INV01971,2024-02-10,164.04,Sports
C0242,atrisk,INV01972,2024-03-30,97.29,Apparel
C0242,atrisk,INV01973,2023-11-24,116.35,Sports
C0242,atrisk,INV01974,2023-11-11,74.93,Apparel
C0242,atrisk,INV01975,2023-11-26,63.63,Electronics
C0243,potential,INV01976,2024-10-25,105.67,Home
C0243,potential,INV01977,2024-09-24,192.9,Electronics
C0243,potential,INV01978,2024-10-07,121.86,Home
C0243,potential,INV01979,2024-08-29,82.29,Beauty
C0244,loyal,INV01980,2024-11-15,65.72,Electronics
C0244,loyal,INV01981,2024-10-08,116.42,Home
C0244,loyal,INV01982,2024-10-28,86.06,Electronics
C0244,loyal,INV01983,2024-07-27,198.06,Home
C0244,loyal,INV01984,2024-07-26,328.48,Beauty
C0244,loyal,INV01985,2024-10-06,159.59,Apparel
C0244,loyal,INV01986,2024-08-05,124.15,Electronics
C0244,loyal,INV01987,2024-08-09,152.87,Home
C0244,loyal,INV01988,2024-01-16,174.3,Apparel
C0244,loyal,INV01989,2024-05-01,61.52,Sports
C0244,loyal,INV01990,2024-05-09,182.41,Home
C0244,loyal,INV01991,2024-05-01,150.45,Beauty
C0244,loyal,INV01992,2023-09-10,130.14,Sports
C0244,loyal,INV01993,2023-10-22,162.47,Sports
C0245,champion,INV01994,2024-12-08,318.02,Electronics
C0245,champion,INV01995,2024-11-27,284.04,Home
C0245,champion,INV01996,2024-11-12,288.79,Apparel
C0245,champion,INV01997,2024-09-12,249.03,Home
C0245,champion,INV01998,2024-08-02,315.92,Sports
C0245,champion,INV01999,2024-07-11,187.15,Apparel
C0245,champion,INV02000,2024-04-30,260.12,Apparel
C0245,champion,INV02001,2024-05-05,314.68,Apparel
C0245,champion,INV02002,2024-03-27,285.02,Apparel
C0245,champion,INV02003,2024-01-19,117.12,Electronics
C0245,champion,INV02004,2024-06-01,251.04,Sports
C0245,champion,INV02005,2023-10-06,213.99,Electronics
C0245,champion,INV02006,2024-05-18,238.41,Sports
C0245,champion,INV02007,2024-02-26,278.06,Electronics
C0245,champion,INV02008,2024-01-21,153.83,Home
C0245,champion,INV02009,2023-08-31,240.05,Home
C0245,champion,INV02010,2023-06-29,258.72,Electronics
C0245,champion,INV02011,2023-10-10,210.72,Sports
C0245,champion,INV02012,2023-03-19,328.91,Apparel
C0245,champion,INV02013,2023-02-12,315.18,Home
C0245,champion,INV02014,2023-01-28,196.34,Home
C0245,champion,INV02015,2023-10-15,364.73,Home
C0245,champion,INV02016,2023-12-22,177.67,Home
C0245,champion,INV02017,2022-06-25,223.5,Home
C0245,champion,INV02018,2023-10-27,345.21,Electronics
C0246,lost,INV02019,2024-02-20,79.03,Apparel
C0247,lost,INV02020,2024-01-01,66.19,Home
C0248,lost,INV02021,2023-10-24,44.38,Apparel
C0248,lost,INV02022,2023-10-11,54.62,Beauty
C0248,lost,INV02023,2023-09-02,33.5,Electronics
C0249,lost,INV02024,2023-03-01,39.62,Sports
C0249,lost,INV02025,2023-01-30,83.67,Home
C0250,champion,INV02026,2024-12-18,473.68,Beauty
C0250,champion,INV02027,2024-12-05,369.07,Electronics
C0250,champion,INV02028,2024-10-15,350.94,Apparel
C0250,champion,INV02029,2024-09-25,256.92,Home
C0250,champion,INV02030,2024-10-31,237.43,Sports
C0250,champion,INV02031,2024-08-20,378.18,Home
C0250,champion,INV02032,2024-07-27,314.84,Electronics
C0250,champion,INV02033,2024-07-24,252.15,Sports
C0250,champion,INV02034,2024-07-27,334.09,Home
C0250,champion,INV02035,2024-05-07,223.7,Electronics
C0250,champion,INV02036,2024-01-23,331.93,Home
C0250,champion,INV02037,2024-07-17,137.08,Beauty
C0250,champion,INV02038,2024-09-01,306.26,Apparel
C0250,champion,INV02039,2024-06-06,234.67,Sports
C0250,champion,INV02040,2023-08-16,212.96,Electronics
C0250,champion,INV02041,2024-07-06,284.95,Electronics
C0250,champion,INV02042,2023-10-13,125.27,Home
C0250,champion,INV02043,2024-03-04,331.82,Sports
C0251,lost,INV02044,2023-02-14,27.17,Beauty
C0251,lost,INV02045,2023-02-02,48.03,Beauty
C0251,lost,INV02046,2023-01-23,39.02,Electronics
C0252,champion,INV02047,2024-12-07,152.66,Beauty
C0252,champion,INV02048,2024-11-14,258.37,Sports
C0252,champion,INV02049,2024-11-01,93.2,Beauty
C0252,champion,INV02050,2024-08-27,283.42,Apparel
C0252,champion,INV02051,2024-10-04,333.91,Sports
C0252,champion,INV02052,2024-10-03,316.83,Beauty
C0252,champion,INV02053,2024-09-14,138.74,Electronics
C0252,champion,INV02054,2024-03-23,183.81,Electronics
C0252,champion,INV02055,2024-07-08,82.12,Home
C0252,champion,INV02056,2024-06-01,195.47,Electronics
C0252,champion,INV02057,2024-06-20,127.75,Electronics
C0252,champion,INV02058,2024-07-17,210.72,Home
C0252,champion,INV02059,2024-06-22,215.2,Sports
C0252,champion,INV02060,2024-08-12,253.44,Sports
C0253,lost,INV02061,2023-06-12,40.34,Apparel
C0253,lost,INV02062,2023-05-18,56.24,Apparel
C0254,atrisk,INV02063,2024-05-06,54.53,Electronics
C0254,atrisk,INV02064,2024-04-24,184.1,Beauty
C0254,atrisk,INV02065,2024-04-08,217.19,Beauty
C0254,atrisk,INV02066,2024-03-07,143.53,Home
C0254,atrisk,INV02067,2024-01-11,120.33,Home
C0255,lost,INV02068,2023-09-18,48.52,Sports
C0256,atrisk,INV02069,2024-08-20,88.13,Home
C0256,atrisk,INV02070,2024-07-20,89.63,Electronics
C0256,atrisk,INV02071,2024-06-17,61.32,Home
C0256,atrisk,INV02072,2024-06-21,88.99,Apparel
C0256,atrisk,INV02073,2024-04-02,152.2,Electronics
C0256,atrisk,INV02074,2024-05-17,131.98,Apparel
C0256,atrisk,INV02075,2024-05-22,116.91,Electronics
C0257,lost,INV02076,2023-10-05,98.28,Home
C0257,lost,INV02077,2023-09-02,90.57,Electronics
C0257,lost,INV02078,2023-09-03,56.4,Apparel
C0258,atrisk,INV02079,2024-04-22,100.76,Home
C0258,atrisk,INV02080,2024-04-10,81.11,Beauty
C0258,atrisk,INV02081,2024-03-23,104.3,Electronics
C0258,atrisk,INV02082,2024-01-26,87.02,Apparel
C0258,atrisk,INV02083,2024-01-05,123.29,Sports
C0259,lost,INV02084,2023-07-31,40.29,Electronics
C0259,lost,INV02085,2023-06-25,45.48,Sports
C0260,champion,INV02086,2024-12-23,233.14,Sports
C0260,champion,INV02087,2024-11-29,154.84,Beauty
C0260,champion,INV02088,2024-10-10,133.65,Home
C0260,champion,INV02089,2024-09-30,319.27,Sports
C0260,champion,INV02090,2024-09-30,143.59,Electronics
C0260,champion,INV02091,2024-08-20,223.79,Electronics
C0260,champion,INV02092,2024-08-25,231.68,Apparel
C0260,champion,INV02093,2024-06-03,192.25,Home
C0260,champion,INV02094,2024-08-09,330.7,Electronics
C0260,champion,INV02095,2024-10-21,252.76,Beauty
C0260,champion,INV02096,2024-01-28,214.69,Beauty
C0260,champion,INV02097,2024-05-17,187.19,Home
C0260,champion,INV02098,2024-04-03,327.05,Electronics
C0260,champion,INV02099,2024-01-07,252.29,Electronics
C0260,champion,INV02100,2024-04-01,270.23,Apparel
C0260,champion,INV02101,2024-07-26,197.54,Beauty
C0260,champion,INV02102,2023-11-19,252.92,Electronics
C0260,champion,INV02103,2024-03-09,166.79,Apparel
C0260,champion,INV02104,2023-01-21,303.75,Apparel
C0260,champion,INV02105,2023-09-05,107.47,Beauty
C0261,atrisk,INV02106,2024-05-21,179.62,Home
C0261,atrisk,INV02107,2024-04-23,120.61,Sports
C0261,atrisk,INV02108,2024-04-03,210.19,Beauty
C0261,atrisk,INV02109,2024-02-09,169.23,Apparel
C0262,lost,INV02110,2023-09-07,35.02,Beauty
C0262,lost,INV02111,2023-08-20,53.6,Beauty
C0262,lost,INV02112,2023-07-07,48.32,Home
C0263,lost,INV02113,2023-07-16,51.11,Sports
C0263,lost,INV02114,2023-06-11,52.44,Home
C0263,lost,INV02115,2023-06-26,44.56,Beauty
C0264,champion,INV02116,2024-12-19,413.89,Beauty
C0264,champion,INV02117,2024-11-16,381.65,Apparel
C0264,champion,INV02118,2024-10-28,397.87,Electronics
C0264,champion,INV02119,2024-11-16,365.34,Home
C0264,champion,INV02120,2024-11-01,524.3,Electronics
C0264,champion,INV02121,2024-07-27,333.7,Electronics
C0264,champion,INV02122,2024-05-11,324.81,Home
C0264,champion,INV02123,2024-04-25,480.55,Beauty
C0264,champion,INV02124,2024-09-06,563.29,Electronics
C0264,champion,INV02125,2024-05-17,153.1,Electronics
C0264,champion,INV02126,2024-08-11,338.98,Apparel
C0264,champion,INV02127,2024-08-31,329.18,Apparel
C0264,champion,INV02128,2023-09-20,389.5,Beauty
C0264,champion,INV02129,2023-09-21,504.53,Home
C0264,champion,INV02130,2024-01-04,505.43,Electronics
C0264,champion,INV02131,2024-02-08,258.44,Home
C0264,champion,INV02132,2023-12-17,401.05,Apparel
C0264,champion,INV02133,2023-02-25,344.83,Beauty
C0264,champion,INV02134,2024-07-10,318.02,Home
C0264,champion,INV02135,2024-07-20,412.16,Beauty
C0264,champion,INV02136,2022-12-10,474.68,Home
C0264,champion,INV02137,2023-11-16,366.97,Home
C0265,potential,INV02138,2024-09-08,104.2,Apparel
C0265,potential,INV02139,2024-08-04,54.66,Beauty
C0265,potential,INV02140,2024-07-04,77.12,Sports
C0266,potential,INV02141,2024-11-24,78.35,Apparel
C0266,potential,INV02142,2024-11-13,98.67,Electronics
C0266,potential,INV02143,2024-10-25,63.41,Sports
C0266,potential,INV02144,2024-09-01,89.3,Home
C0266,potential,INV02145,2024-09-09,116.57,Sports
C0267,loyal,INV02146,2024-10-12,140.83,Apparel
C0267,loyal,INV02147,2024-10-04,94.72,Electronics
C0267,loyal,INV02148,2024-09-28,141.01,Electronics
C0267,loyal,INV02149,2024-09-21,109.86,Electronics
C0267,loyal,INV02150,2024-09-02,92.92,Beauty
C0267,loyal,INV02151,2024-04-15,135.94,Beauty
C0267,loyal,INV02152,2024-07-26,84.5,Beauty
C0267,loyal,INV02153,2024-01-20,157.05,Sports
C0267,loyal,INV02154,2024-04-27,73.0,Electronics
C0267,loyal,INV02155,2024-05-12,141.51,Sports
C0267,loyal,INV02156,2023-09-18,86.07,Electronics
C0268,potential,INV02157,2024-09-30,55.21,Home
C0268,potential,INV02158,2024-09-13,91.96,Beauty
C0268,potential,INV02159,2024-07-24,48.58,Sports
C0268,potential,INV02160,2024-06-29,69.75,Home
C0268,potential,INV02161,2024-07-24,84.69,Apparel
C0268,potential,INV02162,2024-06-17,85.97,Apparel
C0268,potential,INV02163,2024-04-21,89.46,Sports
C0269,lost,INV02164,2024-01-31,87.11,Sports
C0269,lost,INV02165,2024-01-09,70.75,Home
C0270,lost,INV02166,2023-07-19,39.6,Apparel
C0270,lost,INV02167,2023-07-03,113.26,Apparel
C0271,atrisk,INV02168,2024-05-19,179.33,Apparel
C0271,atrisk,INV02169,2024-05-08,164.08,Apparel
C0271,atrisk,INV02170,2024-03-14,178.39,Home
C0271,atrisk,INV02171,2024-03-08,261.81,Electronics
C0271,atrisk,INV02172,2024-02-17,210.16,Electronics
C0271,atrisk,INV02173,2023-12-26,130.0,Beauty
C0272,lost,INV02174,2023-12-07,53.33,Apparel
C0272,lost,INV02175,2023-11-02,34.08,Electronics
C0272,lost,INV02176,2023-10-26,55.25,Electronics
C0273,champion,INV02177,2024-12-02,277.33,Beauty
C0273,champion,INV02178,2024-11-11,475.85,Sports
C0273,champion,INV02179,2024-10-05,426.74,Sports
C0273,champion,INV02180,2024-08-16,331.4,Electronics
C0273,champion,INV02181,2024-07-03,565.58,Sports
C0273,champion,INV02182,2024-07-30,419.77,Home
C0273,champion,INV02183,2024-04-30,355.63,Sports
C0273,champion,INV02184,2024-04-01,401.05,Sports
C0273,champion,INV02185,2024-03-29,296.65,Home
C0273,champion,INV02186,2024-02-27,207.82,Electronics
C0273,champion,INV02187,2024-05-26,459.56,Beauty
C0273,champion,INV02188,2024-08-25,387.75,Home
C0273,champion,INV02189,2024-03-25,425.98,Beauty
C0273,champion,INV02190,2024-03-04,227.97,Apparel
C0273,champion,INV02191,2024-03-25,80.55,Home
C0273,champion,INV02192,2023-10-24,242.84,Electronics
C0274,potential,INV02193,2024-10-22,133.67,Electronics
C0274,potential,INV02194,2024-09-13,149.06,Apparel
C0274,potential,INV02195,2024-10-04,93.59,Sports
C0275,champion,INV02196,2024-12-03,446.77,Electronics
C0275,champion,INV02197,2024-11-06,327.2,Home
C0275,champion,INV02198,2024-11-19,285.02,Sports
C0275,champion,INV02199,2024-10-31,463.42,Apparel
C0275,champion,INV02200,2024-09-02,407.85,Home
C0275,champion,INV02201,2024-06-06,297.45,Home
C0275,champion,INV02202,2024-06-24,417.25,Apparel
C0275,champion,INV02203,2024-10-08,246.61,Beauty
C0275,champion,INV02204,2024-06-18,322.16,Apparel
C0275,champion,INV02205,2024-07-30,325.92,Sports
C0275,champion,INV02206,2023-12-09,266.6,Home
C0275,champion,INV02207,2024-04-27,412.62,Beauty
C0275,champion,INV02208,2023-08-23,338.26,Electronics
C0275,champion,INV02209,2023-11-09,452.23,Home
C0275,champion,INV02210,2024-08-13,478.8,Electronics
C0275,champion,INV02211,2023-04-28,342.37,Home
C0275,champion,INV02212,2023-10-14,442.94,Electronics
C0275,champion,INV02213,2024-08-06,397.37,Home
C0275,champion,INV02214,2024-05-19,365.3,Apparel
C0275,champion,INV02215,2023-12-08,373.73,Sports
C0276,loyal,INV02216,2024-10-20,157.03,Beauty
C0276,loyal,INV02217,2024-10-12,179.71,Home
C0276,loyal,INV02218,2024-08-19,56.6,Home
C0276,loyal,INV02219,2024-09-23,105.78,Home
C0276,loyal,INV02220,2024-05-25,116.64,Apparel
C0276,loyal,INV02221,2024-04-13,50.44,Home
C0276,loyal,INV02222,2024-04-29,146.84,Electronics
C0276,loyal,INV02223,2024-06-09,115.32,Home
C0276,loyal,INV02224,2023-12-29,208.77,Apparel
C0276,loyal,INV02225,2024-05-02,10.0,Electronics
C0276,loyal,INV02226,2024-08-11,120.94,Beauty
C0276,loyal,INV02227,2024-03-14,156.29,Electronics
C0276,loyal,INV02228,2023-10-26,167.33,Apparel
C0277,potential,INV02229,2024-09-28,177.67,Apparel
C0277,potential,INV02230,2024-09-09,161.31,Sports
C0277,potential,INV02231,2024-07-22,159.94,Electronics
C0277,potential,INV02232,2024-06-15,141.46,Sports
C0277,potential,INV02233,2024-06-20,68.24,Beauty
C0277,potential,INV02234,2024-04-01,141.95,Electronics
C0278,atrisk,INV02235,2024-07-30,105.74,Electronics
C0278,atrisk,INV02236,2024-07-16,158.95,Apparel
C0278,atrisk,INV02237,2024-06-24,244.88,Beauty
C0278,atrisk,INV02238,2024-04-19,128.11,Apparel
C0278,atrisk,INV02239,2024-03-12,197.54,Sports
C0279,loyal,INV02240,2024-12-11,123.88,Beauty
C0279,loyal,INV02241,2024-12-03,170.53,Apparel
C0279,loyal,INV02242,2024-09-28,169.79,Home
C0279,loyal,INV02243,2024-11-17,160.98,Electronics
C0279,loyal,INV02244,2024-08-01,150.24,Electronics
C0279,loyal,INV02245,2024-09-17,160.93,Sports
C0279,loyal,INV02246,2024-08-01,162.46,Beauty
C0279,loyal,INV02247,2024-10-16,88.34,Apparel
C0279,loyal,INV02248,2024-02-03,181.62,Electronics
C0279,loyal,INV02249,2024-09-12,120.17,Apparel
C0279,loyal,INV02250,2024-09-12,145.43,Electronics
C0280,atrisk,INV02251,2024-06-03,39.35,Sports
C0280,atrisk,INV02252,2024-05-01,110.65,Beauty
C0280,atrisk,INV02253,2024-04-06,235.33,Electronics
C0280,atrisk,INV02254,2024-02-19,173.47,Beauty
C0280,atrisk,INV02255,2024-04-20,262.65,Home
C0280,atrisk,INV02256,2023-12-31,203.48,Electronics
C0280,atrisk,INV02257,2024-03-23,237.27,Apparel
C0280,atrisk,INV02258,2023-10-16,200.87,Electronics
C0281,lost,INV02259,2023-12-17,70.85,Electronics
C0281,lost,INV02260,2023-11-09,67.48,Electronics
C0282,atrisk,INV02261,2024-04-06,107.7,Sports
C0282,atrisk,INV02262,2024-03-21,60.21,Beauty
C0282,atrisk,INV02263,2024-02-24,106.76,Home
C0282,atrisk,INV02264,2024-02-06,72.96,Apparel
C0282,atrisk,INV02265,2024-01-21,85.07,Apparel
C0282,atrisk,INV02266,2023-10-09,66.03,Electronics
C0282,atrisk,INV02267,2023-11-08,79.41,Apparel
C0282,atrisk,INV02268,2023-12-16,67.47,Sports
C0283,potential,INV02269,2024-09-14,125.67,Electronics
C0283,potential,INV02270,2024-08-06,151.07,Apparel
C0283,potential,INV02271,2024-07-16,142.16,Electronics
C0283,potential,INV02272,2024-06-13,133.87,Apparel
C0283,potential,INV02273,2024-07-28,102.16,Beauty
C0283,potential,INV02274,2024-05-27,86.44,Electronics
C0284,atrisk,INV02275,2024-05-28,89.41,Apparel
C0284,atrisk,INV02276,2024-04-20,108.16,Home
C0284,atrisk,INV02277,2024-04-20,30.71,Beauty
C0284,atrisk,INV02278,2024-04-16,120.09,Home
C0284,atrisk,INV02279,2024-04-06,84.62,Electronics
C0284,atrisk,INV02280,2024-01-14,84.85,Home
C0285,loyal,INV02281,2024-10-14,147.05,Home
C0285,loyal,INV02282,2024-10-06,151.17,Apparel
C0285,loyal,INV02283,2024-09-30,168.48,Home
C0285,loyal,INV02284,2024-09-17,174.93,Beauty
C0285,loyal,INV02285,2024-06-24,140.19,Home
C0285,loyal,INV02286,2024-08-10,67.71,Apparel
C0285,loyal,INV02287,2024-05-17,109.66,Apparel
C0285,loyal,INV02288,2024-02-12,132.57,Apparel
C0286,atrisk,INV02289,2024-05-11,158.54,Home
C0286,atrisk,INV02290,2024-04-08,141.82,Home
C0286,atrisk,INV02291,2024-04-05,91.64,Apparel
C0286,atrisk,INV02292,2024-04-14,181.57,Home
C0287,atrisk,INV02293,2024-03-19,84.42,Sports
C0287,atrisk,INV02294,2024-02-14,129.06,Beauty
C0287,atrisk,INV02295,2024-01-15,113.63,Home
C0287,atrisk,INV02296,2024-01-07,101.73,Apparel
C0287,atrisk,INV02297,2023-10-31,110.68,Sports
C0287,atrisk,INV02298,2023-10-06,128.17,Apparel
C0287,atrisk,INV02299,2023-11-26,46.08,Home
C0287,atrisk,INV02300,2023-08-15,174.38,Electronics
C0287,atrisk,INV02301,2023-12-22,122.65,Apparel
C0288,champion,INV02302,2024-12-19,305.84,Apparel
C0288,champion,INV02303,2024-11-18,323.56,Apparel
C0288,champion,INV02304,2024-10-16,128.57,Apparel
C0288,champion,INV02305,2024-11-01,350.82,Home
C0288,champion,INV02306,2024-07-16,321.87,Electronics
C0288,champion,INV02307,2024-08-06,371.71,Electronics
C0288,champion,INV02308,2024-07-04,352.02,Electronics
C0288,champion,INV02309,2024-05-09,246.98,Home
C0288,champion,INV02310,2024-02-19,392.73,Apparel
C0288,champion,INV02311,2024-05-26,368.19,Electronics
C0288,champion,INV02312,2024-08-11,301.28,Beauty
C0288,champion,INV02313,2024-04-10,337.32,Sports
C0288,champion,INV02314,2024-09-02,425.38,Home
C0288,champion,INV02315,2023-12-21,313.98,Home
C0288,champion,INV02316,2024-06-06,408.84,Apparel
C0288,champion,INV02317,2024-08-06,253.91,Sports
C0288,champion,INV02318,2023-12-17,328.93,Home
C0288,champion,INV02319,2023-10-21,279.03,Electronics
C0288,champion,INV02320,2023-05-05,434.65,Electronics
C0288,champion,INV02321,2023-07-06,273.9,Home
C0288,champion,INV02322,2023-01-19,358.05,Home
C0288,champion,INV02323,2024-02-29,336.86,Electronics
C0288,champion,INV02324,2023-12-11,238.08,Apparel
C0288,champion,INV02325,2023-08-24,391.12,Beauty
C0288,champion,INV02326,2023-01-23,327.98,Electronics
C0288,champion,INV02327,2024-06-27,204.62,Electronics
C0288,champion,INV02328,2023-06-22,301.78,Home
C0289,champion,INV02329,2024-12-21,250.12,Home
C0289,champion,INV02330,2024-12-06,486.92,Sports
C0289,champion,INV02331,2024-10-12,485.57,Apparel
C0289,champion,INV02332,2024-09-01,424.95,Apparel
C0289,champion,INV02333,2024-09-20,262.1,Beauty
C0289,champion,INV02334,2024-11-16,484.88,Apparel
C0289,champion,INV02335,2024-05-01,522.85,Home
C0289,champion,INV02336,2024-05-04,486.27,Apparel
C0289,champion,INV02337,2024-03-08,466.49,Electronics
C0289,champion,INV02338,2024-07-12,478.14,Electronics
C0289,champion,INV02339,2024-08-03,453.15,Home
C0289,champion,INV02340,2024-03-10,289.05,Home
C0289,champion,INV02341,2023-12-03,491.62,Beauty
C0289,champion,INV02342,2024-02-13,331.71,Electronics
C0289,champion,INV02343,2024-01-20,285.33,Apparel
C0289,champion,INV02344,2023-10-28,213.93,Apparel
C0290,loyal,INV02345,2024-12-16,275.13,Beauty
C0290,loyal,INV02346,2024-11-30,193.67,Electronics
C0290,loyal,INV02347,2024-11-28,139.68,Home
C0290,loyal,INV02348,2024-11-13,169.58,Apparel
C0290,loyal,INV02349,2024-08-10,222.39,Beauty
C0290,loyal,INV02350,2024-11-01,142.31,Home
C0290,loyal,INV02351,2024-05-26,143.14,Sports
C0291,lost,INV02352,2023-09-09,75.09,Home
C0291,lost,INV02353,2023-08-23,81.72,Electronics
C0291,lost,INV02354,2023-08-18,69.74,Electronics
C0292,potential,INV02355,2024-11-12,104.65,Sports
C0292,potential,INV02356,2024-11-03,52.59,Sports
C0292,potential,INV02357,2024-08-30,92.15,Home
C0292,potential,INV02358,2024-08-23,127.24,Sports
C0292,potential,INV02359,2024-09-17,120.53,Electronics
C0292,potential,INV02360,2024-06-05,106.64,Apparel
C0293,lost,INV02361,2023-11-06,73.68,Electronics
C0293,lost,INV02362,2023-10-18,58.21,Sports
C0294,loyal,INV02363,2024-11-08,175.56,Home
C0294,loyal,INV02364,2024-10-14,182.54,Electronics
C0294,loyal,INV02365,2024-08-24,155.7,Electronics
C0294,loyal,INV02366,2024-08-07,78.59,Apparel
C0294,loyal,INV02367,2024-09-17,160.88,Electronics
C0294,loyal,INV02368,2024-06-11,112.28,Electronics
C0294,loyal,INV02369,2024-04-12,90.35,Apparel
C0294,loyal,INV02370,2024-03-01,140.54,Beauty
C0294,loyal,INV02371,2024-02-10,169.83,Apparel
C0294,loyal,INV02372,2023-12-29,88.89,Electronics
C0294,loyal,INV02373,2024-04-22,118.34,Home
C0295,loyal,INV02374,2024-10-15,50.79,Home
C0295,loyal,INV02375,2024-10-03,112.46,Sports
C0295,loyal,INV02376,2024-08-20,122.05,Electronics
C0295,loyal,INV02377,2024-07-08,109.61,Home
C0295,loyal,INV02378,2024-07-11,136.13,Home
C0295,loyal,INV02379,2024-04-13,128.13,Beauty
C0295,loyal,INV02380,2024-04-30,146.1,Sports
C0295,loyal,INV02381,2024-01-16,140.99,Electronics
C0295,loyal,INV02382,2024-01-17,152.85,Sports
C0295,loyal,INV02383,2023-11-17,166.36,Sports
C0295,loyal,INV02384,2023-09-21,71.3,Sports
C0295,loyal,INV02385,2023-12-12,118.88,Electronics
C0296,lost,INV02386,2023-09-30,76.02,Home
C0296,lost,INV02387,2023-08-30,102.69,Home
C0297,potential,INV02388,2024-10-17,55.98,Electronics
C0297,potential,INV02389,2024-09-09,57.07,Beauty
C0297,potential,INV02390,2024-08-04,91.87,Apparel
C0297,potential,INV02391,2024-08-15,83.84,Apparel
C0297,potential,INV02392,2024-06-27,123.3,Apparel
C0297,potential,INV02393,2024-04-05,58.35,Apparel
C0298,potential,INV02394,2024-10-19,159.91,Apparel
C0298,potential,INV02395,2024-10-02,91.9,Home
C0298,potential,INV02396,2024-09-13,135.53,Electronics
C0298,potential,INV02397,2024-06-30,85.72,Home
C0299,atrisk,INV02398,2024-05-19,129.53,Electronics
C0299,atrisk,INV02399,2024-04-10,121.43,Beauty
C0299,atrisk,INV02400,2024-03-28,131.17,Home
C0299,atrisk,INV02401,2024-04-28,107.14,Home
C0299,atrisk,INV02402,2024-04-09,125.24,Beauty
C0299,atrisk,INV02403,2023-11-11,114.49,Home
C0300,loyal,INV02404,2024-11-18,167.51,Apparel
C0300,loyal,INV02405,2024-10-15,173.44,Beauty
C0300,loyal,INV02406,2024-10-13,191.37,Home
C0300,loyal,INV02407,2024-09-16,140.6,Home
C0300,loyal,INV02408,2024-06-19,80.43,Apparel
C0300,loyal,INV02409,2024-07-26,223.87,Apparel
C0300,loyal,INV02410,2024-07-21,157.28,Electronics
C0300,loyal,INV02411,2024-07-08,130.82,Home
C0301,champion,INV02412,2024-12-21,415.12,Electronics
C0301,champion,INV02413,2024-11-15,303.09,Home
C0301,champion,INV02414,2024-10-04,601.38,Home
C0301,champion,INV02415,2024-10-07,432.08,Beauty
C0301,champion,INV02416,2024-11-15,256.47,Electronics
C0301,champion,INV02417,2024-09-22,599.41,Home
C0301,champion,INV02418,2024-09-28,407.08,Beauty
C0301,champion,INV02419,2024-09-07,315.18,Beauty
C0301,champion,INV02420,2024-05-27,258.99,Apparel
C0301,champion,INV02421,2024-06-06,521.63,Apparel
C0301,champion,INV02422,2024-05-05,619.87,Electronics
C0301,champion,INV02423,2024-06-06,309.28,Sports
C0301,champion,INV02424,2024-07-30,446.7,Apparel
C0301,champion,INV02425,2023-11-01,416.28,Home
C0301,champion,INV02426,2023-07-22,472.88,Apparel
C0301,champion,INV02427,2023-07-15,463.21,Home
C0301,champion,INV02428,2024-02-21,317.87,Beauty
C0301,champion,INV02429,2023-07-13,368.05,Apparel
C0301,champion,INV02430,2024-03-08,219.07,Electronics
C0301,champion,INV02431,2024-05-07,286.49,Home
C0301,champion,INV02432,2023-04-11,297.62,Apparel
C0301,champion,INV02433,2023-06-03,367.9,Apparel
C0301,champion,INV02434,2024-07-20,365.32,Home
C0301,champion,INV02435,2023-12-19,402.39,Apparel
C0301,champion,INV02436,2023-07-12,249.08,Sports
C0302,potential,INV02437,2024-10-07,49.65,Beauty
C0302,potential,INV02438,2024-09-14,53.66,Electronics
C0302,potential,INV02439,2024-08-06,135.96,Beauty
C0302,potential,INV02440,2024-08-26,93.61,Electronics
C0303,loyal,INV02441,2024-10-21,152.53,Home
C0303,loyal,INV02442,2024-09-15,177.99,Sports
C0303,loyal,INV02443,2024-09-15,137.19,Beauty
C0303,loyal,INV02444,2024-07-05,97.63,Beauty
C0303,loyal,INV02445,2024-05-30,182.42,Beauty
C0303,loyal,INV02446,2024-09-16,167.27,Home
C0304,potential,INV02447,2024-10-26,118.79,Electronics
C0304,potential,INV02448,2024-10-12,91.18,Electronics
C0304,potential,INV02449,2024-08-25,85.54,Electronics
C0305,loyal,INV02450,2024-10-24,312.58,Electronics
C0305,loyal,INV02451,2024-09-26,132.02,Electronics
C0305,loyal,INV02452,2024-09-20,179.71,Electronics
C0305,loyal,INV02453,2024-08-22,225.1,Beauty
C0305,loyal,INV02454,2024-09-18,177.61,Beauty
C0305,loyal,INV02455,2024-04-17,174.44,Home
C0305,loyal,INV02456,2024-07-14,226.29,Electronics
C0305,loyal,INV02457,2024-07-25,216.82,Home
C0305,loyal,INV02458,2024-05-25,212.82,Electronics
C0305,loyal,INV02459,2024-03-04,232.02,Sports
C0305,loyal,INV02460,2024-01-08,255.81,Electronics
C0305,loyal,INV02461,2024-05-01,192.75,Beauty
C0305,loyal,INV02462,2023-07-14,215.41,Apparel
C0306,atrisk,INV02463,2024-08-01,146.19,Home
C0306,atrisk,INV02464,2024-06-28,179.23,Home
C0306,atrisk,INV02465,2024-05-31,152.82,Electronics
C0306,atrisk,INV02466,2024-07-08,140.67,Electronics
C0306,atrisk,INV02467,2024-03-14,215.81,Home
C0306,atrisk,INV02468,2024-01-24,175.75,Home
C0306,atrisk,INV02469,2023-12-11,166.39,Electronics
C0306,atrisk,INV02470,2024-02-08,217.53,Beauty
C0307,potential,INV02471,2024-11-07,101.92,Electronics
C0307,potential,INV02472,2024-10-22,118.98,Electronics
C0307,potential,INV02473,2024-09-28,133.2,Home
C0307,potential,INV02474,2024-10-14,87.83,Apparel
C0307,potential,INV02475,2024-10-02,83.35,Sports
C0307,potential,INV02476,2024-08-29,90.58,Home
C0307,potential,INV02477,2024-08-03,146.85,Electronics
C0308,lost,INV02478,2023-12-08,51.92,Sports
C0308,lost,INV02479,2023-11-08,83.6,Electronics
C0308,lost,INV02480,2023-11-16,48.97,Home
C0309,potential,INV02481,2024-10-30,105.31,Sports
C0309,potential,INV02482,2024-10-09,125.77,Home
C0309,potential,INV02483,2024-08-29,83.0,Beauty
C0309,potential,INV02484,2024-08-19,89.81,Apparel
C0310,loyal,INV02485,2024-12-10,97.85,Beauty
C0310,loyal,INV02486,2024-11-04,258.28,Home
C0310,loyal,INV02487,2024-10-03,174.11,Beauty
C0310,loyal,INV02488,2024-09-23,120.99,Beauty
C0310,loyal,INV02489,2024-10-19,218.86,Apparel
C0310,loyal,INV02490,2024-08-22,186.14,Home
C0310,loyal,INV02491,2024-09-05,213.03,Beauty
C0310,loyal,INV02492,2024-08-06,63.36,Electronics
C0310,loyal,INV02493,2024-04-30,216.71,Beauty
C0310,loyal,INV02494,2024-08-06,216.17,Electronics
C0310,loyal,INV02495,2024-05-14,122.93,Sports
C0310,loyal,INV02496,2024-02-28,175.74,Apparel
C0310,loyal,INV02497,2023-10-05,302.43,Sports
C0311,potential,INV02498,2024-09-11,31.05,Home
C0311,potential,INV02499,2024-08-14,102.96,Apparel
C0311,potential,INV02500,2024-08-26,96.61,Apparel
C0311,potential,INV02501,2024-07-01,74.42,Apparel
C0311,potential,INV02502,2024-06-27,87.18,Beauty
C0312,atrisk,INV02503,2024-07-08,150.95,Home
C0312,atrisk,INV02504,2024-06-17,132.08,Home
C0312,atrisk,INV02505,2024-05-21,94.0,Home
C0312,atrisk,INV02506,2024-04-27,75.59,Apparel
C0312,atrisk,INV02507,2024-04-11,85.03,Apparel
C0312,atrisk,INV02508,2024-05-24,138.38,Apparel
C0313,lost,INV02509,2023-05-27,118.83,Electronics
C0313,lost,INV02510,2023-05-18,35.3,Sports
C0313,lost,INV02511,2023-04-11,66.28,Beauty
C0314,loyal,INV02512,2024-10-04,244.58,Home
C0314,loyal,INV02513,2024-09-11,152.04,Apparel
C0314,loyal,INV02514,2024-09-20,186.88,Home
C0314,loyal,INV02515,2024-06-12,131.21,Electronics
C0314,loyal,INV02516,2024-08-29,277.49,Electronics
C0314,loyal,INV02517,2024-03-28,223.77,Home
C0314,loyal,INV02518,2024-02-19,260.23,Electronics
C0314,loyal,INV02519,2024-08-02,120.22,Home
C0314,loyal,INV02520,2023-12-29,239.83,Electronics
C0314,loyal,INV02521,2024-02-22,205.74,Beauty
C0314,loyal,INV02522,2024-03-18,144.82,Beauty
C0314,loyal,INV02523,2024-05-14,161.97,Home
C0314,loyal,INV02524,2023-09-28,197.8,Apparel
C0314,loyal,INV02525,2023-08-02,200.97,Apparel
C0315,champion,INV02526,2024-12-10,188.75,Electronics
C0315,champion,INV02527,2024-11-02,158.67,Beauty
C0315,champion,INV02528,2024-10-31,311.29,Apparel
C0315,champion,INV02529,2024-11-16,366.17,Sports
C0315,champion,INV02530,2024-08-16,238.61,Home
C0315,champion,INV02531,2024-07-18,252.61,Home
C0315,champion,INV02532,2024-07-01,138.38,Beauty
C0315,champion,INV02533,2024-09-24,196.92,Apparel
C0315,champion,INV02534,2024-05-08,187.72,Electronics
C0315,champion,INV02535,2024-01-12,205.27,Electronics
C0315,champion,INV02536,2024-04-14,286.95,Home
C0315,champion,INV02537,2024-06-06,214.91,Apparel
C0315,champion,INV02538,2024-07-07,246.35,Electronics
C0315,champion,INV02539,2023-08-30,229.72,Apparel
C0315,champion,INV02540,2024-04-30,218.88,Home
C0315,champion,INV02541,2023-06-04,372.78,Beauty
C0316,potential,INV02542,2024-10-24,183.83,Electronics
C0316,potential,INV02543,2024-10-07,154.61,Electronics
C0316,potential,INV02544,2024-09-08,144.48,Home
C0316,potential,INV02545,2024-09-24,95.12,Electronics
C0317,atrisk,INV02546,2024-03-16,201.24,Sports
C0317,atrisk,INV02547,2024-02-24,144.99,Apparel
C0317,atrisk,INV02548,2024-01-20,269.59,Apparel
C0317,atrisk,INV02549,2024-02-03,163.65,Electronics
C0317,atrisk,INV02550,2023-11-01,219.76,Beauty
C0317,atrisk,INV02551,2024-01-01,220.63,Apparel
C0317,atrisk,INV02552,2023-08-01,234.27,Home
C0318,atrisk,INV02553,2024-03-30,103.47,Electronics
C0318,atrisk,INV02554,2024-03-21,119.5,Beauty
C0318,atrisk,INV02555,2024-01-28,152.61,Electronics
C0318,atrisk,INV02556,2024-01-27,217.38,Apparel
C0318,atrisk,INV02557,2024-01-14,130.28,Sports
C0318,atrisk,INV02558,2023-09-27,160.59,Home
C0318,atrisk,INV02559,2023-12-01,177.63,Sports
C0319,atrisk,INV02560,2024-08-26,89.69,Apparel
C0319,atrisk,INV02561,2024-07-21,153.54,Sports
C0319,atrisk,INV02562,2024-07-03,98.71,Home
C0319,atrisk,INV02563,2024-07-09,119.57,Home
C0320,potential,INV02564,2024-09-17,73.56,Home
C0320,potential,INV02565,2024-08-12,32.7,Apparel
C0320,potential,INV02566,2024-07-11,53.79,Electronics
C0321,loyal,INV02567,2024-11-06,119.33,Home
C0321,loyal,INV02568,2024-10-14,289.49,Sports
C0321,loyal,INV02569,2024-09-29,90.64,Apparel
C0321,loyal,INV02570,2024-08-14,65.45,Electronics
C0321,loyal,INV02571,2024-08-02,225.68,Home
C0321,loyal,INV02572,2024-07-29,153.24,Apparel
C0322,atrisk,INV02573,2024-08-21,88.03,Sports
C0322,atrisk,INV02574,2024-08-12,33.95,Home
C0322,atrisk,INV02575,2024-07-10,101.51,Apparel
C0322,atrisk,INV02576,2024-06-22,20.01,Electronics
C0322,atrisk,INV02577,2024-06-10,63.16,Home
C0322,atrisk,INV02578,2024-02-28,71.03,Beauty
C0322,atrisk,INV02579,2024-03-18,116.8,Electronics
C0322,atrisk,INV02580,2024-04-03,92.9,Apparel
C0322,atrisk,INV02581,2024-02-19,130.47,Home
C0323,atrisk,INV02582,2024-04-02,91.53,Home
C0323,atrisk,INV02583,2024-03-10,109.08,Home
C0323,atrisk,INV02584,2024-01-23,179.09,Apparel
C0323,atrisk,INV02585,2023-12-13,169.9,Beauty
C0323,atrisk,INV02586,2024-02-22,106.09,Home
C0323,atrisk,INV02587,2023-11-14,108.93,Electronics
C0323,atrisk,INV02588,2024-01-15,148.51,Electronics
C0323,atrisk,INV02589,2023-10-10,75.0,Electronics
C0324,atrisk,INV02590,2024-04-03,94.46,Sports
C0324,atrisk,INV02591,2024-03-19,132.66,Apparel
C0324,atrisk,INV02592,2024-02-29,110.04,Apparel
C0324,atrisk,INV02593,2023-12-29,76.82,Sports
C0324,atrisk,INV02594,2024-02-27,49.1,Electronics
C0324,atrisk,INV02595,2023-12-10,155.11,Home
C0324,atrisk,INV02596,2023-12-11,157.63,Apparel
C0324,atrisk,INV02597,2023-11-15,82.85,Apparel
C0325,champion,INV02598,2024-12-12,328.87,Home
C0325,champion,INV02599,2024-11-03,372.96,Electronics
C0325,champion,INV02600,2024-11-10,375.02,Apparel
C0325,champion,INV02601,2024-10-31,455.09,Sports
C0325,champion,INV02602,2024-09-03,395.78,Apparel
C0325,champion,INV02603,2024-10-13,506.65,Home
C0325,champion,INV02604,2024-07-15,375.21,Electronics
C0325,champion,INV02605,2024-07-04,460.76,Sports
C0325,champion,INV02606,2024-09-23,399.68,Electronics
C0325,champion,INV02607,2024-03-17,486.04,Home
C0325,champion,INV02608,2024-09-03,253.86,Home
C0325,champion,INV02609,2024-01-06,323.18,Beauty
C0325,champion,INV02610,2024-04-16,383.33,Sports
C0325,champion,INV02611,2024-08-04,361.79,Home
C0325,champion,INV02612,2023-09-21,414.23,Apparel
C0325,champion,INV02613,2023-11-18,456.71,Beauty
C0325,champion,INV02614,2023-10-07,513.24,Sports
C0325,champion,INV02615,2024-07-12,227.49,Beauty
C0325,champion,INV02616,2023-07-27,311.42,Electronics
C0325,champion,INV02617,2023-10-02,381.67,Apparel
C0325,champion,INV02618,2024-07-25,340.55,Home
C0325,champion,INV02619,2023-07-27,491.25,Sports
C0325,champion,INV02620,2023-12-26,328.46,Beauty
C0325,champion,INV02621,2024-05-19,233.65,Apparel
C0326,loyal,INV02622,2024-10-12,166.24,Home
C0326,loyal,INV02623,2024-09-29,148.78,Beauty
C0326,loyal,INV02624,2024-08-31,126.17,Beauty
C0326,loyal,INV02625,2024-08-01,103.11,Beauty
C0326,loyal,INV02626,2024-07-12,177.75,Home
C0326,loyal,INV02627,2024-09-07,104.02,Electronics
C0326,loyal,INV02628,2024-04-09,142.18,Electronics
C0326,loyal,INV02629,2024-01-13,87.12,Apparel
C0326,loyal,INV02630,2024-07-24,105.36,Electronics
C0326,loyal,INV02631,2024-04-24,127.88,Apparel
C0326,loyal,INV02632,2024-03-26,71.45,Apparel
C0326,loyal,INV02633,2024-07-27,95.14,Electronics
C0326,loyal,INV02634,2024-04-27,112.91,Beauty
C0326,loyal,INV02635,2023-10-01,123.79,Electronics
C0327,potential,INV02636,2024-09-12,118.98,Beauty
C0327,potential,INV02637,2024-08-16,107.51,Beauty
C0327,potential,INV02638,2024-07-14,76.8,Beauty
C0327,potential,INV02639,2024-05-24,134.52,Electronics
C0328,loyal,INV02640,2024-10-11,191.07,Beauty
C0328,loyal,INV02641,2024-09-22,251.86,Beauty
C0328,loyal,INV02642,2024-09-13,56.18,Electronics
C0328,loyal,INV02643,2024-08-09,323.91,Electronics
C0328,loyal,INV02644,2024-07-31,286.1,Home
C0328,loyal,INV02645,2024-09-06,187.15,Home
C0328,loyal,INV02646,2024-08-06,98.42,Electronics
C0328,loyal,INV02647,2024-05-03,141.65,Home
C0329,loyal,INV02648,2024-11-09,72.83,Electronics
C0329,loyal,INV02649,2024-10-03,184.18,Beauty
C0329,loyal,INV02650,2024-09-26,289.18,Beauty
C0329,loyal,INV02651,2024-10-04,223.61,Electronics
C0329,loyal,INV02652,2024-10-04,199.23,Home
C0329,loyal,INV02653,2024-06-22,188.84,Apparel
C0329,loyal,INV02654,2024-05-13,187.08,Electronics
C0329,loyal,INV02655,2024-07-20,214.34,Beauty
C0329,loyal,INV02656,2024-04-23,172.93,Sports
C0330,atrisk,INV02657,2024-07-28,141.34,Home
C0330,atrisk,INV02658,2024-07-12,74.87,Sports
C0330,atrisk,INV02659,2024-07-14,60.69,Electronics
C0330,atrisk,INV02660,2024-06-04,77.65,Apparel
C0331,champion,INV02661,2024-12-14,295.78,Beauty
C0331,champion,INV02662,2024-11-05,190.87,Sports
C0331,champion,INV02663,2024-11-22,200.12,Home
C0331,champion,INV02664,2024-08-31,80.47,Home
C0331,champion,INV02665,2024-09-17,289.82,Electronics
C0331,champion,INV02666,2024-09-20,284.58,Electronics
C0331,champion,INV02667,2024-05-06,174.38,Beauty
C0331,champion,INV02668,2024-03-23,104.51,Electronics
C0331,champion,INV02669,2024-02-06,265.42,Beauty
C0331,champion,INV02670,2024-04-24,245.25,Apparel
C0331,champion,INV02671,2024-07-17,142.53,Home
C0331,champion,INV02672,2023-11-14,86.76,Apparel
C0331,champion,INV02673,2024-06-29,224.94,Apparel
C0331,champion,INV02674,2024-06-15,215.89,Home
C0331,champion,INV02675,2024-04-06,124.34,Home
C0331,champion,INV02676,2024-03-04,253.35,Apparel
C0331,champion,INV02677,2023-07-21,276.2,Home
C0331,champion,INV02678,2023-12-23,145.73,Sports
C0331,champion,INV02679,2023-10-27,150.13,Home
C0331,champion,INV02680,2023-11-11,239.7,Sports
C0331,champion,INV02681,2024-07-27,170.0,Home
C0331,champion,INV02682,2023-05-06,190.57,Home
C0331,champion,INV02683,2022-08-09,216.6,Beauty
C0331,champion,INV02684,2023-04-03,238.23,Apparel
C0331,champion,INV02685,2022-11-07,191.88,Electronics
C0331,champion,INV02686,2023-03-05,266.74,Electronics
C0331,champion,INV02687,2022-12-17,154.58,Beauty
C0332,potential,INV02688,2024-10-10,164.39,Home
C0332,potential,INV02689,2024-09-25,80.5,Beauty
C0332,potential,INV02690,2024-09-02,69.11,Apparel
C0332,potential,INV02691,2024-09-19,117.78,Home
C0332,potential,INV02692,2024-09-12,141.25,Home
C0332,potential,INV02693,2024-07-17,112.19,Electronics
C0333,champion,INV02694,2024-12-23,292.13,Apparel
C0333,champion,INV02695,2024-11-21,463.13,Electronics
C0333,champion,INV02696,2024-11-29,528.8,Apparel
C0333,champion,INV02697,2024-10-21,274.04,Electronics
C0333,champion,INV02698,2024-08-09,191.3,Home
C0333,champion,INV02699,2024-09-24,311.75,Home
C0333,champion,INV02700,2024-09-12,404.3,Home
C0333,champion,INV02701,2024-08-26,190.18,Electronics
C0333,champion,INV02702,2024-06-06,326.67,Sports
C0333,champion,INV02703,2024-09-15,154.37,Electronics
C0333,champion,INV02704,2024-07-26,356.29,Beauty
C0333,champion,INV02705,2024-01-06,434.83,Home
C0333,champion,INV02706,2024-09-18,357.89,Beauty
C0333,champion,INV02707,2024-06-24,479.49,Electronics
C0333,champion,INV02708,2024-03-04,387.28,Apparel
C0333,champion,INV02709,2023-05-18,536.53,Apparel
C0333,champion,INV02710,2023-12-21,186.02,Beauty
C0333,champion,INV02711,2023-12-15,292.1,Apparel
C0334,loyal,INV02712,2024-12-14,200.84,Home
C0334,loyal,INV02713,2024-11-06,215.4,Apparel
C0334,loyal,INV02714,2024-09-29,256.88,Apparel
C0334,loyal,INV02715,2024-09-12,161.55,Sports
C0334,loyal,INV02716,2024-11-16,272.68,Electronics
C0334,loyal,INV02717,2024-10-20,177.65,Beauty
C0334,loyal,INV02718,2024-09-03,195.23,Apparel
C0334,loyal,INV02719,2024-09-28,134.47,Electronics
C0335,lost,INV02720,2023-12-07,30.95,Beauty
C0335,lost,INV02721,2023-11-30,15.04,Home
C0335,lost,INV02722,2023-10-12,44.99,Home
C0336,lost,INV02723,2023-02-15,54.75,Sports
C0336,lost,INV02724,2023-01-13,36.41,Electronics
C0337,potential,INV02725,2024-09-30,60.49,Beauty
C0337,potential,INV02726,2024-09-14,53.81,Home
C0337,potential,INV02727,2024-08-05,61.29,Electronics
C0337,potential,INV02728,2024-06-14,84.28,Home
C0337,potential,INV02729,2024-08-29,89.37,Beauty
C0338,champion,INV02730,2024-12-30,443.72,Home
C0338,champion,INV02731,2024-11-27,247.07,Beauty
C0338,champion,INV02732,2024-10-15,187.95,Apparel
C0338,champion,INV02733,2024-09-13,263.74,Home
C0338,champion,INV02734,2024-10-31,310.14,Beauty
C0338,champion,INV02735,2024-07-18,233.61,Apparel
C0338,champion,INV02736,2024-06-21,307.16,Home
C0338,champion,INV02737,2024-05-27,274.44,Beauty
C0338,champion,INV02738,2024-07-31,289.49,Electronics
C0338,champion,INV02739,2024-03-08,321.53,Electronics
C0338,champion,INV02740,2024-09-21,346.58,Electronics
C0338,champion,INV02741,2024-09-11,306.72,Apparel
C0338,champion,INV02742,2024-08-20,375.76,Home
C0338,champion,INV02743,2024-04-27,268.08,Apparel
C0338,champion,INV02744,2024-06-17,186.43,Home
C0338,champion,INV02745,2024-03-05,228.68,Home
C0338,champion,INV02746,2023-07-05,403.84,Sports
C0338,champion,INV02747,2023-11-18,396.25,Beauty
C0338,champion,INV02748,2023-07-27,334.77,Home
C0338,champion,INV02749,2023-03-25,219.92,Home
C0338,champion,INV02750,2023-10-17,279.7,Apparel
C0339,lost,INV02751,2023-01-12,91.74,Electronics
C0339,lost,INV02752,2022-12-29,110.92,Sports
C0339,lost,INV02753,2022-11-03,100.31,Apparel
C0340,lost,INV02754,2023-06-16,81.28,Beauty
C0340,lost,INV02755,2023-05-08,18.98,Sports
C0340,lost,INV02756,2023-04-01,18.49,Home
C0341,potential,INV02757,2024-09-03,63.44,Sports
C0341,potential,INV02758,2024-08-25,85.43,Sports
C0341,potential,INV02759,2024-07-03,116.89,Electronics
C0341,potential,INV02760,2024-08-07,82.18,Beauty
C0341,potential,INV02761,2024-05-14,91.55,Electronics
C0341,potential,INV02762,2024-04-16,96.47,Apparel
C0342,champion,INV02763,2024-12-05,470.45,Apparel
C0342,champion,INV02764,2024-11-17,182.37,Apparel
C0342,champion,INV02765,2024-10-04,275.0,Beauty
C0342,champion,INV02766,2024-10-09,322.54,Electronics
C0342,champion,INV02767,2024-07-30,443.25,Home
C0342,champion,INV02768,2024-09-01,551.03,Home
C0342,champion,INV02769,2024-06-02,449.78,Home
C0342,champion,INV02770,2024-07-18,313.29,Sports
C0342,champion,INV02771,2024-04-25,348.07,Sports
C0342,champion,INV02772,2024-01-16,407.0,Electronics
C0342,champion,INV02773,2024-07-18,383.48,Sports
C0342,champion,INV02774,2023-11-16,268.79,Electronics
C0342,champion,INV02775,2024-02-09,557.7,Home
C0342,champion,INV02776,2023-07-17,367.02,Electronics
C0342,champion,INV02777,2023-11-23,364.33,Sports
C0342,champion,INV02778,2024-04-24,586.35,Electronics
C0342,champion,INV02779,2024-07-30,544.21,Electronics
C0342,champion,INV02780,2023-03-17,508.54,Apparel
C0342,champion,INV02781,2024-03-28,479.3,Home
C0342,champion,INV02782,2023-10-14,299.12,Electronics
C0342,champion,INV02783,2022-11-06,206.97,Electronics
C0342,champion,INV02784,2022-09-29,445.12,Electronics
C0342,champion,INV02785,2023-04-21,274.23,Beauty
C0342,champion,INV02786,2022-07-15,512.76,Electronics
C0343,champion,INV02787,2024-12-19,396.62,Sports
C0343,champion,INV02788,2024-12-09,315.75,Beauty
C0343,champion,INV02789,2024-12-01,268.67,Home
C0343,champion,INV02790,2024-09-17,438.85,Electronics
C0343,champion,INV02791,2024-08-25,426.77,Electronics
C0343,champion,INV02792,2024-08-06,243.45,Home
C0343,champion,INV02793,2024-07-22,364.8,Electronics
C0343,champion,INV02794,2024-05-16,316.28,Apparel
C0343,champion,INV02795,2024-08-13,214.19,Sports
C0343,champion,INV02796,2024-08-24,182.81,Sports
C0343,champion,INV02797,2024-06-12,109.42,Home
C0343,champion,INV02798,2024-02-26,345.21,Electronics
C0343,champion,INV02799,2023-12-01,310.16,Home
C0343,champion,INV02800,2024-09-06,391.82,Sports
C0343,champion,INV02801,2023-08-31,146.35,Apparel
C0343,champion,INV02802,2023-06-13,280.94,Beauty
C0343,champion,INV02803,2023-04-05,402.26,Sports
C0343,champion,INV02804,2023-12-28,258.55,Beauty
C0343,champion,INV02805,2023-11-01,327.24,Sports
C0343,champion,INV02806,2024-03-28,380.15,Apparel
C0343,champion,INV02807,2024-04-03,473.7,Sports
C0343,champion,INV02808,2022-11-03,383.37,Electronics
C0343,champion,INV02809,2023-05-27,84.66,Beauty
C0343,champion,INV02810,2024-04-10,282.6,Apparel
C0343,champion,INV02811,2023-11-07,317.76,Home
C0343,champion,INV02812,2023-09-01,306.2,Apparel
C0343,champion,INV02813,2023-08-13,333.55,Sports
C0343,champion,INV02814,2024-05-17,311.1,Home
C0344,lost,INV02815,2023-09-27,20.02,Apparel
C0345,champion,INV02816,2024-12-23,81.66,Sports
C0345,champion,INV02817,2024-11-15,157.83,Electronics
C0345,champion,INV02818,2024-12-05,205.97,Sports
C0345,champion,INV02819,2024-10-27,127.4,Electronics
C0345,champion,INV02820,2024-11-01,296.8,Sports
C0345,champion,INV02821,2024-07-31,189.45,Beauty
C0345,champion,INV02822,2024-10-18,215.81,Electronics
C0345,champion,INV02823,2024-04-22,188.53,Beauty
C0345,champion,INV02824,2024-05-29,191.53,Sports
C0345,champion,INV02825,2024-05-03,214.49,Sports
C0345,champion,INV02826,2023-11-29,161.0,Beauty
C0345,champion,INV02827,2024-04-03,258.52,Electronics
C0345,champion,INV02828,2023-09-24,197.81,Electronics
C0345,champion,INV02829,2023-09-25,240.38,Home
C0345,champion,INV02830,2023-08-07,167.67,Apparel
C0345,champion,INV02831,2024-06-11,215.25,Home
C0345,champion,INV02832,2024-06-14,154.68,Home
C0345,champion,INV02833,2023-05-25,244.4,Electronics
C0345,champion,INV02834,2023-02-26,192.93,Sports
C0346,potential,INV02835,2024-09-14,88.6,Apparel
C0346,potential,INV02836,2024-08-26,144.71,Sports
C0346,potential,INV02837,2024-07-10,130.88,Electronics
C0346,potential,INV02838,2024-06-19,83.54,Sports
C0346,potential,INV02839,2024-05-05,92.06,Sports
C0347,loyal,INV02840,2024-11-16,142.13,Home
C0347,loyal,INV02841,2024-10-15,91.11,Beauty
C0347,loyal,INV02842,2024-09-19,134.44,Electronics
C0347,loyal,INV02843,2024-08-15,268.71,Electronics
C0347,loyal,INV02844,2024-09-17,209.6,Home
C0347,loyal,INV02845,2024-05-20,136.41,Electronics
C0347,loyal,INV02846,2024-06-19,342.95,Home
C0348,loyal,INV02847,2024-12-05,66.75,Home
C0348,loyal,INV02848,2024-11-13,36.49,Sports
C0348,loyal,INV02849,2024-10-28,141.47,Home
C0348,loyal,INV02850,2024-10-27,78.86,Home
C0348,loyal,INV02851,2024-08-15,118.57,Sports
C0348,loyal,INV02852,2024-09-11,127.92,Electronics
C0348,loyal,INV02853,2024-10-12,97.37,Home
C0349,champion,INV02854,2024-12-13,56.73,Home
C0349,champion,INV02855,2024-11-04,333.12,Electronics
C0349,champion,INV02856,2024-11-01,320.06,Home
C0349,champion,INV02857,2024-11-01,293.66,Sports
C0349,champion,INV02858,2024-08-11,134.19,Electronics
C0349,champion,INV02859,2024-06-21,258.64,Electronics
C0349,champion,INV02860,2024-05-17,373.7,Home
C0349,champion,INV02861,2024-06-07,231.62,Apparel
C0349,champion,INV02862,2024-10-10,166.49,Electronics
C0349,champion,INV02863,2024-07-22,380.89,Beauty
C0349,champion,INV02864,2023-12-29,256.08,Electronics
C0349,champion,INV02865,2024-03-24,380.99,Apparel
C0349,champion,INV02866,2023-12-31,246.4,Electronics
C0349,champion,INV02867,2024-06-27,132.22,Sports
C0349,champion,INV02868,2024-07-12,395.4,Sports
C0349,champion,INV02869,2023-05-23,276.22,Electronics
C0349,champion,INV02870,2023-12-11,264.09,Electronics
C0349,champion,INV02871,2023-05-15,198.61,Home
C0349,champion,INV02872,2023-02-16,308.55,Sports
C0349,champion,INV02873,2024-08-02,341.38,Beauty
C0349,champion,INV02874,2024-01-28,381.02,Home
C0349,champion,INV02875,2024-04-05,226.86,Electronics
C0349,champion,INV02876,2023-07-04,259.7,Home
C0349,champion,INV02877,2024-06-12,273.79,Electronics
C0350,champion,INV02878,2024-12-10,189.49,Home
C0350,champion,INV02879,2024-11-04,237.29,Sports
C0350,champion,INV02880,2024-10-03,291.25,Apparel
C0350,champion,INV02881,2024-09-14,248.25,Sports
C0350,champion,INV02882,2024-10-15,259.77,Electronics
C0350,champion,INV02883,2024-06-28,252.02,Sports
C0350,champion,INV02884,2024-10-05,89.99,Sports
C0350,champion,INV02885,2024-04-02,254.11,Apparel
C0350,champion,INV02886,2024-03-21,247.1,Home
C0350,champion,INV02887,2024-02-26,352.04,Home
C0350,champion,INV02888,2024-02-24,123.04,Beauty
C0350,champion,INV02889,2023-10-08,382.66,Beauty
C0350,champion,INV02890,2024-03-09,187.97,Sports
C0350,champion,INV02891,2024-08-02,306.19,Beauty
C0350,champion,INV02892,2023-07-25,458.72,Electronics
C0350,champion,INV02893,2024-03-15,341.3,Home
C0351,loyal,INV02894,2024-10-09,155.01,Sports
C0351,loyal,INV02895,2024-09-13,197.62,Apparel
C0351,loyal,INV02896,2024-09-19,126.81,Sports
C0351,loyal,INV02897,2024-08-28,94.35,Sports
C0351,loyal,INV02898,2024-05-26,101.99,Electronics
C0351,loyal,INV02899,2024-04-07,105.09,Home
C0351,loyal,INV02900,2024-07-23,133.8,Home
C0351,loyal,INV02901,2024-05-01,88.36,Home
C0351,loyal,INV02902,2024-03-07,121.08,Apparel
C0351,loyal,INV02903,2024-01-04,114.62,Electronics
C0351,loyal,INV02904,2023-12-24,93.81,Apparel
C0351,loyal,INV02905,2024-02-10,236.25,Sports
C0351,loyal,INV02906,2024-02-24,134.87,Home
C0352,atrisk,INV02907,2024-07-20,82.18,Beauty
C0352,atrisk,INV02908,2024-06-27,117.18,Beauty
C0352,atrisk,INV02909,2024-05-05,109.31,Electronics
C0352,atrisk,INV02910,2024-05-27,87.8,Home
C0352,atrisk,INV02911,2024-05-21,170.92,Electronics
C0352,atrisk,INV02912,2024-03-02,170.76,Apparel
C0352,atrisk,INV02913,2024-03-04,83.93,Beauty
C0352,atrisk,INV02914,2024-01-27,145.43,Apparel
C0353,loyal,INV02915,2024-10-23,155.45,Apparel
C0353,loyal,INV02916,2024-09-18,126.58,Beauty
C0353,loyal,INV02917,2024-10-01,95.37,Beauty
C0353,loyal,INV02918,2024-07-13,109.04,Home
C0353,loyal,INV02919,2024-05-20,107.92,Electronics
C0353,loyal,INV02920,2024-08-09,125.57,Beauty
C0353,loyal,INV02921,2024-07-07,150.43,Home
C0354,atrisk,INV02922,2024-08-24,166.71,Electronics
C0354,atrisk,INV02923,2024-07-27,109.59,Electronics
C0354,atrisk,INV02924,2024-07-29,89.67,Beauty
C0354,atrisk,INV02925,2024-07-10,140.27,Sports
C0354,atrisk,INV02926,2024-07-15,102.21,Electronics
C0354,atrisk,INV02927,2024-04-16,202.02,Home
C0354,atrisk,INV02928,2024-01-21,165.23,Home
C0354,atrisk,INV02929,2024-04-27,99.47,Beauty
C0355,potential,INV02930,2024-09-04,139.76,Apparel
C0355,potential,INV02931,2024-08-03,122.91,Electronics
C0355,potential,INV02932,2024-08-11,150.42,Beauty
C0355,potential,INV02933,2024-07-18,128.76,Electronics
C0356,atrisk,INV02934,2024-06-16,79.64,Apparel
C0356,atrisk,INV02935,2024-05-08,110.93,Electronics
C0356,atrisk,INV02936,2024-04-19,125.73,Home
C0356,atrisk,INV02937,2024-04-14,135.23,Apparel
C0356,atrisk,INV02938,2024-03-24,55.47,Electronics
C0356,atrisk,INV02939,2024-03-08,33.19,Electronics
C0357,loyal,INV02940,2024-10-18,207.0,Beauty
C0357,loyal,INV02941,2024-09-15,177.72,Apparel
C0357,loyal,INV02942,2024-08-13,181.78,Home
C0357,loyal,INV02943,2024-07-23,287.69,Home
C0357,loyal,INV02944,2024-05-15,187.82,Apparel
C0357,loyal,INV02945,2024-07-05,177.38,Electronics
C0357,loyal,INV02946,2024-05-09,232.77,Apparel
C0357,loyal,INV02947,2024-07-26,236.78,Apparel
C0357,loyal,INV02948,2024-08-07,166.36,Apparel
C0357,loyal,INV02949,2024-07-02,220.56,Home
C0357,loyal,INV02950,2024-04-01,175.22,Home
C0357,loyal,INV02951,2024-01-17,111.17,Apparel
C0357,loyal,INV02952,2024-05-03,170.17,Apparel
C0358,loyal,INV02953,2024-11-01,96.52,Sports
C0358,loyal,INV02954,2024-09-26,202.86,Electronics
C0358,loyal,INV02955,2024-08-17,228.35,Home
C0358,loyal,INV02956,2024-09-29,93.67,Electronics
C0358,loyal,INV02957,2024-06-18,255.58,Beauty
C0358,loyal,INV02958,2024-07-24,142.13,Electronics
C0358,loyal,INV02959,2024-03-18,204.89,Electronics
C0358,loyal,INV02960,2024-04-19,109.63,Sports
C0358,loyal,INV02961,2024-08-05,61.4,Apparel
C0359,lost,INV02962,2024-03-02,70.46,Electronics
C0360,lost,INV02963,2023-07-31,71.4,Electronics
C0361,potential,INV02964,2024-09-10,56.92,Beauty
C0361,potential,INV02965,2024-08-23,98.84,Sports
C0361,potential,INV02966,2024-07-14,67.02,Apparel
C0362,lost,INV02967,2023-07-08,36.17,Beauty
C0362,lost,INV02968,2023-06-11,33.85,Beauty
C0362,lost,INV02969,2023-05-21,47.83,Beauty
C0363,lost,INV02970,2024-01-30,44.8,Electronics
C0364,lost,INV02971,2024-03-06,22.58,Home
C0365,potential,INV02972,2024-09-16,108.02,Home
C0365,potential,INV02973,2024-09-09,154.78,Beauty
C0365,potential,INV02974,2024-08-07,123.33,Sports
C0365,potential,INV02975,2024-05-25,105.4,Home
C0365,potential,INV02976,2024-07-22,71.81,Electronics
C0365,potential,INV02977,2024-03-15,77.34,Apparel
C0366,champion,INV02978,2024-12-27,223.7,Apparel
C0366,champion,INV02979,2024-12-01,204.57,Electronics
C0366,champion,INV02980,2024-11-15,146.89,Apparel
C0366,champion,INV02981,2024-11-15,249.53,Electronics
C0366,champion,INV02982,2024-10-24,169.45,Electronics
C0366,champion,INV02983,2024-09-03,248.0,Apparel
C0366,champion,INV02984,2024-11-09,151.46,Home
C0366,champion,INV02985,2024-10-04,274.91,Beauty
C0366,champion,INV02986,2024-06-18,335.44,Apparel
C0366,champion,INV02987,2024-10-16,218.33,Home
C0366,champion,INV02988,2023-12-03,188.06,Apparel
C0366,champion,INV02989,2024-09-19,241.4,Electronics
C0366,champion,INV02990,2023-10-22,215.44,Electronics
C0366,champion,INV02991,2024-04-24,262.47,Electronics
C0366,champion,INV02992,2024-09-20,159.13,Electronics
C0366,champion,INV02993,2024-05-16,246.19,Electronics
C0366,champion,INV02994,2023-10-06,217.9,Electronics
C0366,champion,INV02995,2023-08-22,286.19,Sports
C0366,champion,INV02996,2023-07-24,209.74,Beauty
C0366,champion,INV02997,2023-11-05,214.91,Electronics
C0366,champion,INV02998,2024-01-02,430.7,Sports
C0366,champion,INV02999,2024-01-26,211.8,Electronics
C0366,champion,INV03000,2024-03-16,160.58,Sports
C0366,champion,INV03001,2023-06-24,254.86,Electronics
C0367,atrisk,INV03002,2024-03-25,131.3,Beauty
C0367,atrisk,INV03003,2024-03-06,131.26,Electronics
C0367,atrisk,INV03004,2024-03-05,95.24,Electronics
C0367,atrisk,INV03005,2023-11-29,71.78,Electronics
C0367,atrisk,INV03006,2024-01-29,67.41,Electronics
C0367,atrisk,INV03007,2024-01-05,156.76,Sports
C0368,lost,INV03008,2023-11-10,49.42,Home
C0368,lost,INV03009,2023-10-21,42.78,Electronics
C0368,lost,INV03010,2023-09-27,64.97,Sports
C0369,potential,INV03011,2024-11-01,74.15,Sports
C0369,potential,INV03012,2024-10-24,68.27,Electronics
C0369,potential,INV03013,2024-08-29,86.72,Beauty
C0369,potential,INV03014,2024-08-24,77.2,Apparel
C0369,potential,INV03015,2024-09-02,73.95,Beauty
C0370,potential,INV03016,2024-10-20,153.3,Sports
C0370,potential,INV03017,2024-09-24,67.37,Apparel
C0370,potential,INV03018,2024-09-14,199.7,Sports
C0370,potential,INV03019,2024-07-31,174.93,Beauty
C0371,champion,INV03020,2024-12-10,587.52,Apparel
C0371,champion,INV03021,2024-11-07,547.2,Electronics
C0371,champion,INV03022,2024-09-27,147.45,Apparel
C0371,champion,INV03023,2024-08-24,333.28,Electronics
C0371,champion,INV03024,2024-11-08,379.87,Electronics
C0371,champion,INV03025,2024-10-11,530.36,Electronics
C0371,champion,INV03026,2024-07-25,403.61,Electronics
C0371,champion,INV03027,2024-08-27,235.1,Beauty
C0371,champion,INV03028,2024-04-14,592.51,Electronics
C0371,champion,INV03029,2024-02-17,436.84,Beauty
C0371,champion,INV03030,2023-11-26,378.38,Beauty
C0371,champion,INV03031,2024-02-28,362.25,Apparel
C0371,champion,INV03032,2024-02-02,303.42,Sports
C0371,champion,INV03033,2024-01-20,544.38,Apparel
C0371,champion,INV03034,2024-07-23,546.61,Electronics
C0371,champion,INV03035,2023-09-02,454.87,Home
C0371,champion,INV03036,2024-03-13,217.32,Home
C0372,loyal,INV03037,2024-10-07,261.35,Home
C0372,loyal,INV03038,2024-08-29,99.97,Home
C0372,loyal,INV03039,2024-08-06,208.06,Beauty
C0372,loyal,INV03040,2024-09-01,238.3,Electronics
C0372,loyal,INV03041,2024-07-11,225.9,Electronics
C0372,loyal,INV03042,2024-08-18,178.7,Home
C0372,loyal,INV03043,2024-08-14,191.37,Beauty
C0372,loyal,INV03044,2024-04-08,305.26,Beauty
C0372,loyal,INV03045,2024-03-05,202.23,Apparel
C0372,loyal,INV03046,2023-10-22,215.82,Apparel
C0372,loyal,INV03047,2024-01-01,165.44,Electronics
C0372,loyal,INV03048,2024-01-17,142.85,Apparel
C0373,champion,INV03049,2024-12-09,229.62,Electronics
C0373,champion,INV03050,2024-11-06,267.94,Apparel
C0373,champion,INV03051,2024-10-16,105.83,Home
C0373,champion,INV03052,2024-08-23,360.45,Sports
C0373,champion,INV03053,2024-09-20,483.39,Sports
C0373,champion,INV03054,2024-09-25,284.78,Electronics
C0373,champion,INV03055,2024-10-10,438.99,Home
C0373,champion,INV03056,2024-05-27,550.38,Electronics
C0373,champion,INV03057,2024-06-08,350.67,Apparel
C0373,champion,INV03058,2024-03-14,361.94,Electronics
C0373,champion,INV03059,2023-11-25,310.57,Apparel
C0373,champion,INV03060,2023-11-20,461.76,Beauty
C0373,champion,INV03061,2023-12-15,314.44,Electronics
C0373,champion,INV03062,2023-08-03,201.07,Electronics
C0373,champion,INV03063,2023-10-30,426.35,Sports
C0373,champion,INV03064,2024-03-29,277.17,Sports
C0373,champion,INV03065,2023-04-11,517.64,Beauty
C0373,champion,INV03066,2023-03-21,240.61,Sports
C0373,champion,INV03067,2023-10-22,536.96,Sports
C0373,champion,INV03068,2023-01-06,380.8,Electronics
C0373,champion,INV03069,2022-12-20,355.85,Electronics
C0373,champion,INV03070,2023-02-06,431.37,Apparel
C0373,champion,INV03071,2024-05-25,282.33,Electronics
C0373,champion,INV03072,2023-12-30,420.7,Sports
C0373,champion,INV03073,2022-11-26,366.78,Home
C0374,lost,INV03074,2023-11-22,47.82,Electronics
C0374,lost,INV03075,2023-10-15,27.91,Apparel
C0375,lost,INV03076,2023-08-25,98.84,Beauty
C0375,lost,INV03077,2023-07-24,82.84,Beauty
C0375,lost,INV03078,2023-07-12,100.86,Apparel
C0376,lost,INV03079,2023-11-20,31.82,Electronics
C0376,lost,INV03080,2023-10-22,31.78,Home
C0376,lost,INV03081,2023-09-07,55.0,Home
C0377,atrisk,INV03082,2024-08-01,110.51,Apparel
C0377,atrisk,INV03083,2024-07-09,153.31,Home
C0377,atrisk,INV03084,2024-05-19,104.32,Beauty
C0377,atrisk,INV03085,2024-06-14,124.98,Beauty
C0377,atrisk,INV03086,2024-05-09,113.73,Sports
C0377,atrisk,INV03087,2024-03-24,126.28,Electronics
C0377,atrisk,INV03088,2024-03-16,107.28,Home
C0378,potential,INV03089,2024-09-19,56.06,Apparel
C0378,potential,INV03090,2024-09-07,74.05,Sports
C0378,potential,INV03091,2024-08-16,104.23,Beauty
C0378,potential,INV03092,2024-07-09,46.96,Apparel
C0378,potential,INV03093,2024-07-05,92.97,Electronics
C0378,potential,INV03094,2024-08-05,84.71,Electronics
C0379,potential,INV03095,2024-10-19,107.2,Beauty
C0379,potential,INV03096,2024-10-04,110.73,Sports
C0379,potential,INV03097,2024-09-03,88.24,Beauty
C0379,potential,INV03098,2024-08-23,131.94,Apparel
C0380,loyal,INV03099,2024-10-08,302.35,Beauty
C0380,loyal,INV03100,2024-09-24,294.69,Apparel
C0380,loyal,INV03101,2024-07-22,206.97,Apparel
C0380,loyal,INV03102,2024-07-13,153.28,Apparel
C0380,loyal,INV03103,2024-08-21,283.83,Beauty
C0380,loyal,INV03104,2024-07-10,142.79,Home
C0381,atrisk,INV03105,2024-03-29,143.01,Beauty
C0381,atrisk,INV03106,2024-03-20,189.04,Apparel
C0381,atrisk,INV03107,2024-03-13,117.53,Apparel
C0381,atrisk,INV03108,2024-01-08,154.14,Home
C0381,atrisk,INV03109,2024-01-01,220.06,Apparel
C0381,atrisk,INV03110,2024-02-13,210.07,Home
C0381,atrisk,INV03111,2023-10-25,163.63,Sports
C0381,atrisk,INV03112,2023-09-15,165.03,Electronics
C0381,atrisk,INV03113,2023-06-07,219.75,Home
C0382,champion,INV03114,2024-12-17,352.53,Apparel
C0382,champion,INV03115,2024-11-23,376.97,Apparel
C0382,champion,INV03116,2024-10-28,488.47,Home
C0382,champion,INV03117,2024-11-26,539.04,Home
C0382,champion,INV03118,2024-10-26,462.8,Electronics
C0382,champion,INV03119,2024-08-19,216.36,Home
C0382,champion,INV03120,2024-05-15,383.42,Home
C0382,champion,INV03121,2024-10-01,572.71,Apparel
C0382,champion,INV03122,2024-04-05,370.96,Apparel
C0382,champion,INV03123,2024-02-24,259.01,Apparel
C0382,champion,INV03124,2024-05-31,373.3,Sports
C0382,champion,INV03125,2023-10-15,415.56,Home
C0383,lost,INV03126,2023-11-30,36.55,Sports
C0384,potential,INV03127,2024-09-17,84.25,Sports
C0384,potential,INV03128,2024-08-12,123.3,Apparel
C0384,potential,INV03129,2024-08-10,127.01,Beauty
C0385,loyal,INV03130,2024-12-08,124.52,Sports
C0385,loyal,INV03131,2024-11-04,178.13,Sports
C0385,loyal,INV03132,2024-11-20,199.15,Home
C0385,loyal,INV03133,2024-08-19,211.96,Sports
C0385,loyal,INV03134,2024-09-19,67.17,Sports
C0385,loyal,INV03135,2024-07-01,215.61,Electronics
C0385,loyal,INV03136,2024-08-16,65.29,Sports
C0385,loyal,INV03137,2024-10-13,57.18,Home
C0385,loyal,INV03138,2024-07-09,152.24,Beauty
C0386,atrisk,INV03139,2024-05-01,119.61,Home
C0386,atrisk,INV03140,2024-03-31,114.12,Sports
C0386,atrisk,INV03141,2024-02-23,122.45,Home
C0386,atrisk,INV03142,2024-03-23,109.48,Beauty
C0386,atrisk,INV03143,2023-12-09,73.71,Home
C0386,atrisk,INV03144,2023-12-03,87.44,Electronics
C0386,atrisk,INV03145,2023-09-10,45.39,Apparel
C0386,atrisk,INV03146,2024-01-31,77.56,Home
C0387,potential,INV03147,2024-09-22,80.92,Apparel
C0387,potential,INV03148,2024-08-25,103.82,Apparel
C0387,potential,INV03149,2024-07-22,66.67,Beauty
C0387,potential,INV03150,2024-08-11,74.98,Apparel
C0388,lost,INV03151,2023-01-03,96.86,Apparel
C0388,lost,INV03152,2022-12-04,64.8,Electronics
C0388,lost,INV03153,2022-12-14,47.03,Apparel
C0389,potential,INV03154,2024-11-01,125.28,Beauty
C0389,potential,INV03155,2024-10-16,104.64,Home
C0389,potential,INV03156,2024-09-14,77.28,Home
C0390,lost,INV03157,2023-04-23,89.94,Home
C0390,lost,INV03158,2023-04-15,102.39,Apparel
C0390,lost,INV03159,2023-03-14,55.47,Electronics
C0391,potential,INV03160,2024-11-29,133.56,Apparel
C0391,potential,INV03161,2024-10-21,145.04,Home
C0391,potential,INV03162,2024-10-02,111.0,Sports
C0391,potential,INV03163,2024-09-21,87.3,Apparel
C0391,potential,INV03164,2024-08-09,173.41,Home
C0392,lost,INV03165,2023-03-28,27.13,Sports
C0392,lost,INV03166,2023-03-15,55.08,Beauty
C0393,loyal,INV03167,2024-10-09,96.55,Apparel
C0393,loyal,INV03168,2024-09-14,162.64,Apparel
C0393,loyal,INV03169,2024-08-22,207.0,Home
C0393,loyal,INV03170,2024-07-26,135.63,Electronics
C0393,loyal,INV03171,2024-08-30,202.02,Electronics
C0393,loyal,INV03172,2024-05-17,279.82,Home
C0393,loyal,INV03173,2024-06-17,182.91,Beauty
C0393,loyal,INV03174,2024-08-21,223.65,Electronics
C0394,loyal,INV03175,2024-11-15,137.98,Home
C0394,loyal,INV03176,2024-11-06,201.74,Electronics
C0394,loyal,INV03177,2024-09-20,181.85,Home
C0394,loyal,INV03178,2024-07-27,220.61,Apparel
C0394,loyal,INV03179,2024-06-12,215.1,Electronics
C0394,loyal,INV03180,2024-06-18,168.61,Apparel
C0394,loyal,INV03181,2024-08-29,153.41,Electronics
C0394,loyal,INV03182,2024-03-08,191.63,Sports
C0394,loyal,INV03183,2024-02-09,141.91,Sports
C0394,loyal,INV03184,2024-06-24,102.88,Beauty
C0394,loyal,INV03185,2024-05-19,176.81,Beauty
C0395,lost,INV03186,2023-06-10,28.48,Electronics
C0395,lost,INV03187,2023-05-02,63.08,Electronics
C0395,lost,INV03188,2023-05-23,52.88,Beauty
C0396,lost,INV03189,2023-10-03,33.77,Home
C0396,lost,INV03190,2023-09-11,31.37,Beauty
C0396,lost,INV03191,2023-09-17,35.25,Home
C0397,loyal,INV03192,2024-11-07,133.68,Electronics
C0397,loyal,INV03193,2024-10-14,157.13,Electronics
C0397,loyal,INV03194,2024-09-12,268.58,Electronics
C0397,loyal,INV03195,2024-10-17,140.65,Apparel
C0397,loyal,INV03196,2024-09-28,125.48,Sports
C0397,loyal,INV03197,2024-09-03,130.63,Beauty
C0397,loyal,INV03198,2024-04-17,138.07,Electronics
C0397,loyal,INV03199,2024-03-28,222.94,Home
C0397,loyal,INV03200,2024-02-17,70.48,Home
C0397,loyal,INV03201,2023-12-10,170.22,Beauty
C0398,atrisk,INV03202,2024-08-10,123.12,Home
C0398,atrisk,INV03203,2024-08-02,69.62,Beauty
C0398,atrisk,INV03204,2024-05-24,65.18,Sports
C0398,atrisk,INV03205,2024-05-27,65.44,Apparel
C0398,atrisk,INV03206,2024-05-26,103.3,Electronics
C0399,potential,INV03207,2024-11-07,98.87,Home
C0399,potential,INV03208,2024-10-12,109.14,Beauty
C0399,potential,INV03209,2024-08-29,142.63,Home
C0400,champion,INV03210,2024-12-24,400.61,Beauty
C0400,champion,INV03211,2024-12-06,214.52,Sports
C0400,champion,INV03212,2024-12-06,219.67,Apparel
C0400,champion,INV03213,2024-09-28,317.25,Sports
C0400,champion,INV03214,2024-07-21,313.45,Electronics
C0400,champion,INV03215,2024-10-05,298.01,Apparel
C0400,champion,INV03216,2024-06-09,245.25,Apparel
C0400,champion,INV03217,2024-07-09,307.92,Electronics
C0400,champion,INV03218,2024-08-10,331.33,Sports
C0400,champion,INV03219,2024-01-26,222.29,Home
C0400,champion,INV03220,2024-06-27,286.05,Apparel
C0400,champion,INV03221,2024-08-14,370.61,Electronics
C0400,champion,INV03222,2024-01-11,335.16,Electronics
C0400,champion,INV03223,2024-06-12,333.29,Apparel
C0400,champion,INV03224,2024-07-23,278.16,Electronics
C0400,champion,INV03225,2024-09-10,315.08,Apparel
C0400,champion,INV03226,2024-01-07,205.65,Apparel
C0400,champion,INV03227,2024-07-24,372.64,Home
C0400,champion,INV03228,2024-03-29,302.12,Home
C0400,champion,INV03229,2024-07-06,298.96,Home
C0400,champion,INV03230,2023-04-14,444.68,Electronics
C0400,champion,INV03231,2023-04-25,370.92,Home
C0400,champion,INV03232,2023-11-02,236.32,Home
C0401,atrisk,INV03233,2024-04-21,87.81,Sports
C0401,atrisk,INV03234,2024-03-17,69.54,Home
C0401,atrisk,INV03235,2024-02-17,179.44,Electronics
C0401,atrisk,INV03236,2024-01-19,143.35,Home
C0402,lost,INV03237,2024-04-06,21.87,Beauty
C0402,lost,INV03238,2024-03-04,83.39,Electronics
C0403,lost,INV03239,2023-05-11,53.0,Sports
C0403,lost,INV03240,2023-04-15,55.68,Sports
C0403,lost,INV03241,2023-04-15,61.34,Electronics
C0404,atrisk,INV03242,2024-08-08,147.19,Sports
C0404,atrisk,INV03243,2024-07-31,185.52,Sports
C0404,atrisk,INV03244,2024-06-17,137.74,Sports
C0404,atrisk,INV03245,2024-06-30,163.11,Home
C0404,atrisk,INV03246,2024-04-02,133.11,Home
C0404,atrisk,INV03247,2024-06-04,112.16,Beauty
C0405,potential,INV03248,2024-11-12,94.23,Sports
C0405,potential,INV03249,2024-11-01,73.04,Beauty
C0405,potential,INV03250,2024-09-09,88.25,Home
C0405,potential,INV03251,2024-07-30,92.09,Electronics
C0405,potential,INV03252,2024-09-05,64.66,Home
C0405,potential,INV03253,2024-05-21,30.37,Electronics
C0406,champion,INV03254,2024-12-05,223.87,Beauty
C0406,champion,INV03255,2024-11-18,338.65,Home
C0406,champion,INV03256,2024-11-09,376.8,Sports
C0406,champion,INV03257,2024-10-03,330.78,Electronics
C0406,champion,INV03258,2024-08-23,493.06,Electronics
C0406,champion,INV03259,2024-08-12,194.33,Apparel
C0406,champion,INV03260,2024-04-21,435.67,Home
C0406,champion,INV03261,2024-04-11,131.75,Home
C0406,champion,INV03262,2024-05-11,365.57,Beauty
C0406,champion,INV03263,2024-07-14,359.39,Sports
C0406,champion,INV03264,2024-09-06,290.01,Electronics
C0406,champion,INV03265,2024-04-18,356.19,Home
C0407,loyal,INV03266,2024-11-17,165.58,Electronics
C0407,loyal,INV03267,2024-11-06,107.03,Home
C0407,loyal,INV03268,2024-09-28,255.93,Electronics
C0407,loyal,INV03269,2024-08-31,85.09,Beauty
C0407,loyal,INV03270,2024-07-16,151.18,Home
C0407,loyal,INV03271,2024-06-10,166.34,Home
C0407,loyal,INV03272,2024-08-25,151.89,Home
C0407,loyal,INV03273,2024-09-29,103.61,Home
C0407,loyal,INV03274,2024-02-11,228.9,Home
C0407,loyal,INV03275,2024-01-07,242.93,Apparel
C0407,loyal,INV03276,2024-04-11,214.11,Home
C0407,loyal,INV03277,2024-07-30,195.93,Beauty
C0408,atrisk,INV03278,2024-04-12,102.7,Apparel
C0408,atrisk,INV03279,2024-03-21,100.04,Apparel
C0408,atrisk,INV03280,2024-03-25,87.51,Apparel
C0408,atrisk,INV03281,2023-12-20,157.64,Beauty
C0408,atrisk,INV03282,2023-11-16,125.17,Sports
C0408,atrisk,INV03283,2023-12-29,87.62,Home
C0408,atrisk,INV03284,2024-03-01,65.72,Electronics
C0409,potential,INV03285,2024-09-10,61.26,Sports
C0409,potential,INV03286,2024-09-03,63.2,Electronics
C0409,potential,INV03287,2024-08-25,100.13,Apparel
C0409,potential,INV03288,2024-07-24,71.09,Apparel
C0409,potential,INV03289,2024-08-13,59.57,Home
C0410,lost,INV03290,2023-04-13,68.31,Beauty
C0411,lost,INV03291,2023-06-25,76.71,Electronics
C0412,lost,INV03292,2023-12-31,44.82,Electronics
C0412,lost,INV03293,2023-11-22,51.8,Sports
C0412,lost,INV03294,2023-11-11,44.84,Electronics
C0413,atrisk,INV03295,2024-03-27,316.92,Apparel
C0413,atrisk,INV03296,2024-03-13,150.71,Home
C0413,atrisk,INV03297,2024-02-04,207.85,Apparel
C0413,atrisk,INV03298,2024-01-12,231.88,Apparel
C0413,atrisk,INV03299,2023-11-24,221.23,Electronics
C0413,atrisk,INV03300,2023-09-29,153.14,Beauty
C0414,loyal,INV03301,2024-12-09,97.11,Beauty
C0414,loyal,INV03302,2024-11-21,231.93,Electronics
C0414,loyal,INV03303,2024-10-06,217.84,Electronics
C0414,loyal,INV03304,2024-10-31,188.75,Apparel
C0414,loyal,INV03305,2024-07-10,143.76,Apparel
C0414,loyal,INV03306,2024-08-26,211.76,Home
C0414,loyal,INV03307,2024-07-12,120.82,Electronics
C0415,atrisk,INV03308,2024-06-21,141.48,Apparel
C0415,atrisk,INV03309,2024-05-24,134.92,Electronics
C0415,atrisk,INV03310,2024-04-18,180.47,Apparel
C0415,atrisk,INV03311,2024-04-16,226.03,Home
C0415,atrisk,INV03312,2024-02-18,78.96,Apparel
C0415,atrisk,INV03313,2024-03-18,199.9,Home
C0415,atrisk,INV03314,2024-02-10,76.65,Sports
C0415,atrisk,INV03315,2023-10-27,258.6,Home
C0415,atrisk,INV03316,2024-02-14,216.97,Electronics
C0416,potential,INV03317,2024-11-25,91.31,Electronics
C0416,potential,INV03318,2024-10-23,109.51,Apparel
C0416,potential,INV03319,2024-11-05,75.84,Home
C0416,potential,INV03320,2024-10-02,62.82,Apparel
C0416,potential,INV03321,2024-07-16,46.35,Beauty
C0417,atrisk,INV03322,2024-07-05,10.0,Home
C0417,atrisk,INV03323,2024-06-07,189.32,Sports
C0417,atrisk,INV03324,2024-06-17,168.99,Home
C0417,atrisk,INV03325,2024-03-10,97.52,Electronics
C0417,atrisk,INV03326,2024-05-14,164.94,Apparel
C0418,potential,INV03327,2024-11-10,144.58,Beauty
C0418,potential,INV03328,2024-10-09,160.62,Home
C0418,potential,INV03329,2024-08-30,103.78,Home
C0418,potential,INV03330,2024-10-14,130.6,Apparel
C0419,potential,INV03331,2024-10-01,149.78,Apparel
C0419,potential,INV03332,2024-09-18,97.27,Home
C0419,potential,INV03333,2024-09-11,155.68,Sports
C0419,potential,INV03334,2024-06-24,106.01,Apparel
C0420,atrisk,INV03335,2024-06-30,162.92,Electronics
C0420,atrisk,INV03336,2024-06-12,213.58,Apparel
C0420,atrisk,INV03337,2024-05-19,115.43,Electronics
C0420,atrisk,INV03338,2024-05-31,98.48,Sports
C0420,atrisk,INV03339,2024-04-15,224.45,Beauty
C0421,loyal,INV03340,2024-10-10,159.03,Home
C0421,loyal,INV03341,2024-09-17,361.87,Beauty
C0421,loyal,INV03342,2024-08-03,185.58,Electronics
C0421,loyal,INV03343,2024-08-26,124.72,Apparel
C0421,loyal,INV03344,2024-07-22,174.17,Electronics
C0421,loyal,INV03345,2024-08-31,220.6,Home
C0421,loyal,INV03346,2024-03-14,223.91,Sports
C0421,loyal,INV03347,2024-02-15,254.4,Home
C0421,loyal,INV03348,2024-01-04,327.95,Beauty
C0421,loyal,INV03349,2024-06-15,309.64,Sports
C0422,lost,INV03350,2023-01-21,42.66,Electronics
C0422,lost,INV03351,2022-12-20,40.12,Electronics
C0423,lost,INV03352,2023-01-11,132.05,Apparel
C0424,potential,INV03353,2024-11-11,83.11,Home
C0424,potential,INV03354,2024-11-01,108.04,Apparel
C0424,potential,INV03355,2024-09-16,165.91,Apparel
C0424,potential,INV03356,2024-08-31,125.43,Home
C0424,potential,INV03357,2024-07-02,119.99,Home
C0424,potential,INV03358,2024-07-04,95.44,Beauty
C0425,potential,INV03359,2024-09-17,119.49,Beauty
C0425,potential,INV03360,2024-08-30,59.07,Beauty
C0425,potential,INV03361,2024-08-16,97.31,Apparel
C0425,potential,INV03362,2024-08-12,108.6,Sports
C0425,potential,INV03363,2024-08-20,74.78,Electronics
C0425,potential,INV03364,2024-06-24,100.87,Apparel
C0425,potential,INV03365,2024-05-14,129.34,Apparel
C0426,potential,INV03366,2024-09-29,91.34,Home
C0426,potential,INV03367,2024-09-17,96.6,Electronics
C0426,potential,INV03368,2024-08-06,111.49,Home
C0426,potential,INV03369,2024-07-28,61.41,Beauty
C0426,potential,INV03370,2024-09-01,128.24,Electronics
C0426,potential,INV03371,2024-08-20,167.14,Apparel
C0427,atrisk,INV03372,2024-06-06,163.94,Sports
C0427,atrisk,INV03373,2024-05-20,138.45,Electronics
C0427,atrisk,INV03374,2024-03-26,184.36,Apparel
C0427,atrisk,INV03375,2024-05-07,206.82,Electronics
C0428,potential,INV03376,2024-09-21,117.97,Apparel
C0428,potential,INV03377,2024-09-04,143.18,Electronics
C0428,potential,INV03378,2024-07-25,179.86,Apparel
C0429,champion,INV03379,2024-12-29,232.01,Apparel
C0429,champion,INV03380,2024-11-22,209.67,Apparel
C0429,champion,INV03381,2024-10-22,208.49,Electronics
C0429,champion,INV03382,2024-09-18,277.84,Electronics
C0429,champion,INV03383,2024-09-20,167.37,Electronics
C0429,champion,INV03384,2024-08-01,352.06,Beauty
C0429,champion,INV03385,2024-08-19,366.34,Electronics
C0429,champion,INV03386,2024-04-21,386.89,Sports
C0429,champion,INV03387,2024-10-02,307.46,Beauty
C0429,champion,INV03388,2024-06-14,311.15,Home
C0429,champion,INV03389,2023-12-25,350.2,Apparel
C0429,champion,INV03390,2024-04-20,284.31,Electronics
C0429,champion,INV03391,2024-08-07,444.46,Apparel
C0429,champion,INV03392,2023-10-27,299.02,Sports
C0429,champion,INV03393,2024-01-28,385.19,Beauty
C0429,champion,INV03394,2023-12-20,164.56,Apparel
C0429,champion,INV03395,2023-09-22,332.42,Home
C0429,champion,INV03396,2024-05-05,238.57,Apparel
C0429,champion,INV03397,2024-04-03,313.27,Electronics
C0429,champion,INV03398,2023-12-15,202.13,Apparel
C0430,champion,INV03399,2024-12-30,224.84,Apparel
C0430,champion,INV03400,2024-12-16,133.63,Home
C0430,champion,INV03401,2024-10-17,288.91,Beauty
C0430,champion,INV03402,2024-11-27,295.44,Electronics
C0430,champion,INV03403,2024-11-08,187.75,Beauty
C0430,champion,INV03404,2024-08-17,289.15,Beauty
C0430,champion,INV03405,2024-11-18,307.45,Electronics
C0430,champion,INV03406,2024-07-08,291.92,Electronics
C0430,champion,INV03407,2024-08-16,182.95,Home
C0430,champion,INV03408,2024-03-17,295.73,Electronics
C0430,champion,INV03409,2023-12-16,326.24,Sports
C0430,champion,INV03410,2023-12-22,334.48,Sports
C0430,champion,INV03411,2023-09-19,513.3,Home
C0430,champion,INV03412,2024-05-23,442.53,Apparel
C0430,champion,INV03413,2023-07-31,300.12,Sports
C0430,champion,INV03414,2023-08-23,372.1,Apparel
C0430,champion,INV03415,2023-09-07,415.44,Sports
C0430,champion,INV03416,2024-07-30,250.1,Electronics
C0430,champion,INV03417,2024-01-05,383.24,Beauty
C0430,champion,INV03418,2024-01-04,517.89,Electronics
C0430,champion,INV03419,2023-03-31,237.69,Apparel
C0430,champion,INV03420,2023-09-25,255.98,Electronics
C0430,champion,INV03421,2022-08-25,333.67,Apparel
C0430,champion,INV03422,2022-12-02,372.98,Sports
C0430,champion,INV03423,2023-12-12,252.79,Electronics
C0431,atrisk,INV03424,2024-09-01,137.26,Beauty
C0431,atrisk,INV03425,2024-08-04,20.59,Sports
C0431,atrisk,INV03426,2024-07-13,158.88,Electronics
C0431,atrisk,INV03427,2024-05-25,124.58,Beauty
C0431,atrisk,INV03428,2024-05-08,130.4,Electronics
C0431,atrisk,INV03429,2024-07-28,108.64,Electronics
C0431,atrisk,INV03430,2024-02-28,133.9,Home
C0431,atrisk,INV03431,2024-05-26,158.82,Beauty
C0432,potential,INV03432,2024-11-10,40.46,Beauty
C0432,potential,INV03433,2024-10-16,46.52,Apparel
C0432,potential,INV03434,2024-10-09,67.8,Sports
C0432,potential,INV03435,2024-08-03,99.81,Beauty
C0432,potential,INV03436,2024-07-09,85.54,Sports
C0432,potential,INV03437,2024-09-26,126.84,Home
C0433,atrisk,INV03438,2024-08-04,135.45,Sports
C0433,atrisk,INV03439,2024-07-09,100.65,Sports
C0433,atrisk,INV03440,2024-07-09,95.86,Electronics
C0433,atrisk,INV03441,2024-05-06,61.79,Apparel
C0434,atrisk,INV03442,2024-07-05,95.73,Apparel
C0434,atrisk,INV03443,2024-06-10,97.7,Home
C0434,atrisk,INV03444,2024-04-24,103.28,Electronics
C0434,atrisk,INV03445,2024-03-25,88.1,Home
C0435,atrisk,INV03446,2024-04-26,187.68,Apparel
C0435,atrisk,INV03447,2024-03-30,259.92,Sports
C0435,atrisk,INV03448,2024-03-13,90.0,Apparel
C0435,atrisk,INV03449,2024-01-21,190.93,Sports
C0436,loyal,INV03450,2024-12-13,160.32,Electronics
C0436,loyal,INV03451,2024-11-30,191.7,Beauty
C0436,loyal,INV03452,2024-10-16,140.49,Apparel
C0436,loyal,INV03453,2024-09-29,172.69,Apparel
C0436,loyal,INV03454,2024-10-26,90.69,Home
C0436,loyal,INV03455,2024-11-03,152.72,Home
C0436,loyal,INV03456,2024-09-02,119.78,Home
C0436,loyal,INV03457,2024-06-07,131.51,Electronics
C0436,loyal,INV03458,2024-02-29,82.88,Sports
C0436,loyal,INV03459,2024-05-20,132.94,Electronics
C0436,loyal,INV03460,2024-01-08,84.36,Apparel
C0436,loyal,INV03461,2023-12-27,133.4,Electronics
C0436,loyal,INV03462,2023-12-07,133.04,Beauty
C0437,lost,INV03463,2023-10-26,78.87,Sports
C0437,lost,INV03464,2023-10-09,71.18,Electronics
C0438,lost,INV03465,2023-08-28,39.77,Apparel
C0438,lost,INV03466,2023-07-20,26.9,Beauty
C0439,loyal,INV03467,2024-12-06,141.54,Apparel
C0439,loyal,INV03468,2024-11-07,74.22,Sports
C0439,loyal,INV03469,2024-10-01,106.85,Home
C0439,loyal,INV03470,2024-11-03,47.68,Electronics
C0439,loyal,INV03471,2024-07-03,114.09,Electronics
C0439,loyal,INV03472,2024-07-29,56.99,Beauty
C0439,loyal,INV03473,2024-06-21,121.05,Electronics
C0440,loyal,INV03474,2024-11-19,110.69,Home
C0440,loyal,INV03475,2024-10-22,135.6,Apparel
C0440,loyal,INV03476,2024-09-24,102.08,Electronics
C0440,loyal,INV03477,2024-07-31,104.96,Electronics
C0440,loyal,INV03478,2024-06-28,71.57,Sports
C0440,loyal,INV03479,2024-08-26,110.34,Apparel
C0440,loyal,INV03480,2024-09-14,97.29,Sports
C0440,loyal,INV03481,2024-04-09,176.43,Apparel
C0440,loyal,INV03482,2024-04-09,173.75,Home
C0440,loyal,INV03483,2024-05-14,158.32,Sports
C0440,loyal,INV03484,2024-01-24,137.12,Sports
C0441,loyal,INV03485,2024-10-27,128.85,Electronics
C0441,loyal,INV03486,2024-10-01,183.31,Apparel
C0441,loyal,INV03487,2024-09-19,116.2,Home
C0441,loyal,INV03488,2024-07-20,204.15,Electronics
C0441,loyal,INV03489,2024-09-29,185.6,Sports
C0441,loyal,INV03490,2024-06-29,174.86,Beauty
C0441,loyal,INV03491,2024-06-05,92.39,Electronics
C0441,loyal,INV03492,2024-08-11,145.66,Home
C0441,loyal,INV03493,2024-05-12,202.49,Apparel
C0441,loyal,INV03494,2024-02-27,92.38,Home
C0441,loyal,INV03495,2024-05-20,186.05,Electronics
C0441,loyal,INV03496,2024-07-31,183.48,Apparel
C0441,loyal,INV03497,2023-10-21,164.92,Electronics
C0442,potential,INV03498,2024-11-04,81.16,Beauty
C0442,potential,INV03499,2024-10-24,37.51,Electronics
C0442,potential,INV03500,2024-09-01,69.23,Beauty
C0442,potential,INV03501,2024-07-22,66.56,Beauty
C0442,potential,INV03502,2024-06-01,66.41,Apparel
C0443,lost,INV03503,2023-07-03,49.19,Apparel
C0444,atrisk,INV03504,2024-04-16,105.36,Apparel
C0444,atrisk,INV03505,2024-04-03,145.03,Home
C0444,atrisk,INV03506,2024-03-13,75.78,Apparel
C0444,atrisk,INV03507,2024-01-20,24.07,Electronics
C0445,loyal,INV03508,2024-12-14,99.16,Electronics
C0445,loyal,INV03509,2024-11-24,149.32,Beauty
C0445,loyal,INV03510,2024-11-20,164.4,Sports
C0445,loyal,INV03511,2024-08-25,81.94,Apparel
C0445,loyal,INV03512,2024-09-21,84.97,Apparel
C0445,loyal,INV03513,2024-10-05,134.79,Beauty
C0445,loyal,INV03514,2024-07-05,117.58,Electronics
C0445,loyal,INV03515,2024-06-01,96.08,Home
C0446,lost,INV03516,2024-01-19,61.08,Beauty
C0446,lost,INV03517,2024-01-03,96.12,Apparel
C0446,lost,INV03518,2023-11-02,75.94,Apparel
C0447,atrisk,INV03519,2024-04-07,182.23,Electronics
C0447,atrisk,INV03520,2024-03-25,139.17,Electronics
C0447,atrisk,INV03521,2024-01-22,114.22,Beauty
C0447,atrisk,INV03522,2023-12-27,167.55,Beauty
C0447,atrisk,INV03523,2023-11-23,137.73,Apparel
C0447,atrisk,INV03524,2023-12-24,163.05,Beauty
C0447,atrisk,INV03525,2023-12-21,87.64,Home
C0447,atrisk,INV03526,2023-07-30,127.42,Beauty
C0447,atrisk,INV03527,2023-12-09,207.44,Electronics
C0448,potential,INV03528,2024-09-05,164.01,Beauty
C0448,potential,INV03529,2024-07-29,141.69,Electronics
C0448,potential,INV03530,2024-07-25,49.03,Beauty
C0448,potential,INV03531,2024-06-22,122.15,Home
C0448,potential,INV03532,2024-05-04,99.03,Beauty
C0449,potential,INV03533,2024-09-28,102.18,Electronics
C0449,potential,INV03534,2024-09-07,76.66,Apparel
C0449,potential,INV03535,2024-07-26,88.44,Home
C0449,potential,INV03536,2024-07-12,36.44,Apparel
C0450,atrisk,INV03537,2024-04-09,192.97,Home
C0450,atrisk,INV03538,2024-03-18,85.98,Home
C0450,atrisk,INV03539,2024-02-09,175.72,Beauty
C0450,atrisk,INV03540,2024-01-19,173.62,Home
C0450,atrisk,INV03541,2024-01-20,101.09,Beauty
C0450,atrisk,INV03542,2023-12-31,93.43,Electronics
C0450,atrisk,INV03543,2023-12-29,144.72,Electronics
C0450,atrisk,INV03544,2023-08-15,123.17,Electronics
C0450,atrisk,INV03545,2023-07-28,132.63,Electronics
C0451,lost,INV03546,2024-01-20,62.37,Beauty
C0452,atrisk,INV03547,2024-06-09,158.57,Home
C0452,atrisk,INV03548,2024-05-12,117.09,Electronics
C0452,atrisk,INV03549,2024-05-22,183.98,Home
C0452,atrisk,INV03550,2024-04-13,127.52,Apparel
C0452,atrisk,INV03551,2024-03-21,93.91,Home
C0452,atrisk,INV03552,2024-01-06,205.64,Beauty
C0452,atrisk,INV03553,2024-01-05,148.39,Electronics
C0453,champion,INV03554,2024-12-20,365.18,Home
C0453,champion,INV03555,2024-11-24,175.47,Electronics
C0453,champion,INV03556,2024-11-10,247.98,Beauty
C0453,champion,INV03557,2024-09-27,234.57,Electronics
C0453,champion,INV03558,2024-11-18,70.18,Beauty
C0453,champion,INV03559,2024-06-23,244.44,Beauty
C0453,champion,INV03560,2024-05-06,197.27,Home
C0453,champion,INV03561,2024-09-20,353.46,Beauty
C0453,champion,INV03562,2024-08-06,109.01,Home
C0453,champion,INV03563,2024-01-04,371.06,Apparel
C0453,champion,INV03564,2024-07-03,292.34,Home
C0453,champion,INV03565,2024-02-16,220.73,Apparel
C0453,champion,INV03566,2024-07-29,289.14,Electronics
C0453,champion,INV03567,2024-06-21,256.03,Electronics
C0454,champion,INV03568,2024-12-27,398.94,Electronics
C0454,champion,INV03569,2024-12-01,378.04,Home
C0454,champion,INV03570,2024-10-10,445.27,Electronics
C0454,champion,INV03571,2024-11-27,462.48,Home
C0454,champion,INV03572,2024-08-05,510.66,Home
C0454,champion,INV03573,2024-08-24,203.41,Electronics
C0454,champion,INV03574,2024-08-17,295.38,Apparel
C0454,champion,INV03575,2024-06-28,462.8,Apparel
C0454,champion,INV03576,2024-04-15,448.2,Apparel
C0454,champion,INV03577,2024-10-07,235.35,Sports
C0454,champion,INV03578,2023-12-03,321.37,Electronics
C0454,champion,INV03579,2023-11-16,383.31,Sports
C0454,champion,INV03580,2024-10-04,352.28,Home
C0454,champion,INV03581,2024-03-29,332.33,Beauty
C0454,champion,INV03582,2024-02-23,217.7,Beauty
C0454,champion,INV03583,2023-12-03,582.88,Home
C0454,champion,INV03584,2023-05-15,508.16,Sports
C0454,champion,INV03585,2023-03-05,269.97,Beauty
C0454,champion,INV03586,2024-04-01,476.16,Electronics
C0454,champion,INV03587,2023-08-02,421.14,Home
C0454,champion,INV03588,2024-01-22,307.37,Sports
C0454,champion,INV03589,2023-09-22,343.94,Sports
C0454,champion,INV03590,2024-01-10,430.38,Electronics
C0454,champion,INV03591,2023-11-09,416.43,Apparel
C0454,champion,INV03592,2022-10-27,456.1,Sports
C0454,champion,INV03593,2023-03-18,375.14,Apparel
C0455,atrisk,INV03594,2024-06-14,90.71,Sports
C0455,atrisk,INV03595,2024-06-07,135.55,Sports
C0455,atrisk,INV03596,2024-04-25,165.22,Beauty
C0455,atrisk,INV03597,2024-04-18,87.08,Home
C0455,atrisk,INV03598,2024-01-14,128.23,Home
C0455,atrisk,INV03599,2024-03-01,90.91,Beauty
C0456,loyal,INV03600,2024-10-19,144.33,Home
C0456,loyal,INV03601,2024-09-26,88.72,Sports
C0456,loyal,INV03602,2024-09-09,178.47,Apparel
C0456,loyal,INV03603,2024-09-04,170.28,Beauty
C0456,loyal,INV03604,2024-05-28,173.05,Home
C0456,loyal,INV03605,2024-06-06,194.43,Sports
C0456,loyal,INV03606,2024-07-03,78.73,Sports
C0456,loyal,INV03607,2024-04-20,50.15,Home
C0456,loyal,INV03608,2024-02-06,133.0,Beauty
C0456,loyal,INV03609,2024-04-13,125.61,Home
C0456,loyal,INV03610,2024-02-02,105.2,Beauty
C0456,loyal,INV03611,2023-11-13,113.33,Sports
C0456,loyal,INV03612,2024-01-05,192.67,Beauty
C0456,loyal,INV03613,2023-11-03,94.26,Home
C0457,champion,INV03614,2024-12-15,163.76,Beauty
C0457,champion,INV03615,2024-11-10,193.1,Home
C0457,champion,INV03616,2024-10-16,292.34,Apparel
C0457,champion,INV03617,2024-09-16,78.53,Apparel
C0457,champion,INV03618,2024-11-17,370.83,Electronics
C0457,champion,INV03619,2024-10-01,327.41,Beauty
C0457,champion,INV03620,2024-11-03,358.85,Sports
C0457,champion,INV03621,2024-06-16,426.26,Beauty
C0457,champion,INV03622,2024-09-10,55.14,Electronics
C0457,champion,INV03623,2024-08-20,296.33,Electronics
C0457,champion,INV03624,2024-08-07,149.37,Electronics
C0457,champion,INV03625,2024-09-18,299.97,Beauty
C0457,champion,INV03626,2024-03-14,236.14,Home
C0457,champion,INV03627,2023-07-27,358.21,Electronics
C0457,champion,INV03628,2024-05-05,262.0,Home
C0457,champion,INV03629,2024-08-02,195.64,Home
C0457,champion,INV03630,2024-02-15,256.96,Electronics
C0457,champion,INV03631,2023-08-10,162.24,Beauty
C0457,champion,INV03632,2024-04-07,477.71,Home
C0457,champion,INV03633,2024-08-04,305.04,Beauty
C0457,champion,INV03634,2022-10-27,372.95,Electronics
C0457,champion,INV03635,2023-12-03,242.5,Home
C0457,champion,INV03636,2022-11-06,222.74,Apparel
C0457,champion,INV03637,2024-01-05,324.25,Sports
C0457,champion,INV03638,2024-03-26,262.51,Apparel
C0457,champion,INV03639,2023-07-09,367.73,Apparel
C0457,champion,INV03640,2023-01-13,341.33,Electronics
C0457,champion,INV03641,2023-07-21,238.7,Beauty
C0458,loyal,INV03642,2024-11-11,256.21,Home
C0458,loyal,INV03643,2024-10-26,217.88,Home
C0458,loyal,INV03644,2024-09-28,217.04,Electronics
C0458,loyal,INV03645,2024-09-24,285.15,Apparel
C0458,loyal,INV03646,2024-07-30,155.44,Electronics
C0458,loyal,INV03647,2024-08-08,141.02,Home
C0458,loyal,INV03648,2024-09-12,198.01,Home
C0459,atrisk,INV03649,2024-08-18,269.0,Sports
C0459,atrisk,INV03650,2024-07-19,136.2,Home
C0459,atrisk,INV03651,2024-07-13,96.34,Electronics
C0459,atrisk,INV03652,2024-06-16,101.91,Apparel
C0459,atrisk,INV03653,2024-03-31,28.17,Beauty
C0460,lost,INV03654,2023-03-23,36.12,Sports
C0460,lost,INV03655,2023-02-16,98.32,Electronics
C0461,lost,INV03656,2023-10-30,66.78,Apparel
C0461,lost,INV03657,2023-10-10,74.79,Home
C0461,lost,INV03658,2023-08-15,60.89,Home
C0462,champion,INV03659,2024-12-09,288.38,Home
C0462,champion,INV03660,2024-11-14,133.61,Home
C0462,champion,INV03661,2024-11-23,246.77,Electronics
C0462,champion,INV03662,2024-11-12,288.93,Electronics
C0462,champion,INV03663,2024-09-16,206.76,Apparel
C0462,champion,INV03664,2024-09-25,280.14,Apparel
C0462,champion,INV03665,2024-05-19,129.35,Apparel
C0462,champion,INV03666,2024-06-10,139.4,Home
C0462,champion,INV03667,2024-08-27,212.85,Home
C0462,champion,INV03668,2024-06-21,242.71,Electronics
C0462,champion,INV03669,2024-07-22,142.42,Beauty
C0462,champion,INV03670,2024-02-05,258.1,Electronics
C0462,champion,INV03671,2024-02-25,291.74,Home
C0463,atrisk,INV03672,2024-05-29,139.19,Electronics
C0463,atrisk,INV03673,2024-05-19,193.65,Sports
C0463,atrisk,INV03674,2024-05-05,125.29,Sports
C0463,atrisk,INV03675,2024-03-24,102.31,Electronics
C0463,atrisk,INV03676,2023-12-29,175.96,Sports
C0463,atrisk,INV03677,2024-03-20,115.56,Home
C0464,potential,INV03678,2024-10-29,69.35,Electronics
C0464,potential,INV03679,2024-10-03,116.85,Electronics
C0464,potential,INV03680,2024-10-09,57.12,Beauty
C0464,potential,INV03681,2024-08-18,130.12,Home
C0464,potential,INV03682,2024-08-18,119.81,Home
C0464,potential,INV03683,2024-07-26,143.37,Apparel
C0464,potential,INV03684,2024-06-19,108.1,Electronics
C0465,potential,INV03685,2024-09-27,93.28,Beauty
C0465,potential,INV03686,2024-09-19,141.76,Beauty
C0465,potential,INV03687,2024-07-29,152.2,Home
C0465,potential,INV03688,2024-08-10,99.05,Sports
C0466,potential,INV03689,2024-09-16,66.65,Home
C0466,potential,INV03690,2024-08-13,53.15,Electronics
C0466,potential,INV03691,2024-08-23,115.62,Electronics
C0466,potential,INV03692,2024-07-30,110.41,Apparel
C0466,potential,INV03693,2024-06-24,65.6,Home
C0466,potential,INV03694,2024-06-18,109.97,Electronics
C0466,potential,INV03695,2024-04-07,86.96,Apparel
C0467,potential,INV03696,2024-09-18,65.01,Apparel
C0467,potential,INV03697,2024-09-11,113.66,Electronics
C0467,potential,INV03698,2024-08-07,123.81,Beauty
C0467,potential,INV03699,2024-06-20,103.4,Apparel
C0467,potential,INV03700,2024-05-05,97.17,Sports
C0467,potential,INV03701,2024-08-04,110.68,Electronics
C0467,potential,INV03702,2024-06-02,69.73,Apparel
C0468,loyal,INV03703,2024-11-30,118.07,Electronics
C0468,loyal,INV03704,2024-11-03,171.11,Sports
C0468,loyal,INV03705,2024-09-19,154.63,Electronics
C0468,loyal,INV03706,2024-10-04,199.82,Electronics
C0468,loyal,INV03707,2024-09-23,333.16,Sports
C0468,loyal,INV03708,2024-06-08,158.96,Sports
C0469,atrisk,INV03709,2024-07-24,173.19,Home
C0469,atrisk,INV03710,2024-06-26,164.66,Electronics
C0469,atrisk,INV03711,2024-06-30,157.02,Home
C0469,atrisk,INV03712,2024-06-12,276.27,Home
C0469,atrisk,INV03713,2024-02-23,185.36,Home
C0469,atrisk,INV03714,2024-02-15,136.18,Sports
C0469,atrisk,INV03715,2024-06-12,92.18,Home
C0469,atrisk,INV03716,2023-11-29,118.43,Electronics
C0469,atrisk,INV03717,2023-09-16,210.51,Beauty
C0470,potential,INV03718,2024-09-19,64.8,Apparel
C0470,potential,INV03719,2024-09-05,104.73,Sports
C0470,potential,INV03720,2024-08-06,87.1,Beauty
C0470,potential,INV03721,2024-08-20,75.78,Home
C0471,loyal,INV03722,2024-10-20,275.86,Beauty
C0471,loyal,INV03723,2024-10-02,145.19,Beauty
C0471,loyal,INV03724,2024-08-17,150.3,Apparel
C0471,loyal,INV03725,2024-09-20,128.57,Electronics
C0471,loyal,INV03726,2024-09-02,119.18,Apparel
C0471,loyal,INV03727,2024-06-07,128.17,Electronics
C0471,loyal,INV03728,2024-04-29,90.57,Electronics
C0471,loyal,INV03729,2024-03-31,246.53,Apparel
C0471,loyal,INV03730,2024-04-03,85.94,Home
C0471,loyal,INV03731,2024-05-29,170.16,Beauty
C0471,loyal,INV03732,2023-09-26,149.83,Home
C0471,loyal,INV03733,2024-03-03,132.25,Apparel
C0471,loyal,INV03734,2023-12-01,193.35,Beauty
C0472,loyal,INV03735,2024-11-03,240.92,Apparel
C0472,loyal,INV03736,2024-09-26,104.61,Electronics
C0472,loyal,INV03737,2024-08-23,142.3,Home
C0472,loyal,INV03738,2024-08-08,209.17,Sports
C0472,loyal,INV03739,2024-08-15,117.31,Apparel
C0472,loyal,INV03740,2024-08-15,258.33,Electronics
C0472,loyal,INV03741,2024-09-04,164.02,Apparel
C0472,loyal,INV03742,2024-07-21,230.95,Electronics
C0472,loyal,INV03743,2024-07-22,263.41,Sports
C0472,loyal,INV03744,2024-03-05,158.56,Apparel
C0473,lost,INV03745,2023-02-24,75.56,Home
C0473,lost,INV03746,2023-01-21,34.59,Apparel
C0474,potential,INV03747,2024-09-14,41.31,Apparel
C0474,potential,INV03748,2024-08-10,111.56,Home
C0474,potential,INV03749,2024-07-24,122.92,Apparel
C0474,potential,INV03750,2024-06-10,161.61,Home
C0474,potential,INV03751,2024-05-29,131.42,Sports
C0474,potential,INV03752,2024-06-21,84.07,Apparel
C0475,potential,INV03753,2024-11-07,63.45,Home
C0475,potential,INV03754,2024-10-23,65.03,Apparel
C0475,potential,INV03755,2024-10-20,74.29,Home
C0475,potential,INV03756,2024-09-20,96.19,Electronics
C0475,potential,INV03757,2024-07-06,75.24,Apparel
C0476,potential,INV03758,2024-10-05,92.39,Electronics
C0476,potential,INV03759,2024-09-02,68.34,Electronics
C0476,potential,INV03760,2024-08-26,50.92,Beauty
C0477,atrisk,INV03761,2024-04-08,106.49,Apparel
C0477,atrisk,INV03762,2024-03-05,176.64,Electronics
C0477,atrisk,INV03763,2024-03-01,188.77,Sports
C0477,atrisk,INV03764,2024-01-27,149.46,Sports
C0477,atrisk,INV03765,2024-01-07,149.28,Sports
C0477,atrisk,INV03766,2024-01-19,134.48,Home
C0477,atrisk,INV03767,2023-10-23,164.49,Sports
C0478,loyal,INV03768,2024-11-01,74.08,Home
C0478,loyal,INV03769,2024-10-24,82.51,Electronics
C0478,loyal,INV03770,2024-09-24,68.78,Electronics
C0478,loyal,INV03771,2024-08-09,163.22,Apparel
C0478,loyal,INV03772,2024-07-12,147.31,Electronics
C0478,loyal,INV03773,2024-06-09,144.78,Electronics
C0478,loyal,INV03774,2024-07-28,128.42,Home
C0478,loyal,INV03775,2024-03-29,79.53,Home
C0478,loyal,INV03776,2024-02-03,97.02,Home
C0478,loyal,INV03777,2024-03-30,110.9,Electronics
C0478,loyal,INV03778,2024-07-04,127.98,Apparel
C0478,loyal,INV03779,2023-11-04,105.92,Sports
C0478,loyal,INV03780,2023-10-26,47.31,Apparel
C0478,loyal,INV03781,2024-02-02,88.2,Beauty
C0479,champion,INV03782,2024-12-18,264.31,Beauty
C0479,champion,INV03783,2024-11-10,162.77,Electronics
C0479,champion,INV03784,2024-10-23,125.23,Apparel
C0479,champion,INV03785,2024-10-13,123.08,Apparel
C0479,champion,INV03786,2024-10-19,223.42,Beauty
C0479,champion,INV03787,2024-09-24,232.65,Apparel
C0479,champion,INV03788,2024-10-31,239.63,Electronics
C0479,champion,INV03789,2024-09-18,145.97,Home
C0479,champion,INV03790,2024-09-13,182.18,Apparel
C0479,champion,INV03791,2024-04-28,227.71,Home
C0479,champion,INV03792,2024-04-12,168.64,Home
C0479,champion,INV03793,2024-03-18,340.13,Sports
C0479,champion,INV03794,2024-04-10,220.37,Apparel
C0479,champion,INV03795,2024-02-10,235.13,Electronics
C0479,champion,INV03796,2023-09-27,242.45,Beauty
C0479,champion,INV03797,2023-12-24,297.64,Electronics
C0479,champion,INV03798,2023-11-30,186.26,Home
C0479,champion,INV03799,2024-04-07,195.81,Sports
C0479,champion,INV03800,2023-08-20,221.79,Beauty
C0479,champion,INV03801,2023-04-01,197.25,Home
C0479,champion,INV03802,2023-04-08,202.39,Electronics
C0479,champion,INV03803,2023-01-04,240.9,Home
C0479,champion,INV03804,2023-09-13,299.27,Electronics
C0479,champion,INV03805,2023-10-08,219.89,Electronics
C0480,lost,INV03806,2024-04-04,76.82,Home
C0480,lost,INV03807,2024-03-03,64.6,Apparel
C0480,lost,INV03808,2024-03-09,45.31,Apparel
C0481,lost,INV03809,2023-03-28,46.82,Electronics
C0481,lost,INV03810,2023-02-19,45.71,Beauty
C0482,loyal,INV03811,2024-11-25,253.57,Sports
C0482,loyal,INV03812,2024-10-28,190.41,Beauty
C0482,loyal,INV03813,2024-10-18,216.41,Electronics
C0482,loyal,INV03814,2024-08-24,127.02,Home
C0482,loyal,INV03815,2024-08-09,217.51,Beauty
C0482,loyal,INV03816,2024-09-01,153.3,Electronics
C0482,loyal,INV03817,2024-08-03,207.58,Home
C0482,loyal,INV03818,2024-03-11,247.8,Home
C0482,loyal,INV03819,2024-02-27,188.49,Beauty
C0482,loyal,INV03820,2024-07-13,257.11,Electronics
C0482,loyal,INV03821,2024-05-09,198.9,Home
C0483,atrisk,INV03822,2024-08-13,179.56,Electronics
C0483,atrisk,INV03823,2024-07-25,153.56,Sports
C0483,atrisk,INV03824,2024-07-18,186.18,Electronics
C0483,atrisk,INV03825,2024-05-27,57.01,Home
C0483,atrisk,INV03826,2024-06-02,158.62,Electronics
C0483,atrisk,INV03827,2024-06-04,236.18,Home
C0483,atrisk,INV03828,2024-02-15,93.38,Sports
C0483,atrisk,INV03829,2023-11-14,181.27,Apparel
C0483,atrisk,INV03830,2023-11-07,184.26,Electronics
C0484,loyal,INV03831,2024-10-29,92.48,Beauty
C0484,loyal,INV03832,2024-09-25,115.15,Electronics
C0484,loyal,INV03833,2024-08-14,120.84,Electronics
C0484,loyal,INV03834,2024-08-30,109.9,Beauty
C0484,loyal,INV03835,2024-06-19,118.8,Apparel
C0484,loyal,INV03836,2024-07-16,93.81,Electronics
C0484,loyal,INV03837,2024-03-09,139.7,Home
C0484,loyal,INV03838,2024-04-02,135.29,Electronics
C0484,loyal,INV03839,2024-03-27,167.54,Beauty
C0484,loyal,INV03840,2024-05-29,122.83,Electronics
C0485,potential,INV03841,2024-09-22,41.14,Home
C0485,potential,INV03842,2024-08-20,50.34,Beauty
C0485,potential,INV03843,2024-08-03,82.35,Beauty
C0485,potential,INV03844,2024-08-17,90.89,Beauty
C0485,potential,INV03845,2024-07-28,62.67,Home
C0485,potential,INV03846,2024-07-14,60.14,Electronics
C0486,lost,INV03847,2024-01-30,50.98,Home
C0486,lost,INV03848,2023-12-26,35.07,Home
C0486,lost,INV03849,2023-12-15,32.07,Home
C0487,atrisk,INV03850,2024-06-16,143.03,Home
C0487,atrisk,INV03851,2024-05-22,193.91,Electronics
C0487,atrisk,INV03852,2024-05-25,145.12,Apparel
C0487,atrisk,INV03853,2024-04-08,147.27,Apparel
C0487,atrisk,INV03854,2024-04-17,91.11,Electronics
C0487,atrisk,INV03855,2024-04-27,206.36,Electronics
C0487,atrisk,INV03856,2024-03-06,204.98,Apparel
C0487,atrisk,INV03857,2024-02-04,204.71,Electronics
C0488,lost,INV03858,2023-06-02,64.87,Home
C0489,loyal,INV03859,2024-10-31,261.3,Sports
C0489,loyal,INV03860,2024-10-04,201.24,Apparel
C0489,loyal,INV03861,2024-10-03,204.48,Sports
C0489,loyal,INV03862,2024-08-29,162.03,Sports
C0489,loyal,INV03863,2024-09-09,255.87,Beauty
C0489,loyal,INV03864,2024-08-17,187.47,Sports
C0489,loyal,INV03865,2024-03-11,176.03,Apparel
C0489,loyal,INV03866,2024-07-11,176.79,Apparel
C0489,loyal,INV03867,2024-05-24,315.95,Apparel
C0489,loyal,INV03868,2024-07-06,229.93,Electronics
C0490,potential,INV03869,2024-11-13,138.29,Apparel
C0490,potential,INV03870,2024-10-23,96.34,Electronics
C0490,potential,INV03871,2024-10-10,108.88,Electronics
C0490,potential,INV03872,2024-07-19,147.51,Sports
C0490,potential,INV03873,2024-09-18,187.48,Apparel
C0490,potential,INV03874,2024-06-16,137.36,Apparel
C0490,potential,INV03875,2024-08-09,190.41,Beauty
C0491,loyal,INV03876,2024-11-17,267.51,Home
C0491,loyal,INV03877,2024-10-19,339.09,Apparel
C0491,loyal,INV03878,2024-09-16,216.63,Home
C0491,loyal,INV03879,2024-07-26,196.99,Home
C0491,loyal,INV03880,2024-06-30,284.46,Apparel
C0491,loyal,INV03881,2024-06-30,202.07,Electronics
C0491,loyal,INV03882,2024-09-12,161.2,Electronics
C0492,lost,INV03883,2023-02-17,33.42,Beauty
C0493,champion,INV03884,2024-12-25,327.24,Electronics
C0493,champion,INV03885,2024-12-06,241.78,Apparel
C0493,champion,INV03886,2024-12-05,399.25,Apparel
C0493,champion,INV03887,2024-10-14,330.36,Sports
C0493,champion,INV03888,2024-09-12,334.86,Apparel
C0493,champion,INV03889,2024-06-18,293.68,Apparel
C0493,champion,INV03890,2024-06-28,448.18,Home
C0493,champion,INV03891,2024-09-25,401.02,Beauty
C0493,champion,INV03892,2024-07-10,137.34,Sports
C0493,champion,INV03893,2024-05-05,252.82,Beauty
C0493,champion,INV03894,2023-12-11,363.72,Sports
C0493,champion,INV03895,2023-12-17,328.14,Beauty
C0493,champion,INV03896,2024-04-17,260.2,Sports
C0493,champion,INV03897,2024-02-04,272.82,Sports
C0493,champion,INV03898,2024-02-21,296.49,Electronics
C0493,champion,INV03899,2024-03-15,306.6,Home
C0493,champion,INV03900,2024-07-02,252.95,Home
C0493,champion,INV03901,2023-08-20,285.29,Electronics
C0494,lost,INV03902,2023-08-15,80.13,Home
C0494,lost,INV03903,2023-07-25,92.57,Sports
C0494,lost,INV03904,2023-06-06,111.32,Home
C0495,atrisk,INV03905,2024-03-12,131.03,Electronics
C0495,atrisk,INV03906,2024-02-20,163.29,Sports
C0495,atrisk,INV03907,2024-01-12,212.3,Home
C0495,atrisk,INV03908,2024-02-08,312.68,Apparel
C0495,atrisk,INV03909,2023-11-01,84.71,Home
C0495,atrisk,INV03910,2023-12-13,260.8,Electronics
C0496,lost,INV03911,2023-08-24,96.18,Electronics
C0496,lost,INV03912,2023-07-16,104.86,Beauty
C0497,lost,INV03913,2024-02-20,46.4,Beauty
C0497,lost,INV03914,2024-01-23,26.72,Beauty
C0498,loyal,INV03915,2024-11-20,180.15,Sports
C0498,loyal,INV03916,2024-11-13,140.73,Sports
C0498,loyal,INV03917,2024-10-09,209.46,Electronics
C0498,loyal,INV03918,2024-09-09,58.24,Electronics
C0498,loyal,INV03919,2024-08-12,233.79,Sports
C0498,loyal,INV03920,2024-07-03,254.6,Apparel
C0498,loyal,INV03921,2024-07-17,144.25,Beauty
C0498,loyal,INV03922,2024-05-01,118.57,Beauty
C0498,loyal,INV03923,2024-04-18,256.01,Electronics
C0499,potential,INV03924,2024-10-16,47.3,Electronics
C0499,potential,INV03925,2024-09-25,165.15,Electronics
C0499,potential,INV03926,2024-10-02,118.1,Apparel
C0499,potential,INV03927,2024-08-11,95.85,Home
C0500,atrisk,INV03928,2024-06-04,174.74,Sports
C0500,atrisk,INV03929,2024-05-26,114.49,Apparel
C0500,atrisk,INV03930,2024-04-27,51.99,Electronics
C0500,atrisk,INV03931,2024-05-05,135.49,Apparel
C0500,atrisk,INV03932,2024-05-07,112.27,Home
C0500,atrisk,INV03933,2024-04-05,150.65,Apparel
C0500,atrisk,INV03934,2023-10-14,85.12,Electronics
C0501,lost,INV03935,2023-01-29,76.55,Beauty
C0502,atrisk,INV03936,2024-08-27,93.48,Beauty
C0502,atrisk,INV03937,2024-07-21,146.25,Electronics
C0502,atrisk,INV03938,2024-08-09,114.89,Electronics
C0502,atrisk,INV03939,2024-06-22,150.21,Sports
C0502,atrisk,INV03940,2024-04-09,153.94,Sports
C0502,atrisk,INV03941,2024-03-05,57.02,Electronics
C0502,atrisk,INV03942,2024-04-23,174.76,Electronics
C0502,atrisk,INV03943,2024-07-09,162.85,Home
C0503,loyal,INV03944,2024-11-03,159.8,Sports
C0503,loyal,INV03945,2024-10-07,104.12,Apparel
C0503,loyal,INV03946,2024-09-14,130.45,Home
C0503,loyal,INV03947,2024-10-07,147.43,Electronics
C0503,loyal,INV03948,2024-09-12,134.06,Apparel
C0503,loyal,INV03949,2024-08-05,101.74,Electronics
C0504,atrisk,INV03950,2024-05-12,115.66,Electronics
C0504,atrisk,INV03951,2024-04-18,109.17,Sports
C0504,atrisk,INV03952,2024-03-13,146.78,Electronics
C0504,atrisk,INV03953,2024-04-18,129.09,Electronics
C0504,atrisk,INV03954,2023-12-20,63.98,Electronics
C0504,atrisk,INV03955,2024-01-03,116.67,Home
C0505,champion,INV03956,2024-12-22,544.61,Home
C0505,champion,INV03957,2024-12-02,340.38,Electronics
C0505,champion,INV03958,2024-11-16,333.97,Home
C0505,champion,INV03959,2024-11-22,415.62,Beauty
C0505,champion,INV03960,2024-11-08,331.29,Electronics
C0505,champion,INV03961,2024-06-25,432.15,Beauty
C0505,champion,INV03962,2024-05-20,579.28,Electronics
C0505,champion,INV03963,2024-06-30,444.03,Beauty
C0505,champion,INV03964,2024-10-11,400.49,Home
C0505,champion,INV03965,2024-04-23,486.79,Beauty
C0505,champion,INV03966,2024-03-07,380.41,Beauty
C0505,champion,INV03967,2023-12-03,375.68,Home
C0505,champion,INV03968,2024-08-24,230.75,Home
C0505,champion,INV03969,2023-09-11,320.68,Electronics
C0505,champion,INV03970,2023-10-01,334.68,Electronics
C0505,champion,INV03971,2024-04-11,505.2,Apparel
C0505,champion,INV03972,2024-05-12,306.52,Home
C0505,champion,INV03973,2023-10-24,485.63,Sports
C0505,champion,INV03974,2023-01-20,290.99,Beauty
C0505,champion,INV03975,2023-04-24,309.08,Electronics
C0506,potential,INV03976,2024-11-20,127.63,Apparel
C0506,potential,INV03977,2024-10-18,79.24,Home
C0506,potential,INV03978,2024-10-23,200.7,Electronics
C0506,potential,INV03979,2024-09-12,173.72,Electronics
C0507,atrisk,INV03980,2024-06-30,202.96,Home
C0507,atrisk,INV03981,2024-06-14,204.68,Electronics
C0507,atrisk,INV03982,2024-06-06,207.27,Sports
C0507,atrisk,INV03983,2024-06-06,161.74,Sports
C0507,atrisk,INV03984,2024-04-03,217.57,Apparel
C0507,atrisk,INV03985,2024-02-26,188.02,Electronics
C0507,atrisk,INV03986,2024-01-20,220.18,Apparel
C0508,loyal,INV03987,2024-10-13,219.55,Beauty
C0508,loyal,INV03988,2024-10-05,130.83,Sports
C0508,loyal,INV03989,2024-08-28,144.65,Beauty
C0508,loyal,INV03990,2024-08-29,214.59,Beauty
C0508,loyal,INV03991,2024-06-27,270.66,Beauty
C0508,loyal,INV03992,2024-06-30,332.91,Home
C0508,loyal,INV03993,2024-06-03,261.92,Electronics
C0508,loyal,INV03994,2024-03-24,245.87,Apparel
C0508,loyal,INV03995,2023-12-06,120.59,Home
C0508,loyal,INV03996,2024-02-22,228.51,Home
C0508,loyal,INV03997,2024-01-27,171.51,Electronics
C0509,potential,INV03998,2024-09-07,94.54,Home
C0509,potential,INV03999,2024-08-22,55.31,Sports
C0509,potential,INV04000,2024-08-24,122.97,Electronics
C0509,potential,INV04001,2024-06-15,99.59,Home
C0510,lost,INV04002,2023-06-26,55.53,Apparel
C0511,lost,INV04003,2023-06-17,51.92,Electronics
C0511,lost,INV04004,2023-06-01,87.97,Home
C0512,champion,INV04005,2024-12-18,502.81,Home
C0512,champion,INV04006,2024-11-24,178.56,Electronics
C0512,champion,INV04007,2024-11-30,468.27,Electronics
C0512,champion,INV04008,2024-10-19,534.11,Electronics
C0512,champion,INV04009,2024-10-15,348.21,Apparel
C0512,champion,INV04010,2024-08-30,336.11,Sports
C0512,champion,INV04011,2024-08-02,415.13,Apparel
C0512,champion,INV04012,2024-10-09,409.95,Electronics
C0512,champion,INV04013,2024-07-19,316.05,Apparel
C0512,champion,INV04014,2024-02-25,402.43,Beauty
C0512,champion,INV04015,2024-10-09,477.41,Apparel
C0512,champion,INV04016,2024-06-14,406.22,Apparel
C0512,champion,INV04017,2024-03-17,299.78,Beauty
C0512,champion,INV04018,2024-02-23,408.73,Apparel
C0512,champion,INV04019,2024-01-03,501.07,Home
C0513,lost,INV04020,2024-02-17,95.35,Electronics
C0514,potential,INV04021,2024-11-24,134.62,Electronics
C0514,potential,INV04022,2024-11-02,136.86,Apparel
C0514,potential,INV04023,2024-09-13,120.92,Beauty
C0514,potential,INV04024,2024-09-01,56.9,Apparel
C0515,potential,INV04025,2024-11-15,91.84,Home
C0515,potential,INV04026,2024-10-15,149.4,Electronics
C0515,potential,INV04027,2024-09-16,107.87,Apparel
C0515,potential,INV04028,2024-08-17,138.25,Electronics
C0516,atrisk,INV04029,2024-06-10,65.58,Beauty
C0516,atrisk,INV04030,2024-05-29,76.02,Home
C0516,atrisk,INV04031,2024-05-15,57.96,Beauty
C0516,atrisk,INV04032,2024-04-02,24.74,Beauty
C0516,atrisk,INV04033,2024-02-11,91.86,Beauty
C0517,potential,INV04034,2024-09-06,129.49,Apparel
C0517,potential,INV04035,2024-08-11,147.03,Beauty
C0517,potential,INV04036,2024-08-13,103.54,Sports
C0517,potential,INV04037,2024-08-07,114.22,Home
C0517,potential,INV04038,2024-05-29,185.41,Sports
C0517,potential,INV04039,2024-07-08,153.95,Beauty
C0518,potential,INV04040,2024-09-18,126.52,Beauty
C0518,potential,INV04041,2024-09-05,109.17,Beauty
C0518,potential,INV04042,2024-07-12,90.68,Electronics
C0519,potential,INV04043,2024-10-06,141.73,Apparel
C0519,potential,INV04044,2024-09-09,117.76,Electronics
C0519,potential,INV04045,2024-08-13,125.3,Electronics
C0519,potential,INV04046,2024-07-29,112.88,Beauty
C0520,loyal,INV04047,2024-11-18,251.22,Sports
C0520,loyal,INV04048,2024-11-02,276.09,Sports
C0520,loyal,INV04049,2024-09-03,253.26,Home
C0520,loyal,INV04050,2024-09-13,261.78,Sports
C0520,loyal,INV04051,2024-09-11,159.68,Home
C0520,loyal,INV04052,2024-09-09,248.4,Apparel
C0520,loyal,INV04053,2024-07-15,313.42,Electronics
C0521,loyal,INV04054,2024-11-13,193.48,Home
C0521,loyal,INV04055,2024-11-05,143.64,Apparel
C0521,loyal,INV04056,2024-10-22,149.29,Electronics
C0521,loyal,INV04057,2024-08-06,162.1,Sports
C0521,loyal,INV04058,2024-08-21,105.49,Sports
C0521,loyal,INV04059,2024-09-04,16.16,Apparel
C0522,lost,INV04060,2023-08-17,45.81,Electronics
C0522,lost,INV04061,2023-07-15,32.69,Electronics
C0523,atrisk,INV04062,2024-08-18,83.84,Electronics
C0523,atrisk,INV04063,2024-08-10,61.6,Electronics
C0523,atrisk,INV04064,2024-06-15,136.27,Apparel
C0523,atrisk,INV04065,2024-06-13,94.01,Home
C0523,atrisk,INV04066,2024-07-17,79.98,Apparel
C0523,atrisk,INV04067,2024-06-09,62.92,Home
C0523,atrisk,INV04068,2024-04-20,78.36,Electronics
C0524,lost,INV04069,2023-04-22,57.79,Apparel
C0524,lost,INV04070,2023-03-25,60.3,Beauty
C0524,lost,INV04071,2023-03-07,32.76,Home
C0525,potential,INV04072,2024-10-15,104.54,Electronics
C0525,potential,INV04073,2024-09-22,92.62,Sports
C0525,potential,INV04074,2024-08-12,52.52,Sports
C0525,potential,INV04075,2024-08-31,118.5,Beauty
C0525,potential,INV04076,2024-05-28,126.52,Electronics
C0525,potential,INV04077,2024-07-27,102.25,Electronics
C0525,potential,INV04078,2024-04-24,59.97,Apparel
C0526,lost,INV04079,2023-05-20,59.73,Apparel
C0526,lost,INV04080,2023-05-07,59.65,Home
C0527,potential,INV04081,2024-09-22,57.14,Home
C0527,potential,INV04082,2024-08-17,98.81,Apparel
C0527,potential,INV04083,2024-07-08,42.07,Home
C0527,potential,INV04084,2024-07-12,75.99,Home
C0527,potential,INV04085,2024-07-16,73.37,Beauty
C0527,potential,INV04086,2024-07-14,61.76,Home
C0527,potential,INV04087,2024-05-07,58.72,Home
C0528,loyal,INV04088,2024-11-06,147.22,Beauty
C0528,loyal,INV04089,2024-09-30,120.0,Apparel
C0528,loyal,INV04090,2024-09-23,146.56,Electronics
C0528,loyal,INV04091,2024-09-22,168.45,Apparel
C0528,loyal,INV04092,2024-06-15,92.46,Electronics
C0528,loyal,INV04093,2024-04-25,60.95,Sports
C0528,loyal,INV04094,2024-07-27,113.74,Electronics
C0528,loyal,INV04095,2024-08-28,96.38,Home
C0528,loyal,INV04096,2024-07-25,49.32,Beauty
C0528,loyal,INV04097,2024-01-14,160.79,Apparel
C0528,loyal,INV04098,2024-05-30,62.1,Electronics
C0528,loyal,INV04099,2024-08-10,100.71,Apparel
C0528,loyal,INV04100,2024-04-04,137.52,Apparel
C0529,atrisk,INV04101,2024-04-09,123.87,Beauty
C0529,atrisk,INV04102,2024-03-12,118.73,Electronics
C0529,atrisk,INV04103,2024-02-09,56.29,Beauty
C0529,atrisk,INV04104,2024-03-04,80.61,Beauty
C0530,loyal,INV04105,2024-12-05,76.28,Beauty
C0530,loyal,INV04106,2024-11-22,151.73,Sports
C0530,loyal,INV04107,2024-11-17,165.07,Sports
C0530,loyal,INV04108,2024-10-21,50.37,Sports
C0530,loyal,INV04109,2024-07-22,109.26,Apparel
C0530,loyal,INV04110,2024-07-08,94.42,Electronics
C0530,loyal,INV04111,2024-07-02,124.59,Electronics
C0530,loyal,INV04112,2024-09-12,147.89,Home
C0530,loyal,INV04113,2024-06-28,86.52,Sports
C0530,loyal,INV04114,2024-02-12,103.49,Sports
C0530,loyal,INV04115,2023-12-11,61.59,Home
C0530,loyal,INV04116,2023-11-05,56.13,Apparel
C0530,loyal,INV04117,2024-02-21,150.82,Beauty
C0530,loyal,INV04118,2023-08-12,65.88,Home
C0531,potential,INV04119,2024-11-24,95.81,Sports
C0531,potential,INV04120,2024-11-06,103.7,Apparel
C0531,potential,INV04121,2024-11-02,125.43,Home
C0532,potential,INV04122,2024-10-10,52.02,Apparel
C0532,potential,INV04123,2024-09-11,144.4,Beauty
C0532,potential,INV04124,2024-09-14,98.21,Home
C0532,potential,INV04125,2024-06-21,79.96,Sports
C0533,champion,INV04126,2024-12-12,178.45,Apparel
C0533,champion,INV04127,2024-11-04,168.8,Sports
C0533,champion,INV04128,2024-11-14,268.94,Electronics
C0533,champion,INV04129,2024-11-12,82.77,Electronics
C0533,champion,INV04130,2024-08-10,225.64,Beauty
C0533,champion,INV04131,2024-10-23,253.01,Electronics
C0533,champion,INV04132,2024-09-13,284.55,Home
C0533,champion,INV04133,2024-09-12,274.34,Home
C0533,champion,INV04134,2024-03-31,248.85,Home
C0533,champion,INV04135,2024-05-10,72.07,Home
C0533,champion,INV04136,2024-04-26,143.39,Electronics
C0533,champion,INV04137,2024-03-12,231.07,Beauty
C0533,champion,INV04138,2024-07-09,198.48,Electronics
C0533,champion,INV04139,2024-05-05,135.36,Apparel
C0533,champion,INV04140,2023-11-02,254.44,Electronics
C0534,atrisk,INV04141,2024-07-19,119.06,Electronics
C0534,atrisk,INV04142,2024-07-08,124.47,Beauty
C0534,atrisk,INV04143,2024-06-23,51.43,Electronics
C0534,atrisk,INV04144,2024-06-19,85.66,Apparel
C0534,atrisk,INV04145,2024-03-21,67.45,Electronics
C0534,atrisk,INV04146,2024-03-01,61.71,Sports
C0534,atrisk,INV04147,2024-03-27,43.12,Beauty
C0534,atrisk,INV04148,2023-10-27,136.74,Electronics
C0535,loyal,INV04149,2024-12-09,180.16,Home
C0535,loyal,INV04150,2024-11-25,160.8,Beauty
C0535,loyal,INV04151,2024-09-30,198.27,Sports
C0535,loyal,INV04152,2024-11-18,255.71,Home
C0535,loyal,INV04153,2024-09-16,225.73,Electronics
C0535,loyal,INV04154,2024-10-20,187.25,Electronics
C0535,loyal,INV04155,2024-07-30,139.48,Apparel
C0536,champion,INV04156,2024-12-17,116.92,Electronics
C0536,champion,INV04157,2024-11-17,271.93,Apparel
C0536,champion,INV04158,2024-10-28,171.14,Beauty
C0536,champion,INV04159,2024-09-06,141.47,Beauty
C0536,champion,INV04160,2024-07-14,231.73,Beauty
C0536,champion,INV04161,2024-07-15,205.63,Electronics
C0536,champion,INV04162,2024-06-20,270.19,Beauty
C0536,champion,INV04163,2024-05-07,209.27,Apparel
C0536,champion,INV04164,2024-04-05,160.31,Home
C0536,champion,INV04165,2024-02-06,232.08,Sports
C0536,champion,INV04166,2023-12-03,188.46,Apparel
C0536,champion,INV04167,2024-08-29,261.97,Electronics
C0536,champion,INV04168,2023-12-23,164.88,Home
C0536,champion,INV04169,2024-02-09,110.17,Apparel
C0536,champion,INV04170,2023-07-18,168.87,Sports
C0536,champion,INV04171,2024-05-21,176.68,Electronics
C0536,champion,INV04172,2024-05-07,133.48,Apparel
C0536,champion,INV04173,2024-01-29,202.57,Home
C0536,champion,INV04174,2024-06-02,224.71,Sports
C0536,champion,INV04175,2024-03-26,198.88,Home
C0536,champion,INV04176,2023-10-24,241.88,Apparel
C0536,champion,INV04177,2024-06-11,82.02,Apparel
C0536,champion,INV04178,2022-08-12,150.15,Apparel
C0536,champion,INV04179,2023-01-27,84.76,Sports
C0536,champion,INV04180,2022-05-26,188.54,Home
C0536,champion,INV04181,2023-01-17,131.24,Electronics
C0536,champion,INV04182,2022-09-07,167.66,Home
C0536,champion,INV04183,2022-03-24,196.3,Apparel
C0537,loyal,INV04184,2024-11-22,41.82,Apparel
C0537,loyal,INV04185,2024-10-18,105.24,Sports
C0537,loyal,INV04186,2024-10-03,134.14,Home
C0537,loyal,INV04187,2024-10-29,125.51,Home
C0537,loyal,INV04188,2024-07-17,248.23,Home
C0537,loyal,INV04189,2024-09-18,200.71,Home
C0537,loyal,INV04190,2024-05-26,208.83,Electronics
C0537,loyal,INV04191,2024-07-12,200.47,Sports
C0537,loyal,INV04192,2024-03-11,349.62,Sports
C0537,loyal,INV04193,2024-01-21,94.41,Electronics
C0538,potential,INV04194,2024-09-19,102.5,Beauty
C0538,potential,INV04195,2024-09-10,78.28,Apparel
C0538,potential,INV04196,2024-08-24,82.26,Sports
C0538,potential,INV04197,2024-07-18,103.71,Sports
C0538,potential,INV04198,2024-08-22,130.14,Beauty
C0538,potential,INV04199,2024-07-16,73.59,Electronics
C0538,potential,INV04200,2024-06-15,82.48,Electronics
C0539,potential,INV04201,2024-10-30,150.73,Home
C0539,potential,INV04202,2024-10-03,158.97,Electronics
C0539,potential,INV04203,2024-09-06,110.78,Home
C0539,potential,INV04204,2024-08-07,98.47,Apparel
C0539,potential,INV04205,2024-06-20,68.73,Electronics
C0539,potential,INV04206,2024-06-02,197.4,Apparel
C0540,atrisk,INV04207,2024-04-27,111.33,Apparel
C0540,atrisk,INV04208,2024-04-06,142.62,Beauty
C0540,atrisk,INV04209,2024-04-05,123.6,Electronics
C0540,atrisk,INV04210,2024-02-12,252.42,Electronics
C0540,atrisk,INV04211,2024-02-03,137.37,Electronics
C0540,atrisk,INV04212,2024-01-13,118.6,Apparel
C0540,atrisk,INV04213,2023-10-30,124.76,Electronics
C0541,champion,INV04214,2024-12-29,496.37,Beauty
C0541,champion,INV04215,2024-12-02,424.31,Beauty
C0541,champion,INV04216,2024-10-24,375.7,Sports
C0541,champion,INV04217,2024-11-23,403.73,Apparel
C0541,champion,INV04218,2024-11-23,288.37,Beauty
C0541,champion,INV04219,2024-09-10,565.58,Sports
C0541,champion,INV04220,2024-11-17,340.59,Beauty
C0541,champion,INV04221,2024-06-30,521.32,Electronics
C0541,champion,INV04222,2024-10-02,435.31,Sports
C0541,champion,INV04223,2024-05-18,492.66,Beauty
C0541,champion,INV04224,2024-07-12,354.19,Home
C0541,champion,INV04225,2024-03-29,427.65,Apparel
C0541,champion,INV04226,2023-12-11,349.85,Electronics
C0541,champion,INV04227,2023-10-14,294.54,Apparel
C0541,champion,INV04228,2024-02-25,521.3,Electronics
C0541,champion,INV04229,2024-02-18,392.2,Apparel
C0541,champion,INV04230,2023-05-17,320.8,Home
C0541,champion,INV04231,2024-04-01,364.02,Electronics
C0541,champion,INV04232,2024-06-14,428.6,Home
C0541,champion,INV04233,2023-01-07,153.97,Beauty
C0541,champion,INV04234,2022-11-10,472.0,Sports
C0541,champion,INV04235,2024-02-18,130.09,Apparel
C0541,champion,INV04236,2023-05-15,311.14,Electronics
C0541,champion,INV04237,2022-11-08,318.65,Apparel
C0541,champion,INV04238,2023-01-09,348.27,Sports
C0541,champion,INV04239,2024-03-04,273.95,Electronics
C0541,champion,INV04240,2023-11-09,311.68,Home
C0541,champion,INV04241,2023-06-11,229.01,Home
C0542,lost,INV04242,2023-09-18,37.38,Home
C0542,lost,INV04243,2023-08-10,58.11,Electronics
C0542,lost,INV04244,2023-08-23,39.36,Home
C0543,atrisk,INV04245,2024-04-29,200.1,Apparel
C0543,atrisk,INV04246,2024-04-02,127.61,Sports
C0543,atrisk,INV04247,2024-02-17,238.64,Electronics
C0543,atrisk,INV04248,2024-02-05,132.07,Electronics
C0543,atrisk,INV04249,2024-02-01,168.01,Home
C0543,atrisk,INV04250,2024-03-05,73.58,Electronics
C0543,atrisk,INV04251,2023-12-01,161.9,Home
C0543,atrisk,INV04252,2023-10-09,140.41,Electronics
C0544,atrisk,INV04253,2024-05-30,91.84,Sports
C0544,atrisk,INV04254,2024-05-20,97.4,Home
C0544,atrisk,INV04255,2024-03-13,85.01,Electronics
C0544,atrisk,INV04256,2024-03-25,57.65,Electronics
C0544,atrisk,INV04257,2024-03-19,119.52,Apparel
C0544,atrisk,INV04258,2023-11-17,95.69,Home
C0545,champion,INV04259,2024-12-18,376.27,Electronics
C0545,champion,INV04260,2024-12-04,385.38,Beauty
C0545,champion,INV04261,2024-10-27,390.2,Electronics
C0545,champion,INV04262,2024-08-26,354.66,Beauty
C0545,champion,INV04263,2024-11-12,135.45,Beauty
C0545,champion,INV04264,2024-06-21,483.13,Apparel
C0545,champion,INV04265,2024-07-09,402.37,Electronics
C0545,champion,INV04266,2024-07-10,523.18,Beauty
C0545,champion,INV04267,2024-09-05,316.91,Home
C0545,champion,INV04268,2024-05-25,292.05,Apparel
C0545,champion,INV04269,2024-03-03,322.3,Sports
C0545,champion,INV04270,2023-12-21,666.4,Apparel
C0545,champion,INV04271,2024-03-29,471.89,Home
C0545,champion,INV04272,2024-06-06,487.72,Apparel
C0545,champion,INV04273,2024-07-17,421.29,Electronics
C0545,champion,INV04274,2024-04-22,475.3,Apparel
C0545,champion,INV04275,2023-07-09,278.82,Apparel
C0545,champion,INV04276,2023-06-06,428.17,Electronics
C0545,champion,INV04277,2024-03-23,507.2,Home
C0546,champion,INV04278,2024-12-08,119.86,Home
C0546,champion,INV04279,2024-11-05,350.39,Home
C0546,champion,INV04280,2024-11-22,321.45,Sports
C0546,champion,INV04281,2024-09-12,350.17,Beauty
C0546,champion,INV04282,2024-10-05,298.95,Electronics
C0546,champion,INV04283,2024-07-21,403.6,Apparel
C0546,champion,INV04284,2024-10-03,212.86,Beauty
C0546,champion,INV04285,2024-07-28,298.18,Electronics
C0546,champion,INV04286,2024-08-10,292.03,Apparel
C0546,champion,INV04287,2024-03-04,283.55,Apparel
C0546,champion,INV04288,2024-04-12,351.3,Home
C0546,champion,INV04289,2024-03-19,239.22,Beauty
C0546,champion,INV04290,2024-04-24,384.36,Apparel
C0546,champion,INV04291,2023-07-20,329.39,Home
C0546,champion,INV04292,2023-09-03,254.58,Home
C0546,champion,INV04293,2023-06-02,256.26,Electronics
C0546,champion,INV04294,2023-11-04,339.49,Electronics
C0546,champion,INV04295,2024-05-01,181.73,Beauty
C0546,champion,INV04296,2023-04-06,295.53,Apparel
C0546,champion,INV04297,2023-09-28,356.59,Beauty
C0546,champion,INV04298,2023-04-18,489.06,Electronics
C0546,champion,INV04299,2024-01-07,226.21,Home
C0546,champion,INV04300,2024-05-02,267.25,Electronics
C0546,champion,INV04301,2023-05-13,210.56,Beauty
C0546,champion,INV04302,2023-04-18,377.48,Sports
C0546,champion,INV04303,2023-01-08,336.39,Apparel
C0547,lost,INV04304,2023-02-22,100.64,Home
C0548,loyal,INV04305,2024-11-05,166.93,Apparel
C0548,loyal,INV04306,2024-10-19,193.96,Home
C0548,loyal,INV04307,2024-08-31,221.42,Home
C0548,loyal,INV04308,2024-09-03,228.54,Electronics
C0548,loyal,INV04309,2024-10-08,168.47,Beauty
C0548,loyal,INV04310,2024-09-06,193.12,Apparel
C0549,loyal,INV04311,2024-10-17,280.72,Sports
C0549,loyal,INV04312,2024-10-03,234.65,Sports
C0549,loyal,INV04313,2024-08-30,285.26,Electronics
C0549,loyal,INV04314,2024-07-07,160.48,Home
C0549,loyal,INV04315,2024-09-15,164.69,Apparel
C0549,loyal,INV04316,2024-09-07,351.02,Beauty
C0549,loyal,INV04317,2024-03-09,270.6,Beauty
C0550,loyal,INV04318,2024-10-23,72.15,Electronics
C0550,loyal,INV04319,2024-10-14,86.23,Apparel
C0550,loyal,INV04320,2024-10-03,137.94,Home
C0550,loyal,INV04321,2024-07-01,125.8,Beauty
C0550,loyal,INV04322,2024-05-28,142.71,Sports
C0550,loyal,INV04323,2024-09-13,136.54,Electronics
C0551,loyal,INV04324,2024-12-09,203.7,Home
C0551,loyal,INV04325,2024-11-25,194.54,Apparel
C0551,loyal,INV04326,2024-10-02,249.26,Sports
C0551,loyal,INV04327,2024-10-25,192.72,Apparel
C0551,loyal,INV04328,2024-10-22,145.49,Electronics
C0551,loyal,INV04329,2024-10-15,145.72,Apparel
C0551,loyal,INV04330,2024-05-07,10.0,Apparel
C0551,loyal,INV04331,2024-09-16,275.82,Electronics
C0551,loyal,INV04332,2024-07-02,112.35,Beauty
C0551,loyal,INV04333,2024-08-05,239.56,Sports
C0552,atrisk,INV04334,2024-08-14,165.03,Electronics
C0552,atrisk,INV04335,2024-07-22,189.72,Electronics
C0552,atrisk,INV04336,2024-06-29,138.53,Electronics
C0552,atrisk,INV04337,2024-05-28,222.48,Apparel
C0552,atrisk,INV04338,2024-06-11,189.94,Home
C0552,atrisk,INV04339,2024-03-12,186.97,Sports
C0552,atrisk,INV04340,2024-02-28,134.83,Beauty
C0553,atrisk,INV04341,2024-06-04,203.67,Electronics
C0553,atrisk,INV04342,2024-05-16,110.06,Beauty
C0553,atrisk,INV04343,2024-04-21,202.37,Apparel
C0553,atrisk,INV04344,2024-04-26,220.38,Apparel
C0553,atrisk,INV04345,2024-02-01,114.14,Sports
C0553,atrisk,INV04346,2023-11-22,184.61,Home
C0553,atrisk,INV04347,2024-01-24,193.67,Apparel
C0553,atrisk,INV04348,2023-12-12,168.92,Home
C0553,atrisk,INV04349,2024-02-29,161.85,Electronics
C0554,lost,INV04350,2023-06-02,27.74,Apparel
C0554,lost,INV04351,2023-05-14,68.0,Apparel
C0554,lost,INV04352,2023-03-18,47.9,Apparel
C0555,champion,INV04353,2024-12-15,241.42,Home
C0555,champion,INV04354,2024-11-24,142.92,Sports
C0555,champion,INV04355,2024-09-28,318.48,Home
C0555,champion,INV04356,2024-11-12,295.55,Beauty
C0555,champion,INV04357,2024-07-12,199.61,Apparel
C0555,champion,INV04358,2024-08-22,190.4,Electronics
C0555,champion,INV04359,2024-09-10,119.17,Beauty
C0555,champion,INV04360,2024-09-08,152.89,Beauty
C0555,champion,INV04361,2024-03-26,165.96,Electronics
C0555,champion,INV04362,2024-03-29,195.17,Electronics
C0555,champion,INV04363,2024-07-28,234.72,Home
C0555,champion,INV04364,2023-11-04,185.71,Home
C0555,champion,INV04365,2024-06-18,156.31,Beauty
C0555,champion,INV04366,2024-02-20,134.37,Apparel
C0555,champion,INV04367,2023-07-30,193.01,Electronics
C0555,champion,INV04368,2024-08-02,200.67,Home
C0555,champion,INV04369,2023-04-01,235.82,Beauty
C0555,champion,INV04370,2024-06-28,161.64,Sports
C0555,champion,INV04371,2023-04-13,209.73,Apparel
C0555,champion,INV04372,2023-11-12,225.1,Apparel
C0555,champion,INV04373,2024-01-30,112.02,Home
C0555,champion,INV04374,2023-08-20,171.08,Electronics
C0555,champion,INV04375,2022-10-15,119.24,Electronics
C0555,champion,INV04376,2024-01-05,161.71,Apparel
C0555,champion,INV04377,2023-12-21,116.01,Home
C0555,champion,INV04378,2023-08-28,207.23,Beauty
C0555,champion,INV04379,2022-03-07,235.39,Apparel
C0555,champion,INV04380,2024-04-16,258.72,Sports
C0556,atrisk,INV04381,2024-04-30,166.23,Home
C0556,atrisk,INV04382,2024-04-19,130.6,Sports
C0556,atrisk,INV04383,2024-04-06,108.9,Home
C0556,atrisk,INV04384,2024-04-03,131.71,Beauty
C0556,atrisk,INV04385,2024-03-21,159.87,Apparel
C0556,atrisk,INV04386,2024-02-20,169.68,Home
C0556,atrisk,INV04387,2023-12-20,152.92,Electronics
C0556,atrisk,INV04388,2023-08-08,117.56,Beauty
C0556,atrisk,INV04389,2024-02-10,138.93,Electronics
C0557,potential,INV04390,2024-10-29,96.94,Sports
C0557,potential,INV04391,2024-09-22,125.05,Apparel
C0557,potential,INV04392,2024-10-03,128.61,Electronics
C0557,potential,INV04393,2024-07-13,119.68,Electronics
C0557,potential,INV04394,2024-08-18,78.23,Electronics
C0557,potential,INV04395,2024-07-11,116.13,Apparel
C0558,loyal,INV04396,2024-11-27,181.13,Beauty
C0558,loyal,INV04397,2024-11-02,259.85,Sports
C0558,loyal,INV04398,2024-10-26,182.24,Apparel
C0558,loyal,INV04399,2024-08-29,206.07,Home
C0558,loyal,INV04400,2024-09-28,221.0,Home
C0558,loyal,INV04401,2024-08-29,95.16,Sports
C0558,loyal,INV04402,2024-09-28,179.02,Home
C0558,loyal,INV04403,2024-05-08,250.67,Electronics
C0558,loyal,INV04404,2024-10-02,268.5,Beauty
C0558,loyal,INV04405,2024-07-06,283.28,Home
C0558,loyal,INV04406,2024-04-11,305.4,Sports
C0558,loyal,INV04407,2024-08-09,299.85,Electronics
C0558,loyal,INV04408,2024-07-30,257.21,Apparel
C0558,loyal,INV04409,2023-08-30,232.42,Apparel
C0559,lost,INV04410,2023-04-20,33.46,Beauty
C0560,potential,INV04411,2024-09-26,129.21,Beauty
C0560,potential,INV04412,2024-09-17,177.36,Beauty
C0560,potential,INV04413,2024-09-08,100.74,Beauty
C0560,potential,INV04414,2024-06-01,131.82,Electronics
C0560,potential,INV04415,2024-06-14,64.31,Sports
C0561,champion,INV04416,2024-12-13,214.02,Apparel
C0561,champion,INV04417,2024-12-03,263.8,Sports
C0561,champion,INV04418,2024-10-14,197.81,Sports
C0561,champion,INV04419,2024-11-01,171.29,Home
C0561,champion,INV04420,2024-10-18,145.89,Sports
C0561,champion,INV04421,2024-11-03,167.69,Home
C0561,champion,INV04422,2024-11-01,247.1,Sports
C0561,champion,INV04423,2024-10-11,86.33,Beauty
C0561,champion,INV04424,2024-07-14,191.63,Beauty
C0561,champion,INV04425,2024-02-20,106.04,Home
C0561,champion,INV04426,2024-05-17,76.68,Home
C0561,champion,INV04427,2023-11-13,268.19,Beauty
C0561,champion,INV04428,2024-08-03,163.14,Beauty
C0561,champion,INV04429,2023-09-28,86.14,Beauty
C0561,champion,INV04430,2024-02-23,258.53,Apparel
C0561,champion,INV04431,2023-11-04,223.5,Sports
C0561,champion,INV04432,2023-06-02,160.41,Home
C0561,champion,INV04433,2024-01-08,103.8,Apparel
C0561,champion,INV04434,2024-04-05,150.09,Home
C0561,champion,INV04435,2024-01-25,82.34,Apparel
C0561,champion,INV04436,2024-06-16,86.52,Home
C0561,champion,INV04437,2022-11-18,235.54,Beauty
C0561,champion,INV04438,2023-04-07,276.61,Apparel
C0561,champion,INV04439,2023-04-25,212.8,Electronics
C0561,champion,INV04440,2022-12-24,241.98,Electronics
C0561,champion,INV04441,2023-03-29,232.06,Electronics
C0561,champion,INV04442,2023-12-15,226.27,Beauty
C0561,champion,INV04443,2022-08-29,87.58,Sports
C0562,loyal,INV04444,2024-11-09,136.07,Apparel
C0562,loyal,INV04445,2024-10-17,124.73,Sports
C0562,loyal,INV04446,2024-10-08,88.53,Apparel
C0562,loyal,INV04447,2024-08-17,94.25,Home
C0562,loyal,INV04448,2024-10-12,109.87,Sports
C0562,loyal,INV04449,2024-08-31,36.5,Beauty
C0562,loyal,INV04450,2024-05-19,102.89,Beauty
C0562,loyal,INV04451,2024-03-30,142.43,Beauty
C0563,lost,INV04452,2024-01-08,121.87,Home
C0564,lost,INV04453,2024-03-27,35.7,Apparel
C0564,lost,INV04454,2024-02-22,63.97,Apparel
C0565,atrisk,INV04455,2024-08-24,273.39,Sports
C0565,atrisk,INV04456,2024-08-02,131.95,Sports
C0565,atrisk,INV04457,2024-08-08,80.06,Home
C0565,atrisk,INV04458,2024-05-14,161.88,Home
C0566,lost,INV04459,2024-02-20,37.97,Electronics
C0566,lost,INV04460,2024-02-08,70.95,Home
C0566,lost,INV04461,2023-12-14,70.88,Apparel
C0567,loyal,INV04462,2024-12-12,157.41,Electronics
C0567,loyal,INV04463,2024-11-13,272.34,Apparel
C0567,loyal,INV04464,2024-10-31,254.97,Home
C0567,loyal,INV04465,2024-11-12,308.89,Beauty
C0567,loyal,INV04466,2024-08-18,55.29,Apparel
C0567,loyal,INV04467,2024-06-15,259.38,Home
C0567,loyal,INV04468,2024-06-15,268.87,Apparel
C0567,loyal,INV04469,2024-09-26,254.9,Beauty
C0568,atrisk,INV04470,2024-06-25,117.73,Sports
C0568,atrisk,INV04471,2024-06-05,155.56,Beauty
C0568,atrisk,INV04472,2024-04-16,86.5,Apparel
C0568,atrisk,INV04473,2024-05-26,73.61,Electronics
C0568,atrisk,INV04474,2024-03-17,100.12,Electronics
C0568,atrisk,INV04475,2023-12-28,99.68,Sports
C0569,lost,INV04476,2023-04-12,48.28,Beauty
C0569,lost,INV04477,2023-03-27,64.78,Sports
C0569,lost,INV04478,2023-02-01,77.91,Beauty
C0570,loyal,INV04479,2024-10-25,128.55,Beauty
C0570,loyal,INV04480,2024-10-13,90.26,Electronics
C0570,loyal,INV04481,2024-09-17,73.5,Home
C0570,loyal,INV04482,2024-07-15,95.07,Beauty
C0570,loyal,INV04483,2024-09-11,135.09,Home
C0570,loyal,INV04484,2024-06-27,107.32,Electronics
C0571,champion,INV04485,2024-12-17,338.35,Sports
C0571,champion,INV04486,2024-12-01,467.32,Electronics
C0571,champion,INV04487,2024-10-22,276.81,Apparel
C0571,champion,INV04488,2024-11-14,363.85,Sports
C0571,champion,INV04489,2024-09-08,346.36,Home
C0571,champion,INV04490,2024-08-04,445.1,Electronics
C0571,champion,INV04491,2024-08-13,266.83,Electronics
C0571,champion,INV04492,2024-04-23,454.55,Apparel
C0571,champion,INV04493,2024-09-28,238.96,Home
C0571,champion,INV04494,2024-01-01,225.35,Apparel
C0571,champion,INV04495,2024-08-19,346.66,Sports
C0571,champion,INV04496,2023-12-20,444.37,Beauty
C0571,champion,INV04497,2024-02-21,137.37,Electronics
C0571,champion,INV04498,2024-07-14,223.15,Apparel
C0571,champion,INV04499,2024-05-21,355.68,Sports
C0571,champion,INV04500,2024-01-22,385.28,Apparel
C0571,champion,INV04501,2023-09-26,383.67,Home
C0571,champion,INV04502,2023-12-26,395.88,Apparel
C0571,champion,INV04503,2024-03-04,466.07,Electronics
C0571,champion,INV04504,2023-04-19,479.43,Electronics
C0571,champion,INV04505,2023-02-06,419.1,Beauty
C0571,champion,INV04506,2022-11-22,286.85,Sports
C0571,champion,INV04507,2023-02-26,130.87,Apparel
C0571,champion,INV04508,2024-06-16,310.96,Electronics
C0572,lost,INV04509,2023-09-26,39.68,Electronics
C0572,lost,INV04510,2023-09-08,68.04,Sports
C0573,lost,INV04511,2023-08-13,40.43,Electronics
C0573,lost,INV04512,2023-07-24,54.81,Electronics
C0574,loyal,INV04513,2024-10-08,136.47,Sports
C0574,loyal,INV04514,2024-09-23,83.69,Beauty
C0574,loyal,INV04515,2024-08-09,193.39,Apparel
C0574,loyal,INV04516,2024-07-25,158.61,Beauty
C0574,loyal,INV04517,2024-05-17,94.21,Beauty
C0574,loyal,INV04518,2024-07-10,77.27,Electronics
C0574,loyal,INV04519,2024-06-10,117.33,Electronics
C0574,loyal,INV04520,2024-08-06,120.06,Electronics
C0574,loyal,INV04521,2024-02-19,85.41,Home
C0574,loyal,INV04522,2024-03-06,67.93,Electronics
C0574,loyal,INV04523,2024-02-21,89.66,Sports
C0574,loyal,INV04524,2024-04-26,107.91,Apparel
C0574,loyal,INV04525,2024-01-18,146.45,Sports
C0575,potential,INV04526,2024-09-04,63.68,Home
C0575,potential,INV04527,2024-08-20,58.4,Electronics
C0575,potential,INV04528,2024-06-26,51.58,Home
C0575,potential,INV04529,2024-08-11,39.54,Home
C0575,potential,INV04530,2024-04-09,90.73,Apparel
C0575,potential,INV04531,2024-05-02,69.42,Home
C0576,atrisk,INV04532,2024-04-01,148.94,Sports
C0576,atrisk,INV04533,2024-02-25,168.14,Electronics
C0576,atrisk,INV04534,2024-02-07,135.34,Beauty
C0576,atrisk,INV04535,2024-01-02,76.37,Sports
C0576,atrisk,INV04536,2023-11-01,133.67,Sports
C0577,atrisk,INV04537,2024-07-06,104.9,Home
C0577,atrisk,INV04538,2024-06-10,103.34,Electronics
C0577,atrisk,INV04539,2024-06-22,146.77,Apparel
C0577,atrisk,INV04540,2024-03-29,128.1,Apparel
C0577,atrisk,INV04541,2024-05-31,93.58,Home
C0577,atrisk,INV04542,2024-05-17,100.3,Home
C0577,atrisk,INV04543,2023-12-03,113.73,Electronics
C0577,atrisk,INV04544,2024-05-04,127.02,Home
C0577,atrisk,INV04545,2024-04-01,36.71,Apparel
C0578,atrisk,INV04546,2024-05-17,144.97,Electronics
C0578,atrisk,INV04547,2024-04-12,83.72,Apparel
C0578,atrisk,INV04548,2024-03-08,122.26,Home
C0578,atrisk,INV04549,2024-02-05,114.37,Apparel
C0578,atrisk,INV04550,2024-02-19,146.2,Electronics
C0578,atrisk,INV04551,2023-11-29,129.74,Home
C0578,atrisk,INV04552,2024-03-18,120.75,Apparel
C0578,atrisk,INV04553,2024-03-22,129.43,Sports
C0579,potential,INV04554,2024-10-02,128.67,Electronics
C0579,potential,INV04555,2024-08-25,84.74,Sports
C0579,potential,INV04556,2024-09-06,170.47,Sports
C0579,potential,INV04557,2024-08-09,162.51,Beauty
C0579,potential,INV04558,2024-06-24,91.12,Sports
C0579,potential,INV04559,2024-05-30,94.67,Electronics
C0580,champion,INV04560,2024-12-22,276.16,Electronics
C0580,champion,INV04561,2024-12-01,417.33,Electronics
C0580,champion,INV04562,2024-11-30,359.6,Beauty
C0580,champion,INV04563,2024-09-29,311.27,Apparel
C0580,champion,INV04564,2024-11-16,428.29,Apparel
C0580,champion,INV04565,2024-09-18,416.45,Beauty
C0580,champion,INV04566,2024-07-31,393.42,Home
C0580,champion,INV04567,2024-07-07,516.25,Sports
C0580,champion,INV04568,2024-03-01,536.67,Electronics
C0580,champion,INV04569,2024-05-20,318.78,Sports
C0580,champion,INV04570,2024-08-14,405.72,Electronics
C0580,champion,INV04571,2024-04-02,351.1,Electronics
C0580,champion,INV04572,2024-05-08,427.93,Apparel
C0580,champion,INV04573,2024-05-15,261.48,Home
C0580,champion,INV04574,2023-11-26,552.76,Electronics
C0580,champion,INV04575,2023-11-13,326.27,Sports
C0580,champion,INV04576,2023-12-20,387.26,Home
C0580,champion,INV04577,2024-05-15,557.13,Home
C0580,champion,INV04578,2024-05-02,268.51,Sports
C0580,champion,INV04579,2024-02-03,435.23,Electronics
C0580,champion,INV04580,2022-11-23,449.09,Beauty
C0580,champion,INV04581,2024-01-21,557.73,Beauty
C0580,champion,INV04582,2022-09-30,383.67,Apparel
C0580,champion,INV04583,2022-08-01,181.27,Home
C0581,lost,INV04584,2024-03-31,48.58,Apparel
C0582,atrisk,INV04585,2024-07-12,113.57,Home
C0582,atrisk,INV04586,2024-06-27,169.78,Apparel
C0582,atrisk,INV04587,2024-06-20,93.33,Beauty
C0582,atrisk,INV04588,2024-05-19,131.28,Apparel
C0583,lost,INV04589,2024-04-10,90.95,Home
C0584,loyal,INV04590,2024-11-04,169.67,Home
C0584,loyal,INV04591,2024-10-04,292.51,Electronics
C0584,loyal,INV04592,2024-10-15,200.65,Home
C0584,loyal,INV04593,2024-08-06,174.84,Beauty
C0584,loyal,INV04594,2024-07-07,79.94,Electronics
C0584,loyal,INV04595,2024-09-05,182.84,Home
C0584,loyal,INV04596,2024-05-02,200.7,Home
C0584,loyal,INV04597,2024-03-18,208.85,Apparel
C0584,loyal,INV04598,2024-04-18,143.98,Beauty
C0584,loyal,INV04599,2024-01-03,228.83,Electronics
C0584,loyal,INV04600,2023-12-10,236.94,Home
C0585,potential,INV04601,2024-11-14,37.15,Beauty
C0585,potential,INV04602,2024-11-05,147.91,Sports
C0585,potential,INV04603,2024-09-13,92.82,Apparel
C0585,potential,INV04604,2024-10-09,43.07,Apparel
C0585,potential,INV04605,2024-09-27,65.18,Home
C0585,potential,INV04606,2024-07-02,129.82,Sports
C0585,potential,INV04607,2024-08-04,109.88,Home
C0586,lost,INV04608,2023-06-30,130.13,Sports
C0586,lost,INV04609,2023-06-13,130.6,Sports
C0586,lost,INV04610,2023-06-16,102.25,Apparel
C0587,champion,INV04611,2024-12-04,187.37,Apparel
C0587,champion,INV04612,2024-11-07,236.86,Electronics
C0587,champion,INV04613,2024-09-17,428.24,Electronics
C0587,champion,INV04614,2024-09-26,330.8,Electronics
C0587,champion,INV04615,2024-08-26,491.39,Apparel
C0587,champion,INV04616,2024-06-12,416.34,Sports
C0587,champion,INV04617,2024-10-11,441.56,Electronics
C0587,champion,INV04618,2024-06-05,258.53,Home
C0587,champion,INV04619,2024-06-27,315.88,Home
C0587,champion,INV04620,2024-10-02,354.71,Apparel
C0587,champion,INV04621,2023-11-20,402.52,Home
C0587,champion,INV04622,2024-05-09,374.1,Apparel
C0587,champion,INV04623,2024-06-19,327.0,Home
C0587,champion,INV04624,2023-08-24,244.48,Electronics
C0587,champion,INV04625,2024-08-28,333.49,Home
C0587,champion,INV04626,2024-05-08,369.56,Beauty
C0587,champion,INV04627,2023-04-06,320.08,Electronics
C0587,champion,INV04628,2024-06-17,327.06,Sports
C0587,champion,INV04629,2023-07-01,181.89,Sports
C0587,champion,INV04630,2023-09-24,382.65,Beauty
C0587,champion,INV04631,2024-01-19,302.79,Home
C0587,champion,INV04632,2023-04-05,404.11,Home
C0587,champion,INV04633,2023-01-22,334.49,Home
C0587,champion,INV04634,2022-11-29,349.64,Electronics
C0587,champion,INV04635,2023-06-25,320.67,Beauty
C0588,loyal,INV04636,2024-10-04,243.24,Electronics
C0588,loyal,INV04637,2024-09-27,144.29,Apparel
C0588,loyal,INV04638,2024-08-21,287.14,Home
C0588,loyal,INV04639,2024-06-18,170.07,Electronics
C0588,loyal,INV04640,2024-07-12,146.63,Home
C0588,loyal,INV04641,2024-06-16,160.91,Sports
C0589,loyal,INV04642,2024-10-13,188.61,Electronics
C0589,loyal,INV04643,2024-09-24,222.22,Electronics
C0589,loyal,INV04644,2024-08-08,148.29,Electronics
C0589,loyal,INV04645,2024-08-08,192.85,Home
C0589,loyal,INV04646,2024-06-23,83.19,Apparel
C0589,loyal,INV04647,2024-05-26,171.87,Beauty
C0589,loyal,INV04648,2024-07-09,234.67,Electronics
C0589,loyal,INV04649,2024-08-18,100.81,Home
C0589,loyal,INV04650,2024-05-22,214.49,Sports
C0589,loyal,INV04651,2024-05-31,122.61,Electronics
C0589,loyal,INV04652,2023-10-29,84.27,Electronics
C0589,loyal,INV04653,2023-10-27,258.34,Home
C0590,champion,INV04654,2024-12-16,247.11,Electronics
C0590,champion,INV04655,2024-11-14,357.33,Electronics
C0590,champion,INV04656,2024-09-29,262.06,Sports
C0590,champion,INV04657,2024-09-11,310.86,Apparel
C0590,champion,INV04658,2024-08-10,307.17,Electronics
C0590,champion,INV04659,2024-10-27,363.17,Apparel
C0590,champion,INV04660,2024-05-08,330.14,Sports
C0590,champion,INV04661,2024-07-08,327.45,Apparel
C0590,champion,INV04662,2024-08-10,341.62,Sports
C0590,champion,INV04663,2024-08-30,230.34,Apparel
C0590,champion,INV04664,2024-09-27,404.43,Home
C0590,champion,INV04665,2024-08-28,215.5,Sports
C0590,champion,INV04666,2024-06-19,264.26,Apparel
C0590,champion,INV04667,2024-05-22,265.9,Home
C0590,champion,INV04668,2024-01-15,263.54,Electronics
C0590,champion,INV04669,2023-09-23,261.41,Electronics
C0591,champion,INV04670,2024-12-29,256.72,Beauty
C0591,champion,INV04671,2024-11-26,425.45,Electronics
C0591,champion,INV04672,2024-12-15,332.79,Beauty
C0591,champion,INV04673,2024-09-03,375.82,Sports
C0591,champion,INV04674,2024-09-16,328.67,Electronics
C0591,champion,INV04675,2024-08-16,187.79,Home
C0591,champion,INV04676,2024-08-13,305.02,Electronics
C0591,champion,INV04677,2024-05-12,309.58,Home
C0591,champion,INV04678,2024-03-24,134.18,Apparel
C0591,champion,INV04679,2024-06-05,193.72,Home
C0591,champion,INV04680,2024-07-12,307.74,Beauty
C0591,champion,INV04681,2024-03-29,411.1,Beauty
C0591,champion,INV04682,2024-05-27,285.04,Home
C0591,champion,INV04683,2024-01-13,214.58,Electronics
C0591,champion,INV04684,2024-04-07,389.21,Sports
C0591,champion,INV04685,2024-02-18,273.89,Beauty
C0591,champion,INV04686,2024-05-03,352.81,Beauty
C0591,champion,INV04687,2024-01-07,272.5,Electronics
C0591,champion,INV04688,2023-06-20,315.36,Electronics
C0592,atrisk,INV04689,2024-06-30,302.35,Electronics
C0592,atrisk,INV04690,2024-06-21,172.09,Electronics
C0592,atrisk,INV04691,2024-04-17,222.58,Home
C0592,atrisk,INV04692,2024-05-07,219.02,Electronics
C0592,atrisk,INV04693,2024-03-10,328.39,Home
C0592,atrisk,INV04694,2024-02-06,254.64,Home
C0593,lost,INV04695,2024-04-19,93.75,Electronics
C0594,atrisk,INV04696,2024-06-09,114.38,Sports
C0594,atrisk,INV04697,2024-05-06,185.24,Electronics
C0594,atrisk,INV04698,2024-04-22,175.5,Electronics
C0594,atrisk,INV04699,2024-05-16,215.52,Sports
C0594,atrisk,INV04700,2024-02-02,170.41,Electronics
C0595,lost,INV04701,2023-05-10,99.77,Home
C0595,lost,INV04702,2023-04-04,99.93,Sports
C0595,lost,INV04703,2023-04-20,42.61,Home
C0596,champion,INV04704,2024-12-17,255.3,Electronics
C0596,champion,INV04705,2024-12-07,335.22,Electronics
C0596,champion,INV04706,2024-10-12,261.19,Electronics
C0596,champion,INV04707,2024-08-22,127.75,Electronics
C0596,champion,INV04708,2024-07-30,294.54,Electronics
C0596,champion,INV04709,2024-09-08,205.04,Home
C0596,champion,INV04710,2024-10-18,339.63,Sports
C0596,champion,INV04711,2024-10-01,370.01,Home
C0596,champion,INV04712,2024-10-14,360.52,Electronics
C0596,champion,INV04713,2024-06-29,337.89,Home
C0596,champion,INV04714,2024-10-08,320.65,Electronics
C0596,champion,INV04715,2024-02-02,347.24,Home
C0596,champion,INV04716,2024-05-15,166.0,Apparel
C0596,champion,INV04717,2024-08-22,218.58,Electronics
C0596,champion,INV04718,2023-09-12,188.21,Beauty
C0596,champion,INV04719,2024-01-22,244.47,Electronics
C0596,champion,INV04720,2023-04-03,146.51,Beauty
C0597,atrisk,INV04721,2024-07-07,114.09,Sports
C0597,atrisk,INV04722,2024-06-12,175.89,Home
C0597,atrisk,INV04723,2024-05-16,181.45,Electronics
C0597,atrisk,INV04724,2024-03-24,112.55,Electronics
C0598,atrisk,INV04725,2024-05-13,93.12,Beauty
C0598,atrisk,INV04726,2024-04-17,152.57,Apparel
C0598,atrisk,INV04727,2024-03-28,110.06,Apparel
C0598,atrisk,INV04728,2024-03-26,138.89,Electronics
C0599,champion,INV04729,2024-12-07,220.29,Electronics
C0599,champion,INV04730,2024-11-13,353.92,Home
C0599,champion,INV04731,2024-10-26,436.64,Apparel
C0599,champion,INV04732,2024-10-23,430.22,Home
C0599,champion,INV04733,2024-10-16,406.29,Sports
C0599,champion,INV04734,2024-07-15,217.99,Home
C0599,champion,INV04735,2024-07-04,414.62,Home
C0599,champion,INV04736,2024-08-03,494.31,Sports
C0599,champion,INV04737,2024-06-06,522.26,Beauty
C0599,champion,INV04738,2024-02-14,300.75,Beauty
C0599,champion,INV04739,2024-03-22,234.46,Home
C0599,champion,INV04740,2024-07-28,285.29,Apparel
C0599,champion,INV04741,2024-09-14,479.35,Electronics
C0599,champion,INV04742,2024-08-12,464.34,Electronics
C0599,champion,INV04743,2024-03-16,352.57,Apparel
C0599,champion,INV04744,2024-01-27,315.31,Apparel
C0599,champion,INV04745,2024-05-29,303.72,Electronics
C0599,champion,INV04746,2024-01-02,187.38,Sports
C0599,champion,INV04747,2024-06-28,247.08,Electronics
C0599,champion,INV04748,2023-09-27,490.91,Home
C0599,champion,INV04749,2024-02-11,146.03,Sports
C0599,champion,INV04750,2023-12-16,403.15,Electronics
C0599,champion,INV04751,2023-07-20,402.83,Apparel
C0599,champion,INV04752,2023-07-20,482.34,Home
C0599,champion,INV04753,2023-12-13,217.87,Sports
C0599,champion,INV04754,2023-02-01,244.43,Electronics
C0599,champion,INV04755,2023-08-27,398.16,Apparel
C0600,potential,INV04756,2024-11-29,119.05,Apparel
C0600,potential,INV04757,2024-11-17,137.3,Home
C0600,potential,INV04758,2024-10-04,117.79,Electronics
C0600,potential,INV04759,2024-08-19,160.38,Beauty
C0600,potential,INV04760,2024-07-12,65.07,Apparel
C0600,potential,INV04761,2024-06-02,134.64,Home
C0600,potential,INV04762,2024-09-06,84.66,Home
C0601,loyal,INV04763,2024-11-09,191.47,Sports
C0601,loyal,INV04764,2024-10-10,168.87,Beauty
C0601,loyal,INV04765,2024-10-06,85.71,Electronics
C0601,loyal,INV04766,2024-07-30,161.92,Apparel
C0601,loyal,INV04767,2024-07-12,169.98,Electronics
C0601,loyal,INV04768,2024-08-26,178.9,Electronics
C0601,loyal,INV04769,2024-05-19,134.82,Sports
C0601,loyal,INV04770,2024-05-11,201.5,Apparel
C0601,loyal,INV04771,2024-01-18,148.82,Beauty
C0601,loyal,INV04772,2024-01-17,169.99,Sports
C0601,loyal,INV04773,2024-02-13,109.65,Home
C0601,loyal,INV04774,2024-02-08,224.05,Beauty
C0601,loyal,INV04775,2023-08-23,146.93,Apparel
C0601,loyal,INV04776,2024-07-28,112.59,Home
C0602,atrisk,INV04777,2024-05-26,181.03,Beauty
C0602,atrisk,INV04778,2024-05-08,110.14,Beauty
C0602,atrisk,INV04779,2024-05-02,100.1,Apparel
C0602,atrisk,INV04780,2024-02-08,159.48,Sports
C0602,atrisk,INV04781,2024-01-31,25.09,Home
C0602,atrisk,INV04782,2024-04-16,194.42,Electronics
C0602,atrisk,INV04783,2023-10-23,102.52,Beauty
C0602,atrisk,INV04784,2023-11-19,115.52,Home
C0603,loyal,INV04785,2024-10-10,154.22,Electronics
C0603,loyal,INV04786,2024-09-11,170.96,Apparel
C0603,loyal,INV04787,2024-09-26,233.53,Electronics
C0603,loyal,INV04788,2024-06-24,203.73,Electronics
C0603,loyal,INV04789,2024-09-08,194.86,Apparel
C0603,loyal,INV04790,2024-06-07,97.66,Electronics
C0603,loyal,INV04791,2024-03-20,151.23,Home
C0604,loyal,INV04792,2024-12-13,196.69,Electronics
C0604,loyal,INV04793,2024-11-27,206.39,Apparel
C0604,loyal,INV04794,2024-11-19,106.48,Beauty
C0604,loyal,INV04795,2024-10-02,223.54,Home
C0604,loyal,INV04796,2024-07-30,196.63,Apparel
C0604,loyal,INV04797,2024-06-11,182.83,Home
C0604,loyal,INV04798,2024-11-01,127.38,Apparel
C0604,loyal,INV04799,2024-07-19,166.57,Home
C0604,loyal,INV04800,2024-08-31,97.41,Electronics
C0604,loyal,INV04801,2024-04-14,71.52,Home
C0604,loyal,INV04802,2024-09-24,174.2,Electronics
C0604,loyal,INV04803,2024-06-20,207.3,Home
C0605,potential,INV04804,2024-10-23,51.84,Electronics
C0605,potential,INV04805,2024-09-28,78.91,Home
C0605,potential,INV04806,2024-09-27,44.1,Home
C0605,potential,INV04807,2024-08-03,66.73,Beauty
C0605,potential,INV04808,2024-05-24,42.65,Beauty
C0606,lost,INV04809,2023-04-10,51.51,Home
C0607,potential,INV04810,2024-10-19,114.77,Electronics
C0607,potential,INV04811,2024-10-01,64.32,Home
C0607,potential,INV04812,2024-09-05,66.98,Beauty
C0607,potential,INV04813,2024-08-26,62.5,Sports
C0607,potential,INV04814,2024-08-16,58.1,Beauty
C0607,potential,INV04815,2024-04-12,93.56,Apparel
C0608,loyal,INV04816,2024-11-22,183.43,Sports
C0608,loyal,INV04817,2024-11-03,198.46,Beauty
C0608,loyal,INV04818,2024-10-03,130.53,Beauty
C0608,loyal,INV04819,2024-08-21,168.88,Home
C0608,loyal,INV04820,2024-10-21,130.62,Beauty
C0608,loyal,INV04821,2024-09-13,146.89,Home
C0608,loyal,INV04822,2024-09-05,94.06,Electronics
C0608,loyal,INV04823,2024-08-30,171.03,Electronics
C0608,loyal,INV04824,2024-04-28,84.25,Apparel
C0608,loyal,INV04825,2024-09-20,155.48,Sports
C0609,lost,INV04826,2023-02-08,59.75,Home
C0609,lost,INV04827,2023-01-27,89.24,Home
C0609,lost,INV04828,2022-11-30,111.22,Beauty
C0610,loyal,INV04829,2024-12-13,105.41,Beauty
C0610,loyal,INV04830,2024-11-10,155.96,Home
C0610,loyal,INV04831,2024-11-27,144.4,Home
C0610,loyal,INV04832,2024-10-08,98.07,Electronics
C0610,loyal,INV04833,2024-07-14,128.03,Sports
C0610,loyal,INV04834,2024-08-25,165.56,Sports
C0610,loyal,INV04835,2024-06-22,166.74,Home
C0611,potential,INV04836,2024-10-08,109.27,Electronics
C0611,potential,INV04837,2024-09-26,143.06,Beauty
C0611,potential,INV04838,2024-08-11,109.86,Home
C0611,potential,INV04839,2024-07-19,108.62,Apparel
C0611,potential,INV04840,2024-06-26,116.17,Home
C0611,potential,INV04841,2024-08-19,101.84,Beauty
C0611,potential,INV04842,2024-02-17,91.38,Sports
C0612,potential,INV04843,2024-10-22,96.56,Sports
C0612,potential,INV04844,2024-09-14,109.75,Electronics
C0612,potential,INV04845,2024-09-10,97.55,Electronics
C0613,potential,INV04846,2024-09-29,114.87,Sports
C0613,potential,INV04847,2024-08-21,109.13,Beauty
C0613,potential,INV04848,2024-08-02,114.23,Electronics
C0613,potential,INV04849,2024-08-06,95.23,Home
C0614,potential,INV04850,2024-09-04,90.37,Home
C0614,potential,INV04851,2024-08-17,99.84,Sports
C0614,potential,INV04852,2024-08-13,10.0,Apparel
C0614,potential,INV04853,2024-06-03,123.53,Sports
C0614,potential,INV04854,2024-05-19,75.4,Electronics
C0615,loyal,INV04855,2024-10-17,169.13,Beauty
C0615,loyal,INV04856,2024-09-14,183.26,Electronics
C0615,loyal,INV04857,2024-07-31,187.16,Sports
C0615,loyal,INV04858,2024-07-16,253.38,Home
C0615,loyal,INV04859,2024-06-11,165.9,Electronics
C0615,loyal,INV04860,2024-05-25,173.57,Apparel
C0615,loyal,INV04861,2024-08-06,138.99,Sports
C0615,loyal,INV04862,2024-05-02,44.97,Sports
C0615,loyal,INV04863,2024-05-18,226.83,Sports
C0615,loyal,INV04864,2024-07-28,113.46,Apparel
C0616,champion,INV04865,2024-12-21,209.22,Electronics
C0616,champion,INV04866,2024-11-25,200.01,Beauty
C0616,champion,INV04867,2024-11-21,199.34,Electronics
C0616,champion,INV04868,2024-11-18,72.0,Sports
C0616,champion,INV04869,2024-09-28,125.07,Electronics
C0616,champion,INV04870,2024-08-23,56.49,Apparel
C0616,champion,INV04871,2024-10-22,171.81,Sports
C0616,champion,INV04872,2024-09-28,157.29,Apparel
C0616,champion,INV04873,2024-03-16,149.99,Beauty
C0616,champion,INV04874,2024-03-08,228.43,Sports
C0616,champion,INV04875,2024-04-05,202.77,Home
C0616,champion,INV04876,2024-05-26,142.45,Electronics
C0616,champion,INV04877,2024-05-19,292.02,Home
C0616,champion,INV04878,2024-06-22,228.29,Sports
C0616,champion,INV04879,2024-09-14,191.73,Beauty
C0616,champion,INV04880,2023-05-16,160.82,Sports
C0616,champion,INV04881,2024-05-11,305.82,Home
C0616,champion,INV04882,2024-08-24,222.49,Beauty
C0616,champion,INV04883,2023-12-09,176.56,Electronics
C0616,champion,INV04884,2024-02-02,255.0,Home
C0616,champion,INV04885,2024-04-25,109.82,Electronics
C0616,champion,INV04886,2023-10-28,126.11,Sports
C0616,champion,INV04887,2023-08-25,258.99,Apparel
C0616,champion,INV04888,2023-04-10,180.44,Electronics
C0616,champion,INV04889,2024-01-20,135.81,Beauty
C0617,loyal,INV04890,2024-10-22,102.29,Electronics
C0617,loyal,INV04891,2024-09-25,100.6,Home
C0617,loyal,INV04892,2024-09-14,119.73,Home
C0617,loyal,INV04893,2024-08-05,171.5,Home
C0617,loyal,INV04894,2024-06-16,151.68,Apparel
C0617,loyal,INV04895,2024-08-08,173.95,Apparel
C0617,loyal,INV04896,2024-07-12,226.9,Electronics
C0617,loyal,INV04897,2024-08-13,166.69,Electronics
C0618,lost,INV04898,2024-03-20,81.62,Apparel
C0618,lost,INV04899,2024-03-09,116.23,Apparel
C0619,atrisk,INV04900,2024-04-21,269.17,Sports
C0619,atrisk,INV04901,2024-04-06,248.88,Home
C0619,atrisk,INV04902,2024-03-14,204.16,Electronics
C0619,atrisk,INV04903,2024-01-07,182.79,Beauty
C0619,atrisk,INV04904,2024-02-29,159.5,Apparel
C0619,atrisk,INV04905,2024-01-22,147.39,Home
C0619,atrisk,INV04906,2023-10-18,141.15,Sports
C0619,atrisk,INV04907,2023-11-26,91.1,Beauty
C0619,atrisk,INV04908,2023-06-14,196.72,Beauty
C0620,loyal,INV04909,2024-11-07,87.4,Home
C0620,loyal,INV04910,2024-10-06,148.57,Home
C0620,loyal,INV04911,2024-09-14,124.93,Home
C0620,loyal,INV04912,2024-09-11,95.39,Electronics
C0620,loyal,INV04913,2024-07-02,125.39,Sports
C0620,loyal,INV04914,2024-06-05,208.09,Electronics
C0620,loyal,INV04915,2024-04-29,124.39,Apparel
C0620,loyal,INV04916,2024-05-23,148.03,Apparel
C0620,loyal,INV04917,2024-04-21,108.52,Apparel
C0621,loyal,INV04918,2024-11-24,101.85,Home
C0621,loyal,INV04919,2024-11-07,120.16,Beauty
C0621,loyal,INV04920,2024-10-25,131.71,Apparel
C0621,loyal,INV04921,2024-10-22,75.05,Home
C0621,loyal,INV04922,2024-09-29,143.91,Sports
C0621,loyal,INV04923,2024-08-21,101.84,Home
C0621,loyal,INV04924,2024-07-21,197.82,Sports
C0621,loyal,INV04925,2024-03-17,37.09,Home
C0621,loyal,INV04926,2024-08-28,91.39,Home
C0622,champion,INV04927,2024-12-07,173.21,Home
C0622,champion,INV04928,2024-11-22,323.47,Sports
C0622,champion,INV04929,2024-10-24,398.17,Home
C0622,champion,INV04930,2024-10-14,419.37,Electronics
C0622,champion,INV04931,2024-09-18,219.41,Sports
C0622,champion,INV04932,2024-11-02,241.98,Beauty
C0622,champion,INV04933,2024-10-20,277.4,Electronics
C0622,champion,INV04934,2024-10-19,236.51,Home
C0622,champion,INV04935,2024-10-12,404.93,Beauty
C0622,champion,INV04936,2024-05-14,432.85,Apparel
C0622,champion,INV04937,2024-09-08,350.06,Apparel
C0622,champion,INV04938,2024-08-08,311.92,Home
C0622,champion,INV04939,2024-03-06,386.36,Home
C0622,champion,INV04940,2024-05-26,417.56,Beauty
C0622,champion,INV04941,2023-09-02,351.15,Apparel
C0622,champion,INV04942,2023-11-28,177.99,Electronics
C0623,champion,INV04943,2024-12-27,156.56,Beauty
C0623,champion,INV04944,2024-11-26,235.98,Home
C0623,champion,INV04945,2024-11-29,212.43,Home
C0623,champion,INV04946,2024-11-03,258.2,Sports
C0623,champion,INV04947,2024-09-10,137.46,Apparel
C0623,champion,INV04948,2024-07-15,264.69,Home
C0623,champion,INV04949,2024-09-10,234.78,Home
C0623,champion,INV04950,2024-07-26,164.35,Sports
C0623,champion,INV04951,2024-08-13,157.73,Home
C0623,champion,INV04952,2024-07-27,94.78,Electronics
C0623,champion,INV04953,2024-08-09,206.78,Electronics
C0623,champion,INV04954,2023-12-30,111.04,Electronics
C0623,champion,INV04955,2024-05-25,41.48,Sports
C0623,champion,INV04956,2023-09-03,226.16,Electronics
C0623,champion,INV04957,2024-08-23,175.13,Apparel
C0623,champion,INV04958,2024-05-01,259.03,Home
C0623,champion,INV04959,2024-02-27,173.73,Electronics
C0623,champion,INV04960,2024-01-05,135.8,Home
C0623,champion,INV04961,2023-08-11,146.51,Beauty
C0623,champion,INV04962,2023-01-05,193.33,Sports
C0623,champion,INV04963,2023-05-27,243.68,Apparel
C0623,champion,INV04964,2024-03-29,343.32,Sports
C0623,champion,INV04965,2023-01-23,210.85,Home
C0624,atrisk,INV04966,2024-08-22,146.4,Home
C0624,atrisk,INV04967,2024-07-27,216.73,Home
C0624,atrisk,INV04968,2024-06-29,137.88,Electronics
C0624,atrisk,INV04969,2024-07-02,178.83,Beauty
C0624,atrisk,INV04970,2024-06-07,102.19,Home
C0624,atrisk,INV04971,2024-02-19,216.68,Electronics
C0624,atrisk,INV04972,2024-05-18,117.88,Electronics
C0625,potential,INV04973,2024-11-15,94.47,Apparel
C0625,potential,INV04974,2024-10-29,76.03,Electronics
C0625,potential,INV04975,2024-08-31,80.48,Electronics
C0625,potential,INV04976,2024-09-10,113.2,Apparel
C0625,potential,INV04977,2024-07-02,86.73,Apparel
C0625,potential,INV04978,2024-08-12,61.56,Electronics
C0626,lost,INV04979,2023-08-23,32.53,Sports
C0626,lost,INV04980,2023-07-22,30.5,Beauty
C0627,potential,INV04981,2024-11-11,116.88,Apparel
C0627,potential,INV04982,2024-10-29,114.23,Sports
C0627,potential,INV04983,2024-09-02,128.8,Apparel
C0627,potential,INV04984,2024-08-25,155.24,Sports
C0627,potential,INV04985,2024-07-18,102.11,Home
C0627,potential,INV04986,2024-06-29,11.21,Sports
C0627,potential,INV04987,2024-09-06,139.29,Sports
C0628,lost,INV04988,2023-09-28,36.05,Apparel
C0628,lost,INV04989,2023-09-13,31.09,Electronics
C0628,lost,INV04990,2023-07-24,43.57,Electronics
C0629,potential,INV04991,2024-11-20,123.23,Sports
C0629,potential,INV04992,2024-10-21,132.89,Home
C0629,potential,INV04993,2024-09-07,93.32,Electronics
C0629,potential,INV04994,2024-10-15,124.18,Home
C0629,potential,INV04995,2024-07-23,123.48,Apparel
C0629,potential,INV04996,2024-09-16,61.9,Home
C0630,champion,INV04997,2024-12-19,140.91,Beauty
C0630,champion,INV04998,2024-11-24,180.74,Electronics
C0630,champion,INV04999,2024-10-22,74.03,Apparel
C0630,champion,INV05000,2024-09-08,178.51,Home
C0630,champion,INV05001,2024-11-17,175.83,Apparel
C0630,champion,INV05002,2024-11-14,176.98,Home
C0630,champion,INV05003,2024-07-16,171.72,Apparel
C0630,champion,INV05004,2024-06-06,73.68,Electronics
C0630,champion,INV05005,2024-08-21,274.06,Electronics
C0630,champion,INV05006,2024-08-06,259.95,Sports
C0630,champion,INV05007,2024-05-03,141.14,Beauty
C0630,champion,INV05008,2024-01-24,204.22,Apparel
C0630,champion,INV05009,2024-06-10,87.4,Beauty
C0630,champion,INV05010,2024-04-16,275.35,Apparel
C0630,champion,INV05011,2024-01-04,241.78,Home
C0630,champion,INV05012,2024-08-21,255.32,Electronics
C0630,champion,INV05013,2023-05-23,99.23,Sports
C0630,champion,INV05014,2024-01-14,137.15,Electronics
C0630,champion,INV05015,2024-06-04,188.68,Sports
C0630,champion,INV05016,2023-08-13,125.0,Apparel
C0630,champion,INV05017,2023-08-07,201.49,Sports
C0630,champion,INV05018,2024-01-18,238.32,Apparel
C0630,champion,INV05019,2023-09-14,198.02,Home
C0630,champion,INV05020,2023-05-01,231.63,Home
C0630,champion,INV05021,2022-06-21,222.32,Apparel
C0630,champion,INV05022,2024-01-29,159.93,Beauty
C0630,champion,INV05023,2023-08-13,170.46,Beauty
C0630,champion,INV05024,2024-06-13,282.99,Electronics
C0631,champion,INV05025,2024-12-11,452.01,Beauty
C0631,champion,INV05026,2024-11-11,401.11,Electronics
C0631,champion,INV05027,2024-10-22,425.42,Electronics
C0631,champion,INV05028,2024-10-18,388.58,Sports
C0631,champion,INV05029,2024-08-17,527.88,Electronics
C0631,champion,INV05030,2024-06-29,354.27,Home
C0631,champion,INV05031,2024-06-20,160.23,Electronics
C0631,champion,INV05032,2024-08-28,274.85,Apparel
C0631,champion,INV05033,2024-06-26,445.07,Apparel
C0631,champion,INV05034,2024-09-21,218.77,Electronics
C0631,champion,INV05035,2024-02-15,410.95,Home
C0631,champion,INV05036,2024-05-05,99.19,Apparel
C0631,champion,INV05037,2023-12-05,218.14,Home
C0631,champion,INV05038,2024-02-03,428.66,Home
C0632,loyal,INV05039,2024-11-15,95.9,Beauty
C0632,loyal,INV05040,2024-10-21,95.26,Beauty
C0632,loyal,INV05041,2024-10-30,99.66,Apparel
C0632,loyal,INV05042,2024-09-01,136.14,Home
C0632,loyal,INV05043,2024-08-27,124.46,Home
C0632,loyal,INV05044,2024-09-11,94.1,Home
C0632,loyal,INV05045,2024-05-31,76.42,Electronics
C0632,loyal,INV05046,2024-07-12,87.18,Home
C0632,loyal,INV05047,2024-07-10,90.65,Electronics
C0632,loyal,INV05048,2023-11-30,139.19,Home
C0632,loyal,INV05049,2023-11-21,168.88,Apparel
C0633,lost,INV05050,2024-01-27,84.66,Beauty
C0633,lost,INV05051,2023-12-21,56.43,Home
C0634,potential,INV05052,2024-11-12,59.98,Sports
C0634,potential,INV05053,2024-10-09,115.49,Electronics
C0634,potential,INV05054,2024-09-07,27.45,Apparel
C0634,potential,INV05055,2024-08-02,83.93,Electronics
C0634,potential,INV05056,2024-09-25,89.73,Electronics
C0634,potential,INV05057,2024-08-19,50.48,Beauty
C0635,champion,INV05058,2024-12-19,260.58,Electronics
C0635,champion,INV05059,2024-12-07,356.08,Electronics
C0635,champion,INV05060,2024-10-26,399.94,Apparel
C0635,champion,INV05061,2024-10-29,307.75,Apparel
C0635,champion,INV05062,2024-10-08,332.92,Home
C0635,champion,INV05063,2024-10-30,366.4,Electronics
C0635,champion,INV05064,2024-07-16,272.95,Sports
C0635,champion,INV05065,2024-07-18,400.16,Sports
C0635,champion,INV05066,2024-06-10,263.24,Sports
C0635,champion,INV05067,2024-06-22,453.36,Electronics
C0635,champion,INV05068,2024-03-24,296.31,Electronics
C0635,champion,INV05069,2024-03-30,308.9,Apparel
C0635,champion,INV05070,2023-12-13,529.88,Home
C0636,loyal,INV05071,2024-11-03,171.54,Electronics
C0636,loyal,INV05072,2024-10-05,133.28,Home
C0636,loyal,INV05073,2024-10-20,236.79,Home
C0636,loyal,INV05074,2024-08-20,275.16,Sports
C0636,loyal,INV05075,2024-08-19,155.22,Electronics
C0636,loyal,INV05076,2024-08-15,198.22,Home
C0636,loyal,INV05077,2024-09-16,338.73,Electronics
C0636,loyal,INV05078,2024-07-07,73.08,Electronics
C0636,loyal,INV05079,2024-08-23,245.46,Home
C0636,loyal,INV05080,2024-03-14,210.88,Home
C0636,loyal,INV05081,2024-03-28,189.22,Sports
C0636,loyal,INV05082,2024-05-22,177.46,Electronics
C0636,loyal,INV05083,2024-07-06,306.56,Electronics
C0637,champion,INV05084,2024-12-06,552.58,Home
C0637,champion,INV05085,2024-11-11,277.74,Electronics
C0637,champion,INV05086,2024-11-08,360.74,Sports
C0637,champion,INV05087,2024-11-12,425.59,Beauty
C0637,champion,INV05088,2024-09-05,279.38,Electronics
C0637,champion,INV05089,2024-06-24,347.94,Apparel
C0637,champion,INV05090,2024-09-01,372.12,Apparel
C0637,champion,INV05091,2024-03-15,268.59,Home
C0637,champion,INV05092,2024-08-16,464.71,Home
C0637,champion,INV05093,2024-08-20,312.52,Beauty
C0637,champion,INV05094,2023-12-02,302.25,Sports
C0637,champion,INV05095,2024-08-07,341.73,Electronics
C0637,champion,INV05096,2024-09-13,398.66,Home
C0637,champion,INV05097,2024-02-24,390.3,Home
C0637,champion,INV05098,2023-08-04,358.25,Home
C0637,champion,INV05099,2024-04-25,360.87,Home
C0637,champion,INV05100,2023-05-10,329.95,Home
C0637,champion,INV05101,2023-08-18,484.25,Electronics
C0638,potential,INV05102,2024-09-17,35.65,Apparel
C0638,potential,INV05103,2024-08-28,128.61,Electronics
C0638,potential,INV05104,2024-08-24,106.4,Beauty
C0638,potential,INV05105,2024-07-01,82.26,Apparel
C0639,lost,INV05106,2023-12-26,68.36,Electronics
C0639,lost,INV05107,2023-12-11,70.94,Apparel
C0640,loyal,INV05108,2024-10-19,239.45,Apparel
C0640,loyal,INV05109,2024-09-26,205.62,Home
C0640,loyal,INV05110,2024-08-22,90.09,Electronics
C0640,loyal,INV05111,2024-07-21,162.66,Apparel
C0640,loyal,INV05112,2024-09-17,112.41,Electronics
C0640,loyal,INV05113,2024-04-27,92.92,Beauty
C0640,loyal,INV05114,2024-04-16,119.08,Electronics
C0641,atrisk,INV05115,2024-07-31,98.61,Home
C0641,atrisk,INV05116,2024-07-23,114.75,Sports
C0641,atrisk,INV05117,2024-06-01,102.1,Electronics
C0641,atrisk,INV05118,2024-05-02,62.86,Beauty
C0641,atrisk,INV05119,2024-04-18,109.96,Home
C0641,atrisk,INV05120,2024-01-23,97.18,Apparel
C0641,atrisk,INV05121,2024-01-27,32.77,Electronics
C0642,loyal,INV05122,2024-10-07,109.02,Beauty
C0642,loyal,INV05123,2024-09-19,132.31,Electronics
C0642,loyal,INV05124,2024-07-27,105.96,Sports
C0642,loyal,INV05125,2024-09-01,118.02,Electronics
C0642,loyal,INV05126,2024-05-04,116.1,Electronics
C0642,loyal,INV05127,2024-04-30,129.66,Electronics
C0643,atrisk,INV05128,2024-07-16,212.44,Home
C0643,atrisk,INV05129,2024-07-09,158.02,Home
C0643,atrisk,INV05130,2024-06-24,103.94,Sports
C0643,atrisk,INV05131,2024-04-05,197.16,Beauty
C0643,atrisk,INV05132,2024-03-14,192.01,Home
C0643,atrisk,INV05133,2024-05-22,160.36,Beauty
C0643,atrisk,INV05134,2024-04-11,180.29,Apparel
C0643,atrisk,INV05135,2024-01-09,136.63,Electronics
C0643,atrisk,INV05136,2024-01-22,168.61,Sports
C0644,lost,INV05137,2023-04-13,111.97,Electronics
C0644,lost,INV05138,2023-04-04,122.24,Electronics
C0644,lost,INV05139,2023-03-30,76.57,Apparel
C0645,loyal,INV05140,2024-11-06,171.1,Sports
C0645,loyal,INV05141,2024-10-11,225.81,Apparel
C0645,loyal,INV05142,2024-09-21,110.05,Beauty
C0645,loyal,INV05143,2024-07-18,311.62,Apparel
C0645,loyal,INV05144,2024-07-21,198.58,Beauty
C0645,loyal,INV05145,2024-05-25,211.31,Electronics
C0645,loyal,INV05146,2024-09-13,370.81,Apparel
C0645,loyal,INV05147,2024-07-17,242.36,Apparel
C0645,loyal,INV05148,2024-01-23,116.72,Home
C0645,loyal,INV05149,2024-07-21,193.0,Electronics
C0645,loyal,INV05150,2023-12-22,252.48,Electronics
C0645,loyal,INV05151,2023-11-09,167.35,Apparel
C0646,champion,INV05152,2024-12-12,214.62,Sports
C0646,champion,INV05153,2024-11-29,266.23,Sports
C0646,champion,INV05154,2024-10-05,264.87,Sports
C0646,champion,INV05155,2024-11-06,431.4,Beauty
C0646,champion,INV05156,2024-08-10,427.0,Apparel
C0646,champion,INV05157,2024-09-28,325.54,Electronics
C0646,champion,INV05158,2024-10-13,282.36,Apparel
C0646,champion,INV05159,2024-03-28,417.95,Home
C0646,champion,INV05160,2024-03-07,314.98,Apparel
C0646,champion,INV05161,2024-03-17,282.69,Home
C0646,champion,INV05162,2024-09-13,250.43,Electronics
C0646,champion,INV05163,2024-03-12,158.54,Beauty
C0646,champion,INV05164,2024-07-09,261.47,Apparel
C0646,champion,INV05165,2024-07-22,190.12,Electronics
C0646,champion,INV05166,2024-03-07,365.34,Beauty
C0646,champion,INV05167,2024-06-15,250.69,Home
C0646,champion,INV05168,2023-07-19,274.74,Sports
C0646,champion,INV05169,2023-03-24,184.77,Apparel
C0646,champion,INV05170,2024-07-03,270.22,Beauty
C0646,champion,INV05171,2023-01-28,211.36,Electronics
C0646,champion,INV05172,2022-10-24,198.75,Home
C0646,champion,INV05173,2023-01-19,242.06,Electronics
C0646,champion,INV05174,2023-06-11,224.83,Electronics
C0646,champion,INV05175,2024-03-11,278.55,Home
C0646,champion,INV05176,2024-05-10,355.98,Beauty
C0646,champion,INV05177,2023-11-08,205.45,Apparel
C0646,champion,INV05178,2022-09-02,301.03,Sports
C0646,champion,INV05179,2023-01-10,232.98,Apparel
C0646,champion,INV05180,2023-06-29,276.58,Apparel
C0647,loyal,INV05181,2024-11-26,168.76,Beauty
C0647,loyal,INV05182,2024-10-29,166.09,Electronics
C0647,loyal,INV05183,2024-11-12,188.1,Electronics
C0647,loyal,INV05184,2024-09-18,174.93,Electronics
C0647,loyal,INV05185,2024-07-29,44.29,Home
C0647,loyal,INV05186,2024-06-14,100.92,Home
C0647,loyal,INV05187,2024-05-12,217.51,Home
C0647,loyal,INV05188,2024-10-01,113.02,Home
C0647,loyal,INV05189,2024-03-15,259.41,Apparel
C0647,loyal,INV05190,2023-12-29,190.47,Apparel
C0647,loyal,INV05191,2024-09-07,182.74,Home
C0647,loyal,INV05192,2023-12-21,209.07,Home
C0647,loyal,INV05193,2024-07-05,265.53,Apparel
C0647,loyal,INV05194,2023-07-08,267.28,Electronics
C0648,champion,INV05195,2024-12-17,369.75,Apparel
C0648,champion,INV05196,2024-11-18,237.75,Apparel
C0648,champion,INV05197,2024-10-26,251.3,Electronics
C0648,champion,INV05198,2024-10-24,257.6,Apparel
C0648,champion,INV05199,2024-11-03,231.28,Electronics
C0648,champion,INV05200,2024-10-28,327.92,Sports
C0648,champion,INV05201,2024-10-18,256.13,Beauty
C0648,champion,INV05202,2024-10-22,237.04,Beauty
C0648,champion,INV05203,2024-04-13,355.08,Electronics
C0648,champion,INV05204,2024-04-09,236.19,Home
C0648,champion,INV05205,2024-06-30,385.58,Electronics
C0648,champion,INV05206,2024-08-07,200.67,Home
C0648,champion,INV05207,2024-05-03,221.4,Electronics
C0648,champion,INV05208,2023-08-24,329.44,Home
C0649,atrisk,INV05209,2024-05-09,183.68,Home
C0649,atrisk,INV05210,2024-04-21,152.42,Apparel
C0649,atrisk,INV05211,2024-03-08,105.24,Sports
C0649,atrisk,INV05212,2024-01-13,136.42,Apparel
C0649,atrisk,INV05213,2024-03-06,153.27,Beauty
C0650,lost,INV05214,2023-10-30,33.31,Beauty
C0651,loyal,INV05215,2024-11-26,164.84,Electronics
C0651,loyal,INV05216,2024-11-14,194.14,Home
C0651,loyal,INV05217,2024-09-21,246.0,Electronics
C0651,loyal,INV05218,2024-09-21,87.88,Home
C0651,loyal,INV05219,2024-10-05,212.76,Home
C0651,loyal,INV05220,2024-05-15,134.86,Apparel
C0651,loyal,INV05221,2024-09-15,171.31,Electronics
C0651,loyal,INV05222,2024-06-18,206.3,Electronics
C0651,loyal,INV05223,2024-08-22,185.68,Beauty
C0651,loyal,INV05224,2024-05-30,211.91,Sports
C0651,loyal,INV05225,2023-12-12,130.92,Electronics
C0651,loyal,INV05226,2023-10-05,191.97,Electronics
C0652,champion,INV05227,2024-12-28,176.07,Electronics
C0652,champion,INV05228,2024-11-21,347.6,Sports
C0652,champion,INV05229,2024-10-21,294.45,Beauty
C0652,champion,INV05230,2024-10-14,286.23,Sports
C0652,champion,INV05231,2024-08-14,193.52,Sports
C0652,champion,INV05232,2024-09-04,322.94,Home
C0652,champion,INV05233,2024-06-25,340.87,Electronics
C0652,champion,INV05234,2024-10-12,406.86,Home
C0652,champion,INV05235,2024-07-13,221.41,Apparel
C0652,champion,INV05236,2024-08-06,309.57,Electronics
C0652,champion,INV05237,2024-04-22,257.83,Home
C0652,champion,INV05238,2024-02-13,335.17,Home
C0652,champion,INV05239,2024-10-05,463.91,Home
C0652,champion,INV05240,2024-09-02,449.83,Electronics
C0652,champion,INV05241,2024-01-27,360.66,Home
C0652,champion,INV05242,2023-07-07,296.14,Beauty
C0652,champion,INV05243,2023-12-26,463.38,Apparel
C0652,champion,INV05244,2024-05-21,224.23,Sports
C0652,champion,INV05245,2024-01-21,534.39,Apparel
C0652,champion,INV05246,2022-12-18,319.54,Electronics
C0652,champion,INV05247,2023-01-28,367.4,Home
C0653,potential,INV05248,2024-09-19,122.93,Sports
C0653,potential,INV05249,2024-08-15,91.43,Sports
C0653,potential,INV05250,2024-07-15,59.36,Apparel
C0653,potential,INV05251,2024-07-18,79.72,Home
C0654,potential,INV05252,2024-11-17,129.39,Beauty
C0654,potential,INV05253,2024-11-07,82.19,Apparel
C0654,potential,INV05254,2024-10-02,76.16,Beauty
C0654,potential,INV05255,2024-09-30,131.87,Electronics
C0654,potential,INV05256,2024-08-01,46.36,Home
C0654,potential,INV05257,2024-08-14,133.02,Apparel
C0655,champion,INV05258,2024-12-24,311.73,Apparel
C0655,champion,INV05259,2024-11-21,209.74,Electronics
C0655,champion,INV05260,2024-12-08,210.36,Sports
C0655,champion,INV05261,2024-11-18,292.03,Beauty
C0655,champion,INV05262,2024-09-23,227.89,Sports
C0655,champion,INV05263,2024-08-16,226.11,Beauty
C0655,champion,INV05264,2024-09-01,293.4,Sports
C0655,champion,INV05265,2024-10-22,190.11,Apparel
C0655,champion,INV05266,2024-07-17,261.05,Sports
C0655,champion,INV05267,2024-07-15,286.99,Sports
C0655,champion,INV05268,2024-03-09,218.25,Home
C0655,champion,INV05269,2023-12-16,139.13,Home
C0655,champion,INV05270,2024-05-22,165.74,Electronics
C0655,champion,INV05271,2023-08-05,173.58,Home
C0655,champion,INV05272,2024-04-02,178.65,Sports
C0655,champion,INV05273,2023-06-03,217.11,Home
C0655,champion,INV05274,2023-05-28,283.66,Apparel
C0655,champion,INV05275,2023-11-29,317.0,Sports
C0655,champion,INV05276,2023-07-21,189.02,Apparel
C0655,champion,INV05277,2024-08-13,158.0,Home
C0655,champion,INV05278,2024-06-07,171.09,Electronics
C0655,champion,INV05279,2023-06-27,356.65,Sports
C0655,champion,INV05280,2022-10-24,108.68,Electronics
C0655,champion,INV05281,2023-05-06,193.84,Home
C0655,champion,INV05282,2024-02-16,329.19,Apparel
C0655,champion,INV05283,2022-08-27,339.25,Home
C0656,potential,INV05284,2024-09-25,27.21,Beauty
C0656,potential,INV05285,2024-08-17,62.22,Beauty
C0656,potential,INV05286,2024-08-10,71.1,Apparel
C0656,potential,INV05287,2024-06-06,63.38,Apparel
C0656,potential,INV05288,2024-07-31,49.73,Sports
C0656,potential,INV05289,2024-08-21,23.19,Electronics
C0657,champion,INV05290,2024-12-15,184.66,Sports
C0657,champion,INV05291,2024-11-16,189.07,Home
C0657,champion,INV05292,2024-10-02,233.96,Electronics
C0657,champion,INV05293,2024-09-16,254.33,Home
C0657,champion,INV05294,2024-08-05,118.14,Beauty
C0657,champion,INV05295,2024-09-11,112.39,Home
C0657,champion,INV05296,2024-10-10,139.11,Home
C0657,champion,INV05297,2024-08-25,140.34,Beauty
C0657,champion,INV05298,2024-02-15,146.59,Apparel
C0657,champion,INV05299,2024-05-13,277.13,Electronics
C0657,champion,INV05300,2024-07-08,275.87,Apparel
C0657,champion,INV05301,2024-09-18,162.02,Electronics
C0657,champion,INV05302,2024-04-19,232.6,Electronics
C0657,champion,INV05303,2023-08-22,252.11,Beauty
C0657,champion,INV05304,2024-08-25,216.09,Apparel
C0657,champion,INV05305,2023-08-08,97.63,Home
C0657,champion,INV05306,2023-08-07,159.58,Beauty
C0657,champion,INV05307,2023-09-13,234.63,Beauty
C0657,champion,INV05308,2023-04-13,226.62,Beauty
C0657,champion,INV05309,2023-07-21,212.43,Beauty
C0657,champion,INV05310,2023-08-03,214.43,Home
C0658,lost,INV05311,2023-03-23,27.15,Apparel
C0658,lost,INV05312,2023-02-21,48.9,Home
C0658,lost,INV05313,2023-01-22,36.15,Beauty
C0659,lost,INV05314,2023-03-24,25.62,Home
C0659,lost,INV05315,2023-02-13,44.91,Apparel
C0659,lost,INV05316,2023-01-25,80.88,Sports
C0660,loyal,INV05317,2024-11-22,82.98,Sports
C0660,loyal,INV05318,2024-10-23,36.54,Electronics
C0660,loyal,INV05319,2024-10-15,116.39,Apparel
C0660,loyal,INV05320,2024-07-31,94.95,Sports
C0660,loyal,INV05321,2024-07-05,106.97,Electronics
C0660,loyal,INV05322,2024-08-19,88.58,Electronics
C0660,loyal,INV05323,2024-08-12,112.08,Apparel
C0660,loyal,INV05324,2024-08-09,158.43,Beauty
C0660,loyal,INV05325,2024-09-11,160.75,Apparel
C0660,loyal,INV05326,2024-07-28,175.18,Home
C0661,champion,INV05327,2024-12-18,236.51,Beauty
C0661,champion,INV05328,2024-12-11,465.64,Sports
C0661,champion,INV05329,2024-11-22,270.11,Apparel
C0661,champion,INV05330,2024-11-21,282.04,Apparel
C0661,champion,INV05331,2024-08-12,429.38,Sports
C0661,champion,INV05332,2024-10-24,284.54,Home
C0661,champion,INV05333,2024-10-01,170.46,Electronics
C0661,champion,INV05334,2024-07-03,61.11,Home
C0661,champion,INV05335,2024-06-25,316.62,Sports
C0661,champion,INV05336,2024-01-02,339.64,Apparel
C0661,champion,INV05337,2024-03-23,274.65,Beauty
C0661,champion,INV05338,2024-07-17,325.61,Sports
C0661,champion,INV05339,2024-03-29,416.61,Apparel
C0661,champion,INV05340,2024-05-24,263.43,Sports
C0661,champion,INV05341,2024-09-11,328.62,Sports
C0661,champion,INV05342,2024-09-04,382.98,Home
C0661,champion,INV05343,2023-06-23,301.26,Home
C0661,champion,INV05344,2024-01-30,355.32,Electronics
C0661,champion,INV05345,2023-08-02,259.82,Home
C0661,champion,INV05346,2024-01-30,324.88,Electronics
C0661,champion,INV05347,2023-06-27,311.8,Apparel
C0661,champion,INV05348,2023-02-15,168.35,Home
C0661,champion,INV05349,2024-06-25,228.29,Electronics
C0662,loyal,INV05350,2024-12-13,248.75,Beauty
C0662,loyal,INV05351,2024-12-03,259.62,Home
C0662,loyal,INV05352,2024-10-18,194.19,Apparel
C0662,loyal,INV05353,2024-08-30,318.18,Apparel
C0662,loyal,INV05354,2024-11-07,243.38,Electronics
C0662,loyal,INV05355,2024-07-21,106.61,Home
C0662,loyal,INV05356,2024-06-16,175.1,Sports
C0662,loyal,INV05357,2024-04-19,130.75,Beauty
C0662,loyal,INV05358,2024-03-16,80.22,Beauty
C0662,loyal,INV05359,2024-06-16,146.49,Electronics
C0662,loyal,INV05360,2024-03-28,211.04,Sports
C0662,loyal,INV05361,2024-07-01,239.28,Electronics
C0663,potential,INV05362,2024-10-30,72.32,Home
C0663,potential,INV05363,2024-09-27,63.76,Sports
C0663,potential,INV05364,2024-09-16,90.21,Home
C0663,potential,INV05365,2024-08-07,52.85,Apparel
C0663,potential,INV05366,2024-09-24,71.1,Sports
C0664,champion,INV05367,2024-12-13,179.38,Apparel
C0664,champion,INV05368,2024-12-02,230.36,Home
C0664,champion,INV05369,2024-10-12,225.03,Electronics
C0664,champion,INV05370,2024-08-18,227.69,Apparel
C0664,champion,INV05371,2024-07-22,214.72,Electronics
C0664,champion,INV05372,2024-07-16,94.3,Beauty
C0664,champion,INV05373,2024-09-02,279.23,Home
C0664,champion,INV05374,2024-03-22,164.88,Sports
C0664,champion,INV05375,2024-05-19,255.42,Beauty
C0664,champion,INV05376,2024-05-20,93.24,Apparel
C0664,champion,INV05377,2024-06-16,276.44,Beauty
C0664,champion,INV05378,2024-09-16,166.64,Electronics
C0664,champion,INV05379,2024-06-04,249.08,Beauty
C0664,champion,INV05380,2024-06-01,286.37,Apparel
C0665,champion,INV05381,2024-12-07,247.65,Home
C0665,champion,INV05382,2024-11-17,379.15,Apparel
C0665,champion,INV05383,2024-10-16,549.16,Apparel
C0665,champion,INV05384,2024-09-08,484.3,Electronics
C0665,champion,INV05385,2024-08-09,243.5,Home
C0665,champion,INV05386,2024-07-10,354.67,Beauty
C0665,champion,INV05387,2024-05-23,380.61,Sports
C0665,champion,INV05388,2024-09-14,249.94,Home
C0665,champion,INV05389,2024-08-09,347.0,Sports
C0665,champion,INV05390,2024-03-03,278.7,Beauty
C0665,champion,INV05391,2024-02-21,431.89,Sports
C0665,champion,INV05392,2023-12-21,178.96,Electronics
C0665,champion,INV05393,2023-12-13,179.48,Home
C0665,champion,INV05394,2024-07-17,463.55,Electronics
C0665,champion,INV05395,2023-06-24,345.86,Sports
C0665,champion,INV05396,2023-07-01,227.41,Home
C0665,champion,INV05397,2023-04-09,431.35,Electronics
C0665,champion,INV05398,2023-12-16,230.57,Electronics
C0665,champion,INV05399,2023-02-28,376.67,Electronics
C0665,champion,INV05400,2024-02-07,154.59,Home
C0665,champion,INV05401,2022-11-28,449.21,Electronics
C0665,champion,INV05402,2022-12-24,321.57,Home
C0665,champion,INV05403,2024-02-25,450.15,Home
C0665,champion,INV05404,2024-03-29,349.24,Electronics
C0665,champion,INV05405,2023-10-02,443.4,Electronics
C0665,champion,INV05406,2024-04-26,472.45,Home
C0665,champion,INV05407,2023-01-31,553.49,Electronics
C0665,champion,INV05408,2022-08-23,438.44,Electronics
C0666,loyal,INV05409,2024-10-05,139.82,Sports
C0666,loyal,INV05410,2024-09-05,173.04,Apparel
C0666,loyal,INV05411,2024-08-24,168.51,Apparel
C0666,loyal,INV05412,2024-07-04,112.88,Sports
C0666,loyal,INV05413,2024-06-15,124.89,Apparel
C0666,loyal,INV05414,2024-05-23,131.54,Apparel
C0666,loyal,INV05415,2024-04-20,139.34,Beauty
C0666,loyal,INV05416,2024-06-15,128.45,Electronics
C0667,potential,INV05417,2024-11-15,98.88,Beauty
C0667,potential,INV05418,2024-10-19,138.04,Sports
C0667,potential,INV05419,2024-10-22,77.1,Electronics
C0667,potential,INV05420,2024-10-25,79.87,Electronics
C0667,potential,INV05421,2024-10-06,115.67,Apparel
C0668,potential,INV05422,2024-11-22,103.5,Electronics
C0668,potential,INV05423,2024-10-28,48.17,Apparel
C0668,potential,INV05424,2024-09-11,43.42,Beauty
C0669,potential,INV05425,2024-10-01,69.58,Sports
C0669,potential,INV05426,2024-09-15,53.63,Beauty
C0669,potential,INV05427,2024-07-27,58.92,Home
C0669,potential,INV05428,2024-07-09,123.27,Apparel
C0670,loyal,INV05429,2024-11-18,194.12,Sports
C0670,loyal,INV05430,2024-10-13,134.73,Apparel
C0670,loyal,INV05431,2024-10-29,155.39,Electronics
C0670,loyal,INV05432,2024-08-14,150.65,Home
C0670,loyal,INV05433,2024-10-05,101.46,Beauty
C0670,loyal,INV05434,2024-07-11,150.32,Apparel
C0670,loyal,INV05435,2024-08-20,131.22,Home
C0670,loyal,INV05436,2024-03-11,127.23,Sports
C0670,loyal,INV05437,2024-05-02,69.73,Home
C0670,loyal,INV05438,2024-04-16,181.44,Electronics
C0670,loyal,INV05439,2023-10-25,169.99,Electronics
C0670,loyal,INV05440,2023-11-21,96.48,Beauty
C0670,loyal,INV05441,2024-08-26,160.13,Electronics
C0670,loyal,INV05442,2024-08-19,181.05,Sports
C0671,lost,INV05443,2023-08-20,33.52,Beauty
C0672,atrisk,INV05444,2024-08-26,223.16,Electronics
C0672,atrisk,INV05445,2024-08-13,120.01,Home
C0672,atrisk,INV05446,2024-08-08,192.9,Home
C0672,atrisk,INV05447,2024-06-09,141.91,Sports
C0672,atrisk,INV05448,2024-03-23,214.61,Home
C0673,lost,INV05449,2024-03-29,40.54,Home
C0673,lost,INV05450,2024-03-05,55.54,Home
C0673,lost,INV05451,2024-02-12,51.96,Electronics
C0674,lost,INV05452,2023-12-14,71.02,Sports
C0675,potential,INV05453,2024-09-09,153.61,Home
C0675,potential,INV05454,2024-09-01,81.61,Apparel
C0675,potential,INV05455,2024-08-04,143.46,Apparel
C0675,potential,INV05456,2024-06-05,40.06,Apparel
C0675,potential,INV05457,2024-05-20,118.77,Electronics
C0675,potential,INV05458,2024-03-28,132.36,Home
C0675,potential,INV05459,2024-04-24,113.76,Electronics
C0676,lost,INV05460,2023-06-12,57.21,Home
C0676,lost,INV05461,2023-06-02,70.03,Apparel
C0677,loyal,INV05462,2024-10-18,164.44,Electronics
C0677,loyal,INV05463,2024-09-25,159.16,Electronics
C0677,loyal,INV05464,2024-08-15,105.39,Sports
C0677,loyal,INV05465,2024-08-01,145.84,Electronics
C0677,loyal,INV05466,2024-07-02,89.86,Apparel
C0677,loyal,INV05467,2024-05-16,131.52,Apparel
C0677,loyal,INV05468,2024-06-08,134.4,Apparel
C0677,loyal,INV05469,2024-08-02,147.22,Electronics
C0678,champion,INV05470,2024-12-24,384.36,Electronics
C0678,champion,INV05471,2024-12-17,290.73,Electronics
C0678,champion,INV05472,2024-12-08,379.99,Home
C0678,champion,INV05473,2024-08-29,218.01,Home
C0678,champion,INV05474,2024-07-25,313.22,Home
C0678,champion,INV05475,2024-10-20,330.87,Home
C0678,champion,INV05476,2024-06-09,374.41,Home
C0678,champion,INV05477,2024-08-13,343.35,Electronics
C0678,champion,INV05478,2024-10-13,181.46,Beauty
C0678,champion,INV05479,2024-09-25,240.63,Electronics
C0678,champion,INV05480,2024-07-27,249.95,Home
C0678,champion,INV05481,2024-10-08,435.63,Apparel
C0678,champion,INV05482,2024-02-28,255.38,Electronics
C0678,champion,INV05483,2024-01-21,536.26,Beauty
C0678,champion,INV05484,2023-07-11,268.68,Beauty
C0678,champion,INV05485,2023-10-31,229.93,Beauty
C0678,champion,INV05486,2024-08-18,248.78,Electronics
C0678,champion,INV05487,2023-11-12,436.0,Beauty
C0678,champion,INV05488,2024-08-02,37.9,Electronics
C0678,champion,INV05489,2023-06-03,353.54,Electronics
C0678,champion,INV05490,2023-07-23,301.84,Sports
C0678,champion,INV05491,2023-11-21,196.0,Home
C0679,champion,INV05492,2024-12-16,201.39,Apparel
C0679,champion,INV05493,2024-12-09,163.06,Home
C0679,champion,INV05494,2024-10-17,199.19,Sports
C0679,champion,INV05495,2024-11-19,249.41,Apparel
C0679,champion,INV05496,2024-08-30,324.19,Home
C0679,champion,INV05497,2024-10-17,234.04,Apparel
C0679,champion,INV05498,2024-06-25,201.66,Apparel
C0679,champion,INV05499,2024-04-15,304.52,Home
C0679,champion,INV05500,2024-05-06,233.39,Sports
C0679,champion,INV05501,2024-04-26,170.78,Electronics
C0679,champion,INV05502,2024-03-01,243.86,Electronics
C0679,champion,INV05503,2024-09-08,148.57,Sports
C0679,champion,INV05504,2024-01-27,143.59,Apparel
C0679,champion,INV05505,2023-09-18,226.92,Sports
C0679,champion,INV05506,2024-01-29,167.03,Sports
C0679,champion,INV05507,2023-11-07,274.05,Electronics
C0679,champion,INV05508,2023-08-08,290.53,Home
C0679,champion,INV05509,2023-06-04,172.7,Apparel
C0679,champion,INV05510,2023-11-16,214.54,Apparel
C0679,champion,INV05511,2024-06-28,290.63,Sports
C0679,champion,INV05512,2023-06-05,337.41,Electronics
C0679,champion,INV05513,2023-09-11,316.7,Apparel
C0680,potential,INV05514,2024-10-01,81.66,Electronics
C0680,potential,INV05515,2024-09-14,78.82,Apparel
C0680,potential,INV05516,2024-08-26,88.74,Sports
C0681,potential,INV05517,2024-11-17,69.43,Electronics
C0681,potential,INV05518,2024-10-15,50.46,Electronics
C0681,potential,INV05519,2024-10-30,77.69,Home
C0681,potential,INV05520,2024-08-07,76.51,Home
C0682,loyal,INV05521,2024-10-19,106.36,Electronics
C0682,loyal,INV05522,2024-10-05,108.98,Home
C0682,loyal,INV05523,2024-09-15,141.56,Apparel
C0682,loyal,INV05524,2024-08-29,105.01,Beauty
C0682,loyal,INV05525,2024-08-04,107.53,Apparel
C0682,loyal,INV05526,2024-05-07,119.11,Electronics
C0682,loyal,INV05527,2024-09-01,60.84,Electronics
C0682,loyal,INV05528,2024-08-17,60.55,Apparel
C0682,loyal,INV05529,2024-04-26,86.48,Apparel
C0682,loyal,INV05530,2024-07-03,120.85,Sports
C0683,potential,INV05531,2024-10-06,153.2,Electronics
C0683,potential,INV05532,2024-09-27,152.47,Home
C0683,potential,INV05533,2024-09-14,179.99,Sports
C0683,potential,INV05534,2024-08-07,96.4,Electronics
C0684,potential,INV05535,2024-10-07,117.12,Home
C0684,potential,INV05536,2024-09-07,62.94,Electronics
C0684,potential,INV05537,2024-09-15,68.23,Beauty
C0684,potential,INV05538,2024-07-30,63.89,Home
C0684,potential,INV05539,2024-05-16,65.6,Electronics
C0684,potential,INV05540,2024-06-04,77.13,Home
C0684,potential,INV05541,2024-06-21,44.74,Sports
C0685,loyal,INV05542,2024-12-16,103.6,Home
C0685,loyal,INV05543,2024-11-19,177.8,Home
C0685,loyal,INV05544,2024-11-02,200.19,Home
C0685,loyal,INV05545,2024-11-13,129.01,Home
C0685,loyal,INV05546,2024-09-07,104.28,Electronics
C0685,loyal,INV05547,2024-09-27,162.81,Apparel
C0685,loyal,INV05548,2024-06-25,161.32,Electronics
C0685,loyal,INV05549,2024-04-15,118.31,Electronics
C0685,loyal,INV05550,2024-02-24,135.47,Home
C0685,loyal,INV05551,2024-06-01,164.45,Electronics
C0685,loyal,INV05552,2024-05-20,80.51,Home
C0685,loyal,INV05553,2024-05-10,162.22,Home
C0685,loyal,INV05554,2024-01-15,226.68,Home
C0685,loyal,INV05555,2023-10-01,107.68,Sports
C0686,loyal,INV05556,2024-11-23,217.17,Apparel
C0686,loyal,INV05557,2024-10-22,141.76,Electronics
C0686,loyal,INV05558,2024-09-10,136.99,Electronics
C0686,loyal,INV05559,2024-08-07,223.01,Electronics
C0686,loyal,INV05560,2024-09-28,135.93,Beauty
C0686,loyal,INV05561,2024-06-11,217.56,Electronics
C0687,atrisk,INV05562,2024-03-14,250.19,Beauty
C0687,atrisk,INV05563,2024-03-02,54.9,Home
C0687,atrisk,INV05564,2024-01-06,208.21,Apparel
C0687,atrisk,INV05565,2023-11-18,173.76,Home
C0687,atrisk,INV05566,2023-12-25,164.45,Electronics
C0688,champion,INV05567,2024-12-09,457.09,Beauty
C0688,champion,INV05568,2024-11-17,319.65,Electronics
C0688,champion,INV05569,2024-10-26,292.66,Beauty
C0688,champion,INV05570,2024-09-28,519.04,Apparel
C0688,champion,INV05571,2024-10-10,376.61,Apparel
C0688,champion,INV05572,2024-06-17,304.49,Electronics
C0688,champion,INV05573,2024-06-06,330.75,Beauty
C0688,champion,INV05574,2024-03-11,264.9,Home
C0688,champion,INV05575,2024-05-31,170.29,Electronics
C0688,champion,INV05576,2023-12-24,298.33,Apparel
C0688,champion,INV05577,2024-01-04,542.9,Electronics
C0688,champion,INV05578,2023-12-23,472.54,Home
C0689,atrisk,INV05579,2024-05-21,173.76,Home
C0689,atrisk,INV05580,2024-04-19,88.56,Beauty
C0689,atrisk,INV05581,2024-03-16,193.53,Electronics
C0689,atrisk,INV05582,2024-03-31,228.41,Beauty
C0689,atrisk,INV05583,2024-01-26,161.09,Electronics
C0690,loyal,INV05584,2024-11-30,231.31,Sports
C0690,loyal,INV05585,2024-11-16,199.48,Home
C0690,loyal,INV05586,2024-11-04,119.79,Beauty
C0690,loyal,INV05587,2024-09-07,66.58,Apparel
C0690,loyal,INV05588,2024-10-17,152.08,Beauty
C0690,loyal,INV05589,2024-10-01,196.53,Home
C0690,loyal,INV05590,2024-06-21,244.15,Electronics
C0690,loyal,INV05591,2024-06-15,150.94,Electronics
C0691,loyal,INV05592,2024-10-03,156.76,Sports
C0691,loyal,INV05593,2024-09-25,149.86,Apparel
C0691,loyal,INV05594,2024-09-03,175.61,Sports
C0691,loyal,INV05595,2024-08-10,140.77,Electronics
C0691,loyal,INV05596,2024-08-20,229.76,Electronics
C0691,loyal,INV05597,2024-08-29,159.69,Beauty
C0691,loyal,INV05598,2024-07-23,119.76,Beauty
C0691,loyal,INV05599,2024-03-28,117.61,Beauty
C0692,champion,INV05600,2024-12-19,266.04,Beauty
C0692,champion,INV05601,2024-11-23,352.4,Sports
C0692,champion,INV05602,2024-12-05,235.24,Electronics
C0692,champion,INV05603,2024-11-16,437.9,Sports
C0692,champion,INV05604,2024-08-25,292.61,Sports
C0692,champion,INV05605,2024-10-15,270.89,Apparel
C0692,champion,INV05606,2024-08-27,387.99,Sports
C0692,champion,INV05607,2024-10-17,265.56,Sports
C0692,champion,INV05608,2024-06-26,299.33,Apparel
C0692,champion,INV05609,2024-03-24,260.06,Home
C0692,champion,INV05610,2024-03-14,291.33,Home
C0692,champion,INV05611,2024-04-21,441.62,Apparel
C0692,champion,INV05612,2024-07-28,336.67,Electronics
C0692,champion,INV05613,2023-07-31,247.83,Sports
C0692,champion,INV05614,2024-09-12,269.1,Beauty
C0692,champion,INV05615,2024-03-24,460.23,Apparel
C0692,champion,INV05616,2023-09-28,358.01,Sports
C0692,champion,INV05617,2024-01-14,368.43,Home
C0692,champion,INV05618,2024-02-17,465.08,Sports
C0692,champion,INV05619,2023-07-25,401.53,Apparel
C0692,champion,INV05620,2023-08-07,325.18,Electronics
C0693,loyal,INV05621,2024-12-07,175.38,Sports
C0693,loyal,INV05622,2024-11-04,135.6,Electronics
C0693,loyal,INV05623,2024-10-10,232.63,Apparel
C0693,loyal,INV05624,2024-11-01,124.45,Home
C0693,loyal,INV05625,2024-08-17,113.7,Home
C0693,loyal,INV05626,2024-10-18,196.25,Apparel
C0693,loyal,INV05627,2024-06-10,136.49,Beauty
C0693,loyal,INV05628,2024-08-24,200.8,Apparel
C0693,loyal,INV05629,2024-09-26,204.9,Apparel
C0693,loyal,INV05630,2024-06-28,201.41,Electronics
C0693,loyal,INV05631,2024-09-18,111.86,Beauty
C0693,loyal,INV05632,2023-11-18,176.03,Home
C0693,loyal,INV05633,2024-02-23,238.11,Home
C0693,loyal,INV05634,2024-03-09,272.41,Electronics
C0694,champion,INV05635,2024-12-25,155.19,Sports
C0694,champion,INV05636,2024-11-20,231.58,Home
C0694,champion,INV05637,2024-10-08,143.85,Apparel
C0694,champion,INV05638,2024-09-05,188.03,Apparel
C0694,champion,INV05639,2024-11-27,202.91,Electronics
C0694,champion,INV05640,2024-11-05,260.39,Home
C0694,champion,INV05641,2024-11-07,89.24,Beauty
C0694,champion,INV05642,2024-10-30,180.61,Apparel
C0694,champion,INV05643,2024-04-05,120.96,Beauty
C0694,champion,INV05644,2024-01-18,208.24,Home
C0694,champion,INV05645,2024-10-06,279.68,Electronics
C0694,champion,INV05646,2024-08-15,119.09,Beauty
C0694,champion,INV05647,2024-08-27,276.78,Beauty
C0694,champion,INV05648,2024-09-12,160.45,Sports
C0694,champion,INV05649,2024-06-12,218.62,Sports
C0694,champion,INV05650,2024-08-12,245.59,Sports
C0694,champion,INV05651,2023-06-30,146.77,Electronics
C0694,champion,INV05652,2023-10-27,226.5,Apparel
C0694,champion,INV05653,2024-02-23,203.45,Sports
C0694,champion,INV05654,2024-05-11,113.32,Electronics
C0694,champion,INV05655,2024-05-19,253.72,Apparel
C0694,champion,INV05656,2023-06-28,268.93,Apparel
C0694,champion,INV05657,2022-10-03,218.11,Home
C0695,loyal,INV05658,2024-11-06,105.96,Home
C0695,loyal,INV05659,2024-10-28,82.53,Beauty
C0695,loyal,INV05660,2024-09-19,77.61,Apparel
C0695,loyal,INV05661,2024-08-20,147.83,Beauty
C0695,loyal,INV05662,2024-06-03,92.42,Home
C0695,loyal,INV05663,2024-04-30,91.09,Home
C0695,loyal,INV05664,2024-05-28,119.57,Apparel
C0695,loyal,INV05665,2024-08-21,136.86,Electronics
C0695,loyal,INV05666,2024-08-26,125.71,Beauty
C0695,loyal,INV05667,2024-06-15,164.1,Electronics
C0696,potential,INV05668,2024-10-12,90.81,Electronics
C0696,potential,INV05669,2024-10-01,40.52,Electronics
C0696,potential,INV05670,2024-09-20,144.67,Sports
C0697,lost,INV05671,2024-03-14,103.18,Sports
C0697,lost,INV05672,2024-02-11,69.54,Apparel
C0697,lost,INV05673,2024-01-20,97.4,Electronics
C0698,potential,INV05674,2024-09-07,75.97,Apparel
C0698,potential,INV05675,2024-08-08,212.09,Home
C0698,potential,INV05676,2024-07-09,127.87,Home
C0698,potential,INV05677,2024-07-03,182.63,Home
C0698,potential,INV05678,2024-07-01,111.48,Electronics
C0699,champion,INV05679,2024-12-12,258.69,Sports
C0699,champion,INV05680,2024-11-17,266.51,Electronics
C0699,champion,INV05681,2024-10-21,198.77,Beauty
C0699,champion,INV05682,2024-08-23,153.7,Electronics
C0699,champion,INV05683,2024-10-25,229.64,Apparel
C0699,champion,INV05684,2024-06-10,314.31,Electronics
C0699,champion,INV05685,2024-10-01,174.92,Home
C0699,champion,INV05686,2024-06-20,234.13,Electronics
C0699,champion,INV05687,2024-02-12,201.43,Home
C0699,champion,INV05688,2024-04-22,344.6,Beauty
C0699,champion,INV05689,2024-04-06,228.86,Home
C0699,champion,INV05690,2024-05-17,219.72,Apparel
C0699,champion,INV05691,2023-09-01,299.45,Beauty
C0699,champion,INV05692,2024-08-04,150.5,Apparel
C0699,champion,INV05693,2023-11-30,296.21,Home
C0699,champion,INV05694,2024-06-15,75.97,Apparel
C0699,champion,INV05695,2023-07-03,262.36,Sports
C0699,champion,INV05696,2024-05-22,153.21,Home
C0699,champion,INV05697,2023-01-28,191.25,Beauty
C0699,champion,INV05698,2024-04-28,177.38,Sports
C0699,champion,INV05699,2023-01-12,276.49,Home
C0699,champion,INV05700,2023-11-30,229.98,Apparel
C0699,champion,INV05701,2023-07-25,208.66,Apparel
C0699,champion,INV05702,2022-07-22,270.36,Beauty
C0699,champion,INV05703,2023-10-07,194.27,Electronics
C0699,champion,INV05704,2024-05-26,194.19,Apparel
C0699,champion,INV05705,2024-04-22,166.61,Apparel
C0699,champion,INV05706,2022-09-24,228.89,Beauty
C0699,champion,INV05707,2024-05-02,79.71,Sports
C0700,lost,INV05708,2023-01-12,79.62,Electronics
C0701,potential,INV05709,2024-11-07,142.34,Apparel
C0701,potential,INV05710,2024-10-03,72.39,Home
C0701,potential,INV05711,2024-09-04,149.11,Electronics
C0702,potential,INV05712,2024-10-04,121.16,Electronics
C0702,potential,INV05713,2024-09-04,173.88,Home
C0702,potential,INV05714,2024-08-17,174.46,Sports
C0702,potential,INV05715,2024-08-26,161.47,Apparel
C0703,potential,INV05716,2024-10-31,92.05,Electronics
C0703,potential,INV05717,2024-10-01,105.03,Beauty
C0703,potential,INV05718,2024-10-01,113.6,Home
C0703,potential,INV05719,2024-10-10,112.22,Electronics
C0703,potential,INV05720,2024-09-01,138.61,Sports
C0703,potential,INV05721,2024-08-07,137.78,Home
C0703,potential,INV05722,2024-06-27,15.97,Electronics
C0704,atrisk,INV05723,2024-07-10,60.36,Electronics
C0704,atrisk,INV05724,2024-06-13,103.84,Apparel
C0704,atrisk,INV05725,2024-05-05,61.55,Electronics
C0704,atrisk,INV05726,2024-06-07,61.88,Electronics
C0704,atrisk,INV05727,2024-06-08,122.85,Electronics
C0704,atrisk,INV05728,2024-03-27,48.82,Sports
C0704,atrisk,INV05729,2024-02-23,61.37,Electronics
C0705,atrisk,INV05730,2024-08-28,78.79,Apparel
C0705,atrisk,INV05731,2024-08-08,89.2,Apparel
C0705,atrisk,INV05732,2024-07-19,53.68,Electronics
C0705,atrisk,INV05733,2024-07-05,86.65,Home
C0705,atrisk,INV05734,2024-04-02,120.9,Home
C0705,atrisk,INV05735,2024-03-06,79.04,Sports
C0705,atrisk,INV05736,2024-01-31,117.38,Beauty
C0706,atrisk,INV05737,2024-05-27,140.13,Apparel
C0706,atrisk,INV05738,2024-04-25,152.87,Home
C0706,atrisk,INV05739,2024-05-07,127.23,Sports
C0706,atrisk,INV05740,2024-03-07,201.75,Sports
C0706,atrisk,INV05741,2023-12-27,174.06,Beauty
C0706,atrisk,INV05742,2024-03-18,111.5,Electronics
C0706,atrisk,INV05743,2024-01-04,193.6,Apparel
C0706,atrisk,INV05744,2023-10-30,87.22,Electronics
C0706,atrisk,INV05745,2023-12-11,137.71,Beauty
C0707,lost,INV05746,2023-12-19,69.64,Beauty
C0707,lost,INV05747,2023-12-05,73.97,Home
C0708,potential,INV05748,2024-10-08,56.7,Apparel
C0708,potential,INV05749,2024-09-17,116.17,Beauty
C0708,potential,INV05750,2024-09-20,123.36,Sports
C0708,potential,INV05751,2024-06-13,99.98,Home
C0708,potential,INV05752,2024-08-17,98.3,Apparel
C0709,champion,INV05753,2024-12-08,370.69,Home
C0709,champion,INV05754,2024-11-27,241.78,Apparel
C0709,champion,INV05755,2024-09-23,267.07,Apparel
C0709,champion,INV05756,2024-11-14,154.45,Electronics
C0709,champion,INV05757,2024-08-10,236.73,Sports
C0709,champion,INV05758,2024-08-05,197.43,Electronics
C0709,champion,INV05759,2024-05-12,296.29,Apparel
C0709,champion,INV05760,2024-09-22,264.2,Beauty
C0709,champion,INV05761,2024-02-24,253.76,Sports
C0709,champion,INV05762,2024-05-15,268.69,Apparel
C0709,champion,INV05763,2024-02-02,301.7,Apparel
C0709,champion,INV05764,2024-05-13,224.6,Sports
C0709,champion,INV05765,2023-11-08,305.09,Beauty
C0709,champion,INV05766,2023-08-28,206.94,Home
C0709,champion,INV05767,2024-03-03,118.49,Home
C0709,champion,INV05768,2023-08-01,216.6,Electronics
C0709,champion,INV05769,2023-12-22,166.28,Apparel
C0709,champion,INV05770,2023-03-20,291.96,Home
C0709,champion,INV05771,2024-04-18,293.03,Sports
C0709,champion,INV05772,2023-07-14,244.14,Home
C0709,champion,INV05773,2023-08-16,361.69,Home
C0709,champion,INV05774,2022-10-23,150.28,Electronics
C0709,champion,INV05775,2023-06-07,262.95,Electronics
C0709,champion,INV05776,2024-06-30,224.84,Beauty
C0710,loyal,INV05777,2024-10-20,224.73,Apparel
C0710,loyal,INV05778,2024-10-04,170.74,Home
C0710,loyal,INV05779,2024-08-19,283.29,Beauty
C0710,loyal,INV05780,2024-07-16,185.82,Apparel
C0710,loyal,INV05781,2024-08-01,207.48,Electronics
C0710,loyal,INV05782,2024-05-23,210.25,Sports
C0710,loyal,INV05783,2024-07-04,238.95,Home
C0710,loyal,INV05784,2024-03-31,136.6,Home
C0711,lost,INV05785,2023-04-23,81.37,Home
C0712,potential,INV05786,2024-09-25,108.16,Apparel
C0712,potential,INV05787,2024-09-04,147.28,Apparel
C0712,potential,INV05788,2024-08-10,121.49,Electronics
C0712,potential,INV05789,2024-06-03,119.68,Home
C0712,potential,INV05790,2024-08-12,148.01,Electronics
C0712,potential,INV05791,2024-06-12,132.78,Electronics
C0713,champion,INV05792,2024-12-04,240.46,Beauty
C0713,champion,INV05793,2024-11-03,385.83,Home
C0713,champion,INV05794,2024-11-16,248.81,Beauty
C0713,champion,INV05795,2024-11-07,469.9,Electronics
C0713,champion,INV05796,2024-08-18,393.93,Beauty
C0713,champion,INV05797,2024-10-05,200.64,Electronics
C0713,champion,INV05798,2024-07-01,269.99,Electronics
C0713,champion,INV05799,2024-03-20,185.5,Apparel
C0713,champion,INV05800,2024-06-11,463.46,Beauty
C0713,champion,INV05801,2024-10-02,239.15,Home
C0713,champion,INV05802,2024-09-25,529.25,Apparel
C0713,champion,INV05803,2024-03-04,258.12,Electronics
C0713,champion,INV05804,2023-12-22,681.39,Sports
C0713,champion,INV05805,2024-04-14,401.41,Home
C0713,champion,INV05806,2024-05-08,169.83,Home
C0713,champion,INV05807,2024-04-23,218.57,Beauty
C0713,champion,INV05808,2023-07-27,264.16,Electronics
C0713,champion,INV05809,2023-03-16,368.21,Home
C0713,champion,INV05810,2023-09-29,314.57,Apparel
C0713,champion,INV05811,2023-11-20,506.86,Home
C0714,lost,INV05812,2024-02-18,131.92,Apparel
C0714,lost,INV05813,2024-02-06,75.5,Home
C0715,potential,INV05814,2024-10-27,115.88,Home
C0715,potential,INV05815,2024-09-19,143.34,Apparel
C0715,potential,INV05816,2024-09-17,112.06,Home
C0715,potential,INV05817,2024-09-18,61.86,Sports
C0716,potential,INV05818,2024-09-19,85.12,Home
C0716,potential,INV05819,2024-08-13,63.91,Electronics
C0716,potential,INV05820,2024-07-27,119.23,Electronics
C0717,champion,INV05821,2024-12-29,205.66,Home
C0717,champion,INV05822,2024-12-14,191.41,Home
C0717,champion,INV05823,2024-11-23,213.64,Apparel
C0717,champion,INV05824,2024-10-15,319.25,Electronics
C0717,champion,INV05825,2024-10-06,168.97,Electronics
C0717,champion,INV05826,2024-11-04,344.59,Apparel
C0717,champion,INV05827,2024-08-19,298.3,Electronics
C0717,champion,INV05828,2024-10-27,356.85,Home
C0717,champion,INV05829,2024-05-19,221.56,Electronics
C0717,champion,INV05830,2024-10-18,258.36,Apparel
C0717,champion,INV05831,2024-09-10,355.63,Electronics
C0717,champion,INV05832,2024-03-07,313.69,Electronics
C0717,champion,INV05833,2024-05-15,143.87,Beauty
C0717,champion,INV05834,2023-11-22,253.21,Electronics
C0717,champion,INV05835,2024-02-25,132.5,Electronics
C0717,champion,INV05836,2023-07-23,199.35,Home
C0717,champion,INV05837,2023-12-11,205.88,Apparel
C0717,champion,INV05838,2023-05-31,149.74,Beauty
C0717,champion,INV05839,2024-08-07,305.47,Sports
C0718,loyal,INV05840,2024-12-04,59.5,Sports
C0718,loyal,INV05841,2024-10-30,92.59,Electronics
C0718,loyal,INV05842,2024-09-25,116.8,Home
C0718,loyal,INV05843,2024-11-10,112.82,Apparel
C0718,loyal,INV05844,2024-07-21,106.59,Home
C0718,loyal,INV05845,2024-08-26,117.38,Electronics
C0718,loyal,INV05846,2024-10-05,93.88,Sports
C0719,potential,INV05847,2024-10-09,143.92,Sports
C0719,potential,INV05848,2024-09-04,105.61,Electronics
C0719,potential,INV05849,2024-09-09,128.27,Electronics
C0719,potential,INV05850,2024-08-16,108.54,Home
C0719,potential,INV05851,2024-05-18,80.25,Electronics
C0719,potential,INV05852,2024-08-05,123.45,Beauty
C0719,potential,INV05853,2024-07-17,138.68,Apparel
C0720,lost,INV05854,2023-07-23,18.99,Sports
C0720,lost,INV05855,2023-07-15,26.15,Electronics
C0721,lost,INV05856,2023-06-30,30.65,Electronics
C0722,lost,INV05857,2024-01-23,37.72,Electronics
C0722,lost,INV05858,2023-12-28,34.21,Apparel
C0722,lost,INV05859,2023-11-10,77.54,Apparel
C0723,potential,INV05860,2024-10-02,83.05,Apparel
C0723,potential,INV05861,2024-09-23,102.23,Apparel
C0723,potential,INV05862,2024-08-01,98.13,Beauty
C0724,potential,INV05863,2024-09-11,68.22,Beauty
C0724,potential,INV05864,2024-08-21,68.39,Electronics
C0724,potential,INV05865,2024-08-28,99.37,Home
C0725,champion,INV05866,2024-12-19,236.09,Apparel
C0725,champion,INV05867,2024-11-15,234.0,Home
C0725,champion,INV05868,2024-10-12,204.52,Home
C0725,champion,INV05869,2024-09-17,275.32,Electronics
C0725,champion,INV05870,2024-07-28,257.86,Sports
C0725,champion,INV05871,2024-07-22,259.95,Home
C0725,champion,INV05872,2024-06-28,293.79,Electronics
C0725,champion,INV05873,2024-05-09,325.64,Electronics
C0725,champion,INV05874,2024-09-14,254.79,Sports
C0725,champion,INV05875,2024-06-13,242.58,Apparel
C0725,champion,INV05876,2024-10-10,345.24,Home
C0725,champion,INV05877,2024-04-21,362.57,Beauty
C0725,champion,INV05878,2024-02-23,278.43,Electronics
C0725,champion,INV05879,2024-04-29,213.04,Sports
C0725,champion,INV05880,2024-02-29,172.5,Beauty
C0725,champion,INV05881,2023-10-26,281.13,Beauty
C0725,champion,INV05882,2023-08-27,220.16,Sports
C0725,champion,INV05883,2023-04-17,392.21,Apparel
C0725,champion,INV05884,2023-07-16,166.89,Apparel
C0725,champion,INV05885,2023-03-14,337.9,Electronics
C0726,loyal,INV05886,2024-10-28,159.31,Electronics
C0726,loyal,INV05887,2024-10-10,115.11,Beauty
C0726,loyal,INV05888,2024-09-28,39.62,Electronics
C0726,loyal,INV05889,2024-07-12,116.48,Home
C0726,loyal,INV05890,2024-05-29,143.8,Electronics
C0726,loyal,INV05891,2024-04-16,127.9,Home
C0726,loyal,INV05892,2024-05-13,137.84,Beauty
C0727,potential,INV05893,2024-09-21,169.24,Home
C0727,potential,INV05894,2024-09-01,203.37,Electronics
C0727,potential,INV05895,2024-09-03,127.36,Beauty
C0727,potential,INV05896,2024-07-14,120.73,Home
C0727,potential,INV05897,2024-06-09,186.76,Electronics
C0727,potential,INV05898,2024-05-29,99.15,Beauty
C0727,potential,INV05899,2024-03-19,143.66,Apparel
C0728,atrisk,INV05900,2024-06-08,136.53,Electronics
C0728,atrisk,INV05901,2024-05-16,154.27,Home
C0728,atrisk,INV05902,2024-03-24,135.16,Electronics
C0728,atrisk,INV05903,2024-05-18,135.99,Home
C0728,atrisk,INV05904,2024-03-24,97.49,Beauty
C0728,atrisk,INV05905,2024-02-29,117.73,Electronics
C0728,atrisk,INV05906,2024-04-27,118.91,Home
C0729,potential,INV05907,2024-11-07,172.5,Home
C0729,potential,INV05908,2024-10-06,110.83,Home
C0729,potential,INV05909,2024-09-06,47.07,Electronics
C0729,potential,INV05910,2024-08-09,124.08,Home
C0729,potential,INV05911,2024-07-10,101.65,Electronics
C0729,potential,INV05912,2024-08-19,121.74,Electronics
C0729,potential,INV05913,2024-04-23,111.75,Apparel
C0730,potential,INV05914,2024-09-29,79.61,Home
C0730,potential,INV05915,2024-08-24,96.19,Electronics
C0730,potential,INV05916,2024-08-06,82.89,Home
C0730,potential,INV05917,2024-08-09,61.08,Apparel
C0730,potential,INV05918,2024-08-04,45.65,Home
C0730,potential,INV05919,2024-08-15,68.63,Home
C0731,potential,INV05920,2024-11-01,45.99,Sports
C0731,potential,INV05921,2024-10-08,84.89,Sports
C0731,potential,INV05922,2024-09-02,114.98,Beauty
C0732,loyal,INV05923,2024-12-01,239.68,Home
C0732,loyal,INV05924,2024-10-25,220.26,Beauty
C0732,loyal,INV05925,2024-10-22,162.84,Sports
C0732,loyal,INV05926,2024-10-17,142.06,Home
C0732,loyal,INV05927,2024-09-12,252.6,Home
C0732,loyal,INV05928,2024-07-09,253.48,Apparel
C0733,atrisk,INV05929,2024-05-09,127.66,Electronics
C0733,atrisk,INV05930,2024-04-07,92.97,Apparel
C0733,atrisk,INV05931,2024-03-18,115.73,Beauty
C0733,atrisk,INV05932,2024-04-18,77.59,Home
C0733,atrisk,INV05933,2024-02-15,110.86,Beauty
C0734,loyal,INV05934,2024-10-10,155.88,Beauty
C0734,loyal,INV05935,2024-09-27,117.26,Beauty
C0734,loyal,INV05936,2024-09-02,128.17,Apparel
C0734,loyal,INV05937,2024-07-03,162.09,Electronics
C0734,loyal,INV05938,2024-08-19,148.69,Apparel
C0734,loyal,INV05939,2024-06-27,187.98,Sports
C0734,loyal,INV05940,2024-08-05,205.91,Beauty
C0734,loyal,INV05941,2024-06-06,108.42,Sports
C0734,loyal,INV05942,2024-05-19,169.06,Home
C0734,loyal,INV05943,2024-06-15,94.55,Home
C0734,loyal,INV05944,2024-05-13,86.15,Sports
C0734,loyal,INV05945,2023-09-10,80.59,Home
C0734,loyal,INV05946,2023-10-28,165.55,Home
C0735,lost,INV05947,2023-11-06,36.84,Beauty
C0735,lost,INV05948,2023-10-26,89.21,Apparel
C0736,loyal,INV05949,2024-10-21,100.29,Home
C0736,loyal,INV05950,2024-10-08,132.1,Home
C0736,loyal,INV05951,2024-08-30,106.07,Beauty
C0736,loyal,INV05952,2024-08-28,170.33,Apparel
C0736,loyal,INV05953,2024-09-11,130.87,Electronics
C0736,loyal,INV05954,2024-06-08,126.74,Electronics
C0736,loyal,INV05955,2024-08-28,168.95,Home
C0736,loyal,INV05956,2024-07-01,96.22,Sports
C0736,loyal,INV05957,2024-01-23,162.58,Apparel
C0736,loyal,INV05958,2024-02-21,148.5,Home
C0736,loyal,INV05959,2024-03-25,147.82,Home
C0736,loyal,INV05960,2023-08-19,181.31,Apparel
C0736,loyal,INV05961,2023-09-21,94.47,Home
C0737,potential,INV05962,2024-09-12,52.43,Apparel
C0737,potential,INV05963,2024-08-17,63.89,Electronics
C0737,potential,INV05964,2024-08-15,62.89,Electronics
C0737,potential,INV05965,2024-06-02,46.57,Electronics
C0738,loyal,INV05966,2024-11-11,136.12,Apparel
C0738,loyal,INV05967,2024-10-24,156.21,Apparel
C0738,loyal,INV05968,2024-10-20,122.63,Apparel
C0738,loyal,INV05969,2024-10-12,45.82,Beauty
C0738,loyal,INV05970,2024-10-06,139.44,Electronics
C0738,loyal,INV05971,2024-07-04,111.53,Apparel
C0738,loyal,INV05972,2024-05-21,181.55,Sports
C0738,loyal,INV05973,2024-06-10,134.28,Apparel
C0738,loyal,INV05974,2024-04-01,113.4,Beauty
C0738,loyal,INV05975,2024-03-22,106.56,Home
C0738,loyal,INV05976,2024-06-04,139.8,Home
C0739,potential,INV05977,2024-09-21,123.77,Sports
C0739,potential,INV05978,2024-08-13,88.64,Home
C0739,potential,INV05979,2024-07-13,85.35,Apparel
C0739,potential,INV05980,2024-06-20,87.43,Beauty
C0739,potential,INV05981,2024-06-05,27.42,Apparel
C0739,potential,INV05982,2024-08-17,94.15,Electronics
C0740,loyal,INV05983,2024-11-20,145.0,Sports
C0740,loyal,INV05984,2024-10-13,95.35,Apparel
C0740,loyal,INV05985,2024-10-25,67.63,Apparel
C0740,loyal,INV05986,2024-10-12,155.47,Apparel
C0740,loyal,INV05987,2024-09-29,125.64,Electronics
C0740,loyal,INV05988,2024-07-13,177.1,Electronics
C0740,loyal,INV05989,2024-08-04,96.25,Beauty
C0741,loyal,INV05990,2024-10-29,186.05,Home
C0741,loyal,INV05991,2024-09-27,180.43,Beauty
C0741,loyal,INV05992,2024-09-19,242.47,Sports
C0741,loyal,INV05993,2024-07-07,27.06,Electronics
C0741,loyal,INV05994,2024-09-11,151.73,Apparel
C0741,loyal,INV05995,2024-05-02,121.97,Sports
C0741,loyal,INV05996,2024-08-18,79.43,Electronics
C0741,loyal,INV05997,2024-03-19,191.56,Sports
C0742,loyal,INV05998,2024-11-08,274.33,Home
C0742,loyal,INV05999,2024-10-08,251.86,Beauty
C0742,loyal,INV06000,2024-10-03,188.42,Electronics
C0742,loyal,INV06001,2024-09-21,198.83,Apparel
C0742,loyal,INV06002,2024-08-24,148.44,Electronics
C0742,loyal,INV06003,2024-07-01,181.81,Electronics
C0742,loyal,INV06004,2024-03-31,186.74,Sports
C0743,potential,INV06005,2024-10-07,79.79,Beauty
C0743,potential,INV06006,2024-09-13,92.83,Beauty
C0743,potential,INV06007,2024-09-05,102.3,Apparel
C0744,potential,INV06008,2024-10-02,20.55,Electronics
C0744,potential,INV06009,2024-08-26,68.66,Apparel
C0744,potential,INV06010,2024-08-07,45.47,Apparel
C0744,potential,INV06011,2024-07-01,52.45,Home
C0744,potential,INV06012,2024-06-12,70.87,Home
C0744,potential,INV06013,2024-03-31,97.39,Beauty
C0745,champion,INV06014,2024-12-16,147.4,Beauty
C0745,champion,INV06015,2024-12-06,216.45,Home
C0745,champion,INV06016,2024-11-06,171.93,Electronics
C0745,champion,INV06017,2024-09-14,202.69,Electronics
C0745,champion,INV06018,2024-08-14,215.3,Beauty
C0745,champion,INV06019,2024-08-13,70.43,Apparel
C0745,champion,INV06020,2024-05-14,326.73,Beauty
C0745,champion,INV06021,2024-10-28,184.48,Home
C0745,champion,INV06022,2024-05-30,183.61,Sports
C0745,champion,INV06023,2024-09-08,193.86,Sports
C0745,champion,INV06024,2024-07-19,190.44,Apparel
C0745,champion,INV06025,2024-01-21,188.95,Apparel
C0745,champion,INV06026,2024-02-20,222.62,Sports
C0745,champion,INV06027,2024-04-13,158.1,Home
C0745,champion,INV06028,2024-02-26,338.75,Beauty
C0745,champion,INV06029,2024-08-03,187.18,Beauty
C0745,champion,INV06030,2023-11-12,129.74,Home
C0745,champion,INV06031,2024-01-28,120.57,Sports
C0745,champion,INV06032,2024-04-08,125.92,Beauty
C0745,champion,INV06033,2023-07-22,248.95,Sports
C0745,champion,INV06034,2023-03-17,285.7,Electronics
C0745,champion,INV06035,2022-09-19,234.12,Apparel
C0745,champion,INV06036,2023-08-20,178.27,Apparel
C0745,champion,INV06037,2022-11-18,203.91,Electronics
C0745,champion,INV06038,2022-08-29,209.34,Beauty
C0745,champion,INV06039,2024-05-30,140.84,Sports
C0745,champion,INV06040,2022-09-06,179.69,Electronics
C0745,champion,INV06041,2022-12-18,211.68,Apparel
C0745,champion,INV06042,2022-07-04,15.54,Electronics
C0746,lost,INV06043,2024-01-10,112.71,Apparel
C0746,lost,INV06044,2023-12-24,94.02,Electronics
C0747,loyal,INV06045,2024-11-12,173.96,Electronics
C0747,loyal,INV06046,2024-10-07,357.21,Apparel
C0747,loyal,INV06047,2024-10-25,61.6,Home
C0747,loyal,INV06048,2024-08-26,203.59,Beauty
C0747,loyal,INV06049,2024-06-09,294.1,Home
C0747,loyal,INV06050,2024-06-05,100.5,Electronics
C0747,loyal,INV06051,2024-07-09,81.22,Sports
C0747,loyal,INV06052,2024-06-25,151.63,Home
C0747,loyal,INV06053,2024-06-29,181.06,Beauty
C0747,loyal,INV06054,2024-01-29,98.73,Home
C0747,loyal,INV06055,2023-12-08,248.97,Home
C0747,loyal,INV06056,2023-11-04,143.1,Home
C0748,loyal,INV06057,2024-11-26,191.67,Electronics
C0748,loyal,INV06058,2024-10-24,405.0,Apparel
C0748,loyal,INV06059,2024-09-17,113.7,Sports
C0748,loyal,INV06060,2024-09-27,160.92,Home
C0748,loyal,INV06061,2024-09-07,182.87,Electronics
C0748,loyal,INV06062,2024-09-02,191.34,Beauty
C0748,loyal,INV06063,2024-06-29,248.71,Electronics
C0748,loyal,INV06064,2024-07-02,293.79,Home
C0748,loyal,INV06065,2024-09-23,187.49,Electronics
C0748,loyal,INV06066,2024-08-01,157.35,Beauty
C0748,loyal,INV06067,2024-07-29,199.89,Home
C0748,loyal,INV06068,2024-01-01,190.06,Beauty
C0748,loyal,INV06069,2024-03-07,243.57,Beauty
C0749,loyal,INV06070,2024-11-01,187.24,Electronics
C0749,loyal,INV06071,2024-10-11,149.74,Beauty
C0749,loyal,INV06072,2024-08-17,271.64,Apparel
C0749,loyal,INV06073,2024-08-21,192.71,Electronics
C0749,loyal,INV06074,2024-06-22,160.16,Home
C0749,loyal,INV06075,2024-08-03,284.68,Sports
C0749,loyal,INV06076,2024-05-23,185.73,Home
C0749,loyal,INV06077,2024-05-17,123.29,Home
C0750,loyal,INV06078,2024-10-27,167.9,Beauty
C0750,loyal,INV06079,2024-10-15,29.18,Apparel
C0750,loyal,INV06080,2024-08-10,172.17,Beauty
C0750,loyal,INV06081,2024-08-28,227.51,Beauty
C0750,loyal,INV06082,2024-06-13,231.19,Home
C0750,loyal,INV06083,2024-07-04,104.14,Sports
C0750,loyal,INV06084,2024-05-18,203.63,Home
C0750,loyal,INV06085,2024-02-25,126.6,Beauty
C0750,loyal,INV06086,2024-03-25,258.76,Electronics
C0750,loyal,INV06087,2024-01-13,177.13,Home
C0751,atrisk,INV06088,2024-07-13,79.34,Electronics
C0751,atrisk,INV06089,2024-06-19,109.56,Apparel
C0751,atrisk,INV06090,2024-06-11,125.08,Home
C0751,atrisk,INV06091,2024-04-20,153.94,Beauty
C0752,atrisk,INV06092,2024-03-13,339.28,Home
C0752,atrisk,INV06093,2024-03-02,182.02,Electronics
C0752,atrisk,INV06094,2024-01-17,125.83,Sports
C0752,atrisk,INV06095,2023-12-08,193.41,Apparel
C0752,atrisk,INV06096,2023-12-08,146.08,Apparel
C0753,loyal,INV06097,2024-10-11,142.64,Sports
C0753,loyal,INV06098,2024-09-26,108.07,Home
C0753,loyal,INV06099,2024-07-27,124.53,Electronics
C0753,loyal,INV06100,2024-08-21,97.93,Sports
C0753,loyal,INV06101,2024-07-15,106.81,Sports
C0753,loyal,INV06102,2024-06-03,128.64,Sports
C0753,loyal,INV06103,2024-04-08,171.65,Home
C0753,loyal,INV06104,2024-02-09,77.06,Beauty
C0753,loyal,INV06105,2023-12-12,79.06,Electronics
C0753,loyal,INV06106,2024-02-11,110.53,Apparel
C0753,loyal,INV06107,2024-07-23,89.36,Electronics
C0753,loyal,INV06108,2024-03-16,118.06,Home
C0753,loyal,INV06109,2024-05-08,136.17,Apparel
C0753,loyal,INV06110,2024-04-25,95.38,Sports
C0754,potential,INV06111,2024-10-19,109.15,Sports
C0754,potential,INV06112,2024-10-12,73.45,Apparel
C0754,potential,INV06113,2024-09-29,130.38,Electronics
C0755,champion,INV06114,2024-12-25,126.19,Home
C0755,champion,INV06115,2024-12-09,91.32,Beauty
C0755,champion,INV06116,2024-11-09,246.07,Electronics
C0755,champion,INV06117,2024-11-13,226.83,Home
C0755,champion,INV06118,2024-08-07,200.45,Electronics
C0755,champion,INV06119,2024-06-18,366.6,Home
C0755,champion,INV06120,2024-05-23,192.88,Beauty
C0755,champion,INV06121,2024-08-28,263.53,Electronics
C0755,champion,INV06122,2024-08-11,400.17,Home
C0755,champion,INV06123,2024-08-21,294.58,Home
C0755,champion,INV06124,2024-08-07,228.05,Home
C0755,champion,INV06125,2024-09-28,274.61,Sports
C0755,champion,INV06126,2024-06-04,274.4,Sports
C0755,champion,INV06127,2023-08-19,255.28,Apparel
C0755,champion,INV06128,2023-07-12,226.5,Home
C0755,champion,INV06129,2023-08-03,225.06,Home
C0755,champion,INV06130,2024-02-09,299.33,Beauty
C0755,champion,INV06131,2023-06-13,171.58,Apparel
C0755,champion,INV06132,2023-05-29,281.35,Sports
C0755,champion,INV06133,2024-04-03,168.32,Home
C0755,champion,INV06134,2023-08-13,268.06,Home
C0755,champion,INV06135,2024-01-03,196.82,Electronics
C0755,champion,INV06136,2024-05-19,339.86,Electronics
C0755,champion,INV06137,2024-01-15,293.81,Apparel
C0756,potential,INV06138,2024-11-13,119.82,Beauty
C0756,potential,INV06139,2024-10-07,100.95,Apparel
C0756,potential,INV06140,2024-10-24,128.37,Beauty
C0756,potential,INV06141,2024-08-12,57.0,Home
C0756,potential,INV06142,2024-08-25,71.18,Home
C0756,potential,INV06143,2024-06-06,112.22,Electronics
C0757,potential,INV06144,2024-09-03,138.42,Apparel
C0757,potential,INV06145,2024-08-04,68.77,Sports
C0757,potential,INV06146,2024-08-16,99.43,Electronics
C0757,potential,INV06147,2024-06-29,154.05,Sports
C0757,potential,INV06148,2024-06-15,101.27,Sports
C0757,potential,INV06149,2024-06-15,108.19,Home
C0757,potential,INV06150,2024-05-18,88.99,Apparel
C0758,potential,INV06151,2024-10-15,80.65,Electronics
C0758,potential,INV06152,2024-10-01,100.29,Beauty
C0758,potential,INV06153,2024-08-18,119.64,Apparel
C0758,potential,INV06154,2024-07-05,153.55,Electronics
C0758,potential,INV06155,2024-08-28,109.56,Electronics
C0758,potential,INV06156,2024-06-27,88.17,Home
C0759,lost,INV06157,2023-10-28,21.77,Electronics
C0759,lost,INV06158,2023-10-19,30.5,Beauty
C0760,champion,INV06159,2024-12-15,502.06,Home
C0760,champion,INV06160,2024-11-15,436.02,Home
C0760,champion,INV06161,2024-11-11,391.35,Sports
C0760,champion,INV06162,2024-10-19,560.86,Sports
C0760,champion,INV06163,2024-07-16,320.09,Home
C0760,champion,INV06164,2024-07-08,496.65,Apparel
C0760,champion,INV06165,2024-05-25,495.7,Apparel
C0760,champion,INV06166,2024-04-14,240.33,Home
C0760,champion,INV06167,2024-06-30,253.34,Apparel
C0760,champion,INV06168,2024-03-02,330.53,Apparel
C0760,champion,INV06169,2024-06-08,381.68,Electronics
C0760,champion,INV06170,2023-11-26,214.64,Apparel
C0760,champion,INV06171,2024-09-10,369.28,Home
C0760,champion,INV06172,2023-11-21,439.28,Apparel
C0760,champion,INV06173,2024-07-28,324.06,Home
C0760,champion,INV06174,2023-05-10,385.91,Home
C0760,champion,INV06175,2023-11-27,393.35,Electronics
C0760,champion,INV06176,2023-08-10,390.98,Apparel
C0760,champion,INV06177,2023-07-30,334.69,Electronics
C0761,champion,INV06178,2024-12-05,417.97,Sports
C0761,champion,INV06179,2024-11-23,175.05,Sports
C0761,champion,INV06180,2024-10-22,284.7,Home
C0761,champion,INV06181,2024-08-10,305.35,Apparel
C0761,champion,INV06182,2024-08-23,349.64,Apparel
C0761,champion,INV06183,2024-09-26,333.56,Home
C0761,champion,INV06184,2024-09-06,281.34,Electronics
C0761,champion,INV06185,2024-08-15,480.95,Beauty
C0761,champion,INV06186,2024-10-10,292.35,Apparel
C0761,champion,INV06187,2024-04-15,302.92,Home
C0761,champion,INV06188,2024-04-29,181.26,Home
C0761,champion,INV06189,2024-01-21,224.68,Apparel
C0761,champion,INV06190,2023-12-11,329.59,Home
C0761,champion,INV06191,2024-01-15,409.13,Electronics
C0761,champion,INV06192,2024-06-20,190.87,Home
C0761,champion,INV06193,2023-07-29,379.28,Sports
C0761,champion,INV06194,2024-05-27,227.2,Apparel
C0761,champion,INV06195,2024-06-18,384.39,Electronics
C0761,champion,INV06196,2024-06-08,257.44,Home
C0761,champion,INV06197,2024-05-29,292.68,Home
C0762,potential,INV06198,2024-09-18,91.74,Apparel
C0762,potential,INV06199,2024-08-31,80.66,Sports
C0762,potential,INV06200,2024-08-21,90.1,Apparel
C0763,lost,INV06201,2023-06-02,85.04,Beauty
C0763,lost,INV06202,2023-04-28,102.32,Home
C0764,loyal,INV06203,2024-11-08,122.95,Home
C0764,loyal,INV06204,2024-10-16,114.94,Apparel
C0764,loyal,INV06205,2024-09-19,129.76,Beauty
C0764,loyal,INV06206,2024-08-04,185.86,Beauty
C0764,loyal,INV06207,2024-07-07,171.82,Electronics
C0764,loyal,INV06208,2024-06-06,90.24,Electronics
C0764,loyal,INV06209,2024-07-11,143.57,Electronics
C0764,loyal,INV06210,2024-04-19,50.98,Beauty
C0764,loyal,INV06211,2024-03-13,74.34,Apparel
C0765,potential,INV06212,2024-09-15,96.64,Home
C0765,potential,INV06213,2024-08-11,90.45,Apparel
C0765,potential,INV06214,2024-08-10,88.84,Beauty
C0765,potential,INV06215,2024-07-11,85.38,Beauty
C0765,potential,INV06216,2024-05-14,97.63,Home
C0765,potential,INV06217,2024-04-08,143.13,Apparel
C0766,potential,INV06218,2024-10-26,96.48,Sports
C0766,potential,INV06219,2024-10-19,101.07,Home
C0766,potential,INV06220,2024-09-14,85.7,Home
C0766,potential,INV06221,2024-09-02,115.29,Home
C0766,potential,INV06222,2024-07-22,86.01,Apparel
C0766,potential,INV06223,2024-08-22,115.65,Apparel
C0767,loyal,INV06224,2024-10-27,79.65,Home
C0767,loyal,INV06225,2024-10-04,153.01,Apparel
C0767,loyal,INV06226,2024-09-23,107.48,Home
C0767,loyal,INV06227,2024-09-24,77.31,Apparel
C0767,loyal,INV06228,2024-06-01,70.54,Electronics
C0767,loyal,INV06229,2024-05-10,119.53,Sports
C0767,loyal,INV06230,2024-03-25,149.41,Electronics
C0767,loyal,INV06231,2024-06-23,198.22,Home
C0767,loyal,INV06232,2024-07-07,189.94,Beauty
C0767,loyal,INV06233,2024-04-12,151.9,Apparel
C0767,loyal,INV06234,2023-11-02,165.74,Beauty
C0767,loyal,INV06235,2024-07-09,132.15,Home
C0767,loyal,INV06236,2024-07-23,189.33,Apparel
C0768,lost,INV06237,2023-07-02,82.52,Apparel
C0769,potential,INV06238,2024-11-02,50.83,Beauty
C0769,potential,INV06239,2024-10-06,48.98,Apparel
C0769,potential,INV06240,2024-10-03,69.59,Apparel
C0769,potential,INV06241,2024-07-23,57.28,Beauty
C0769,potential,INV06242,2024-09-03,69.72,Sports
C0769,potential,INV06243,2024-05-06,65.52,Apparel
C0769,potential,INV06244,2024-04-12,54.48,Home
C0770,lost,INV06245,2023-10-19,59.57,Sports
C0771,champion,INV06246,2024-12-22,497.75,Apparel
C0771,champion,INV06247,2024-11-23,385.6,Apparel
C0771,champion,INV06248,2024-12-06,347.21,Apparel
C0771,champion,INV06249,2024-11-07,287.91,Apparel
C0771,champion,INV06250,2024-09-29,517.04,Apparel
C0771,champion,INV06251,2024-06-25,406.89,Home
C0771,champion,INV06252,2024-10-17,480.19,Electronics
C0771,champion,INV06253,2024-05-19,537.49,Sports
C0771,champion,INV06254,2024-09-25,259.09,Home
C0771,champion,INV06255,2024-03-18,366.08,Electronics
C0771,champion,INV06256,2023-12-08,382.43,Home
C0771,champion,INV06257,2023-11-11,387.39,Apparel
C0771,champion,INV06258,2024-06-13,424.09,Beauty
C0771,champion,INV06259,2024-02-14,330.05,Apparel
C0771,champion,INV06260,2024-01-07,352.34,Electronics
C0771,champion,INV06261,2023-08-15,474.62,Home
C0771,champion,INV06262,2024-01-21,410.55,Home
C0771,champion,INV06263,2023-07-14,371.08,Apparel
C0771,champion,INV06264,2023-11-22,460.76,Electronics
C0772,atrisk,INV06265,2024-07-11,204.42,Apparel
C0772,atrisk,INV06266,2024-06-23,145.4,Beauty
C0772,atrisk,INV06267,2024-06-05,138.34,Home
C0772,atrisk,INV06268,2024-04-21,156.43,Beauty
C0772,atrisk,INV06269,2024-03-17,111.89,Sports
C0772,atrisk,INV06270,2024-01-18,197.27,Apparel
C0772,atrisk,INV06271,2024-03-19,171.68,Electronics
C0773,lost,INV06272,2023-05-16,52.24,Apparel
C0774,lost,INV06273,2023-09-14,38.88,Apparel
C0774,lost,INV06274,2023-08-26,64.41,Sports
C0775,potential,INV06275,2024-11-21,111.87,Apparel
C0775,potential,INV06276,2024-10-24,119.88,Home
C0775,potential,INV06277,2024-09-20,157.17,Apparel
C0775,potential,INV06278,2024-08-20,104.6,Apparel
C0775,potential,INV06279,2024-09-10,129.83,Apparel
C0775,potential,INV06280,2024-10-02,116.9,Sports
C0776,potential,INV06281,2024-09-19,66.81,Home
C0776,potential,INV06282,2024-08-11,89.08,Beauty
C0776,potential,INV06283,2024-09-01,82.9,Home
C0776,potential,INV06284,2024-08-14,163.68,Electronics
C0776,potential,INV06285,2024-07-09,87.46,Beauty
C0776,potential,INV06286,2024-08-10,135.44,Electronics
C0777,lost,INV06287,2024-01-19,40.53,Electronics
C0777,lost,INV06288,2023-12-22,83.88,Home
C0777,lost,INV06289,2023-12-26,87.98,Electronics
C0778,loyal,INV06290,2024-10-17,103.44,Electronics
C0778,loyal,INV06291,2024-09-12,213.05,Beauty
C0778,loyal,INV06292,2024-09-09,203.98,Home
C0778,loyal,INV06293,2024-07-01,209.74,Apparel
C0778,loyal,INV06294,2024-05-26,128.92,Home
C0778,loyal,INV06295,2024-08-23,278.19,Sports
C0778,loyal,INV06296,2024-04-08,215.06,Beauty
C0779,potential,INV06297,2024-11-21,82.32,Beauty
C0779,potential,INV06298,2024-11-01,85.13,Beauty
C0779,potential,INV06299,2024-09-26,89.88,Electronics
C0779,potential,INV06300,2024-10-13,38.15,Beauty
C0779,potential,INV06301,2024-08-09,118.87,Home
C0779,potential,INV06302,2024-08-18,120.9,Beauty
C0779,potential,INV06303,2024-10-04,79.07,Sports
C0780,loyal,INV06304,2024-11-06,283.05,Home
C0780,loyal,INV06305,2024-10-14,135.09,Home
C0780,loyal,INV06306,2024-08-28,118.14,Sports
C0780,loyal,INV06307,2024-08-26,207.55,Electronics
C0780,loyal,INV06308,2024-07-17,225.08,Sports
C0780,loyal,INV06309,2024-06-19,181.68,Electronics
C0781,potential,INV06310,2024-10-10,118.78,Sports
C0781,potential,INV06311,2024-09-18,72.0,Electronics
C0781,potential,INV06312,2024-08-13,79.96,Home
C0781,potential,INV06313,2024-06-27,80.21,Apparel
C0782,champion,INV06314,2024-12-22,227.31,Sports
C0782,champion,INV06315,2024-12-12,196.22,Home
C0782,champion,INV06316,2024-12-08,379.87,Sports
C0782,champion,INV06317,2024-11-07,339.88,Apparel
C0782,champion,INV06318,2024-08-04,395.87,Beauty
C0782,champion,INV06319,2024-08-29,371.27,Home
C0782,champion,INV06320,2024-10-17,103.15,Sports
C0782,champion,INV06321,2024-10-20,389.12,Sports
C0782,champion,INV06322,2024-06-21,204.65,Home
C0782,champion,INV06323,2024-06-07,553.95,Home
C0782,champion,INV06324,2024-04-06,241.15,Home
C0782,champion,INV06325,2024-06-18,421.59,Apparel
C0783,loyal,INV06326,2024-12-15,282.32,Sports
C0783,loyal,INV06327,2024-11-24,133.8,Home
C0783,loyal,INV06328,2024-10-02,47.49,Sports
C0783,loyal,INV06329,2024-11-18,289.36,Apparel
C0783,loyal,INV06330,2024-09-10,312.2,Electronics
C0783,loyal,INV06331,2024-07-08,265.13,Apparel
C0783,loyal,INV06332,2024-10-04,280.47,Home
C0783,loyal,INV06333,2024-06-30,136.59,Beauty
C0783,loyal,INV06334,2024-10-04,189.91,Sports
C0783,loyal,INV06335,2024-06-09,255.52,Sports
C0783,loyal,INV06336,2024-02-09,284.97,Beauty
C0783,loyal,INV06337,2024-09-18,156.49,Beauty
C0783,loyal,INV06338,2024-04-19,265.02,Beauty
C0783,loyal,INV06339,2024-07-12,229.55,Beauty
C0784,atrisk,INV06340,2024-05-23,211.05,Apparel
C0784,atrisk,INV06341,2024-04-30,166.7,Apparel
C0784,atrisk,INV06342,2024-04-11,168.02,Beauty
C0784,atrisk,INV06343,2024-03-09,165.1,Electronics
C0784,atrisk,INV06344,2023-12-23,166.59,Home
C0784,atrisk,INV06345,2024-01-04,144.79,Sports
C0784,atrisk,INV06346,2024-02-29,209.77,Sports
C0784,atrisk,INV06347,2023-12-21,175.08,Sports
C0784,atrisk,INV06348,2024-01-24,106.02,Beauty
C0785,potential,INV06349,2024-09-21,150.22,Home
C0785,potential,INV06350,2024-09-14,147.31,Sports
C0785,potential,INV06351,2024-07-25,160.98,Home
C0786,atrisk,INV06352,2024-03-28,133.08,Electronics
C0786,atrisk,INV06353,2024-03-11,116.01,Electronics
C0786,atrisk,INV06354,2024-02-15,149.71,Sports
C0786,atrisk,INV06355,2024-02-03,127.18,Apparel
C0786,atrisk,INV06356,2023-12-23,61.55,Beauty
C0786,atrisk,INV06357,2023-12-04,73.41,Beauty
C0786,atrisk,INV06358,2023-11-23,113.46,Home
C0786,atrisk,INV06359,2023-11-30,49.39,Home
C0786,atrisk,INV06360,2023-10-04,158.0,Electronics
C0787,atrisk,INV06361,2024-03-17,90.59,Beauty
C0787,atrisk,INV06362,2024-03-10,181.87,Beauty
C0787,atrisk,INV06363,2024-01-05,81.29,Apparel
C0787,atrisk,INV06364,2024-01-11,105.11,Home
C0787,atrisk,INV06365,2024-01-05,156.13,Electronics
C0787,atrisk,INV06366,2023-11-03,128.0,Apparel
C0787,atrisk,INV06367,2023-12-24,158.83,Home
C0788,lost,INV06368,2023-10-21,81.82,Home
C0788,lost,INV06369,2023-09-21,92.8,Beauty
C0789,potential,INV06370,2024-11-03,46.93,Sports
C0789,potential,INV06371,2024-10-21,112.15,Sports
C0789,potential,INV06372,2024-09-06,113.05,Apparel
C0789,potential,INV06373,2024-08-05,50.82,Sports
C0789,potential,INV06374,2024-07-10,118.25,Apparel
C0789,potential,INV06375,2024-06-16,83.37,Electronics
C0789,potential,INV06376,2024-06-30,74.99,Electronics
C0790,loyal,INV06377,2024-11-14,78.28,Apparel
C0790,loyal,INV06378,2024-10-08,73.71,Electronics
C0790,loyal,INV06379,2024-10-27,89.7,Sports
C0790,loyal,INV06380,2024-08-28,97.48,Sports
C0790,loyal,INV06381,2024-08-06,139.74,Home
C0790,loyal,INV06382,2024-07-12,25.71,Electronics
C0790,loyal,INV06383,2024-07-29,129.21,Sports
C0790,loyal,INV06384,2024-03-21,111.97,Electronics
C0790,loyal,INV06385,2024-03-19,105.55,Apparel
C0791,loyal,INV06386,2024-10-20,118.97,Apparel
C0791,loyal,INV06387,2024-09-26,105.4,Apparel
C0791,loyal,INV06388,2024-09-20,85.7,Sports
C0791,loyal,INV06389,2024-09-23,72.13,Sports
C0791,loyal,INV06390,2024-08-25,113.32,Apparel
C0791,loyal,INV06391,2024-08-31,121.58,Apparel
C0791,loyal,INV06392,2024-06-22,187.25,Beauty
C0791,loyal,INV06393,2024-03-10,130.24,Apparel
C0791,loyal,INV06394,2024-04-03,114.02,Apparel
C0791,loyal,INV06395,2024-08-18,112.72,Apparel
C0791,loyal,INV06396,2024-03-24,44.01,Sports
C0791,loyal,INV06397,2023-08-29,132.28,Beauty
C0792,potential,INV06398,2024-11-15,83.21,Beauty
C0792,potential,INV06399,2024-10-11,66.2,Electronics
C0792,potential,INV06400,2024-10-04,81.97,Electronics
C0792,potential,INV06401,2024-10-10,101.52,Electronics
C0792,potential,INV06402,2024-06-16,73.91,Apparel
C0792,potential,INV06403,2024-09-06,66.43,Home
C0793,potential,INV06404,2024-09-12,151.56,Apparel
C0793,potential,INV06405,2024-08-26,134.68,Beauty
C0793,potential,INV06406,2024-08-03,127.98,Electronics
C0793,potential,INV06407,2024-06-08,10.0,Beauty
C0793,potential,INV06408,2024-07-26,68.47,Beauty
C0794,loyal,INV06409,2024-11-24,294.41,Sports
C0794,loyal,INV06410,2024-10-24,211.94,Sports
C0794,loyal,INV06411,2024-09-29,188.72,Sports
C0794,loyal,INV06412,2024-10-19,198.19,Beauty
C0794,loyal,INV06413,2024-08-04,202.33,Electronics
C0794,loyal,INV06414,2024-08-01,236.82,Electronics
C0794,loyal,INV06415,2024-05-04,140.91,Home
C0794,loyal,INV06416,2024-03-31,118.07,Home
C0794,loyal,INV06417,2024-05-24,121.46,Apparel
C0794,loyal,INV06418,2024-08-08,198.2,Electronics
C0794,loyal,INV06419,2023-11-10,227.78,Electronics
C0794,loyal,INV06420,2024-02-23,190.66,Electronics
C0794,loyal,INV06421,2024-01-05,199.19,Home
C0794,loyal,INV06422,2024-06-21,56.37,Apparel
C0795,potential,INV06423,2024-11-09,18.59,Apparel
C0795,potential,INV06424,2024-10-20,62.34,Home
C0795,potential,INV06425,2024-10-02,102.8,Apparel
C0795,potential,INV06426,2024-08-14,52.53,Electronics
C0795,potential,INV06427,2024-08-21,78.57,Electronics
C0795,potential,INV06428,2024-06-27,89.54,Apparel
C0796,loyal,INV06429,2024-11-25,140.79,Apparel
C0796,loyal,INV06430,2024-10-27,91.36,Electronics
C0796,loyal,INV06431,2024-10-24,149.23,Electronics
C0796,loyal,INV06432,2024-09-02,133.43,Home
C0796,loyal,INV06433,2024-10-20,91.21,Home
C0796,loyal,INV06434,2024-07-28,163.04,Beauty
C0796,loyal,INV06435,2024-06-22,81.45,Sports
C0796,loyal,INV06436,2024-09-02,77.65,Home
C0796,loyal,INV06437,2024-08-13,50.61,Apparel
C0797,atrisk,INV06438,2024-08-12,64.63,Sports
C0797,atrisk,INV06439,2024-07-15,84.28,Apparel
C0797,atrisk,INV06440,2024-07-27,86.41,Beauty
C0797,atrisk,INV06441,2024-07-04,87.96,Home
C0797,atrisk,INV06442,2024-04-26,61.57,Electronics
C0797,atrisk,INV06443,2024-03-30,100.48,Home
C0797,atrisk,INV06444,2024-07-01,75.22,Home
C0797,atrisk,INV06445,2024-03-04,107.38,Electronics
C0798,champion,INV06446,2024-12-19,248.96,Electronics
C0798,champion,INV06447,2024-12-12,121.75,Home
C0798,champion,INV06448,2024-12-03,299.12,Sports
C0798,champion,INV06449,2024-09-17,439.65,Sports
C0798,champion,INV06450,2024-07-28,417.27,Home
C0798,champion,INV06451,2024-08-11,189.05,Beauty
C0798,champion,INV06452,2024-11-01,334.58,Apparel
C0798,champion,INV06453,2024-05-23,475.15,Sports
C0798,champion,INV06454,2024-03-22,248.3,Electronics
C0798,champion,INV06455,2024-01-21,433.22,Electronics
C0798,champion,INV06456,2024-09-10,264.83,Electronics
C0798,champion,INV06457,2024-05-13,266.58,Beauty
C0798,champion,INV06458,2024-09-26,414.09,Apparel
C0798,champion,INV06459,2023-08-13,211.07,Apparel
C0799,lost,INV06460,2023-04-09,57.41,Electronics
C0800,loyal,INV06461,2024-12-11,167.7,Beauty
C0800,loyal,INV06462,2024-11-24,157.21,Home
C0800,loyal,INV06463,2024-10-26,117.8,Home
C0800,loyal,INV06464,2024-11-11,91.08,Electronics
C0800,loyal,INV06465,2024-10-28,78.26,Home
C0800,loyal,INV06466,2024-08-13,75.35,Beauty
C0800,loyal,INV06467,2024-08-31,91.23,Beauty
C0800,loyal,INV06468,2024-06-05,160.3,Beauty
C0800,loyal,INV06469,2024-02-11,119.81,Apparel
C0800,loyal,INV06470,2024-08-16,85.59,Beauty
C0800,loyal,INV06471,2024-01-26,151.93,Home
C0801,potential,INV06472,2024-10-31,111.49,Apparel
C0801,potential,INV06473,2024-10-11,53.68,Home
C0801,potential,INV06474,2024-08-22,80.17,Apparel
C0801,potential,INV06475,2024-10-04,89.86,Sports
C0802,potential,INV06476,2024-09-20,101.43,Sports
C0802,potential,INV06477,2024-09-07,103.74,Electronics
C0802,potential,INV06478,2024-08-15,108.33,Home
C0803,lost,INV06479,2023-07-01,42.28,Apparel
C0804,loyal,INV06480,2024-11-04,162.28,Beauty
C0804,loyal,INV06481,2024-10-01,139.87,Apparel
C0804,loyal,INV06482,2024-08-26,94.49,Home
C0804,loyal,INV06483,2024-08-06,90.36,Apparel
C0804,loyal,INV06484,2024-09-29,157.4,Electronics
C0804,loyal,INV06485,2024-06-17,45.29,Electronics
C0804,loyal,INV06486,2024-07-25,172.12,Electronics
C0804,loyal,INV06487,2024-07-01,95.5,Apparel
C0804,loyal,INV06488,2024-08-16,127.36,Electronics
C0805,potential,INV06489,2024-09-19,169.28,Apparel
C0805,potential,INV06490,2024-08-20,71.5,Sports
C0805,potential,INV06491,2024-08-16,113.61,Beauty
C0805,potential,INV06492,2024-06-21,105.68,Apparel
C0806,atrisk,INV06493,2024-08-20,144.28,Beauty
C0806,atrisk,INV06494,2024-07-17,104.79,Apparel
C0806,atrisk,INV06495,2024-06-07,166.99,Home
C0806,atrisk,INV06496,2024-07-12,156.37,Home
C0806,atrisk,INV06497,2024-07-07,92.15,Sports
C0806,atrisk,INV06498,2024-06-16,190.34,Apparel
C0807,champion,INV06499,2024-12-17,427.76,Home
C0807,champion,INV06500,2024-11-10,204.95,Electronics
C0807,champion,INV06501,2024-10-14,556.48,Electronics
C0807,champion,INV06502,2024-10-03,491.93,Home
C0807,champion,INV06503,2024-09-16,474.86,Apparel
C0807,champion,INV06504,2024-07-25,365.2,Home
C0807,champion,INV06505,2024-10-06,394.45,Sports
C0807,champion,INV06506,2024-09-03,454.45,Sports
C0807,champion,INV06507,2024-05-23,450.97,Electronics
C0807,champion,INV06508,2024-10-15,386.24,Home
C0807,champion,INV06509,2024-02-21,365.68,Home
C0807,champion,INV06510,2024-08-29,338.9,Beauty
C0807,champion,INV06511,2024-05-15,353.13,Sports
C0807,champion,INV06512,2024-09-17,339.39,Electronics
C0807,champion,INV06513,2024-01-02,540.32,Beauty
C0807,champion,INV06514,2023-10-24,636.37,Electronics
C0807,champion,INV06515,2023-10-12,262.12,Apparel
C0807,champion,INV06516,2023-06-22,64.45,Home
C0807,champion,INV06517,2024-07-26,219.59,Sports
C0807,champion,INV06518,2024-05-03,305.42,Electronics
C0807,champion,INV06519,2024-02-01,508.12,Electronics
C0807,champion,INV06520,2024-04-30,405.81,Electronics
C0807,champion,INV06521,2023-10-26,294.0,Apparel
C0807,champion,INV06522,2023-07-07,513.66,Electronics
C0807,champion,INV06523,2023-08-25,476.21,Beauty
C0807,champion,INV06524,2023-05-22,483.82,Electronics
C0807,champion,INV06525,2024-04-01,368.04,Sports
C0808,potential,INV06526,2024-10-17,52.86,Beauty
C0808,potential,INV06527,2024-10-03,90.12,Home
C0808,potential,INV06528,2024-09-21,124.17,Sports
C0808,potential,INV06529,2024-09-02,89.88,Home
C0808,potential,INV06530,2024-07-05,10.0,Home
C0808,potential,INV06531,2024-04-10,62.73,Apparel
C0809,potential,INV06532,2024-11-14,127.59,Electronics
C0809,potential,INV06533,2024-10-27,173.98,Apparel
C0809,potential,INV06534,2024-09-15,59.53,Home
C0809,potential,INV06535,2024-08-10,99.98,Electronics
C0809,potential,INV06536,2024-09-03,126.76,Home
C0810,atrisk,INV06537,2024-04-05,128.59,Electronics
C0810,atrisk,INV06538,2024-03-11,213.8,Apparel
C0810,atrisk,INV06539,2024-03-04,140.07,Home
C0810,atrisk,INV06540,2024-01-27,176.07,Home
C0810,atrisk,INV06541,2023-12-31,242.97,Home
C0811,lost,INV06542,2023-07-20,39.36,Electronics
C0811,lost,INV06543,2023-06-12,55.29,Electronics
C0812,atrisk,INV06544,2024-08-19,107.07,Home
C0812,atrisk,INV06545,2024-07-14,68.99,Apparel
C0812,atrisk,INV06546,2024-07-08,133.96,Electronics
C0812,atrisk,INV06547,2024-05-18,103.95,Apparel
C0813,lost,INV06548,2023-01-11,42.58,Beauty
C0813,lost,INV06549,2022-12-07,69.01,Sports
C0813,lost,INV06550,2022-12-18,57.56,Beauty
C0814,atrisk,INV06551,2024-04-30,170.02,Apparel
C0814,atrisk,INV06552,2024-04-06,171.83,Sports
C0814,atrisk,INV06553,2024-04-10,151.62,Apparel
C0814,atrisk,INV06554,2024-01-25,126.3,Sports
C0814,atrisk,INV06555,2024-01-21,170.39,Apparel
C0814,atrisk,INV06556,2024-01-11,177.45,Sports
C0814,atrisk,INV06557,2024-03-19,95.16,Home
C0814,atrisk,INV06558,2023-08-29,120.25,Home
C0814,atrisk,INV06559,2023-09-11,239.01,Electronics
C0815,potential,INV06560,2024-09-14,33.39,Sports
C0815,potential,INV06561,2024-08-30,56.47,Home
C0815,potential,INV06562,2024-08-13,107.39,Home
C0815,potential,INV06563,2024-08-21,107.37,Sports
C0815,potential,INV06564,2024-04-19,149.39,Apparel
C0816,potential,INV06565,2024-10-12,105.65,Beauty
C0816,potential,INV06566,2024-09-18,152.92,Electronics
C0816,potential,INV06567,2024-09-02,116.45,Home
C0817,potential,INV06568,2024-09-28,74.2,Apparel
C0817,potential,INV06569,2024-08-27,97.91,Electronics
C0817,potential,INV06570,2024-07-18,96.57,Electronics
C0818,loyal,INV06571,2024-12-13,327.09,Apparel
C0818,loyal,INV06572,2024-11-25,207.68,Home
C0818,loyal,INV06573,2024-10-06,211.49,Apparel
C0818,loyal,INV06574,2024-08-27,96.24,Electronics
C0818,loyal,INV06575,2024-08-11,243.83,Home
C0818,loyal,INV06576,2024-08-15,179.08,Electronics
C0818,loyal,INV06577,2024-08-27,317.48,Apparel
C0818,loyal,INV06578,2024-06-07,242.84,Apparel
C0818,loyal,INV06579,2024-06-04,249.11,Home
C0818,loyal,INV06580,2024-06-25,150.29,Electronics
C0818,loyal,INV06581,2024-04-07,135.78,Beauty
C0818,loyal,INV06582,2023-11-02,271.77,Sports
C0819,loyal,INV06583,2024-11-13,91.29,Beauty
C0819,loyal,INV06584,2024-10-09,109.41,Sports
C0819,loyal,INV06585,2024-10-18,84.89,Home
C0819,loyal,INV06586,2024-07-19,86.77,Electronics
C0819,loyal,INV06587,2024-08-21,132.43,Apparel
C0819,loyal,INV06588,2024-08-20,123.46,Home
C0819,loyal,INV06589,2024-08-21,92.05,Home
C0819,loyal,INV06590,2024-02-14,98.81,Electronics
C0819,loyal,INV06591,2024-05-13,97.88,Sports
C0819,loyal,INV06592,2024-07-01,144.83,Sports
C0819,loyal,INV06593,2024-08-25,65.28,Apparel
C0819,loyal,INV06594,2024-02-12,132.66,Beauty
C0819,loyal,INV06595,2023-11-19,98.26,Electronics
C0819,loyal,INV06596,2024-05-28,92.84,Sports
C0820,atrisk,INV06597,2024-07-10,198.37,Home
C0820,atrisk,INV06598,2024-06-23,103.32,Home
C0820,atrisk,INV06599,2024-05-01,125.72,Sports
C0820,atrisk,INV06600,2024-06-16,53.0,Electronics
C0820,atrisk,INV06601,2024-02-13,92.04,Beauty
C0820,atrisk,INV06602,2024-01-27,96.57,Apparel
C0820,atrisk,INV06603,2023-12-19,92.34,Beauty
C0820,atrisk,INV06604,2023-12-27,148.05,Electronics
C0820,atrisk,INV06605,2023-12-31,35.74,Apparel
C0821,potential,INV06606,2024-11-02,126.46,Sports
C0821,potential,INV06607,2024-10-16,61.68,Sports
C0821,potential,INV06608,2024-09-23,111.02,Sports
C0822,atrisk,INV06609,2024-03-23,125.26,Beauty
C0822,atrisk,INV06610,2024-03-06,143.88,Home
C0822,atrisk,INV06611,2024-02-14,125.66,Electronics
C0822,atrisk,INV06612,2023-12-27,168.1,Electronics
C0822,atrisk,INV06613,2023-12-06,73.72,Beauty
C0822,atrisk,INV06614,2023-11-04,150.54,Electronics
C0822,atrisk,INV06615,2023-09-19,86.37,Electronics
C0822,atrisk,INV06616,2023-09-30,111.41,Sports
C0822,atrisk,INV06617,2023-05-16,54.78,Beauty
C0823,champion,INV06618,2024-12-28,308.4,Home
C0823,champion,INV06619,2024-11-24,371.06,Electronics
C0823,champion,INV06620,2024-11-26,186.09,Home
C0823,champion,INV06621,2024-09-26,315.09,Electronics
C0823,champion,INV06622,2024-11-10,372.59,Sports
C0823,champion,INV06623,2024-07-26,320.68,Home
C0823,champion,INV06624,2024-10-23,310.05,Electronics
C0823,champion,INV06625,2024-08-03,378.84,Sports
C0823,champion,INV06626,2024-03-15,224.96,Home
C0823,champion,INV06627,2024-07-10,244.22,Apparel
C0823,champion,INV06628,2024-07-01,222.94,Electronics
C0823,champion,INV06629,2024-08-18,294.81,Sports
C0823,champion,INV06630,2024-03-15,344.23,Home
C0823,champion,INV06631,2023-09-04,199.78,Beauty
C0823,champion,INV06632,2023-09-23,214.81,Electronics
C0823,champion,INV06633,2024-02-02,316.32,Sports
C0823,champion,INV06634,2024-03-31,96.98,Apparel
C0823,champion,INV06635,2023-04-26,176.3,Electronics
C0823,champion,INV06636,2024-07-19,349.02,Apparel
C0823,champion,INV06637,2023-08-22,437.35,Home
C0823,champion,INV06638,2023-01-08,414.09,Electronics
C0823,champion,INV06639,2023-02-04,82.27,Beauty
C0823,champion,INV06640,2022-09-14,172.24,Sports
C0823,champion,INV06641,2023-08-10,217.91,Electronics
C0824,potential,INV06642,2024-10-24,129.63,Home
C0824,potential,INV06643,2024-10-04,58.03,Electronics
C0824,potential,INV06644,2024-08-29,97.2,Home
C0824,potential,INV06645,2024-09-12,106.7,Sports
C0824,potential,INV06646,2024-08-01,46.61,Home
C0825,potential,INV06647,2024-11-02,183.13,Electronics
C0825,potential,INV06648,2024-10-22,83.38,Electronics
C0825,potential,INV06649,2024-10-09,93.67,Apparel
C0825,potential,INV06650,2024-08-07,156.7,Electronics
C0826,loyal,INV06651,2024-10-11,39.6,Home
C0826,loyal,INV06652,2024-10-03,74.21,Home
C0826,loyal,INV06653,2024-09-23,160.5,Home
C0826,loyal,INV06654,2024-07-13,115.51,Apparel
C0826,loyal,INV06655,2024-07-19,123.25,Apparel
C0826,loyal,INV06656,2024-08-07,91.75,Home
C0826,loyal,INV06657,2024-08-24,137.41,Electronics
C0826,loyal,INV06658,2024-05-10,72.21,Home
C0826,loyal,INV06659,2024-01-29,69.81,Electronics
C0827,loyal,INV06660,2024-11-04,178.74,Sports
C0827,loyal,INV06661,2024-10-16,95.97,Electronics
C0827,loyal,INV06662,2024-09-09,177.56,Beauty
C0827,loyal,INV06663,2024-08-15,175.51,Sports
C0827,loyal,INV06664,2024-10-07,283.9,Home
C0827,loyal,INV06665,2024-09-10,75.75,Home
C0827,loyal,INV06666,2024-07-07,163.03,Electronics
C0827,loyal,INV06667,2024-04-22,172.3,Sports
C0828,potential,INV06668,2024-09-05,113.77,Sports
C0828,potential,INV06669,2024-08-28,89.45,Home
C0828,potential,INV06670,2024-07-05,117.86,Home
C0828,potential,INV06671,2024-05-26,93.61,Electronics
C0828,potential,INV06672,2024-07-11,103.76,Sports
C0828,potential,INV06673,2024-07-22,117.17,Apparel
C0829,loyal,INV06674,2024-10-10,156.81,Sports
C0829,loyal,INV06675,2024-09-03,162.94,Electronics
C0829,loyal,INV06676,2024-09-14,49.59,Apparel
C0829,loyal,INV06677,2024-08-17,109.24,Electronics
C0829,loyal,INV06678,2024-05-11,128.29,Sports
C0829,loyal,INV06679,2024-05-28,167.44,Apparel
C0829,loyal,INV06680,2024-05-07,87.38,Electronics
C0829,loyal,INV06681,2024-02-29,77.71,Sports
C0829,loyal,INV06682,2024-04-09,163.33,Home
C0829,loyal,INV06683,2023-12-09,108.81,Apparel
C0829,loyal,INV06684,2023-10-26,111.33,Electronics
C0830,potential,INV06685,2024-11-12,60.46,Home
C0830,potential,INV06686,2024-10-18,103.81,Electronics
C0830,potential,INV06687,2024-09-09,87.17,Home
C0830,potential,INV06688,2024-08-14,74.8,Sports
C0830,potential,INV06689,2024-08-04,110.42,Home
C0830,potential,INV06690,2024-05-11,92.4,Electronics
C0830,potential,INV06691,2024-06-15,107.96,Electronics
C0831,lost,INV06692,2023-11-27,50.59,Sports
C0831,lost,INV06693,2023-10-29,79.41,Electronics
C0831,lost,INV06694,2023-09-12,90.77,Home
C0832,champion,INV06695,2024-12-07,342.17,Beauty
C0832,champion,INV06696,2024-11-03,279.45,Electronics
C0832,champion,INV06697,2024-11-15,301.05,Electronics
C0832,champion,INV06698,2024-10-11,407.29,Beauty
C0832,champion,INV06699,2024-09-06,288.79,Sports
C0832,champion,INV06700,2024-05-26,482.03,Beauty
C0832,champion,INV06701,2024-04-17,261.53,Electronics
C0832,champion,INV06702,2024-08-17,199.51,Electronics
C0832,champion,INV06703,2024-02-15,346.17,Sports
C0832,champion,INV06704,2024-06-28,286.12,Electronics
C0832,champion,INV06705,2024-08-09,368.43,Beauty
C0832,champion,INV06706,2024-05-01,391.1,Sports
C0832,champion,INV06707,2024-07-16,241.12,Sports
C0832,champion,INV06708,2024-06-21,254.99,Electronics
C0832,champion,INV06709,2023-12-23,129.8,Sports
C0832,champion,INV06710,2023-07-01,243.02,Electronics
C0832,champion,INV06711,2023-11-19,400.67,Electronics
C0833,champion,INV06712,2024-12-24,252.34,Beauty
C0833,champion,INV06713,2024-11-30,118.11,Electronics
C0833,champion,INV06714,2024-10-23,318.53,Apparel
C0833,champion,INV06715,2024-09-13,596.63,Beauty
C0833,champion,INV06716,2024-08-26,373.15,Apparel
C0833,champion,INV06717,2024-10-30,251.74,Electronics
C0833,champion,INV06718,2024-07-09,382.97,Sports
C0833,champion,INV06719,2024-06-25,114.8,Electronics
C0833,champion,INV06720,2024-06-15,343.84,Apparel
C0833,champion,INV06721,2024-03-20,425.36,Apparel
C0833,champion,INV06722,2024-08-26,273.0,Home
C0833,champion,INV06723,2024-01-18,390.77,Electronics
C0833,champion,INV06724,2024-01-11,517.84,Sports
C0833,champion,INV06725,2024-08-16,476.18,Beauty
C0833,champion,INV06726,2023-12-12,255.81,Apparel
C0834,lost,INV06727,2023-05-13,48.22,Electronics
C0835,loyal,INV06728,2024-12-15,147.66,Electronics
C0835,loyal,INV06729,2024-12-05,149.89,Apparel
C0835,loyal,INV06730,2024-09-28,225.66,Apparel
C0835,loyal,INV06731,2024-09-19,196.54,Apparel
C0835,loyal,INV06732,2024-09-10,147.93,Electronics
C0835,loyal,INV06733,2024-07-23,178.19,Apparel
C0835,loyal,INV06734,2024-05-07,74.57,Sports
C0835,loyal,INV06735,2024-06-02,108.99,Beauty
C0835,loyal,INV06736,2024-06-22,140.47,Electronics
C0835,loyal,INV06737,2024-08-11,96.94,Electronics
C0835,loyal,INV06738,2024-09-06,214.61,Sports
C0836,atrisk,INV06739,2024-05-01,128.11,Apparel
C0836,atrisk,INV06740,2024-04-03,81.35,Home
C0836,atrisk,INV06741,2024-03-26,176.19,Sports
C0836,atrisk,INV06742,2024-02-16,104.49,Apparel
C0836,atrisk,INV06743,2024-02-27,138.74,Beauty
C0837,lost,INV06744,2023-01-09,35.06,Beauty
C0837,lost,INV06745,2022-12-01,61.66,Electronics
C0838,lost,INV06746,2023-09-04,80.0,Electronics
C0839,potential,INV06747,2024-11-09,79.58,Apparel
C0839,potential,INV06748,2024-10-05,145.03,Home
C0839,potential,INV06749,2024-08-31,78.53,Home
C0839,potential,INV06750,2024-08-23,154.25,Home
C0840,loyal,INV06751,2024-12-13,151.52,Beauty
C0840,loyal,INV06752,2024-11-09,143.44,Beauty
C0840,loyal,INV06753,2024-10-08,225.49,Home
C0840,loyal,INV06754,2024-09-29,160.57,Electronics
C0840,loyal,INV06755,2024-07-10,200.76,Apparel
C0840,loyal,INV06756,2024-06-06,199.95,Beauty
C0840,loyal,INV06757,2024-10-26,139.4,Apparel
C0840,loyal,INV06758,2024-07-05,163.27,Home
C0840,loyal,INV06759,2024-07-14,236.26,Apparel
C0840,loyal,INV06760,2024-04-14,290.93,Beauty
C0840,loyal,INV06761,2024-02-07,218.51,Apparel
C0840,loyal,INV06762,2024-08-03,157.72,Beauty
C0841,lost,INV06763,2023-03-15,83.78,Apparel
C0842,potential,INV06764,2024-09-08,125.22,Electronics
C0842,potential,INV06765,2024-08-28,89.7,Electronics
C0842,potential,INV06766,2024-06-28,125.51,Home
C0842,potential,INV06767,2024-07-25,66.08,Apparel
C0842,potential,INV06768,2024-05-27,143.57,Electronics
C0842,potential,INV06769,2024-02-26,95.39,Sports
C0842,potential,INV06770,2024-03-24,133.37,Apparel
C0843,potential,INV06771,2024-11-08,65.23,Beauty
C0843,potential,INV06772,2024-09-30,79.4,Apparel
C0843,potential,INV06773,2024-09-21,40.81,Sports
C0843,potential,INV06774,2024-07-26,44.58,Apparel
C0843,potential,INV06775,2024-07-19,69.6,Home
C0844,loyal,INV06776,2024-10-15,152.9,Sports
C0844,loyal,INV06777,2024-09-13,213.68,Home
C0844,loyal,INV06778,2024-09-11,144.82,Apparel
C0844,loyal,INV06779,2024-07-08,171.73,Home
C0844,loyal,INV06780,2024-08-16,115.85,Electronics
C0844,loyal,INV06781,2024-05-23,237.74,Sports
C0845,loyal,INV06782,2024-11-03,53.02,Sports
C0845,loyal,INV06783,2024-10-14,139.54,Electronics
C0845,loyal,INV06784,2024-09-02,63.41,Home
C0845,loyal,INV06785,2024-09-16,176.72,Electronics
C0845,loyal,INV06786,2024-08-11,103.96,Sports
C0845,loyal,INV06787,2024-07-01,187.93,Beauty
C0845,loyal,INV06788,2024-07-24,139.24,Apparel
C0845,loyal,INV06789,2024-05-19,123.86,Apparel
C0845,loyal,INV06790,2024-06-12,85.29,Electronics
C0845,loyal,INV06791,2024-08-23,103.78,Apparel
C0846,atrisk,INV06792,2024-06-29,200.44,Home
C0846,atrisk,INV06793,2024-05-21,184.35,Home
C0846,atrisk,INV06794,2024-05-10,142.47,Sports
C0846,atrisk,INV06795,2024-05-30,194.0,Home
C0846,atrisk,INV06796,2024-02-10,140.93,Home
C0846,atrisk,INV06797,2024-03-16,178.62,Beauty
C0847,atrisk,INV06798,2024-03-10,204.05,Home
C0847,atrisk,INV06799,2024-02-12,99.61,Sports
C0847,atrisk,INV06800,2024-01-26,191.96,Electronics
C0847,atrisk,INV06801,2024-02-03,157.83,Beauty
C0847,atrisk,INV06802,2024-01-30,96.29,Home
C0847,atrisk,INV06803,2023-12-06,174.26,Sports
C0848,lost,INV06804,2023-01-05,51.45,Electronics
C0849,potential,INV06805,2024-09-30,111.49,Home
C0849,potential,INV06806,2024-08-24,107.24,Beauty
C0849,potential,INV06807,2024-07-24,80.91,Home
C0849,potential,INV06808,2024-07-11,97.87,Apparel
C0849,potential,INV06809,2024-05-13,123.91,Sports
C0849,potential,INV06810,2024-04-03,52.87,Home
C0849,potential,INV06811,2024-02-27,103.67,Electronics
C0850,potential,INV06812,2024-10-12,110.13,Home
C0850,potential,INV06813,2024-09-27,35.64,Apparel
C0850,potential,INV06814,2024-09-18,87.51,Beauty
C0850,potential,INV06815,2024-08-28,56.49,Apparel
C0850,potential,INV06816,2024-09-06,47.45,Sports
C0851,lost,INV06817,2023-04-24,55.44,Electronics
C0851,lost,INV06818,2023-04-07,45.62,Beauty
C0851,lost,INV06819,2023-02-09,87.33,Beauty
C0852,loyal,INV06820,2024-11-26,239.2,Home
C0852,loyal,INV06821,2024-10-22,272.47,Beauty
C0852,loyal,INV06822,2024-11-04,234.44,Electronics
C0852,loyal,INV06823,2024-08-01,221.01,Home
C0852,loyal,INV06824,2024-08-18,168.15,Home
C0852,loyal,INV06825,2024-10-22,170.34,Apparel
C0852,loyal,INV06826,2024-10-09,315.05,Apparel
C0852,loyal,INV06827,2024-04-09,212.36,Home
C0853,loyal,INV06828,2024-10-31,145.39,Apparel
C0853,loyal,INV06829,2024-10-13,98.86,Electronics
C0853,loyal,INV06830,2024-09-17,114.16,Home
C0853,loyal,INV06831,2024-09-25,101.15,Sports
C0853,loyal,INV06832,2024-08-08,109.76,Apparel
C0853,loyal,INV06833,2024-04-29,157.64,Apparel
C0853,loyal,INV06834,2024-03-29,130.71,Sports
C0853,loyal,INV06835,2024-07-18,104.96,Beauty
C0853,loyal,INV06836,2024-02-26,148.35,Sports
C0853,loyal,INV06837,2024-05-04,155.75,Electronics
C0854,champion,INV06838,2024-12-04,174.65,Electronics
C0854,champion,INV06839,2024-11-18,213.42,Apparel
C0854,champion,INV06840,2024-10-19,275.74,Electronics
C0854,champion,INV06841,2024-10-29,232.17,Electronics
C0854,champion,INV06842,2024-08-22,373.97,Apparel
C0854,champion,INV06843,2024-07-22,282.55,Electronics
C0854,champion,INV06844,2024-07-13,228.99,Apparel
C0854,champion,INV06845,2024-07-10,249.1,Beauty
C0854,champion,INV06846,2024-01-27,247.4,Electronics
C0854,champion,INV06847,2024-07-13,306.32,Beauty
C0854,champion,INV06848,2024-05-28,381.6,Apparel
C0854,champion,INV06849,2023-11-04,313.5,Electronics
C0854,champion,INV06850,2024-07-25,169.76,Home
C0854,champion,INV06851,2024-04-01,376.76,Beauty
C0855,champion,INV06852,2024-12-08,217.78,Apparel
C0855,champion,INV06853,2024-11-16,155.45,Home
C0855,champion,INV06854,2024-10-31,182.98,Home
C0855,champion,INV06855,2024-09-30,238.79,Electronics
C0855,champion,INV06856,2024-10-05,286.62,Electronics
C0855,champion,INV06857,2024-08-10,66.91,Home
C0855,champion,INV06858,2024-06-17,278.94,Sports
C0855,champion,INV06859,2024-03-31,221.85,Apparel
C0855,champion,INV06860,2024-05-22,378.1,Sports
C0855,champion,INV06861,2024-08-04,265.11,Apparel
C0855,champion,INV06862,2024-07-11,252.47,Home
C0855,champion,INV06863,2024-04-21,102.33,Home
C0855,champion,INV06864,2024-03-31,261.91,Electronics
C0855,champion,INV06865,2024-03-23,219.03,Electronics
C0855,champion,INV06866,2024-02-04,120.27,Home
C0855,champion,INV06867,2023-05-03,228.13,Sports
C0855,champion,INV06868,2023-08-16,261.56,Electronics
C0855,champion,INV06869,2024-07-08,206.95,Sports
C0855,champion,INV06870,2024-04-18,266.67,Beauty
C0855,champion,INV06871,2023-03-03,96.89,Apparel
C0855,champion,INV06872,2024-03-03,190.86,Beauty
C0855,champion,INV06873,2023-12-17,186.09,Home
C0856,potential,INV06874,2024-09-15,71.73,Home
C0856,potential,INV06875,2024-08-26,121.48,Home
C0856,potential,INV06876,2024-08-20,79.23,Beauty
C0856,potential,INV06877,2024-05-24,66.03,Electronics
C0856,potential,INV06878,2024-04-28,115.23,Beauty
C0856,potential,INV06879,2024-03-09,108.34,Home
C0856,potential,INV06880,2024-06-29,83.61,Sports
C0857,lost,INV06881,2023-06-16,39.7,Electronics
C0858,potential,INV06882,2024-09-06,105.15,Home
C0858,potential,INV06883,2024-08-20,115.37,Beauty
C0858,potential,INV06884,2024-08-21,102.91,Home
C0858,potential,INV06885,2024-08-07,87.95,Sports
C0858,potential,INV06886,2024-05-05,147.98,Beauty
C0858,potential,INV06887,2024-04-14,157.47,Electronics
C0858,potential,INV06888,2024-03-04,144.27,Home
C0859,potential,INV06889,2024-09-25,107.89,Sports
C0859,potential,INV06890,2024-09-10,91.96,Sports
C0859,potential,INV06891,2024-09-03,92.65,Electronics
C0859,potential,INV06892,2024-07-15,76.52,Beauty
C0859,potential,INV06893,2024-08-16,70.42,Apparel
C0859,potential,INV06894,2024-07-17,78.74,Home
C0860,atrisk,INV06895,2024-08-18,176.5,Apparel
C0860,atrisk,INV06896,2024-07-30,149.15,Beauty
C0860,atrisk,INV06897,2024-06-05,127.04,Beauty
C0860,atrisk,INV06898,2024-05-17,165.91,Electronics
C0861,potential,INV06899,2024-11-08,102.87,Home
C0861,potential,INV06900,2024-10-05,131.57,Apparel
C0861,potential,INV06901,2024-09-21,119.84,Beauty
C0861,potential,INV06902,2024-10-18,127.07,Home
C0861,potential,INV06903,2024-09-13,74.84,Electronics
C0861,potential,INV06904,2024-07-01,111.67,Electronics
C0862,lost,INV06905,2023-06-21,63.65,Home
C0862,lost,INV06906,2023-05-23,52.69,Electronics
C0862,lost,INV06907,2023-05-08,59.14,Apparel
C0863,loyal,INV06908,2024-10-16,199.39,Sports
C0863,loyal,INV06909,2024-09-11,212.2,Beauty
C0863,loyal,INV06910,2024-08-01,130.31,Home
C0863,loyal,INV06911,2024-07-24,237.78,Beauty
C0863,loyal,INV06912,2024-08-05,248.97,Apparel
C0863,loyal,INV06913,2024-05-29,145.52,Electronics
C0863,loyal,INV06914,2024-05-07,170.62,Sports
C0864,loyal,INV06915,2024-10-23,85.08,Home
C0864,loyal,INV06916,2024-10-02,104.79,Apparel
C0864,loyal,INV06917,2024-09-05,144.78,Electronics
C0864,loyal,INV06918,2024-09-14,114.56,Apparel
C0864,loyal,INV06919,2024-08-16,171.96,Electronics
C0864,loyal,INV06920,2024-08-04,133.06,Apparel
C0864,loyal,INV06921,2024-03-15,106.09,Electronics
C0864,loyal,INV06922,2024-08-07,142.04,Sports
C0864,loyal,INV06923,2024-06-01,178.75,Home
C0864,loyal,INV06924,2024-08-12,231.11,Apparel
C0865,potential,INV06925,2024-09-16,69.99,Electronics
C0865,potential,INV06926,2024-08-23,84.58,Apparel
C0865,potential,INV06927,2024-06-30,81.83,Sports
C0866,potential,INV06928,2024-11-14,97.31,Home
C0866,potential,INV06929,2024-10-24,62.37,Home
C0866,potential,INV06930,2024-09-23,103.72,Sports
C0866,potential,INV06931,2024-10-09,55.17,Sports
C0867,lost,INV06932,2023-03-16,67.63,Home
C0867,lost,INV06933,2023-03-05,66.63,Electronics
C0868,atrisk,INV06934,2024-03-15,130.27,Electronics
C0868,atrisk,INV06935,2024-03-06,128.67,Home
C0868,atrisk,INV06936,2024-02-28,98.62,Home
C0868,atrisk,INV06937,2023-11-25,71.35,Electronics
C0868,atrisk,INV06938,2023-11-16,118.96,Home
C0869,atrisk,INV06939,2024-04-08,165.73,Electronics
C0869,atrisk,INV06940,2024-03-17,197.61,Sports
C0869,atrisk,INV06941,2024-01-21,141.17,Beauty
C0869,atrisk,INV06942,2024-03-06,72.35,Sports
C0870,loyal,INV06943,2024-10-14,153.29,Apparel
C0870,loyal,INV06944,2024-09-13,187.64,Beauty
C0870,loyal,INV06945,2024-08-07,65.06,Electronics
C0870,loyal,INV06946,2024-07-19,108.25,Electronics
C0870,loyal,INV06947,2024-07-06,171.82,Apparel
C0870,loyal,INV06948,2024-04-27,85.14,Home
C0870,loyal,INV06949,2024-03-12,160.06,Sports
C0870,loyal,INV06950,2024-02-12,123.75,Electronics
C0870,loyal,INV06951,2024-03-28,138.54,Electronics
C0870,loyal,INV06952,2023-11-16,179.87,Home
C0870,loyal,INV06953,2024-06-16,137.14,Beauty
C0870,loyal,INV06954,2024-06-15,136.33,Home
C0870,loyal,INV06955,2023-08-09,157.95,Apparel
C0870,loyal,INV06956,2023-05-26,140.44,Beauty
C0871,champion,INV06957,2024-12-19,407.22,Apparel
C0871,champion,INV06958,2024-12-03,289.82,Apparel
C0871,champion,INV06959,2024-10-24,437.93,Apparel
C0871,champion,INV06960,2024-10-26,397.78,Home
C0871,champion,INV06961,2024-08-13,359.25,Apparel
C0871,champion,INV06962,2024-09-20,416.93,Sports
C0871,champion,INV06963,2024-06-22,427.71,Electronics
C0871,champion,INV06964,2024-10-03,505.12,Electronics
C0871,champion,INV06965,2024-07-04,359.6,Home
C0871,champion,INV06966,2024-10-17,342.97,Apparel
C0871,champion,INV06967,2024-05-13,332.88,Apparel
C0871,champion,INV06968,2024-04-21,117.34,Home
C0871,champion,INV06969,2024-01-30,182.14,Home
C0871,champion,INV06970,2023-11-12,375.38,Electronics
C0871,champion,INV06971,2024-08-29,191.98,Beauty
C0871,champion,INV06972,2024-05-08,462.78,Electronics
C0871,champion,INV06973,2023-08-27,363.05,Apparel
C0871,champion,INV06974,2024-08-05,468.24,Apparel
C0871,champion,INV06975,2024-06-04,364.67,Electronics
C0871,champion,INV06976,2024-03-28,456.92,Apparel
C0871,champion,INV06977,2023-04-09,281.55,Home
C0871,champion,INV06978,2024-07-04,530.19,Home
C0871,champion,INV06979,2024-06-26,425.95,Home
C0871,champion,INV06980,2024-02-24,222.97,Home
C0871,champion,INV06981,2022-11-12,235.76,Home
C0871,champion,INV06982,2022-05-14,563.95,Apparel
C0871,champion,INV06983,2022-05-02,466.69,Home
C0871,champion,INV06984,2022-09-04,520.58,Beauty
C0871,champion,INV06985,2022-06-09,510.78,Beauty
C0872,potential,INV06986,2024-10-20,95.61,Beauty
C0872,potential,INV06987,2024-09-25,62.29,Home
C0872,potential,INV06988,2024-09-16,42.23,Electronics
C0872,potential,INV06989,2024-08-06,62.07,Sports
C0872,potential,INV06990,2024-06-14,64.6,Apparel
C0873,loyal,INV06991,2024-10-12,158.68,Home
C0873,loyal,INV06992,2024-10-03,129.13,Sports
C0873,loyal,INV06993,2024-08-11,169.26,Electronics
C0873,loyal,INV06994,2024-09-12,128.99,Home
C0873,loyal,INV06995,2024-05-21,118.24,Home
C0873,loyal,INV06996,2024-08-13,79.44,Home
C0873,loyal,INV06997,2024-07-26,138.74,Apparel
C0874,loyal,INV06998,2024-10-03,207.19,Home
C0874,loyal,INV06999,2024-09-17,155.19,Home
C0874,loyal,INV07000,2024-08-02,303.91,Home
C0874,loyal,INV07001,2024-06-20,161.94,Beauty
C0874,loyal,INV07002,2024-04-30,277.34,Home
C0874,loyal,INV07003,2024-08-14,253.3,Home
C0874,loyal,INV07004,2024-08-10,234.62,Apparel
C0874,loyal,INV07005,2024-04-04,178.12,Apparel
C0874,loyal,INV07006,2024-04-26,136.87,Electronics
C0874,loyal,INV07007,2024-05-30,200.26,Beauty
C0874,loyal,INV07008,2023-12-28,172.91,Electronics
C0874,loyal,INV07009,2024-05-13,113.14,Apparel
C0874,loyal,INV07010,2023-12-08,277.32,Apparel
C0874,loyal,INV07011,2024-07-04,155.12,Sports
C0875,champion,INV07012,2024-12-22,484.07,Home
C0875,champion,INV07013,2024-11-24,450.85,Home
C0875,champion,INV07014,2024-11-22,432.57,Beauty
C0875,champion,INV07015,2024-08-30,475.08,Electronics
C0875,champion,INV07016,2024-09-09,406.68,Sports
C0875,champion,INV07017,2024-08-14,270.32,Electronics
C0875,champion,INV07018,2024-11-04,383.37,Beauty
C0875,champion,INV07019,2024-10-13,534.77,Apparel
C0875,champion,INV07020,2024-07-07,545.88,Electronics
C0875,champion,INV07021,2024-01-06,327.53,Sports
C0875,champion,INV07022,2024-09-13,314.89,Apparel
C0875,champion,INV07023,2024-03-11,443.45,Electronics
C0875,champion,INV07024,2024-04-14,365.32,Home
C0875,champion,INV07025,2024-09-09,299.09,Sports
C0875,champion,INV07026,2023-11-26,463.62,Sports
C0875,champion,INV07027,2024-04-11,563.1,Home
C0875,champion,INV07028,2024-02-22,529.75,Apparel
C0875,champion,INV07029,2023-12-31,221.0,Sports
C0875,champion,INV07030,2024-04-14,324.6,Electronics
C0875,champion,INV07031,2024-02-03,370.67,Electronics
C0875,champion,INV07032,2024-06-05,402.92,Electronics
C0875,champion,INV07033,2024-06-16,474.28,Beauty
C0875,champion,INV07034,2022-08-17,560.31,Beauty
C0875,champion,INV07035,2022-07-09,459.04,Beauty
C0875,champion,INV07036,2022-05-31,257.89,Electronics
C0876,loyal,INV07037,2024-11-28,101.06,Beauty
C0876,loyal,INV07038,2024-11-04,34.15,Home
C0876,loyal,INV07039,2024-10-23,23.99,Electronics
C0876,loyal,INV07040,2024-08-12,117.85,Electronics
C0876,loyal,INV07041,2024-06-25,107.5,Home
C0876,loyal,INV07042,2024-08-30,158.94,Home
C0876,loyal,INV07043,2024-10-05,199.08,Home
C0877,atrisk,INV07044,2024-03-29,84.17,Sports
C0877,atrisk,INV07045,2024-03-11,84.6,Apparel
C0877,atrisk,INV07046,2024-02-28,124.31,Sports
C0877,atrisk,INV07047,2024-01-23,55.49,Electronics
C0877,atrisk,INV07048,2024-01-09,57.86,Home
C0877,atrisk,INV07049,2023-12-10,77.69,Beauty
C0877,atrisk,INV07050,2023-10-25,82.83,Home
C0877,atrisk,INV07051,2023-12-29,96.35,Electronics
C0878,lost,INV07052,2023-04-18,91.97,Home
C0879,lost,INV07053,2024-02-05,121.66,Apparel
C0879,lost,INV07054,2024-01-18,88.59,Apparel
C0879,lost,INV07055,2023-12-03,83.5,Apparel
C0880,loyal,INV07056,2024-12-15,142.01,Electronics
C0880,loyal,INV07057,2024-11-30,147.46,Beauty
C0880,loyal,INV07058,2024-10-04,260.86,Sports
C0880,loyal,INV07059,2024-10-28,171.6,Apparel
C0880,loyal,INV07060,2024-07-28,246.57,Beauty
C0880,loyal,INV07061,2024-06-13,237.9,Electronics
C0880,loyal,INV07062,2024-09-28,258.95,Sports
C0880,loyal,INV07063,2024-07-28,134.97,Sports
C0880,loyal,INV07064,2024-03-26,200.67,Home
C0881,loyal,INV07065,2024-11-13,229.75,Beauty
C0881,loyal,INV07066,2024-10-21,179.51,Electronics
C0881,loyal,INV07067,2024-09-06,182.74,Electronics
C0881,loyal,INV07068,2024-07-19,145.64,Apparel
C0881,loyal,INV07069,2024-06-30,165.97,Beauty
C0881,loyal,INV07070,2024-05-27,267.12,Beauty
C0881,loyal,INV07071,2024-09-14,118.38,Apparel
C0881,loyal,INV07072,2024-09-04,68.68,Electronics
C0881,loyal,INV07073,2024-08-25,240.63,Sports
C0881,loyal,INV07074,2024-08-06,48.99,Apparel
C0882,lost,INV07075,2023-03-27,99.72,Electronics
C0882,lost,INV07076,2023-03-18,46.88,Sports
C0883,lost,INV07077,2023-04-19,50.41,Electronics
C0884,loyal,INV07078,2024-10-13,153.68,Electronics
C0884,loyal,INV07079,2024-10-03,225.34,Electronics
C0884,loyal,INV07080,2024-08-20,157.02,Home
C0884,loyal,INV07081,2024-09-19,155.56,Electronics
C0884,loyal,INV07082,2024-05-18,108.41,Home
C0884,loyal,INV07083,2024-05-06,193.72,Apparel
C0884,loyal,INV07084,2024-06-15,125.54,Electronics
C0884,loyal,INV07085,2024-02-25,179.61,Sports
C0884,loyal,INV07086,2024-08-18,188.22,Electronics
C0885,loyal,INV07087,2024-12-09,195.62,Beauty
C0885,loyal,INV07088,2024-11-16,236.76,Home
C0885,loyal,INV07089,2024-11-17,140.25,Beauty
C0885,loyal,INV07090,2024-11-06,249.37,Electronics
C0885,loyal,INV07091,2024-11-11,177.25,Home
C0885,loyal,INV07092,2024-08-21,258.97,Home
C0885,loyal,INV07093,2024-05-07,145.65,Home
C0885,loyal,INV07094,2024-09-30,158.53,Beauty
C0885,loyal,INV07095,2024-05-07,180.45,Sports
C0885,loyal,INV07096,2024-02-25,111.8,Beauty
C0885,loyal,INV07097,2024-09-10,112.57,Apparel
C0885,loyal,INV07098,2024-09-12,147.49,Electronics
C0886,potential,INV07099,2024-09-19,100.33,Home
C0886,potential,INV07100,2024-08-30,93.52,Sports
C0886,potential,INV07101,2024-07-27,61.31,Apparel
C0886,potential,INV07102,2024-06-21,94.11,Electronics
C0886,potential,INV07103,2024-05-10,112.31,Beauty
C0887,champion,INV07104,2024-12-30,201.87,Home
C0887,champion,INV07105,2024-12-03,238.34,Electronics
C0887,champion,INV07106,2024-12-14,279.95,Sports
C0887,champion,INV07107,2024-09-28,262.71,Electronics
C0887,champion,INV07108,2024-09-25,295.44,Electronics
C0887,champion,INV07109,2024-10-11,225.69,Home
C0887,champion,INV07110,2024-09-07,351.42,Electronics
C0887,champion,INV07111,2024-10-14,300.28,Sports
C0887,champion,INV07112,2024-03-01,261.03,Home
C0887,champion,INV07113,2024-10-10,107.9,Electronics
C0887,champion,INV07114,2024-10-21,148.38,Sports
C0887,champion,INV07115,2024-10-03,266.88,Electronics
C0887,champion,INV07116,2024-05-04,98.38,Beauty
C0888,loyal,INV07117,2024-11-17,162.79,Apparel
C0888,loyal,INV07118,2024-10-20,243.63,Home
C0888,loyal,INV07119,2024-10-14,116.53,Home
C0888,loyal,INV07120,2024-08-07,190.47,Electronics
C0888,loyal,INV07121,2024-06-26,291.76,Sports
C0888,loyal,INV07122,2024-08-24,240.71,Home
C0888,loyal,INV07123,2024-07-08,244.67,Sports
C0888,loyal,INV07124,2024-03-17,205.01,Beauty
C0888,loyal,INV07125,2024-04-23,162.07,Apparel
C0888,loyal,INV07126,2024-03-28,100.28,Home
C0889,potential,INV07127,2024-11-29,39.44,Sports
C0889,potential,INV07128,2024-10-22,69.62,Apparel
C0889,potential,INV07129,2024-09-12,56.21,Apparel
C0889,potential,INV07130,2024-11-02,51.68,Electronics
C0890,lost,INV07131,2024-01-08,33.93,Electronics
C0891,champion,INV07132,2024-12-05,302.62,Apparel
C0891,champion,INV07133,2024-11-20,214.15,Apparel
C0891,champion,INV07134,2024-10-08,184.3,Home
C0891,champion,INV07135,2024-09-15,187.54,Home
C0891,champion,INV07136,2024-07-30,161.28,Apparel
C0891,champion,INV07137,2024-06-13,176.27,Electronics
C0891,champion,INV07138,2024-06-02,398.84,Home
C0891,champion,INV07139,2024-03-14,328.31,Apparel
C0891,champion,INV07140,2024-09-24,316.84,Electronics
C0891,champion,INV07141,2024-08-01,229.83,Apparel
C0891,champion,INV07142,2024-06-28,391.42,Electronics
C0891,champion,INV07143,2024-04-07,196.0,Home
C0891,champion,INV07144,2024-04-09,135.23,Sports
C0891,champion,INV07145,2024-07-28,192.85,Beauty
C0891,champion,INV07146,2024-04-11,305.81,Beauty
C0891,champion,INV07147,2024-03-25,98.01,Apparel
C0891,champion,INV07148,2023-05-09,281.32,Sports
C0892,atrisk,INV07149,2024-03-29,70.2,Home
C0892,atrisk,INV07150,2024-03-01,114.86,Sports
C0892,atrisk,INV07151,2024-02-08,57.35,Electronics
C0892,atrisk,INV07152,2024-01-26,63.01,Apparel
C0892,atrisk,INV07153,2024-01-09,109.56,Apparel
C0892,atrisk,INV07154,2024-02-18,87.74,Beauty
C0892,atrisk,INV07155,2023-11-18,83.88,Home
C0892,atrisk,INV07156,2024-02-09,43.64,Electronics
C0892,atrisk,INV07157,2023-08-26,139.17,Beauty
C0893,potential,INV07158,2024-10-25,55.8,Apparel
C0893,potential,INV07159,2024-09-24,46.25,Electronics
C0893,potential,INV07160,2024-08-20,74.47,Apparel
C0893,potential,INV07161,2024-08-26,53.04,Electronics
C0893,potential,INV07162,2024-08-06,52.27,Electronics
C0894,atrisk,INV07163,2024-05-23,49.83,Home
C0894,atrisk,INV07164,2024-05-13,40.53,Electronics
C0894,atrisk,INV07165,2024-04-13,83.41,Home
C0894,atrisk,INV07166,2024-03-27,68.52,Electronics
C0894,atrisk,INV07167,2024-01-16,87.47,Beauty
C0894,atrisk,INV07168,2023-11-30,56.21,Home
C0894,atrisk,INV07169,2024-02-17,38.85,Beauty
C0894,atrisk,INV07170,2024-02-01,60.55,Sports
C0894,atrisk,INV07171,2023-07-16,63.03,Electronics
C0895,potential,INV07172,2024-10-14,107.01,Sports
C0895,potential,INV07173,2024-09-28,70.45,Beauty
C0895,potential,INV07174,2024-08-21,60.76,Home
C0896,potential,INV07175,2024-11-12,142.74,Apparel
C0896,potential,INV07176,2024-10-26,122.33,Sports
C0896,potential,INV07177,2024-10-17,134.11,Apparel
C0896,potential,INV07178,2024-08-23,97.37,Home
C0896,potential,INV07179,2024-09-01,85.66,Beauty
C0897,champion,INV07180,2024-12-06,278.95,Sports
C0897,champion,INV07181,2024-11-24,231.17,Home
C0897,champion,INV07182,2024-10-25,233.62,Beauty
C0897,champion,INV07183,2024-09-01,339.52,Home
C0897,champion,INV07184,2024-08-12,103.7,Apparel
C0897,champion,INV07185,2024-06-24,355.53,Sports
C0897,champion,INV07186,2024-09-01,208.19,Sports
C0897,champion,INV07187,2024-05-31,153.7,Electronics
C0897,champion,INV07188,2024-04-18,143.15,Home
C0897,champion,INV07189,2024-05-31,293.11,Home
C0897,champion,INV07190,2024-05-10,228.27,Home
C0897,champion,INV07191,2023-11-28,201.55,Apparel
C0897,champion,INV07192,2024-06-09,196.97,Home
C0897,champion,INV07193,2023-07-31,206.9,Home
C0897,champion,INV07194,2024-01-19,244.49,Apparel
C0897,champion,INV07195,2024-05-10,305.95,Beauty
C0897,champion,INV07196,2024-07-15,204.77,Beauty
C0897,champion,INV07197,2023-02-12,258.44,Electronics
C0897,champion,INV07198,2023-09-13,266.59,Electronics
C0897,champion,INV07199,2023-06-04,254.01,Home
C0897,champion,INV07200,2024-04-10,183.97,Electronics
C0897,champion,INV07201,2023-11-03,297.21,Electronics
C0898,atrisk,INV07202,2024-07-03,115.01,Sports
C0898,atrisk,INV07203,2024-06-06,94.76,Home
C0898,atrisk,INV07204,2024-05-14,42.79,Home
C0898,atrisk,INV07205,2024-04-28,78.52,Home
C0898,atrisk,INV07206,2024-02-06,162.81,Home
C0898,atrisk,INV07207,2024-01-25,34.69,Home
C0898,atrisk,INV07208,2024-05-04,92.33,Home
C0899,lost,INV07209,2023-01-29,48.83,Electronics
C0900,lost,INV07210,2023-09-25,78.07,Home
C0901,potential,INV07211,2024-09-27,59.65,Home
C0901,potential,INV07212,2024-08-23,120.44,Electronics
C0901,potential,INV07213,2024-07-27,70.83,Apparel
C0901,potential,INV07214,2024-07-23,31.11,Sports
C0901,potential,INV07215,2024-07-21,91.43,Sports
C0901,potential,INV07216,2024-07-04,82.47,Apparel
C0902,atrisk,INV07217,2024-05-11,161.64,Electronics
C0902,atrisk,INV07218,2024-04-07,227.71,Apparel
C0902,atrisk,INV07219,2024-04-09,188.04,Home
C0902,atrisk,INV07220,2024-01-15,180.83,Home
C0902,atrisk,INV07221,2023-12-11,264.9,Electronics
C0902,atrisk,INV07222,2023-11-18,113.97,Beauty
C0902,atrisk,INV07223,2023-12-07,162.52,Electronics
C0903,atrisk,INV07224,2024-04-06,111.95,Apparel
C0903,atrisk,INV07225,2024-03-10,52.96,Home
C0903,atrisk,INV07226,2024-03-17,94.76,Home
C0903,atrisk,INV07227,2024-01-19,153.93,Sports
C0903,atrisk,INV07228,2024-03-01,40.92,Beauty
C0903,atrisk,INV07229,2024-01-07,77.1,Sports
C0903,atrisk,INV07230,2023-11-14,111.4,Electronics
C0903,atrisk,INV07231,2023-07-29,133.92,Beauty
C0903,atrisk,INV07232,2023-07-01,179.95,Apparel
C0904,potential,INV07233,2024-11-29,73.95,Sports
C0904,potential,INV07234,2024-10-24,66.93,Home
C0904,potential,INV07235,2024-10-28,102.79,Home
C0904,potential,INV07236,2024-10-03,95.28,Electronics
C0905,champion,INV07237,2024-12-14,541.96,Beauty
C0905,champion,INV07238,2024-12-06,421.81,Apparel
C0905,champion,INV07239,2024-10-05,511.49,Beauty
C0905,champion,INV07240,2024-09-30,208.28,Home
C0905,champion,INV07241,2024-08-12,503.64,Apparel
C0905,champion,INV07242,2024-07-27,332.07,Home
C0905,champion,INV07243,2024-08-10,178.6,Beauty
C0905,champion,INV07244,2024-06-08,337.8,Electronics
C0905,champion,INV07245,2024-04-18,265.85,Home
C0905,champion,INV07246,2024-09-15,424.46,Apparel
C0905,champion,INV07247,2024-08-16,305.58,Apparel
C0905,champion,INV07248,2023-11-03,356.94,Sports
C0905,champion,INV07249,2023-12-08,350.81,Beauty
C0906,lost,INV07250,2023-01-28,62.61,Apparel
C0906,lost,INV07251,2023-01-02,101.09,Electronics
C0906,lost,INV07252,2022-12-05,55.83,Electronics
C0907,atrisk,INV07253,2024-05-19,193.7,Home
C0907,atrisk,INV07254,2024-05-06,68.06,Electronics
C0907,atrisk,INV07255,2024-04-21,121.71,Electronics
C0907,atrisk,INV07256,2024-04-28,144.05,Apparel
C0907,atrisk,INV07257,2024-03-20,206.84,Apparel
C0907,atrisk,INV07258,2024-02-14,144.25,Beauty
C0907,atrisk,INV07259,2024-01-02,192.53,Beauty
C0907,atrisk,INV07260,2024-01-28,128.14,Home
C0908,atrisk,INV07261,2024-05-18,29.53,Electronics
C0908,atrisk,INV07262,2024-05-08,87.14,Home
C0908,atrisk,INV07263,2024-03-19,137.55,Electronics
C0908,atrisk,INV07264,2024-02-18,118.39,Electronics
C0908,atrisk,INV07265,2024-04-12,56.4,Electronics
C0909,loyal,INV07266,2024-12-08,186.77,Apparel
C0909,loyal,INV07267,2024-11-27,99.6,Apparel
C0909,loyal,INV07268,2024-10-25,255.93,Apparel
C0909,loyal,INV07269,2024-10-21,216.75,Electronics
C0909,loyal,INV07270,2024-11-10,253.01,Electronics
C0909,loyal,INV07271,2024-07-21,229.2,Sports
C0909,loyal,INV07272,2024-07-23,205.93,Sports
C0909,loyal,INV07273,2024-08-25,215.37,Apparel
C0909,loyal,INV07274,2024-01-31,274.88,Home
C0909,loyal,INV07275,2024-01-10,203.2,Sports
C0909,loyal,INV07276,2024-04-22,169.85,Electronics
C0909,loyal,INV07277,2024-04-10,211.5,Sports
C0909,loyal,INV07278,2024-02-12,214.87,Sports
C0909,loyal,INV07279,2024-02-26,267.62,Home
C0910,loyal,INV07280,2024-11-17,97.09,Electronics
C0910,loyal,INV07281,2024-10-22,123.22,Electronics
C0910,loyal,INV07282,2024-10-14,160.41,Sports
C0910,loyal,INV07283,2024-09-24,53.68,Apparel
C0910,loyal,INV07284,2024-07-28,56.37,Beauty
C0910,loyal,INV07285,2024-08-09,47.02,Home
C0910,loyal,INV07286,2024-08-07,66.18,Apparel
C0910,loyal,INV07287,2024-09-15,77.2,Electronics
C0910,loyal,INV07288,2024-06-26,112.75,Home
C0910,loyal,INV07289,2024-07-05,81.42,Home
C0910,loyal,INV07290,2024-03-12,122.49,Home
C0910,loyal,INV07291,2023-09-15,124.75,Home
C0911,loyal,INV07292,2024-11-23,165.03,Home
C0911,loyal,INV07293,2024-11-04,91.84,Electronics
C0911,loyal,INV07294,2024-10-12,183.7,Beauty
C0911,loyal,INV07295,2024-10-30,255.97,Apparel
C0911,loyal,INV07296,2024-07-18,186.32,Home
C0911,loyal,INV07297,2024-08-10,138.09,Home
C0911,loyal,INV07298,2024-04-27,273.54,Beauty
C0911,loyal,INV07299,2024-03-02,55.19,Apparel
C0911,loyal,INV07300,2024-01-24,146.87,Electronics
C0912,loyal,INV07301,2024-11-23,186.61,Sports
C0912,loyal,INV07302,2024-10-30,111.51,Apparel
C0912,loyal,INV07303,2024-10-08,178.31,Home
C0912,loyal,INV07304,2024-08-07,233.61,Electronics
C0912,loyal,INV07305,2024-08-11,154.7,Beauty
C0912,loyal,INV07306,2024-10-14,271.49,Home
C0912,loyal,INV07307,2024-04-09,182.62,Apparel
C0912,loyal,INV07308,2024-05-04,80.31,Beauty
C0912,loyal,INV07309,2024-06-08,161.74,Electronics
C0912,loyal,INV07310,2023-12-08,135.22,Electronics
C0912,loyal,INV07311,2024-01-08,132.72,Electronics
C0912,loyal,INV07312,2023-11-26,104.23,Electronics
C0912,loyal,INV07313,2024-06-20,80.52,Home
C0913,champion,INV07314,2024-12-09,451.92,Apparel
C0913,champion,INV07315,2024-11-15,349.55,Beauty
C0913,champion,INV07316,2024-11-19,466.7,Apparel
C0913,champion,INV07317,2024-11-03,351.25,Beauty
C0913,champion,INV07318,2024-07-10,452.52,Beauty
C0913,champion,INV07319,2024-07-02,366.87,Home
C0913,champion,INV07320,2024-05-31,404.38,Electronics
C0913,champion,INV07321,2024-10-07,233.8,Apparel
C0913,champion,INV07322,2024-02-17,153.45,Electronics
C0913,champion,INV07323,2024-01-02,391.35,Apparel
C0913,champion,INV07324,2024-03-04,327.28,Beauty
C0913,champion,INV07325,2024-01-25,417.76,Apparel
C0913,champion,INV07326,2024-05-19,491.78,Apparel
C0913,champion,INV07327,2024-06-23,341.31,Home
C0913,champion,INV07328,2024-01-08,397.1,Sports
C0913,champion,INV07329,2023-10-31,428.61,Beauty
C0913,champion,INV07330,2024-03-28,238.53,Beauty
C0913,champion,INV07331,2024-02-07,399.21,Home
C0913,champion,INV07332,2023-11-27,304.22,Electronics
C0913,champion,INV07333,2024-01-02,475.26,Sports
C0913,champion,INV07334,2023-11-25,172.15,Home
C0913,champion,INV07335,2023-11-27,184.54,Home
C0913,champion,INV07336,2023-12-01,298.58,Electronics
C0913,champion,INV07337,2022-08-11,428.88,Beauty
C0913,champion,INV07338,2023-07-24,330.6,Beauty
C0914,atrisk,INV07339,2024-06-19,156.77,Apparel
C0914,atrisk,INV07340,2024-05-30,107.67,Sports
C0914,atrisk,INV07341,2024-04-26,123.08,Apparel
C0914,atrisk,INV07342,2024-04-08,86.07,Home
C0914,atrisk,INV07343,2024-03-11,100.88,Electronics
C0915,lost,INV07344,2024-03-28,62.09,Apparel
C0915,lost,INV07345,2024-02-18,69.73,Sports
C0916,champion,INV07346,2024-12-12,302.35,Home
C0916,champion,INV07347,2024-12-04,318.78,Beauty
C0916,champion,INV07348,2024-10-11,442.84,Electronics
C0916,champion,INV07349,2024-09-13,418.7,Electronics
C0916,champion,INV07350,2024-07-25,360.22,Home
C0916,champion,INV07351,2024-06-15,317.71,Home
C0916,champion,INV07352,2024-08-02,435.04,Apparel
C0916,champion,INV07353,2024-04-04,340.85,Home
C0916,champion,INV07354,2024-02-20,409.83,Apparel
C0916,champion,INV07355,2024-02-10,430.29,Apparel
C0916,champion,INV07356,2024-04-06,309.08,Apparel
C0916,champion,INV07357,2024-06-08,367.02,Electronics
C0916,champion,INV07358,2024-06-15,294.73,Electronics
C0916,champion,INV07359,2024-03-27,447.68,Electronics
C0916,champion,INV07360,2024-08-22,130.13,Home
C0916,champion,INV07361,2023-05-22,390.46,Apparel
C0917,lost,INV07362,2023-04-18,64.66,Beauty
C0917,lost,INV07363,2023-03-28,58.5,Home
C0918,potential,INV07364,2024-11-03,175.03,Apparel
C0918,potential,INV07365,2024-10-02,128.94,Beauty
C0918,potential,INV07366,2024-10-14,92.86,Beauty
C0918,potential,INV07367,2024-08-20,148.62,Electronics
C0918,potential,INV07368,2024-08-19,160.05,Sports
C0918,potential,INV07369,2024-05-27,40.46,Beauty
C0919,potential,INV07370,2024-09-05,101.84,Beauty
C0919,potential,INV07371,2024-07-29,110.42,Home
C0919,potential,INV07372,2024-07-09,138.62,Electronics
C0920,potential,INV07373,2024-11-04,51.11,Apparel
C0920,potential,INV07374,2024-10-08,58.81,Electronics
C0920,potential,INV07375,2024-09-07,59.16,Electronics
C0921,atrisk,INV07376,2024-06-24,125.09,Apparel
C0921,atrisk,INV07377,2024-05-31,134.62,Home
C0921,atrisk,INV07378,2024-05-25,141.56,Sports
C0921,atrisk,INV07379,2024-05-19,105.0,Electronics
C0921,atrisk,INV07380,2024-05-07,94.5,Sports
C0922,lost,INV07381,2023-05-26,39.68,Electronics
C0922,lost,INV07382,2023-04-22,42.5,Electronics
C0922,lost,INV07383,2023-04-06,37.68,Home
C0923,champion,INV07384,2024-12-04,203.94,Electronics
C0923,champion,INV07385,2024-11-14,181.57,Home
C0923,champion,INV07386,2024-11-08,342.37,Electronics
C0923,champion,INV07387,2024-09-26,262.69,Sports
C0923,champion,INV07388,2024-09-27,242.14,Home
C0923,champion,INV07389,2024-09-25,251.09,Sports
C0923,champion,INV07390,2024-06-13,263.11,Home
C0923,champion,INV07391,2024-03-27,361.01,Sports
C0923,champion,INV07392,2024-02-12,254.15,Home
C0923,champion,INV07393,2024-10-02,231.59,Apparel
C0923,champion,INV07394,2024-03-29,349.58,Electronics
C0923,champion,INV07395,2024-02-11,311.48,Electronics
C0923,champion,INV07396,2023-10-23,287.39,Electronics
C0923,champion,INV07397,2024-04-14,364.12,Beauty
C0923,champion,INV07398,2024-04-10,421.45,Apparel
C0923,champion,INV07399,2023-09-11,213.58,Electronics
C0923,champion,INV07400,2023-09-29,142.38,Electronics
C0923,champion,INV07401,2023-04-19,231.93,Apparel
C0923,champion,INV07402,2023-04-20,224.73,Home
C0923,champion,INV07403,2024-01-16,308.29,Home
C0923,champion,INV07404,2023-07-23,111.98,Electronics
C0923,champion,INV07405,2022-10-19,303.08,Home
C0923,champion,INV07406,2023-03-07,319.38,Apparel
C0923,champion,INV07407,2023-09-24,172.06,Beauty
C0923,champion,INV07408,2023-03-21,164.23,Electronics
C0923,champion,INV07409,2023-01-04,317.04,Sports
C0923,champion,INV07410,2024-02-22,293.16,Beauty
C0924,lost,INV07411,2023-03-17,97.62,Sports
C0924,lost,INV07412,2023-03-03,52.42,Home
C0924,lost,INV07413,2023-01-12,77.89,Apparel
C0925,potential,INV07414,2024-10-15,88.1,Home
C0925,potential,INV07415,2024-09-18,98.79,Sports
C0925,potential,INV07416,2024-09-05,127.83,Electronics
C0925,potential,INV07417,2024-08-07,101.24,Sports
C0925,potential,INV07418,2024-06-09,118.13,Sports
C0926,lost,INV07419,2023-04-09,94.04,Home
C0926,lost,INV07420,2023-03-15,79.34,Home
C0926,lost,INV07421,2023-01-31,69.69,Sports
C0927,potential,INV07422,2024-11-22,61.86,Electronics
C0927,potential,INV07423,2024-10-15,91.61,Sports
C0927,potential,INV07424,2024-09-29,99.01,Electronics
C0927,potential,INV07425,2024-10-05,67.22,Sports
C0927,potential,INV07426,2024-07-01,96.5,Sports
C0928,atrisk,INV07427,2024-03-29,101.11,Beauty
C0928,atrisk,INV07428,2024-03-12,157.6,Home
C0928,atrisk,INV07429,2024-01-15,83.79,Beauty
C0928,atrisk,INV07430,2024-03-02,145.36,Sports
C0928,atrisk,INV07431,2024-02-06,130.79,Beauty
C0928,atrisk,INV07432,2024-02-03,126.18,Apparel
C0929,loyal,INV07433,2024-10-12,84.6,Beauty
C0929,loyal,INV07434,2024-09-21,214.35,Electronics
C0929,loyal,INV07435,2024-09-08,210.05,Sports
C0929,loyal,INV07436,2024-07-26,199.26,Electronics
C0929,loyal,INV07437,2024-07-08,111.22,Electronics
C0929,loyal,INV07438,2024-08-08,171.14,Beauty
C0929,loyal,INV07439,2024-05-15,164.84,Apparel
C0929,loyal,INV07440,2024-07-06,188.34,Home
C0929,loyal,INV07441,2024-08-01,185.91,Electronics
C0929,loyal,INV07442,2024-05-30,165.57,Home
C0929,loyal,INV07443,2023-12-17,153.34,Apparel
C0930,potential,INV07444,2024-09-07,67.22,Apparel
C0930,potential,INV07445,2024-08-24,87.36,Home
C0930,potential,INV07446,2024-07-11,82.98,Electronics
C0930,potential,INV07447,2024-05-28,89.86,Home
C0930,potential,INV07448,2024-04-04,75.21,Electronics
C0930,potential,INV07449,2024-06-24,25.96,Electronics
C0931,potential,INV07450,2024-11-26,63.13,Beauty
C0931,potential,INV07451,2024-11-15,41.47,Beauty
C0931,potential,INV07452,2024-10-27,59.27,Apparel
C0931,potential,INV07453,2024-08-13,96.47,Apparel
C0931,potential,INV07454,2024-10-05,97.49,Home
C0932,loyal,INV07455,2024-11-07,173.02,Apparel
C0932,loyal,INV07456,2024-09-29,162.68,Home
C0932,loyal,INV07457,2024-08-21,203.67,Electronics
C0932,loyal,INV07458,2024-07-19,234.28,Electronics
C0932,loyal,INV07459,2024-08-23,106.44,Home
C0932,loyal,INV07460,2024-07-15,177.44,Electronics
C0932,loyal,INV07461,2024-07-04,220.69,Sports
C0932,loyal,INV07462,2024-04-18,256.84,Electronics
C0932,loyal,INV07463,2024-07-02,256.14,Apparel
C0932,loyal,INV07464,2024-01-06,230.73,Sports
C0932,loyal,INV07465,2024-06-30,110.33,Beauty
C0932,loyal,INV07466,2024-02-28,250.45,Sports
C0932,loyal,INV07467,2023-12-19,48.23,Apparel
C0933,atrisk,INV07468,2024-06-07,105.82,Electronics
C0933,atrisk,INV07469,2024-05-08,161.73,Apparel
C0933,atrisk,INV07470,2024-05-20,107.46,Electronics
C0933,atrisk,INV07471,2024-03-15,131.24,Apparel
C0933,atrisk,INV07472,2024-03-07,98.1,Home
C0934,atrisk,INV07473,2024-06-29,125.1,Home
C0934,atrisk,INV07474,2024-05-24,128.68,Electronics
C0934,atrisk,INV07475,2024-04-14,127.92,Electronics
C0934,atrisk,INV07476,2024-04-06,142.73,Electronics
C0934,atrisk,INV07477,2024-05-08,170.18,Electronics
C0934,atrisk,INV07478,2023-12-17,149.7,Electronics
C0934,atrisk,INV07479,2023-11-26,204.28,Home
C0934,atrisk,INV07480,2023-11-18,169.46,Sports
C0934,atrisk,INV07481,2023-09-07,88.53,Electronics
C0935,loyal,INV07482,2024-11-26,139.97,Apparel
C0935,loyal,INV07483,2024-11-12,178.28,Sports
C0935,loyal,INV07484,2024-09-27,199.48,Home
C0935,loyal,INV07485,2024-08-25,129.93,Home
C0935,loyal,INV07486,2024-09-07,140.49,Apparel
C0935,loyal,INV07487,2024-07-19,192.7,Home
C0936,atrisk,INV07488,2024-04-08,100.06,Electronics
C0936,atrisk,INV07489,2024-03-13,130.38,Electronics
C0936,atrisk,INV07490,2024-01-31,112.66,Home
C0936,atrisk,INV07491,2023-12-22,143.44,Sports
C0936,atrisk,INV07492,2023-11-12,90.68,Electronics
C0936,atrisk,INV07493,2024-01-19,106.63,Electronics
C0937,potential,INV07494,2024-10-13,53.76,Sports
C0937,potential,INV07495,2024-10-02,49.0,Home
C0937,potential,INV07496,2024-08-30,94.34,Apparel
C0937,potential,INV07497,2024-09-01,61.16,Home
C0937,potential,INV07498,2024-05-10,44.61,Apparel
C0937,potential,INV07499,2024-04-26,54.73,Apparel
C0938,atrisk,INV07500,2024-07-08,165.55,Home
C0938,atrisk,INV07501,2024-06-12,123.15,Apparel
C0938,atrisk,INV07502,2024-05-27,81.2,Apparel
C0938,atrisk,INV07503,2024-05-21,71.85,Electronics
C0939,potential,INV07504,2024-10-27,129.72,Electronics
C0939,potential,INV07505,2024-09-18,209.41,Electronics
C0939,potential,INV07506,2024-08-24,112.1,Sports
C0939,potential,INV07507,2024-08-25,115.33,Beauty
C0939,potential,INV07508,2024-08-24,132.51,Sports
C0939,potential,INV07509,2024-08-08,61.67,Electronics
C0940,champion,INV07510,2024-12-14,153.48,Home
C0940,champion,INV07511,2024-12-02,242.18,Electronics
C0940,champion,INV07512,2024-11-18,250.08,Beauty
C0940,champion,INV07513,2024-09-12,204.84,Apparel
C0940,champion,INV07514,2024-09-25,198.6,Home
C0940,champion,INV07515,2024-10-05,396.06,Home
C0940,champion,INV07516,2024-11-02,195.13,Home
C0940,champion,INV07517,2024-03-16,227.52,Beauty
C0940,champion,INV07518,2024-06-13,107.26,Apparel
C0940,champion,INV07519,2024-07-05,198.07,Electronics
C0940,champion,INV07520,2024-04-18,183.1,Apparel
C0940,champion,INV07521,2024-03-03,150.25,Electronics
C0940,champion,INV07522,2024-02-18,188.08,Sports
C0940,champion,INV07523,2024-03-16,181.89,Sports
C0940,champion,INV07524,2024-07-13,280.57,Beauty
C0940,champion,INV07525,2023-12-20,219.19,Electronics
C0940,champion,INV07526,2024-03-17,281.25,Apparel
C0940,champion,INV07527,2023-04-29,155.66,Electronics
C0940,champion,INV07528,2023-03-25,192.28,Home
C0940,champion,INV07529,2023-08-08,305.25,Electronics
C0940,champion,INV07530,2023-02-03,96.93,Electronics
C0940,champion,INV07531,2024-07-20,121.48,Sports
C0940,champion,INV07532,2023-12-06,237.31,Home
C0940,champion,INV07533,2023-01-01,107.79,Electronics
C0940,champion,INV07534,2023-01-18,292.56,Electronics
C0940,champion,INV07535,2023-11-10,247.26,Electronics
C0941,lost,INV07536,2023-10-28,78.88,Apparel
C0941,lost,INV07537,2023-09-27,65.36,Beauty
C0942,lost,INV07538,2023-01-09,54.98,Home
C0943,loyal,INV07539,2024-10-28,77.99,Apparel
C0943,loyal,INV07540,2024-10-16,226.78,Electronics
C0943,loyal,INV07541,2024-08-19,112.64,Electronics
C0943,loyal,INV07542,2024-09-07,110.22,Apparel
C0943,loyal,INV07543,2024-06-06,126.68,Electronics
C0943,loyal,INV07544,2024-07-15,147.41,Home
C0943,loyal,INV07545,2024-06-06,193.07,Electronics
C0943,loyal,INV07546,2024-04-15,179.75,Apparel
C0943,loyal,INV07547,2024-05-05,197.75,Home
C0943,loyal,INV07548,2024-05-01,65.79,Sports
C0943,loyal,INV07549,2024-01-22,77.15,Sports
C0943,loyal,INV07550,2023-10-20,185.51,Apparel
C0943,loyal,INV07551,2024-02-19,163.55,Home
C0943,loyal,INV07552,2024-06-20,145.74,Electronics
C0944,loyal,INV07553,2024-11-18,203.53,Sports
C0944,loyal,INV07554,2024-11-01,198.89,Apparel
C0944,loyal,INV07555,2024-11-02,174.18,Electronics
C0944,loyal,INV07556,2024-10-25,273.78,Home
C0944,loyal,INV07557,2024-07-29,89.41,Sports
C0944,loyal,INV07558,2024-08-25,92.28,Sports
C0944,loyal,INV07559,2024-07-21,295.35,Sports
C0944,loyal,INV07560,2024-07-15,130.29,Apparel
C0944,loyal,INV07561,2024-05-02,84.74,Apparel
C0944,loyal,INV07562,2024-03-11,88.8,Home
C0945,champion,INV07563,2024-12-04,132.6,Electronics
C0945,champion,INV07564,2024-11-09,228.0,Apparel
C0945,champion,INV07565,2024-10-15,115.88,Sports
C0945,champion,INV07566,2024-10-23,230.29,Electronics
C0945,champion,INV07567,2024-09-27,173.42,Electronics
C0945,champion,INV07568,2024-06-12,265.79,Electronics
C0945,champion,INV07569,2024-06-13,233.92,Electronics
C0945,champion,INV07570,2024-08-21,128.59,Home
C0945,champion,INV07571,2024-02-12,152.39,Electronics
C0945,champion,INV07572,2023-12-19,185.14,Electronics
C0945,champion,INV07573,2024-05-28,254.95,Electronics
C0945,champion,INV07574,2024-08-05,153.69,Sports
C0945,champion,INV07575,2024-04-08,116.06,Electronics
C0945,champion,INV07576,2024-07-01,209.82,Apparel
C0945,champion,INV07577,2024-04-24,244.95,Electronics
C0945,champion,INV07578,2023-09-11,204.76,Apparel
C0945,champion,INV07579,2023-07-11,296.22,Electronics
C0945,champion,INV07580,2024-04-10,196.55,Beauty
C0945,champion,INV07581,2024-03-27,165.05,Home
C0945,champion,INV07582,2023-10-13,130.28,Apparel
C0945,champion,INV07583,2023-09-21,154.72,Home
C0945,champion,INV07584,2023-08-09,211.59,Electronics
C0945,champion,INV07585,2023-12-18,164.62,Home
C0945,champion,INV07586,2024-02-09,225.96,Apparel
C0945,champion,INV07587,2024-04-08,165.86,Home
C0945,champion,INV07588,2023-05-09,172.87,Sports
C0945,champion,INV07589,2022-02-24,186.56,Home
C0946,atrisk,INV07590,2024-07-11,133.5,Apparel
C0946,atrisk,INV07591,2024-06-22,62.47,Apparel
C0946,atrisk,INV07592,2024-05-16,86.62,Apparel
C0946,atrisk,INV07593,2024-04-09,202.47,Home
C0947,lost,INV07594,2023-06-23,39.78,Electronics
C0947,lost,INV07595,2023-06-05,21.47,Beauty
C0947,lost,INV07596,2023-05-20,45.81,Home
C0948,lost,INV07597,2023-10-29,89.1,Beauty
C0949,atrisk,INV07598,2024-07-21,129.35,Sports
C0949,atrisk,INV07599,2024-06-18,100.63,Home
C0949,atrisk,INV07600,2024-05-18,105.27,Home
C0949,atrisk,INV07601,2024-05-22,222.6,Home
C0950,potential,INV07602,2024-11-21,52.94,Apparel
C0950,potential,INV07603,2024-11-02,50.71,Electronics
C0950,potential,INV07604,2024-09-12,50.92,Home
C0950,potential,INV07605,2024-08-08,19.65,Sports
C0950,potential,INV07606,2024-09-06,93.55,Home
C0951,lost,INV07607,2024-03-04,67.59,Electronics
C0951,lost,INV07608,2024-02-16,52.98,Electronics
C0952,atrisk,INV07609,2024-04-28,142.38,Home
C0952,atrisk,INV07610,2024-04-16,169.07,Electronics
C0952,atrisk,INV07611,2024-04-10,107.77,Sports
C0952,atrisk,INV07612,2024-01-17,130.0,Beauty
C0952,atrisk,INV07613,2023-12-30,114.59,Apparel
C0953,potential,INV07614,2024-11-22,65.57,Home
C0953,potential,INV07615,2024-10-28,111.05,Apparel
C0953,potential,INV07616,2024-09-13,77.76,Beauty
C0953,potential,INV07617,2024-10-05,85.71,Beauty
C0954,atrisk,INV07618,2024-06-05,120.65,Beauty
C0954,atrisk,INV07619,2024-05-17,158.21,Electronics
C0954,atrisk,INV07620,2024-04-20,151.86,Sports
C0954,atrisk,INV07621,2024-03-22,133.76,Electronics
C0955,lost,INV07622,2023-07-18,48.81,Apparel
C0955,lost,INV07623,2023-06-24,61.81,Electronics
C0955,lost,INV07624,2023-05-07,47.44,Electronics
C0956,atrisk,INV07625,2024-05-14,170.68,Home
C0956,atrisk,INV07626,2024-04-12,209.6,Home
C0956,atrisk,INV07627,2024-03-03,170.55,Electronics
C0956,atrisk,INV07628,2024-02-29,202.25,Home
C0956,atrisk,INV07629,2024-01-07,194.96,Beauty
C0956,atrisk,INV07630,2024-02-29,135.3,Beauty
C0956,atrisk,INV07631,2023-11-28,179.81,Apparel
C0956,atrisk,INV07632,2024-02-13,113.75,Electronics
C0956,atrisk,INV07633,2023-12-06,112.78,Electronics
C0957,lost,INV07634,2024-03-13,44.45,Sports
C0957,lost,INV07635,2024-02-10,42.69,Apparel
C0957,lost,INV07636,2024-02-14,24.45,Home
C0958,champion,INV07637,2024-12-20,238.29,Home
C0958,champion,INV07638,2024-11-19,528.98,Sports
C0958,champion,INV07639,2024-11-16,313.42,Sports
C0958,champion,INV07640,2024-09-30,406.96,Apparel
C0958,champion,INV07641,2024-11-10,331.55,Home
C0958,champion,INV07642,2024-10-06,355.33,Electronics
C0958,champion,INV07643,2024-08-22,477.48,Home
C0958,champion,INV07644,2024-06-28,333.38,Home
C0958,champion,INV07645,2024-10-25,382.55,Home
C0958,champion,INV07646,2024-05-18,230.66,Electronics
C0958,champion,INV07647,2023-12-26,361.73,Home
C0958,champion,INV07648,2024-07-30,474.89,Apparel
C0958,champion,INV07649,2024-02-24,483.25,Home
C0958,champion,INV07650,2024-04-17,361.38,Apparel
C0958,champion,INV07651,2023-07-21,387.51,Electronics
C0958,champion,INV07652,2024-06-08,334.47,Home
C0958,champion,INV07653,2024-06-11,371.14,Electronics
C0958,champion,INV07654,2023-10-05,285.24,Electronics
C0958,champion,INV07655,2023-12-26,261.44,Electronics
C0959,loyal,INV07656,2024-11-04,244.88,Home
C0959,loyal,INV07657,2024-10-05,185.0,Home
C0959,loyal,INV07658,2024-08-24,169.82,Beauty
C0959,loyal,INV07659,2024-08-18,186.57,Apparel
C0959,loyal,INV07660,2024-06-21,202.66,Electronics
C0959,loyal,INV07661,2024-08-06,280.25,Apparel
C0959,loyal,INV07662,2024-09-11,292.96,Home
C0960,champion,INV07663,2024-12-30,278.22,Sports
C0960,champion,INV07664,2024-11-25,298.25,Beauty
C0960,champion,INV07665,2024-10-23,466.58,Home
C0960,champion,INV07666,2024-11-30,176.17,Electronics
C0960,champion,INV07667,2024-08-08,233.71,Beauty
C0960,champion,INV07668,2024-10-21,144.17,Electronics
C0960,champion,INV07669,2024-06-27,254.55,Home
C0960,champion,INV07670,2024-05-13,287.29,Sports
C0960,champion,INV07671,2024-07-15,481.92,Beauty
C0960,champion,INV07672,2024-05-10,410.54,Beauty
C0960,champion,INV07673,2023-12-26,564.97,Electronics
C0960,champion,INV07674,2024-03-08,495.07,Sports
C0960,champion,INV07675,2024-05-04,242.12,Apparel
C0960,champion,INV07676,2024-09-04,282.01,Sports
C0960,champion,INV07677,2024-04-22,202.49,Home
C0960,champion,INV07678,2023-11-21,322.26,Apparel
C0960,champion,INV07679,2024-06-05,453.49,Beauty
C0960,champion,INV07680,2024-03-16,295.41,Apparel
C0960,champion,INV07681,2024-08-26,373.98,Electronics
C0960,champion,INV07682,2022-12-20,369.48,Sports
C0960,champion,INV07683,2024-07-03,319.83,Beauty
C0960,champion,INV07684,2024-06-03,439.57,Home
C0961,lost,INV07685,2023-04-08,143.56,Home
C0961,lost,INV07686,2023-03-30,70.7,Electronics
C0962,potential,INV07687,2024-09-29,57.7,Apparel
C0962,potential,INV07688,2024-09-21,110.42,Apparel
C0962,potential,INV07689,2024-08-08,135.4,Sports
C0962,potential,INV07690,2024-07-01,116.39,Home
C0963,loyal,INV07691,2024-11-09,113.66,Electronics
C0963,loyal,INV07692,2024-10-26,199.21,Apparel
C0963,loyal,INV07693,2024-09-20,139.4,Beauty
C0963,loyal,INV07694,2024-09-13,121.27,Beauty
C0963,loyal,INV07695,2024-06-26,104.27,Home
C0963,loyal,INV07696,2024-08-11,126.46,Electronics
C0963,loyal,INV07697,2024-03-26,181.7,Beauty
C0963,loyal,INV07698,2024-07-20,184.65,Apparel
C0963,loyal,INV07699,2024-07-20,187.37,Home
C0963,loyal,INV07700,2024-02-13,181.91,Beauty
C0963,loyal,INV07701,2023-10-16,107.13,Home
C0963,loyal,INV07702,2023-09-07,133.02,Apparel
C0964,champion,INV07703,2024-12-18,240.9,Apparel
C0964,champion,INV07704,2024-11-15,413.08,Electronics
C0964,champion,INV07705,2024-10-17,309.46,Sports
C0964,champion,INV07706,2024-11-27,464.24,Apparel
C0964,champion,INV07707,2024-08-24,319.15,Electronics
C0964,champion,INV07708,2024-09-19,354.63,Beauty
C0964,champion,INV07709,2024-08-20,314.97,Home
C0964,champion,INV07710,2024-09-25,491.65,Apparel
C0964,champion,INV07711,2024-02-26,362.8,Sports
C0964,champion,INV07712,2024-06-30,366.25,Beauty
C0964,champion,INV07713,2024-09-19,370.6,Electronics
C0964,champion,INV07714,2024-07-28,492.88,Beauty
C0964,champion,INV07715,2024-03-17,362.81,Apparel
C0964,champion,INV07716,2024-09-05,232.36,Sports
C0964,champion,INV07717,2024-07-17,451.19,Apparel
C0964,champion,INV07718,2024-03-08,430.68,Apparel
C0964,champion,INV07719,2024-01-17,303.33,Home
C0964,champion,INV07720,2024-03-04,234.71,Sports
C0964,champion,INV07721,2023-10-13,310.23,Electronics
C0964,champion,INV07722,2023-11-15,471.94,Home
C0965,lost,INV07723,2023-06-03,70.99,Electronics
C0966,potential,INV07724,2024-11-27,154.87,Electronics
C0966,potential,INV07725,2024-11-16,80.87,Apparel
C0966,potential,INV07726,2024-10-28,106.41,Electronics
C0966,potential,INV07727,2024-09-04,45.51,Apparel
C0967,champion,INV07728,2024-12-09,313.07,Apparel
C0967,champion,INV07729,2024-11-15,206.31,Electronics
C0967,champion,INV07730,2024-11-13,336.72,Apparel
C0967,champion,INV07731,2024-09-13,140.21,Sports
C0967,champion,INV07732,2024-07-22,170.2,Home
C0967,champion,INV07733,2024-09-30,215.55,Apparel
C0967,champion,INV07734,2024-05-31,273.01,Apparel
C0967,champion,INV07735,2024-03-25,298.8,Home
C0967,champion,INV07736,2024-06-08,214.67,Beauty
C0967,champion,INV07737,2024-08-05,184.42,Apparel
C0967,champion,INV07738,2024-03-04,160.55,Apparel
C0967,champion,INV07739,2024-07-08,162.1,Apparel
C0967,champion,INV07740,2024-01-20,301.12,Electronics
C0967,champion,INV07741,2024-02-01,170.99,Apparel
C0967,champion,INV07742,2023-12-25,347.22,Beauty
C0967,champion,INV07743,2023-09-16,336.09,Home
C0967,champion,INV07744,2024-03-12,256.94,Home
C0967,champion,INV07745,2024-08-12,96.87,Electronics
C0967,champion,INV07746,2023-04-07,190.89,Sports
C0967,champion,INV07747,2024-07-29,115.67,Sports
C0967,champion,INV07748,2024-03-24,298.01,Sports
C0967,champion,INV07749,2023-11-27,175.72,Electronics
C0967,champion,INV07750,2022-08-26,337.08,Apparel
C0967,champion,INV07751,2023-03-29,159.51,Sports
C0967,champion,INV07752,2024-04-13,96.57,Electronics
C0967,champion,INV07753,2023-11-30,291.72,Apparel
C0967,champion,INV07754,2023-02-02,149.85,Home
C0967,champion,INV07755,2022-12-11,201.11,Sports
C0968,champion,INV07756,2024-12-28,309.84,Apparel
C0968,champion,INV07757,2024-11-27,430.19,Beauty
C0968,champion,INV07758,2024-11-06,431.92,Home
C0968,champion,INV07759,2024-09-23,529.39,Apparel
C0968,champion,INV07760,2024-08-26,195.55,Apparel
C0968,champion,INV07761,2024-11-08,287.58,Beauty
C0968,champion,INV07762,2024-09-05,519.07,Apparel
C0968,champion,INV07763,2024-03-30,421.88,Home
C0968,champion,INV07764,2024-08-30,416.01,Apparel
C0968,champion,INV07765,2024-04-29,238.04,Beauty
C0968,champion,INV07766,2024-01-03,402.84,Home
C0968,champion,INV07767,2024-08-07,406.14,Home
C0968,champion,INV07768,2023-09-29,266.67,Home
C0968,champion,INV07769,2024-04-25,179.19,Apparel
C0968,champion,INV07770,2024-05-18,379.84,Home
C0968,champion,INV07771,2024-05-02,332.87,Home
C0968,champion,INV07772,2023-04-14,313.93,Home
C0968,champion,INV07773,2023-10-30,473.69,Sports
C0968,champion,INV07774,2023-04-26,373.81,Apparel
C0968,champion,INV07775,2024-06-02,184.47,Electronics
C0968,champion,INV07776,2023-04-18,376.87,Electronics
C0968,champion,INV07777,2024-07-13,510.4,Electronics
C0968,champion,INV07778,2022-08-23,475.19,Electronics
C0968,champion,INV07779,2023-09-02,366.88,Apparel
C0968,champion,INV07780,2024-07-13,437.43,Electronics
C0968,champion,INV07781,2023-08-16,457.03,Home
C0968,champion,INV07782,2022-06-06,415.32,Home
C0968,champion,INV07783,2024-04-02,473.02,Sports
C0969,lost,INV07784,2023-10-18,59.47,Electronics
C0969,lost,INV07785,2023-10-04,68.12,Electronics
C0969,lost,INV07786,2023-08-07,36.25,Sports
C0970,potential,INV07787,2024-09-20,65.89,Electronics
C0970,potential,INV07788,2024-09-07,35.39,Home
C0970,potential,INV07789,2024-08-21,52.37,Electronics
C0970,potential,INV07790,2024-08-24,68.24,Electronics
C0970,potential,INV07791,2024-05-19,85.1,Electronics
C0970,potential,INV07792,2024-07-22,70.05,Home
C0971,potential,INV07793,2024-09-30,127.07,Electronics
C0971,potential,INV07794,2024-09-21,125.29,Electronics
C0971,potential,INV07795,2024-08-01,118.73,Home
C0971,potential,INV07796,2024-07-29,118.04,Sports
C0971,potential,INV07797,2024-08-17,81.55,Beauty
C0971,potential,INV07798,2024-03-29,56.12,Beauty
C0972,lost,INV07799,2024-01-07,64.86,Home
C0972,lost,INV07800,2023-12-11,51.53,Apparel
C0973,atrisk,INV07801,2024-06-24,183.82,Electronics
C0973,atrisk,INV07802,2024-05-28,176.95,Sports
C0973,atrisk,INV07803,2024-05-27,155.09,Apparel
C0973,atrisk,INV07804,2024-03-23,180.85,Sports
C0973,atrisk,INV07805,2024-05-07,120.03,Apparel
C0973,atrisk,INV07806,2024-04-15,101.51,Electronics
C0973,atrisk,INV07807,2024-03-08,100.28,Apparel
C0974,lost,INV07808,2024-02-11,93.04,Beauty
C0974,lost,INV07809,2024-01-08,73.92,Electronics
C0974,lost,INV07810,2024-01-26,129.9,Apparel
C0975,atrisk,INV07811,2024-07-03,108.91,Apparel
C0975,atrisk,INV07812,2024-06-01,128.19,Sports
C0975,atrisk,INV07813,2024-04-24,112.16,Home
C0975,atrisk,INV07814,2024-04-10,177.04,Electronics
C0975,atrisk,INV07815,2024-02-02,189.51,Electronics
C0975,atrisk,INV07816,2023-12-31,133.47,Electronics
C0975,atrisk,INV07817,2024-05-16,119.85,Home
C0976,atrisk,INV07818,2024-05-29,158.09,Home
C0976,atrisk,INV07819,2024-04-26,138.62,Home
C0976,atrisk,INV07820,2024-05-15,144.58,Electronics
C0976,atrisk,INV07821,2024-02-14,85.88,Apparel
C0976,atrisk,INV07822,2024-05-01,231.37,Home
C0977,champion,INV07823,2024-12-21,425.5,Electronics
C0977,champion,INV07824,2024-11-20,278.08,Beauty
C0977,champion,INV07825,2024-11-15,430.15,Electronics
C0977,champion,INV07826,2024-10-01,482.25,Electronics
C0977,champion,INV07827,2024-08-15,214.91,Electronics
C0977,champion,INV07828,2024-09-17,303.31,Apparel
C0977,champion,INV07829,2024-09-28,540.68,Beauty
C0977,champion,INV07830,2024-08-10,303.69,Sports
C0977,champion,INV07831,2024-08-15,436.31,Sports
C0977,champion,INV07832,2024-01-23,385.13,Home
C0977,champion,INV07833,2024-07-24,316.44,Apparel
C0977,champion,INV07834,2023-12-13,428.3,Sports
C0977,champion,INV07835,2023-12-03,462.61,Home
C0977,champion,INV07836,2024-01-18,573.11,Electronics
C0977,champion,INV07837,2023-07-22,448.37,Electronics
C0977,champion,INV07838,2024-01-26,328.11,Apparel
C0977,champion,INV07839,2023-04-07,466.97,Apparel
C0977,champion,INV07840,2023-11-26,263.89,Home
C0977,champion,INV07841,2023-04-01,408.27,Apparel
C0977,champion,INV07842,2023-07-08,288.23,Sports
C0977,champion,INV07843,2024-08-03,458.29,Electronics
C0977,champion,INV07844,2024-01-20,346.49,Beauty
C0978,atrisk,INV07845,2024-03-27,155.3,Apparel
C0978,atrisk,INV07846,2024-02-23,246.89,Home
C0978,atrisk,INV07847,2024-01-17,169.51,Electronics
C0978,atrisk,INV07848,2024-02-02,124.25,Beauty
C0978,atrisk,INV07849,2023-12-06,130.27,Sports
C0978,atrisk,INV07850,2023-12-08,106.75,Sports
C0978,atrisk,INV07851,2023-12-16,117.9,Electronics
C0978,atrisk,INV07852,2023-07-19,135.11,Electronics
C0978,atrisk,INV07853,2023-09-09,135.52,Electronics
C0979,lost,INV07854,2024-01-31,57.16,Home
C0980,lost,INV07855,2023-08-22,42.69,Apparel
C0980,lost,INV07856,2023-08-05,52.74,Sports
C0981,potential,INV07857,2024-11-29,142.51,Electronics
C0981,potential,INV07858,2024-10-28,140.65,Electronics
C0981,potential,INV07859,2024-10-14,136.96,Apparel
C0981,potential,INV07860,2024-10-18,73.6,Apparel
C0981,potential,INV07861,2024-08-01,107.68,Home
C0981,potential,INV07862,2024-07-22,132.74,Beauty
C0981,potential,INV07863,2024-07-20,84.69,Sports
C0982,lost,INV07864,2023-01-03,90.44,Apparel
C0983,lost,INV07865,2023-08-29,27.5,Apparel
C0984,potential,INV07866,2024-10-01,131.56,Beauty
C0984,potential,INV07867,2024-09-18,135.24,Sports
C0984,potential,INV07868,2024-07-27,98.58,Home
C0984,potential,INV07869,2024-09-01,69.05,Home
C0984,potential,INV07870,2024-08-26,133.82,Electronics
C0984,potential,INV07871,2024-08-27,113.6,Beauty
C0984,potential,INV07872,2024-08-14,105.45,Sports
C0985,loyal,INV07873,2024-12-10,178.43,Home
C0985,loyal,INV07874,2024-11-03,179.49,Beauty
C0985,loyal,INV07875,2024-10-29,168.1,Home
C0985,loyal,INV07876,2024-10-17,77.46,Home
C0985,loyal,INV07877,2024-07-07,123.51,Beauty
C0985,loyal,INV07878,2024-07-28,101.44,Electronics
C0985,loyal,INV07879,2024-05-08,107.71,Home
C0985,loyal,INV07880,2024-04-30,161.09,Sports
C0986,potential,INV07881,2024-10-14,102.21,Electronics
C0986,potential,INV07882,2024-10-07,121.33,Electronics
C0986,potential,INV07883,2024-09-16,146.03,Home
C0986,potential,INV07884,2024-07-31,75.54,Apparel
C0986,potential,INV07885,2024-06-24,108.66,Sports
C0986,potential,INV07886,2024-07-06,134.27,Apparel
C0986,potential,INV07887,2024-05-17,75.55,Home
C0987,atrisk,INV07888,2024-05-01,130.55,Home
C0987,atrisk,INV07889,2024-03-25,202.97,Electronics
C0987,atrisk,INV07890,2024-03-22,230.27,Sports
C0987,atrisk,INV07891,2024-02-19,265.43,Sports
C0988,loyal,INV07892,2024-10-07,130.87,Sports
C0988,loyal,INV07893,2024-09-16,173.68,Beauty
C0988,loyal,INV07894,2024-09-11,280.23,Beauty
C0988,loyal,INV07895,2024-08-20,235.05,Electronics
C0988,loyal,INV07896,2024-06-09,134.97,Home
C0988,loyal,INV07897,2024-04-25,193.24,Apparel
C0988,loyal,INV07898,2024-04-28,168.05,Sports
C0988,loyal,INV07899,2024-06-03,124.18,Home
C0988,loyal,INV07900,2024-05-24,186.3,Apparel
C0988,loyal,INV07901,2024-04-28,250.29,Apparel
C0989,potential,INV07902,2024-11-16,93.55,Sports
C0989,potential,INV07903,2024-11-08,121.64,Home
C0989,potential,INV07904,2024-09-17,177.24,Apparel
C0990,lost,INV07905,2023-03-18,74.34,Home
C0991,champion,INV07906,2024-12-15,303.34,Electronics
C0991,champion,INV07907,2024-11-23,456.96,Sports
C0991,champion,INV07908,2024-11-25,422.87,Beauty
C0991,champion,INV07909,2024-10-19,475.15,Sports
C0991,champion,INV07910,2024-09-18,482.01,Home
C0991,champion,INV07911,2024-09-11,395.67,Apparel
C0991,champion,INV07912,2024-08-29,263.24,Apparel
C0991,champion,INV07913,2024-08-18,288.73,Home
C0991,champion,INV07914,2024-04-19,605.99,Sports
C0991,champion,INV07915,2024-03-20,419.1,Home
C0991,champion,INV07916,2024-09-16,233.32,Electronics
C0991,champion,INV07917,2023-12-18,391.67,Home
C0991,champion,INV07918,2024-08-29,251.3,Apparel
C0991,champion,INV07919,2024-09-15,400.22,Apparel
C0991,champion,INV07920,2024-09-08,438.61,Electronics
C0991,champion,INV07921,2024-08-02,322.69,Home
C0991,champion,INV07922,2023-08-23,485.25,Home
C0991,champion,INV07923,2023-07-24,438.64,Sports
C0991,champion,INV07924,2024-08-11,298.76,Home
C0991,champion,INV07925,2023-07-02,363.68,Apparel
C0991,champion,INV07926,2023-09-12,149.39,Apparel
C0991,champion,INV07927,2022-10-09,500.53,Home
C0991,champion,INV07928,2023-01-11,260.27,Apparel
C0991,champion,INV07929,2023-02-17,473.91,Beauty
C0992,potential,INV07930,2024-09-19,58.15,Apparel
C0992,potential,INV07931,2024-08-13,86.74,Beauty
C0992,potential,INV07932,2024-07-05,68.04,Apparel
C0992,potential,INV07933,2024-06-06,69.15,Beauty
C0992,potential,INV07934,2024-06-15,51.29,Electronics
C0992,potential,INV07935,2024-06-06,73.44,Beauty
C0993,champion,INV07936,2024-12-21,325.85,Apparel
C0993,champion,INV07937,2024-11-12,245.67,Sports
C0993,champion,INV07938,2024-10-18,211.62,Sports
C0993,champion,INV07939,2024-11-18,173.75,Home
C0993,champion,INV07940,2024-11-11,313.58,Electronics
C0993,champion,INV07941,2024-09-12,196.09,Apparel
C0993,champion,INV07942,2024-05-25,212.96,Sports
C0993,champion,INV07943,2024-06-08,190.71,Sports
C0993,champion,INV07944,2024-09-24,274.85,Home
C0993,champion,INV07945,2024-02-10,265.7,Sports
C0993,champion,INV07946,2024-07-24,230.39,Sports
C0993,champion,INV07947,2024-08-22,300.04,Sports
C0993,champion,INV07948,2024-08-23,242.32,Apparel
C0993,champion,INV07949,2023-08-15,175.04,Beauty
C0993,champion,INV07950,2023-09-30,123.21,Beauty
C0993,champion,INV07951,2023-05-16,283.78,Apparel
C0993,champion,INV07952,2024-04-25,242.89,Electronics
C0993,champion,INV07953,2023-12-30,173.26,Apparel
C0993,champion,INV07954,2024-06-06,197.33,Electronics
C0994,potential,INV07955,2024-09-12,80.32,Sports
C0994,potential,INV07956,2024-08-10,58.7,Beauty
C0994,potential,INV07957,2024-06-26,103.16,Home
C0994,potential,INV07958,2024-08-16,80.06,Home
C0994,potential,INV07959,2024-07-18,85.29,Home
C0995,champion,INV07960,2024-12-03,445.97,Sports
C0995,champion,INV07961,2024-10-31,319.85,Home
C0995,champion,INV07962,2024-10-26,253.96,Apparel
C0995,champion,INV07963,2024-10-13,428.01,Apparel
C0995,champion,INV07964,2024-06-30,314.9,Beauty
C0995,champion,INV07965,2024-09-09,391.83,Home
C0995,champion,INV07966,2024-09-22,314.41,Apparel
C0995,champion,INV07967,2024-06-25,245.35,Home
C0995,champion,INV07968,2024-07-20,272.69,Apparel
C0995,champion,INV07969,2024-02-01,297.99,Sports
C0995,champion,INV07970,2024-06-26,359.19,Home
C0995,champion,INV07971,2024-08-15,302.39,Sports
C0995,champion,INV07972,2024-01-02,322.1,Beauty
C0995,champion,INV07973,2023-10-27,278.06,Apparel
C0995,champion,INV07974,2024-03-12,224.97,Home
C0995,champion,INV07975,2024-03-23,321.84,Apparel
C0995,champion,INV07976,2023-09-12,461.84,Beauty
C0995,champion,INV07977,2023-05-05,373.74,Apparel
C0995,champion,INV07978,2023-02-06,379.01,Electronics
C0995,champion,INV07979,2023-12-27,395.49,Electronics
C0995,champion,INV07980,2023-03-24,274.34,Apparel
C0995,champion,INV07981,2022-11-29,448.29,Electronics
C0995,champion,INV07982,2024-07-02,551.76,Sports
C0995,champion,INV07983,2023-04-15,322.04,Beauty
C0995,champion,INV07984,2023-01-31,253.65,Electronics
C0995,champion,INV07985,2023-10-30,377.61,Sports
C0995,champion,INV07986,2023-10-14,224.31,Apparel
C0996,champion,INV07987,2024-12-13,168.8,Apparel
C0996,champion,INV07988,2024-11-23,194.79,Electronics
C0996,champion,INV07989,2024-11-27,186.79,Apparel
C0996,champion,INV07990,2024-09-05,362.54,Apparel
C0996,champion,INV07991,2024-08-31,136.0,Apparel
C0996,champion,INV07992,2024-07-21,266.52,Beauty
C0996,champion,INV07993,2024-09-14,197.65,Beauty
C0996,champion,INV07994,2024-06-14,252.47,Beauty
C0996,champion,INV07995,2024-09-24,165.87,Apparel
C0996,champion,INV07996,2024-04-23,263.66,Electronics
C0996,champion,INV07997,2023-12-29,163.95,Electronics
C0996,champion,INV07998,2024-06-09,276.04,Sports
C0996,champion,INV07999,2024-07-10,233.73,Apparel
C0996,champion,INV08000,2024-01-10,336.17,Sports
C0996,champion,INV08001,2023-07-14,328.54,Sports
C0996,champion,INV08002,2023-08-06,154.55,Electronics
C0996,champion,INV08003,2024-04-01,131.47,Electronics
C0996,champion,INV08004,2024-02-11,209.41,Apparel
C0997,potential,INV08005,2024-10-15,110.7,Apparel
C0997,potential,INV08006,2024-09-20,62.63,Apparel
C0997,potential,INV08007,2024-08-30,127.17,Electronics
C0997,potential,INV08008,2024-08-04,100.07,Sports
C0997,potential,INV08009,2024-07-27,46.74,Apparel
C0997,potential,INV08010,2024-05-03,94.71,Apparel
C0998,lost,INV08011,2023-11-08,56.73,Electronics
C0999,atrisk,INV08012,2024-03-19,134.12,Electronics
C0999,atrisk,INV08013,2024-03-01,262.51,Apparel
C0999,atrisk,INV08014,2024-02-26,215.94,Apparel
C0999,atrisk,INV08015,2024-01-22,193.79,Apparel
C0999,atrisk,INV08016,2023-11-20,106.95,Electronics
C0999,atrisk,INV08017,2024-01-09,195.46,Sports
C0999,atrisk,INV08018,2023-12-02,143.61,Electronics
C0999,atrisk,INV08019,2023-08-08,49.34,Home
C1000,lost,INV08020,2024-03-03,28.56,Sports
