order_id,vendor_id,product_id,order_date,sla_days,actual_days,quantity,unit_cost,quality_status,delivery_date,total_cost,source_file,days_to_deliver,on_time,defect_flag,week_num
ORD-W01-0000,V008,SKU-0021,2025-01-05,3,4,244,193.08,Pass,2025-01-09,47111.52,week_01_orders.csv,4,False,False,1
ORD-W01-0001,V009,SKU-0017,2025-01-05,5,6,185,79.88,Pass,2025-01-11,14777.8,week_01_orders.csv,6,False,False,1
ORD-W01-0002,V006,SKU-0009,2025-01-02,10,2,382,115.55,Pass,2025-01-04,44140.1,week_01_orders.csv,2,True,False,1
ORD-W01-0003,V006,SKU-0037,2025-01-07,3,11,485,83.21,Pass,2025-01-18,40356.85,week_01_orders.csv,11,False,False,2
ORD-W01-0004,V002,SKU-0034,2025-01-03,3,7,49,51.37,Pass,2025-01-10,2517.13,week_01_orders.csv,7,False,False,1
ORD-W01-0005,V017,SKU-0010,2025-01-05,7,9,187,12.17,Pass,2025-01-14,2275.79,week_01_orders.csv,9,False,False,1
ORD-W01-0006,V004,SKU-0030,2025-01-04,10,5,170,139.77,Pass,2025-01-09,23760.9,week_01_orders.csv,5,True,False,1
ORD-W01-0007,V015,SKU-0029,2025-01-03,5,9,266,16.72,Pass,2025-01-12,4447.52,week_01_orders.csv,9,False,False,1
ORD-W01-0008,V014,SKU-0045,2025-01-03,3,2,349,43.36,Pass,2025-01-05,15132.64,week_01_orders.csv,2,True,False,1
ORD-W01-0009,V013,SKU-0018,2025-01-01,3,7,279,169.01,Pass,2025-01-08,47153.79,week_01_orders.csv,7,False,False,1
ORD-W01-0010,V016,SKU-0049,2025-01-07,5,6,76,198.85,Pass,2025-01-13,15112.6,week_01_orders.csv,6,False,False,2
ORD-W01-0011,V008,SKU-0049,2025-01-04,7,9,285,83.66,Pass,2025-01-13,23843.1,week_01_orders.csv,9,False,False,1
ORD-W01-0012,V002,SKU-0042,2025-01-02,7,5,406,29.26,Pass,2025-01-07,11879.56,week_01_orders.csv,5,True,False,1
ORD-W01-0013,V009,SKU-0012,2025-01-03,5,13,429,151.93,Pass,2025-01-16,65177.97,week_01_orders.csv,13,False,False,1
ORD-W01-0014,V020,SKU-0033,2025-01-06,7,4,363,25.24,Pass,2025-01-10,9162.12,week_01_orders.csv,4,True,False,2
ORD-W01-0015,V011,SKU-0001,2025-01-07,7,2,454,26.92,Defect,2025-01-09,12221.68,week_01_orders.csv,2,True,True,2
ORD-W01-0016,V008,SKU-0010,2025-01-03,10,10,86,87.76,Pending,2025-01-13,7547.36,week_01_orders.csv,10,True,False,1
ORD-W01-0017,V001,SKU-0039,2025-01-07,5,9,347,150.78,Pending,2025-01-16,52320.66,week_01_orders.csv,9,False,False,2
ORD-W01-0018,V012,SKU-0025,2025-01-06,3,9,163,199.78,Pass,2025-01-15,32564.14,week_01_orders.csv,9,False,False,2
ORD-W01-0019,V014,SKU-0029,2025-01-03,5,6,11,19.71,Pass,2025-01-09,216.81,week_01_orders.csv,6,False,False,1
ORD-W01-0020,V019,SKU-0035,2025-01-01,3,7,343,73.82,Pass,2025-01-08,25320.26,week_01_orders.csv,7,False,False,1
ORD-W01-0021,V018,SKU-0025,2025-01-06,7,6,175,121.36,Pass,2025-01-12,21238.0,week_01_orders.csv,6,True,False,2
ORD-W01-0022,V017,SKU-0047,2025-01-04,7,13,145,191.02,Pass,2025-01-17,27697.9,week_01_orders.csv,13,False,False,1
ORD-W01-0023,V015,SKU-0024,2025-01-06,7,4,424,147.09,Pass,2025-01-10,62366.16,week_01_orders.csv,4,True,False,2
ORD-W01-0024,V011,SKU-0050,2025-01-06,7,13,188,51.56,Pass,2025-01-19,9693.28,week_01_orders.csv,13,False,False,2
ORD-W01-0025,V010,SKU-0001,2025-01-02,7,2,467,59.55,Pass,2025-01-04,27809.85,week_01_orders.csv,2,True,False,1
ORD-W01-0026,V013,SKU-0029,2025-01-04,5,10,277,64.06,Pass,2025-01-14,17744.62,week_01_orders.csv,10,False,False,1
ORD-W01-0027,V013,SKU-0018,2025-01-03,10,13,26,130.47,Pass,2025-01-16,3392.22,week_01_orders.csv,13,False,False,1
ORD-W01-0028,V014,SKU-0020,2025-01-06,5,9,157,24.89,Pass,2025-01-15,3907.73,week_01_orders.csv,9,False,False,2
ORD-W01-0029,V010,SKU-0005,2025-01-05,5,4,449,183.71,Pass,2025-01-09,82485.79,week_01_orders.csv,4,True,False,1
ORD-W01-0030,V002,SKU-0028,2025-01-04,10,8,162,168.58,Pending,2025-01-12,27309.96,week_01_orders.csv,8,True,False,1
ORD-W01-0031,V014,SKU-0037,2025-01-03,7,6,175,112.45,Pass,2025-01-09,19678.75,week_01_orders.csv,6,True,False,1
ORD-W01-0032,V019,SKU-0033,2025-01-07,3,13,355,123.81,Pass,2025-01-20,43952.55,week_01_orders.csv,13,False,False,2
ORD-W01-0033,V017,SKU-0028,2025-01-06,5,3,88,38.53,Pass,2025-01-09,3390.64,week_01_orders.csv,3,True,False,2
ORD-W01-0034,V014,SKU-0022,2025-01-03,5,12,173,25.96,Defect,2025-01-15,4491.08,week_01_orders.csv,12,False,True,1
ORD-W01-0035,V019,SKU-0026,2025-01-01,3,12,402,92.03,Defect,2025-01-13,36996.06,week_01_orders.csv,12,False,True,1
ORD-W01-0036,V011,SKU-0035,2025-01-01,7,13,334,113.36,Pass,2025-01-14,37862.24,week_01_orders.csv,13,False,False,1
ORD-W01-0037,V001,SKU-0037,2025-01-02,5,7,400,63.22,Pass,2025-01-09,25288.0,week_01_orders.csv,7,False,False,1
ORD-W01-0038,V011,SKU-0038,2025-01-02,5,4,153,172.83,Pass,2025-01-06,26442.99,week_01_orders.csv,4,True,False,1
ORD-W01-0039,V004,SKU-0048,2025-01-07,5,6,142,56.19,Pass,2025-01-13,7978.98,week_01_orders.csv,6,False,False,2
ORD-W01-0040,V008,SKU-0010,2025-01-01,5,3,231,124.14,Pass,2025-01-04,28676.34,week_01_orders.csv,3,True,False,1
ORD-W01-0041,V019,SKU-0030,2025-01-05,7,4,479,147.24,Defect,2025-01-09,70527.96,week_01_orders.csv,4,True,True,1
ORD-W01-0042,V002,SKU-0033,2025-01-07,5,6,70,106.97,Pass,2025-01-13,7487.9,week_01_orders.csv,6,False,False,2
ORD-W01-0043,V020,SKU-0043,2025-01-07,5,9,61,121.07,Pass,2025-01-16,7385.27,week_01_orders.csv,9,False,False,2
ORD-W01-0044,V014,SKU-0035,2025-01-01,5,8,197,164.76,Pass,2025-01-09,32457.72,week_01_orders.csv,8,False,False,1
ORD-W01-0045,V020,SKU-0029,2025-01-03,5,11,378,132.82,Pass,2025-01-14,50205.96,week_01_orders.csv,11,False,False,1
ORD-W01-0046,V011,SKU-0002,2025-01-02,10,9,175,96.67,Pass,2025-01-11,16917.25,week_01_orders.csv,9,True,False,1
ORD-W01-0047,V003,SKU-0013,2025-01-01,5,11,282,172.93,Pass,2025-01-12,48766.26,week_01_orders.csv,11,False,False,1
ORD-W01-0048,V001,SKU-0024,2025-01-06,7,9,177,78.36,Pass,2025-01-15,13869.72,week_01_orders.csv,9,False,False,2
ORD-W01-0049,V014,SKU-0019,2025-01-06,7,11,16,30.89,Defect,2025-01-17,494.24,week_01_orders.csv,11,False,True,2
ORD-W01-0050,V004,SKU-0028,2025-01-05,7,3,289,179.2,Pass,2025-01-08,51788.8,week_01_orders.csv,3,True,False,1
ORD-W01-0051,V012,SKU-0031,2025-01-07,3,5,343,9.89,Pass,2025-01-12,3392.27,week_01_orders.csv,5,False,False,2
ORD-W01-0052,V003,SKU-0026,2025-01-07,3,13,204,97.96,Pass,2025-01-20,19983.84,week_01_orders.csv,13,False,False,2
ORD-W01-0053,V016,SKU-0003,2025-01-03,5,3,78,82.54,Pass,2025-01-06,6438.12,week_01_orders.csv,3,True,False,1
ORD-W01-0054,V002,SKU-0021,2025-01-01,5,8,423,23.19,Pass,2025-01-09,9809.37,week_01_orders.csv,8,False,False,1
ORD-W01-0055,V011,SKU-0043,2025-01-05,5,4,429,126.78,Pass,2025-01-09,54388.62,week_01_orders.csv,4,True,False,1
ORD-W01-0056,V003,SKU-0050,2025-01-04,5,4,463,111.37,Pass,2025-01-08,51564.31,week_01_orders.csv,4,True,False,1
ORD-W01-0057,V017,SKU-0030,2025-01-04,5,11,422,145.23,Pass,2025-01-15,61287.06,week_01_orders.csv,11,False,False,1
ORD-W01-0058,V004,SKU-0011,2025-01-04,5,9,342,108.0,Defect,2025-01-13,36936.0,week_01_orders.csv,9,False,True,1
ORD-W01-0059,V008,SKU-0046,2025-01-01,7,10,145,137.6,Pass,2025-01-11,19952.0,week_01_orders.csv,10,False,False,1
ORD-W01-0060,V014,SKU-0002,2025-01-07,3,3,214,24.2,Pass,2025-01-10,5178.8,week_01_orders.csv,3,True,False,2
ORD-W01-0061,V003,SKU-0032,2025-01-06,7,6,272,83.55,Defect,2025-01-12,22725.6,week_01_orders.csv,6,True,True,2
ORD-W01-0062,V017,SKU-0045,2025-01-07,3,12,327,164.44,Pass,2025-01-19,53771.88,week_01_orders.csv,12,False,False,2
ORD-W01-0063,V009,SKU-0047,2025-01-03,10,4,150,154.14,Defect,2025-01-07,23121.0,week_01_orders.csv,4,True,True,1
ORD-W01-0064,V020,SKU-0004,2025-01-02,5,6,283,181.57,Pass,2025-01-08,51384.31,week_01_orders.csv,6,False,False,1
ORD-W01-0065,V015,SKU-0017,2025-01-01,5,5,215,149.42,Pass,2025-01-06,32125.3,week_01_orders.csv,5,True,False,1
ORD-W01-0066,V001,SKU-0035,2025-01-02,7,10,417,116.58,Pass,2025-01-12,48613.86,week_01_orders.csv,10,False,False,1
ORD-W01-0067,V017,SKU-0006,2025-01-07,7,3,395,142.4,Pass,2025-01-10,56248.0,week_01_orders.csv,3,True,False,2
ORD-W01-0068,V011,SKU-0029,2025-01-05,10,5,253,180.5,Pass,2025-01-10,45666.5,week_01_orders.csv,5,True,False,1
ORD-W01-0069,V011,SKU-0013,2025-01-04,3,5,187,18.98,Defect,2025-01-09,3549.26,week_01_orders.csv,5,False,True,1
ORD-W01-0070,V016,SKU-0040,2025-01-04,5,4,261,129.97,Pass,2025-01-08,33922.17,week_01_orders.csv,4,True,False,1
ORD-W01-0071,V005,SKU-0014,2025-01-07,5,7,472,163.29,Pass,2025-01-14,77072.88,week_01_orders.csv,7,False,False,2
ORD-W01-0072,V015,SKU-0029,2025-01-04,7,11,21,113.29,Pass,2025-01-15,2379.09,week_01_orders.csv,11,False,False,1
ORD-W01-0073,V007,SKU-0022,2025-01-02,3,13,413,13.81,Pass,2025-01-15,5703.53,week_01_orders.csv,13,False,False,1
ORD-W01-0074,V007,SKU-0040,2025-01-03,7,12,279,143.6,Pass,2025-01-15,40064.4,week_01_orders.csv,12,False,False,1
ORD-W01-0075,V006,SKU-0048,2025-01-06,10,3,160,126.1,Defect,2025-01-09,20176.0,week_01_orders.csv,3,True,True,2
ORD-W01-0076,V020,SKU-0007,2025-01-07,5,13,155,17.54,Pass,2025-01-20,2718.7,week_01_orders.csv,13,False,False,2
ORD-W01-0077,V006,SKU-0013,2025-01-03,7,2,173,36.15,Pass,2025-01-05,6253.95,week_01_orders.csv,2,True,False,1
ORD-W01-0078,V018,SKU-0049,2025-01-03,10,13,121,139.69,Pass,2025-01-16,16902.49,week_01_orders.csv,13,False,False,1
ORD-W01-0079,V006,SKU-0044,2025-01-05,3,3,187,63.21,Pass,2025-01-08,11820.27,week_01_orders.csv,3,True,False,1
ORD-W01-0080,V012,SKU-0042,2025-01-07,5,13,425,196.83,Pass,2025-01-20,83652.75,week_01_orders.csv,13,False,False,2
ORD-W01-0081,V004,SKU-0017,2025-01-07,5,13,159,130.66,Pass,2025-01-20,20774.94,week_01_orders.csv,13,False,False,2
ORD-W01-0082,V007,SKU-0049,2025-01-07,3,5,296,185.94,Pending,2025-01-12,55038.24,week_01_orders.csv,5,False,False,2
ORD-W01-0083,V019,SKU-0022,2025-01-06,7,3,67,71.39,Defect,2025-01-09,4783.13,week_01_orders.csv,3,True,True,2
ORD-W01-0084,V019,SKU-0042,2025-01-03,3,8,461,95.41,Pass,2025-01-11,43984.01,week_01_orders.csv,8,False,False,1
ORD-W01-0085,V007,SKU-0001,2025-01-05,7,3,43,187.77,Pass,2025-01-08,8074.11,week_01_orders.csv,3,True,False,1
ORD-W01-0086,V014,SKU-0019,2025-01-01,5,3,339,191.45,Pass,2025-01-04,64901.55,week_01_orders.csv,3,True,False,1
ORD-W01-0087,V001,SKU-0036,2025-01-04,7,3,187,55.39,Pass,2025-01-07,10357.93,week_01_orders.csv,3,True,False,1
ORD-W01-0088,V015,SKU-0006,2025-01-04,7,3,324,147.78,Pass,2025-01-07,47880.72,week_01_orders.csv,3,True,False,1
ORD-W01-0089,V018,SKU-0027,2025-01-01,3,8,173,19.53,Pass,2025-01-09,3378.69,week_01_orders.csv,8,False,False,1
ORD-W01-0090,V008,SKU-0037,2025-01-04,5,10,270,156.51,Pass,2025-01-14,42257.7,week_01_orders.csv,10,False,False,1
ORD-W01-0091,V019,SKU-0012,2025-01-03,5,6,232,146.33,Pass,2025-01-09,33948.56,week_01_orders.csv,6,False,False,1
ORD-W01-0092,V010,SKU-0016,2025-01-07,3,4,181,23.19,Pass,2025-01-11,4197.39,week_01_orders.csv,4,False,False,2
ORD-W01-0093,V002,SKU-0014,2025-01-04,5,3,347,125.8,Pass,2025-01-07,43652.6,week_01_orders.csv,3,True,False,1
ORD-W01-0094,V017,SKU-0039,2025-01-07,5,7,361,187.99,Pass,2025-01-14,67864.39,week_01_orders.csv,7,False,False,2
ORD-W01-0095,V002,SKU-0027,2025-01-05,3,5,404,46.8,Pass,2025-01-10,18907.2,week_01_orders.csv,5,False,False,1
ORD-W01-0096,V012,SKU-0017,2025-01-06,5,4,303,175.65,Pass,2025-01-10,53221.95,week_01_orders.csv,4,True,False,2
ORD-W01-0097,V011,SKU-0003,2025-01-06,5,5,50,49.0,Pass,2025-01-11,2450.0,week_01_orders.csv,5,True,False,2
ORD-W01-0098,V018,SKU-0027,2025-01-02,5,6,330,132.31,Pass,2025-01-08,43662.3,week_01_orders.csv,6,False,False,1
ORD-W01-0099,V019,SKU-0025,2025-01-06,5,4,138,14.79,Pass,2025-01-10,2041.02,week_01_orders.csv,4,True,False,2
ORD-W01-0100,V014,SKU-0047,2025-01-02,5,12,60,161.14,Pass,2025-01-14,9668.4,week_01_orders.csv,12,False,False,1
ORD-W01-0101,V020,SKU-0045,2025-01-05,3,8,150,86.08,Defect,2025-01-13,12912.0,week_01_orders.csv,8,False,True,1
ORD-W01-0102,V003,SKU-0012,2025-01-02,7,10,139,37.0,Pass,2025-01-12,5143.0,week_01_orders.csv,10,False,False,1
ORD-W01-0103,V005,SKU-0050,2025-01-07,7,2,262,123.24,Pass,2025-01-09,32288.88,week_01_orders.csv,2,True,False,2
ORD-W01-0104,V004,SKU-0037,2025-01-07,10,4,481,58.92,Pass,2025-01-11,28340.52,week_01_orders.csv,4,True,False,2
ORD-W01-0105,V019,SKU-0009,2025-01-03,7,10,455,114.51,Pass,2025-01-13,52102.05,week_01_orders.csv,10,False,False,1
ORD-W01-0106,V014,SKU-0023,2025-01-02,3,6,23,114.69,Pass,2025-01-08,2637.87,week_01_orders.csv,6,False,False,1
ORD-W01-0107,V015,SKU-0025,2025-01-06,5,10,137,64.65,Pending,2025-01-16,8857.05,week_01_orders.csv,10,False,False,2
ORD-W01-0108,V005,SKU-0029,2025-01-01,3,8,85,154.51,Pass,2025-01-09,13133.35,week_01_orders.csv,8,False,False,1
ORD-W01-0109,V005,SKU-0012,2025-01-01,5,6,437,169.98,Pass,2025-01-07,74281.26,week_01_orders.csv,6,False,False,1
ORD-W01-0110,V007,SKU-0038,2025-01-05,10,11,59,65.9,Pass,2025-01-16,3888.1,week_01_orders.csv,11,False,False,1
ORD-W01-0111,V012,SKU-0023,2025-01-01,5,4,309,130.81,Pass,2025-01-05,40420.29,week_01_orders.csv,4,True,False,1
ORD-W01-0112,V007,SKU-0043,2025-01-01,7,11,208,72.92,Pass,2025-01-12,15167.36,week_01_orders.csv,11,False,False,1
ORD-W01-0113,V017,SKU-0013,2025-01-07,5,5,414,179.88,Pass,2025-01-12,74470.32,week_01_orders.csv,5,True,False,2
ORD-W01-0114,V019,SKU-0032,2025-01-03,7,7,254,137.51,Pass,2025-01-10,34927.54,week_01_orders.csv,7,True,False,1
ORD-W01-0115,V020,SKU-0003,2025-01-01,5,10,41,184.69,Pass,2025-01-11,7572.29,week_01_orders.csv,10,False,False,1
ORD-W01-0116,V011,SKU-0015,2025-01-07,3,9,41,90.4,Pass,2025-01-16,3706.4,week_01_orders.csv,9,False,False,2
ORD-W01-0117,V005,SKU-0011,2025-01-01,5,2,73,115.98,Pass,2025-01-03,8466.54,week_01_orders.csv,2,True,False,1
ORD-W01-0118,V019,SKU-0048,2025-01-02,10,3,21,124.39,Pass,2025-01-05,2612.19,week_01_orders.csv,3,True,False,1
ORD-W01-0119,V001,SKU-0034,2025-01-01,7,3,236,152.91,Pass,2025-01-04,36086.76,week_01_orders.csv,3,True,False,1
ORD-W01-0120,V017,SKU-0033,2025-01-03,7,3,452,189.23,Pass,2025-01-06,85531.96,week_01_orders.csv,3,True,False,1
ORD-W01-0121,V005,SKU-0013,2025-01-02,7,4,330,141.89,Pass,2025-01-06,46823.7,week_01_orders.csv,4,True,False,1
ORD-W01-0122,V001,SKU-0025,2025-01-07,10,8,438,65.46,Pass,2025-01-15,28671.48,week_01_orders.csv,8,True,False,2
ORD-W01-0123,V010,SKU-0047,2025-01-01,3,10,487,145.3,Defect,2025-01-11,70761.1,week_01_orders.csv,10,False,True,1
ORD-W01-0124,V011,SKU-0039,2025-01-03,5,2,165,19.29,Pass,2025-01-05,3182.85,week_01_orders.csv,2,True,False,1
ORD-W01-0125,V006,SKU-0015,2025-01-01,3,4,23,134.72,Pass,2025-01-05,3098.56,week_01_orders.csv,4,False,False,1
ORD-W01-0126,V005,SKU-0034,2025-01-04,3,2,165,159.81,Pass,2025-01-06,26368.65,week_01_orders.csv,2,True,False,1
ORD-W01-0127,V015,SKU-0045,2025-01-07,3,6,146,54.62,Defect,2025-01-13,7974.52,week_01_orders.csv,6,False,True,2
ORD-W01-0128,V002,SKU-0044,2025-01-05,7,9,23,190.85,Pass,2025-01-14,4389.55,week_01_orders.csv,9,False,False,1
ORD-W01-0129,V013,SKU-0020,2025-01-04,3,12,395,131.33,Pass,2025-01-16,51875.35,week_01_orders.csv,12,False,False,1
ORD-W01-0130,V002,SKU-0050,2025-01-06,5,10,14,42.43,Pass,2025-01-16,594.02,week_01_orders.csv,10,False,False,2
ORD-W01-0131,V012,SKU-0048,2025-01-04,7,7,68,165.08,Pass,2025-01-11,11225.44,week_01_orders.csv,7,True,False,1
ORD-W01-0132,V011,SKU-0029,2025-01-04,5,5,20,116.85,Pass,2025-01-09,2337.0,week_01_orders.csv,5,True,False,1
ORD-W02-0000,V018,SKU-0042,2025-01-11,7,3,378,22.47,Pass,2025-01-14,8493.66,week_02_orders.csv,3,True,False,2
ORD-W02-0001,V018,SKU-0041,2025-01-02,7,11,62,65.95,Pass,2025-01-13,4088.9,week_02_orders.csv,11,False,False,1
ORD-W02-0002,V006,SKU-0010,2025-01-05,3,5,77,13.55,Pass,2025-01-10,1043.35,week_02_orders.csv,5,False,False,1
ORD-W02-0003,V007,SKU-0039,2025-01-06,5,6,239,151.14,Pass,2025-01-12,36122.46,week_02_orders.csv,6,False,False,2
ORD-W02-0004,V010,SKU-0022,2025-01-12,10,6,287,138.41,Pass,2025-01-18,39723.67,week_02_orders.csv,6,True,False,2
ORD-W02-0005,V003,SKU-0007,2025-01-07,10,6,108,172.12,Pass,2025-01-13,18588.96,week_02_orders.csv,6,True,False,2
ORD-W02-0006,V002,SKU-0050,2025-01-05,5,6,411,48.15,Pass,2025-01-11,19789.65,week_02_orders.csv,6,False,False,1
ORD-W02-0007,V012,SKU-0007,2025-01-03,5,6,282,31.11,Pass,2025-01-09,8773.02,week_02_orders.csv,6,False,False,1
ORD-W02-0008,V014,SKU-0002,2025-01-14,3,9,263,9.19,Pass,2025-01-23,2416.97,week_02_orders.csv,9,False,False,3
ORD-W02-0009,V015,SKU-0050,2025-01-06,5,4,31,136.19,Pass,2025-01-10,4221.89,week_02_orders.csv,4,True,False,2
ORD-W02-0010,V001,SKU-0021,2025-01-01,10,11,68,150.72,Pass,2025-01-12,10248.96,week_02_orders.csv,11,False,False,1
ORD-W02-0011,V004,SKU-0029,2025-01-13,7,10,261,72.66,Pass,2025-01-23,18964.26,week_02_orders.csv,10,False,False,3
ORD-W02-0012,V013,SKU-0001,2025-01-12,7,2,357,154.83,Pass,2025-01-14,55274.31,week_02_orders.csv,2,True,False,2
ORD-W02-0013,V018,SKU-0049,2025-01-04,5,9,472,93.63,Pass,2025-01-13,44193.36,week_02_orders.csv,9,False,False,1
ORD-W02-0014,V018,SKU-0041,2025-01-08,5,13,489,184.19,Pass,2025-01-21,90068.91,week_02_orders.csv,13,False,False,2
ORD-W02-0015,V005,SKU-0005,2025-01-14,3,7,186,157.08,Pass,2025-01-21,29216.88,week_02_orders.csv,7,False,False,3
ORD-W02-0016,V016,SKU-0007,2025-01-14,3,11,349,49.98,Pass,2025-01-25,17443.02,week_02_orders.csv,11,False,False,3
ORD-W02-0017,V019,SKU-0004,2025-01-02,5,12,275,63.36,Pass,2025-01-14,17424.0,week_02_orders.csv,12,False,False,1
ORD-W02-0018,V014,SKU-0002,2025-01-12,7,9,353,83.12,Pass,2025-01-21,29341.36,week_02_orders.csv,9,False,False,2
ORD-W02-0019,V020,SKU-0015,2025-01-01,10,7,171,145.22,Pass,2025-01-08,24832.62,week_02_orders.csv,7,True,False,1
ORD-W02-0020,V005,SKU-0019,2025-01-04,5,10,264,109.71,Pass,2025-01-14,28963.44,week_02_orders.csv,10,False,False,1
ORD-W02-0021,V018,SKU-0034,2025-01-03,7,10,56,90.22,Pass,2025-01-13,5052.32,week_02_orders.csv,10,False,False,1
ORD-W02-0022,V001,SKU-0023,2025-01-10,5,2,50,170.57,Pass,2025-01-12,8528.5,week_02_orders.csv,2,True,False,2
ORD-W02-0023,V003,SKU-0033,2025-01-01,7,6,117,96.76,Defect,2025-01-07,11320.92,week_02_orders.csv,6,True,True,1
ORD-W02-0024,V006,SKU-0032,2025-01-04,5,7,387,173.03,Pass,2025-01-11,66962.61,week_02_orders.csv,7,False,False,1
ORD-W02-0025,V003,SKU-0034,2025-01-08,3,3,275,169.56,Pending,2025-01-11,46629.0,week_02_orders.csv,3,True,False,2
ORD-W02-0026,V004,SKU-0024,2025-01-09,7,3,479,7.49,Pass,2025-01-12,3587.71,week_02_orders.csv,3,True,False,2
ORD-W02-0027,V010,SKU-0035,2025-01-03,5,5,365,190.78,Pass,2025-01-08,69634.7,week_02_orders.csv,5,True,False,1
ORD-W02-0028,V001,SKU-0012,2025-01-02,5,13,219,71.95,Pass,2025-01-15,15757.05,week_02_orders.csv,13,False,False,1
ORD-W02-0029,V017,SKU-0050,2025-01-02,7,10,482,94.06,Pass,2025-01-12,45336.92,week_02_orders.csv,10,False,False,1
ORD-W02-0030,V012,SKU-0046,2025-01-14,10,5,108,95.52,Pass,2025-01-19,10316.16,week_02_orders.csv,5,True,False,3
ORD-W02-0031,V008,SKU-0042,2025-01-08,7,3,462,90.08,Pass,2025-01-11,41616.96,week_02_orders.csv,3,True,False,2
ORD-W02-0032,V004,SKU-0017,2025-01-02,10,4,100,119.99,Pass,2025-01-06,11999.0,week_02_orders.csv,4,True,False,1
ORD-W02-0033,V003,SKU-0032,2025-01-14,7,8,461,27.9,Pass,2025-01-22,12861.9,week_02_orders.csv,8,False,False,3
ORD-W02-0034,V005,SKU-0016,2025-01-02,7,12,162,139.0,Pass,2025-01-14,22518.0,week_02_orders.csv,12,False,False,1
ORD-W02-0035,V007,SKU-0021,2025-01-02,5,12,36,194.55,Pass,2025-01-14,7003.8,week_02_orders.csv,12,False,False,1
ORD-W02-0036,V014,SKU-0024,2025-01-08,3,5,211,148.85,Pass,2025-01-13,31407.35,week_02_orders.csv,5,False,False,2
ORD-W02-0037,V007,SKU-0045,2025-01-14,7,9,51,155.15,Pass,2025-01-23,7912.65,week_02_orders.csv,9,False,False,3
ORD-W02-0038,V010,SKU-0038,2025-01-08,3,12,107,170.57,Defect,2025-01-20,18250.99,week_02_orders.csv,12,False,True,2
ORD-W02-0039,V009,SKU-0042,2025-01-01,7,9,74,39.2,Pass,2025-01-10,2900.8,week_02_orders.csv,9,False,False,1
ORD-W02-0040,V012,SKU-0045,2025-01-11,7,7,67,11.01,Pass,2025-01-18,737.67,week_02_orders.csv,7,True,False,2
ORD-W02-0041,V011,SKU-0050,2025-01-09,5,6,33,73.58,Pass,2025-01-15,2428.14,week_02_orders.csv,6,False,False,2
ORD-W02-0042,V014,SKU-0015,2025-01-14,3,10,216,75.9,Pass,2025-01-24,16394.4,week_02_orders.csv,10,False,False,3
ORD-W02-0043,V014,SKU-0017,2025-01-02,10,4,288,81.18,Pass,2025-01-06,23379.84,week_02_orders.csv,4,True,False,1
ORD-W02-0044,V018,SKU-0007,2025-01-12,7,4,66,84.81,Pass,2025-01-16,5597.46,week_02_orders.csv,4,True,False,2
ORD-W02-0045,V015,SKU-0017,2025-01-09,3,3,233,6.45,Pass,2025-01-12,1502.85,week_02_orders.csv,3,True,False,2
ORD-W02-0046,V018,SKU-0039,2025-01-03,5,12,211,54.91,Pass,2025-01-15,11586.01,week_02_orders.csv,12,False,False,1
ORD-W02-0047,V009,SKU-0046,2025-01-01,10,12,262,87.53,Pass,2025-01-13,22932.86,week_02_orders.csv,12,False,False,1
ORD-W02-0048,V015,SKU-0027,2025-01-01,7,12,445,148.5,Pass,2025-01-13,66082.5,week_02_orders.csv,12,False,False,1
ORD-W02-0049,V012,SKU-0039,2025-01-02,5,7,481,170.33,Pass,2025-01-09,81928.73,week_02_orders.csv,7,False,False,1
ORD-W02-0050,V002,SKU-0037,2025-01-14,5,13,461,130.72,Pass,2025-01-27,60261.92,week_02_orders.csv,13,False,False,3
ORD-W02-0051,V003,SKU-0021,2025-01-09,10,11,92,61.53,Pass,2025-01-20,5660.76,week_02_orders.csv,11,False,False,2
ORD-W02-0052,V006,SKU-0008,2025-01-11,7,5,197,35.24,Pass,2025-01-16,6942.28,week_02_orders.csv,5,True,False,2
ORD-W02-0053,V020,SKU-0042,2025-01-10,3,10,413,150.2,Pass,2025-01-20,62032.6,week_02_orders.csv,10,False,False,2
ORD-W02-0054,V010,SKU-0026,2025-01-08,5,7,303,137.28,Defect,2025-01-15,41595.84,week_02_orders.csv,7,False,True,2
ORD-W02-0055,V014,SKU-0003,2025-01-11,5,10,103,105.51,Pass,2025-01-21,10867.53,week_02_orders.csv,10,False,False,2
ORD-W02-0056,V007,SKU-0003,2025-01-14,10,2,249,11.01,Pass,2025-01-16,2741.49,week_02_orders.csv,2,True,False,3
ORD-W02-0057,V014,SKU-0040,2025-01-10,5,9,214,104.61,Pass,2025-01-19,22386.54,week_02_orders.csv,9,False,False,2
ORD-W02-0058,V019,SKU-0049,2025-01-06,7,5,227,31.61,Pass,2025-01-11,7175.47,week_02_orders.csv,5,True,False,2
ORD-W02-0059,V012,SKU-0033,2025-01-04,3,7,294,129.65,Pass,2025-01-11,38117.1,week_02_orders.csv,7,False,False,1
ORD-W02-0060,V018,SKU-0014,2025-01-01,3,8,176,125.53,Pass,2025-01-09,22093.28,week_02_orders.csv,8,False,False,1
ORD-W02-0061,V013,SKU-0002,2025-01-13,5,10,369,172.56,Pass,2025-01-23,63674.64,week_02_orders.csv,10,False,False,3
ORD-W02-0062,V014,SKU-0027,2025-01-03,3,9,65,164.95,Defect,2025-01-12,10721.75,week_02_orders.csv,9,False,True,1
ORD-W02-0063,V004,SKU-0008,2025-01-01,7,7,458,193.79,Pass,2025-01-08,88755.82,week_02_orders.csv,7,True,False,1
ORD-W02-0064,V018,SKU-0002,2025-01-03,10,10,462,69.27,Pass,2025-01-13,32002.74,week_02_orders.csv,10,True,False,1
ORD-W02-0065,V009,SKU-0024,2025-01-12,5,12,252,99.29,Pass,2025-01-24,25021.08,week_02_orders.csv,12,False,False,2
ORD-W02-0066,V001,SKU-0010,2025-01-09,3,7,342,130.44,Pass,2025-01-16,44610.48,week_02_orders.csv,7,False,False,2
ORD-W02-0067,V017,SKU-0019,2025-01-12,5,6,106,41.95,Pass,2025-01-18,4446.7,week_02_orders.csv,6,False,False,2
ORD-W02-0068,V014,SKU-0036,2025-01-14,7,5,124,62.77,Pending,2025-01-19,7783.48,week_02_orders.csv,5,True,False,3
ORD-W02-0069,V012,SKU-0021,2025-01-11,7,8,125,165.28,Pass,2025-01-19,20660.0,week_02_orders.csv,8,False,False,2
ORD-W02-0070,V001,SKU-0041,2025-01-08,7,11,52,59.54,Pass,2025-01-19,3096.08,week_02_orders.csv,11,False,False,2
ORD-W02-0071,V018,SKU-0008,2025-01-04,10,6,243,19.44,Pass,2025-01-10,4723.92,week_02_orders.csv,6,True,False,1
ORD-W02-0072,V011,SKU-0041,2025-01-04,10,2,429,103.68,Pass,2025-01-06,44478.72,week_02_orders.csv,2,True,False,1
ORD-W02-0073,V015,SKU-0005,2025-01-13,5,11,71,165.75,Defect,2025-01-24,11768.25,week_02_orders.csv,11,False,True,3
ORD-W02-0074,V019,SKU-0025,2025-01-06,7,5,164,26.3,Pass,2025-01-11,4313.2,week_02_orders.csv,5,True,False,2
ORD-W02-0075,V005,SKU-0009,2025-01-07,5,3,344,181.59,Pending,2025-01-10,62466.96,week_02_orders.csv,3,True,False,2
ORD-W02-0076,V016,SKU-0039,2025-01-14,7,5,81,72.32,Pass,2025-01-19,5857.92,week_02_orders.csv,5,True,False,3
ORD-W02-0077,V015,SKU-0012,2025-01-11,5,12,175,90.97,Pass,2025-01-23,15919.75,week_02_orders.csv,12,False,False,2
ORD-W02-0078,V009,SKU-0007,2025-01-04,7,13,392,109.51,Pass,2025-01-17,42927.92,week_02_orders.csv,13,False,False,1
ORD-W02-0079,V016,SKU-0049,2025-01-03,7,9,69,98.09,Pass,2025-01-12,6768.21,week_02_orders.csv,9,False,False,1
ORD-W02-0080,V017,SKU-0047,2025-01-03,5,11,201,101.03,Defect,2025-01-14,20307.03,week_02_orders.csv,11,False,True,1
ORD-W02-0081,V005,SKU-0050,2025-01-12,3,9,402,41.22,Pass,2025-01-21,16570.44,week_02_orders.csv,9,False,False,2
ORD-W02-0082,V011,SKU-0038,2025-01-14,7,2,475,125.89,Defect,2025-01-16,59797.75,week_02_orders.csv,2,True,True,3
ORD-W02-0083,V002,SKU-0050,2025-01-07,5,13,482,137.77,Pass,2025-01-20,66405.14,week_02_orders.csv,13,False,False,2
ORD-W02-0084,V011,SKU-0032,2025-01-05,7,7,325,59.37,Pass,2025-01-12,19295.25,week_02_orders.csv,7,True,False,1
ORD-W02-0085,V004,SKU-0015,2025-01-09,5,7,101,153.02,Pass,2025-01-16,15455.02,week_02_orders.csv,7,False,False,2
ORD-W02-0086,V013,SKU-0042,2025-01-14,10,5,353,190.04,Pass,2025-01-19,67084.12,week_02_orders.csv,5,True,False,3
ORD-W02-0087,V016,SKU-0038,2025-01-03,3,7,322,160.21,Pass,2025-01-10,51587.62,week_02_orders.csv,7,False,False,1
ORD-W02-0088,V001,SKU-0016,2025-01-06,7,8,149,18.03,Pass,2025-01-14,2686.47,week_02_orders.csv,8,False,False,2
ORD-W02-0089,V018,SKU-0016,2025-01-09,3,10,169,93.54,Pass,2025-01-19,15808.26,week_02_orders.csv,10,False,False,2
ORD-W02-0090,V020,SKU-0015,2025-01-14,3,2,62,156.23,Pass,2025-01-16,9686.26,week_02_orders.csv,2,True,False,3
ORD-W02-0091,V008,SKU-0019,2025-01-10,5,3,354,43.65,Pass,2025-01-13,15452.1,week_02_orders.csv,3,True,False,2
ORD-W02-0092,V009,SKU-0035,2025-01-01,3,3,138,52.47,Pass,2025-01-04,7240.86,week_02_orders.csv,3,True,False,1
ORD-W02-0093,V007,SKU-0018,2025-01-10,7,11,57,164.88,Pass,2025-01-21,9398.16,week_02_orders.csv,11,False,False,2
ORD-W02-0094,V005,SKU-0031,2025-01-14,5,3,342,132.27,Pass,2025-01-17,45236.34,week_02_orders.csv,3,True,False,3
ORD-W02-0095,V020,SKU-0031,2025-01-02,5,13,72,75.53,Defect,2025-01-15,5438.16,week_02_orders.csv,13,False,True,1
ORD-W02-0096,V019,SKU-0003,2025-01-01,10,11,138,87.31,Pass,2025-01-12,12048.78,week_02_orders.csv,11,False,False,1
ORD-W02-0097,V007,SKU-0001,2025-01-13,5,4,184,71.18,Pass,2025-01-17,13097.12,week_02_orders.csv,4,True,False,3
ORD-W02-0098,V002,SKU-0009,2025-01-03,7,13,324,81.08,Pass,2025-01-16,26269.92,week_02_orders.csv,13,False,False,1
ORD-W02-0099,V018,SKU-0003,2025-01-01,5,6,304,49.51,Pass,2025-01-07,15051.04,week_02_orders.csv,6,False,False,1
ORD-W02-0100,V016,SKU-0006,2025-01-11,5,9,135,110.28,Pass,2025-01-20,14887.8,week_02_orders.csv,9,False,False,2
ORD-W02-0101,V005,SKU-0029,2025-01-04,3,12,466,5.8,Pass,2025-01-16,2702.8,week_02_orders.csv,12,False,False,1
ORD-W02-0102,V010,SKU-0043,2025-01-09,5,9,333,129.77,Pass,2025-01-18,43213.41,week_02_orders.csv,9,False,False,2
ORD-W02-0103,V014,SKU-0046,2025-01-10,5,13,16,6.69,Pass,2025-01-23,107.04,week_02_orders.csv,13,False,False,2
ORD-W02-0104,V005,SKU-0007,2025-01-04,5,2,334,107.71,Pass,2025-01-06,35975.14,week_02_orders.csv,2,True,False,1
ORD-W02-0105,V014,SKU-0018,2025-01-13,5,5,40,74.15,Pass,2025-01-18,2966.0,week_02_orders.csv,5,True,False,3
ORD-W02-0106,V004,SKU-0040,2025-01-08,3,11,100,9.07,Pass,2025-01-19,907.0,week_02_orders.csv,11,False,False,2
ORD-W02-0107,V002,SKU-0035,2025-01-02,5,13,106,110.69,Pass,2025-01-15,11733.14,week_02_orders.csv,13,False,False,1
ORD-W02-0108,V012,SKU-0024,2025-01-02,7,12,212,111.3,Pass,2025-01-14,23595.6,week_02_orders.csv,12,False,False,1
ORD-W02-0109,V012,SKU-0039,2025-01-10,5,6,56,130.53,Pass,2025-01-16,7309.68,week_02_orders.csv,6,False,False,2
ORD-W02-0110,V011,SKU-0007,2025-01-14,3,9,161,82.85,Defect,2025-01-23,13338.85,week_02_orders.csv,9,False,True,3
ORD-W02-0111,V008,SKU-0005,2025-01-02,10,8,348,180.02,Pass,2025-01-10,62646.96,week_02_orders.csv,8,True,False,1
ORD-W02-0112,V020,SKU-0045,2025-01-09,3,7,284,21.28,Pass,2025-01-16,6043.52,week_02_orders.csv,7,False,False,2
ORD-W02-0113,V008,SKU-0040,2025-01-13,5,11,356,182.94,Pass,2025-01-24,65126.64,week_02_orders.csv,11,False,False,3
ORD-W02-0114,V005,SKU-0022,2025-01-10,3,12,162,41.24,Pass,2025-01-22,6680.88,week_02_orders.csv,12,False,False,2
ORD-W02-0115,V006,SKU-0018,2025-01-13,7,10,233,43.87,Pass,2025-01-23,10221.71,week_02_orders.csv,10,False,False,3
ORD-W02-0116,V011,SKU-0024,2025-01-03,5,2,465,29.27,Pass,2025-01-05,13610.55,week_02_orders.csv,2,True,False,1
ORD-W02-0117,V018,SKU-0045,2025-01-07,3,12,253,53.92,Pass,2025-01-19,13641.76,week_02_orders.csv,12,False,False,2
ORD-W02-0118,V008,SKU-0045,2025-01-14,5,5,448,91.57,Pass,2025-01-19,41023.36,week_02_orders.csv,5,True,False,3
ORD-W02-0119,V006,SKU-0011,2025-01-08,5,13,238,26.57,Pass,2025-01-21,6323.66,week_02_orders.csv,13,False,False,2
ORD-W02-0120,V015,SKU-0046,2025-01-03,5,2,450,155.99,Pass,2025-01-05,70195.5,week_02_orders.csv,2,True,False,1
ORD-W02-0121,V004,SKU-0025,2025-01-08,7,11,247,54.36,Defect,2025-01-19,13426.92,week_02_orders.csv,11,False,True,2
ORD-W02-0122,V016,SKU-0041,2025-01-04,10,10,65,151.34,Pass,2025-01-14,9837.1,week_02_orders.csv,10,True,False,1
ORD-W02-0123,V003,SKU-0016,2025-01-04,5,4,374,66.1,Pass,2025-01-08,24721.4,week_02_orders.csv,4,True,False,1
ORD-W02-0124,V019,SKU-0021,2025-01-10,5,2,434,197.34,Pass,2025-01-12,85645.56,week_02_orders.csv,2,True,False,2
ORD-W02-0125,V017,SKU-0021,2025-01-10,3,7,169,56.9,Pass,2025-01-17,9616.1,week_02_orders.csv,7,False,False,2
ORD-W02-0126,V015,SKU-0023,2025-01-01,10,12,263,76.32,Pass,2025-01-13,20072.16,week_02_orders.csv,12,False,False,1
ORD-W02-0127,V002,SKU-0043,2025-01-02,10,11,230,22.71,Pass,2025-01-13,5223.3,week_02_orders.csv,11,False,False,1
ORD-W02-0128,V013,SKU-0013,2025-01-03,3,9,273,147.86,Pass,2025-01-12,40365.78,week_02_orders.csv,9,False,False,1
ORD-W02-0129,V013,SKU-0035,2025-01-05,5,7,172,60.62,Pass,2025-01-12,10426.64,week_02_orders.csv,7,False,False,1
ORD-W02-0130,V006,SKU-0021,2025-01-12,10,5,174,193.7,Pass,2025-01-17,33703.8,week_02_orders.csv,5,True,False,2
ORD-W02-0131,V015,SKU-0015,2025-01-09,5,6,99,169.89,Pass,2025-01-15,16819.11,week_02_orders.csv,6,False,False,2
ORD-W02-0132,V016,SKU-0037,2025-01-02,3,11,478,179.2,Pass,2025-01-13,85657.6,week_02_orders.csv,11,False,False,1
ORD-W02-0133,V011,SKU-0007,2025-01-14,5,7,63,80.2,Pass,2025-01-21,5052.6,week_02_orders.csv,7,False,False,3
ORD-W02-0134,V016,SKU-0017,2025-01-14,5,4,156,122.8,Pass,2025-01-18,19156.8,week_02_orders.csv,4,True,False,3
ORD-W02-0135,V002,SKU-0024,2025-01-11,10,9,28,20.68,Pass,2025-01-20,579.04,week_02_orders.csv,9,True,False,2
ORD-W02-0136,V014,SKU-0004,2025-01-13,7,11,307,67.51,Pass,2025-01-24,20725.57,week_02_orders.csv,11,False,False,3
ORD-W02-0137,V005,SKU-0033,2025-01-08,3,5,436,75.07,Pass,2025-01-13,32730.52,week_02_orders.csv,5,False,False,2
ORD-W02-0138,V009,SKU-0001,2025-01-02,7,5,32,197.85,Pass,2025-01-07,6331.2,week_02_orders.csv,5,True,False,1
ORD-W02-0139,V006,SKU-0049,2025-01-10,7,5,42,8.13,Pass,2025-01-15,341.46,week_02_orders.csv,5,True,False,2
ORD-W02-0140,V019,SKU-0045,2025-01-14,5,7,271,50.24,Pass,2025-01-21,13615.04,week_02_orders.csv,7,False,False,3
ORD-W02-0141,V013,SKU-0013,2025-01-12,3,8,138,135.05,Defect,2025-01-20,18636.9,week_02_orders.csv,8,False,True,2
ORD-W02-0142,V017,SKU-0025,2025-01-10,7,8,200,42.8,Pass,2025-01-18,8560.0,week_02_orders.csv,8,False,False,2
ORD-W02-0143,V020,SKU-0020,2025-01-01,5,6,177,195.8,Pass,2025-01-07,34656.6,week_02_orders.csv,6,False,False,1
ORD-W02-0144,V016,SKU-0029,2025-01-13,5,6,356,39.87,Pass,2025-01-19,14193.72,week_02_orders.csv,6,False,False,3
ORD-W02-0145,V006,SKU-0013,2025-01-13,5,5,342,81.3,Pass,2025-01-18,27804.6,week_02_orders.csv,5,True,False,3
ORD-W02-0146,V017,SKU-0006,2025-01-05,7,5,305,106.39,Pass,2025-01-10,32448.95,week_02_orders.csv,5,True,False,1
ORD-W02-0147,V016,SKU-0030,2025-01-14,5,6,203,132.3,Pending,2025-01-20,26856.9,week_02_orders.csv,6,False,False,3
ORD-W02-0148,V015,SKU-0041,2025-01-13,3,11,467,19.21,Pass,2025-01-24,8971.07,week_02_orders.csv,11,False,False,3
ORD-W02-0149,V003,SKU-0042,2025-01-09,5,11,400,160.5,Pass,2025-01-20,64200.0,week_02_orders.csv,11,False,False,2
ORD-W02-0150,V001,SKU-0038,2025-01-10,3,10,498,192.82,Pass,2025-01-20,96024.36,week_02_orders.csv,10,False,False,2
ORD-W02-0151,V005,SKU-0005,2025-01-14,7,9,52,161.0,Pass,2025-01-23,8372.0,week_02_orders.csv,9,False,False,3
ORD-W02-0152,V016,SKU-0014,2025-01-08,5,2,232,145.14,Pass,2025-01-10,33672.48,week_02_orders.csv,2,True,False,2
ORD-W02-0153,V012,SKU-0048,2025-01-03,3,5,288,117.11,Pass,2025-01-08,33727.68,week_02_orders.csv,5,False,False,1
ORD-W02-0154,V010,SKU-0024,2025-01-06,5,5,27,28.79,Pass,2025-01-11,777.33,week_02_orders.csv,5,True,False,2
ORD-W02-0155,V006,SKU-0032,2025-01-08,5,3,305,31.65,Pass,2025-01-11,9653.25,week_02_orders.csv,3,True,False,2
ORD-W02-0156,V020,SKU-0032,2025-01-01,3,11,490,192.26,Pass,2025-01-12,94207.4,week_02_orders.csv,11,False,False,1
ORD-W02-0157,V011,SKU-0017,2025-01-08,7,7,346,173.69,Pass,2025-01-15,60096.74,week_02_orders.csv,7,True,False,2
ORD-W02-0158,V012,SKU-0026,2025-01-14,7,9,494,70.45,Pass,2025-01-23,34802.3,week_02_orders.csv,9,False,False,3
ORD-W02-0159,V011,SKU-0026,2025-01-04,5,3,454,82.73,Pass,2025-01-07,37559.42,week_02_orders.csv,3,True,False,1
ORD-W02-0160,V018,SKU-0049,2025-01-13,5,7,241,190.03,Pass,2025-01-20,45797.23,week_02_orders.csv,7,False,False,3
ORD-W02-0161,V008,SKU-0001,2025-01-11,7,9,415,43.83,Pass,2025-01-20,18189.45,week_02_orders.csv,9,False,False,2
ORD-W02-0162,V011,SKU-0032,2025-01-09,7,5,445,23.93,Pass,2025-01-14,10648.85,week_02_orders.csv,5,True,False,2
ORD-W02-0163,V001,SKU-0036,2025-01-05,7,8,295,133.26,Pending,2025-01-13,39311.7,week_02_orders.csv,8,False,False,1
ORD-W02-0164,V014,SKU-0013,2025-01-05,5,13,425,74.07,Defect,2025-01-18,31479.75,week_02_orders.csv,13,False,True,1
ORD-W02-0165,V006,SKU-0012,2025-01-01,5,8,16,146.62,Pass,2025-01-09,2345.92,week_02_orders.csv,8,False,False,1
ORD-W02-0166,V016,SKU-0038,2025-01-11,7,3,405,61.99,Pass,2025-01-14,25105.95,week_02_orders.csv,3,True,False,2
ORD-W02-0167,V018,SKU-0016,2025-01-03,5,2,257,120.46,Pass,2025-01-05,30958.22,week_02_orders.csv,2,True,False,1
ORD-W02-0168,V012,SKU-0016,2025-01-04,5,9,226,43.28,Pass,2025-01-13,9781.28,week_02_orders.csv,9,False,False,1
ORD-W02-0169,V008,SKU-0003,2025-01-10,5,13,324,113.99,Pass,2025-01-23,36932.76,week_02_orders.csv,13,False,False,2
ORD-W03-0000,V011,SKU-0013,2025-01-17,3,7,278,186.89,Pass,2025-01-24,51955.42,week_03_orders.csv,7,False,False,3
ORD-W03-0001,V006,SKU-0014,2025-01-14,7,6,138,72.92,Pass,2025-01-20,10062.96,week_03_orders.csv,6,True,False,3
ORD-W03-0002,V008,SKU-0029,2025-01-08,5,7,63,56.95,Pass,2025-01-15,3587.85,week_03_orders.csv,7,False,False,2
ORD-W03-0003,V013,SKU-0046,2025-01-02,7,4,129,191.0,Pass,2025-01-06,24639.0,week_03_orders.csv,4,True,False,1
ORD-W03-0004,V007,SKU-0015,2025-01-14,5,6,225,162.73,Pass,2025-01-20,36614.25,week_03_orders.csv,6,False,False,3
ORD-W03-0005,V006,SKU-0006,2025-01-07,5,12,94,121.27,Pass,2025-01-19,11399.38,week_03_orders.csv,12,False,False,2
ORD-W03-0006,V017,SKU-0046,2025-01-13,10,4,30,179.19,Pass,2025-01-17,5375.7,week_03_orders.csv,4,True,False,3
ORD-W03-0007,V017,SKU-0031,2025-01-05,3,5,312,172.51,Pass,2025-01-10,53823.12,week_03_orders.csv,5,False,False,1
ORD-W03-0008,V015,SKU-0001,2025-01-16,5,4,254,82.03,Defect,2025-01-20,20835.62,week_03_orders.csv,4,True,True,3
ORD-W03-0009,V008,SKU-0023,2025-01-02,7,4,396,79.61,Pass,2025-01-06,31525.56,week_03_orders.csv,4,True,False,1
ORD-W03-0010,V019,SKU-0014,2025-01-07,5,13,264,73.45,Pass,2025-01-20,19390.8,week_03_orders.csv,13,False,False,2
ORD-W03-0011,V006,SKU-0045,2025-01-20,7,13,69,33.19,Pass,2025-02-02,2290.11,week_03_orders.csv,13,False,False,4
ORD-W03-0012,V009,SKU-0042,2025-01-13,10,11,170,17.04,Defect,2025-01-24,2896.8,week_03_orders.csv,11,False,True,3
ORD-W03-0013,V018,SKU-0025,2025-01-19,7,12,437,98.87,Defect,2025-01-31,43206.19,week_03_orders.csv,12,False,True,3
ORD-W03-0014,V011,SKU-0001,2025-01-12,3,9,158,59.72,Pass,2025-01-21,9435.76,week_03_orders.csv,9,False,False,2
ORD-W03-0015,V016,SKU-0038,2025-01-16,5,9,122,53.79,Defect,2025-01-25,6562.38,week_03_orders.csv,9,False,True,3
ORD-W03-0016,V015,SKU-0001,2025-01-05,5,13,277,15.29,Defect,2025-01-18,4235.33,week_03_orders.csv,13,False,True,1
ORD-W03-0017,V020,SKU-0008,2025-01-21,5,3,145,41.72,Pass,2025-01-24,6049.4,week_03_orders.csv,3,True,False,4
ORD-W03-0018,V004,SKU-0023,2025-01-21,5,13,26,137.38,Pass,2025-02-03,3571.88,week_03_orders.csv,13,False,False,4
ORD-W03-0019,V006,SKU-0041,2025-01-02,3,12,336,163.51,Pass,2025-01-14,54939.36,week_03_orders.csv,12,False,False,1
ORD-W03-0020,V014,SKU-0042,2025-01-11,3,6,224,51.56,Pass,2025-01-17,11549.44,week_03_orders.csv,6,False,False,2
ORD-W03-0021,V013,SKU-0049,2025-01-19,7,7,405,121.64,Pending,2025-01-26,49264.2,week_03_orders.csv,7,True,False,3
ORD-W03-0022,V011,SKU-0039,2025-01-20,5,13,434,176.46,Pass,2025-02-02,76583.64,week_03_orders.csv,13,False,False,4
ORD-W03-0023,V016,SKU-0013,2025-01-08,7,9,468,42.7,Pass,2025-01-17,19983.6,week_03_orders.csv,9,False,False,2
ORD-W03-0024,V010,SKU-0016,2025-01-03,5,12,421,178.35,Pass,2025-01-15,75085.35,week_03_orders.csv,12,False,False,1
ORD-W03-0025,V009,SKU-0009,2025-01-10,7,2,108,89.7,Defect,2025-01-12,9687.6,week_03_orders.csv,2,True,True,2
ORD-W03-0026,V009,SKU-0043,2025-01-11,3,12,268,12.82,Pending,2025-01-23,3435.76,week_03_orders.csv,12,False,False,2
ORD-W03-0027,V014,SKU-0012,2025-01-18,10,11,34,27.64,Pass,2025-01-29,939.76,week_03_orders.csv,11,False,False,3
ORD-W03-0028,V012,SKU-0001,2025-01-17,5,2,26,89.03,Pass,2025-01-19,2314.78,week_03_orders.csv,2,True,False,3
ORD-W03-0029,V012,SKU-0016,2025-01-10,3,13,181,82.0,Pass,2025-01-23,14842.0,week_03_orders.csv,13,False,False,2
ORD-W03-0030,V003,SKU-0030,2025-01-06,10,13,63,175.44,Pass,2025-01-19,11052.72,week_03_orders.csv,13,False,False,2
ORD-W03-0031,V001,SKU-0039,2025-01-05,3,8,213,96.77,Pass,2025-01-13,20612.01,week_03_orders.csv,8,False,False,1
ORD-W03-0032,V015,SKU-0008,2025-01-15,5,12,255,191.93,Pass,2025-01-27,48942.15,week_03_orders.csv,12,False,False,3
ORD-W03-0033,V011,SKU-0001,2025-01-08,7,10,240,140.13,Pass,2025-01-18,33631.2,week_03_orders.csv,10,False,False,2
ORD-W03-0034,V019,SKU-0037,2025-01-15,7,12,242,143.31,Pass,2025-01-27,34681.02,week_03_orders.csv,12,False,False,3
ORD-W03-0035,V014,SKU-0031,2025-01-10,3,4,385,114.96,Pass,2025-01-14,44259.6,week_03_orders.csv,4,False,False,2
ORD-W03-0036,V017,SKU-0021,2025-01-08,7,13,333,190.05,Pass,2025-01-21,63286.65,week_03_orders.csv,13,False,False,2
ORD-W03-0037,V014,SKU-0020,2025-01-06,5,7,288,17.03,Pass,2025-01-13,4904.64,week_03_orders.csv,7,False,False,2
ORD-W03-0038,V009,SKU-0032,2025-01-14,3,3,165,36.65,Pass,2025-01-17,6047.25,week_03_orders.csv,3,True,False,3
ORD-W03-0039,V017,SKU-0038,2025-01-14,7,4,306,165.84,Pass,2025-01-18,50747.04,week_03_orders.csv,4,True,False,3
ORD-W03-0040,V007,SKU-0044,2025-01-06,3,12,446,139.78,Pass,2025-01-18,62341.88,week_03_orders.csv,12,False,False,2
ORD-W03-0041,V001,SKU-0026,2025-01-09,5,8,480,131.69,Pass,2025-01-17,63211.2,week_03_orders.csv,8,False,False,2
ORD-W03-0042,V002,SKU-0048,2025-01-13,7,2,180,102.45,Defect,2025-01-15,18441.0,week_03_orders.csv,2,True,True,3
ORD-W03-0043,V009,SKU-0041,2025-01-13,7,9,28,29.78,Pass,2025-01-22,833.84,week_03_orders.csv,9,False,False,3
ORD-W03-0044,V016,SKU-0011,2025-01-18,5,8,81,124.07,Pending,2025-01-26,10049.67,week_03_orders.csv,8,False,False,3
ORD-W03-0045,V006,SKU-0006,2025-01-14,7,10,273,85.88,Pass,2025-01-24,23445.24,week_03_orders.csv,10,False,False,3
ORD-W03-0046,V004,SKU-0025,2025-01-19,7,11,459,30.59,Pass,2025-01-30,14040.81,week_03_orders.csv,11,False,False,3
ORD-W03-0047,V006,SKU-0041,2025-01-19,5,11,43,67.84,Pass,2025-01-30,2917.12,week_03_orders.csv,11,False,False,3
ORD-W03-0048,V008,SKU-0026,2025-01-11,3,5,220,150.55,Pass,2025-01-16,33121.0,week_03_orders.csv,5,False,False,2
ORD-W03-0049,V014,SKU-0021,2025-01-11,3,6,166,120.96,Pass,2025-01-17,20079.36,week_03_orders.csv,6,False,False,2
ORD-W03-0050,V020,SKU-0017,2025-01-08,3,2,205,69.49,Pass,2025-01-10,14245.45,week_03_orders.csv,2,True,False,2
ORD-W03-0051,V013,SKU-0002,2025-01-12,10,2,127,49.03,Pass,2025-01-14,6226.81,week_03_orders.csv,2,True,False,2
ORD-W03-0052,V019,SKU-0048,2025-01-19,5,12,483,46.46,Pass,2025-01-31,22440.18,week_03_orders.csv,12,False,False,3
ORD-W03-0053,V015,SKU-0024,2025-01-16,7,12,374,13.8,Pass,2025-01-28,5161.2,week_03_orders.csv,12,False,False,3
ORD-W03-0054,V015,SKU-0042,2025-01-08,10,4,81,106.87,Pass,2025-01-12,8656.47,week_03_orders.csv,4,True,False,2
ORD-W03-0055,V002,SKU-0039,2025-01-13,5,7,129,180.89,Pass,2025-01-20,23334.81,week_03_orders.csv,7,False,False,3
ORD-W03-0056,V020,SKU-0006,2025-01-05,7,2,461,13.82,Pass,2025-01-07,6371.02,week_03_orders.csv,2,True,False,1
ORD-W03-0057,V009,SKU-0031,2025-01-12,7,7,355,163.34,Pass,2025-01-19,57985.7,week_03_orders.csv,7,True,False,2
ORD-W03-0058,V003,SKU-0036,2025-01-03,5,4,399,10.18,Pending,2025-01-07,4061.82,week_03_orders.csv,4,True,False,1
ORD-W03-0059,V006,SKU-0026,2025-01-07,5,5,219,159.72,Pass,2025-01-12,34978.68,week_03_orders.csv,5,True,False,2
ORD-W03-0060,V011,SKU-0035,2025-01-17,5,3,51,41.29,Pass,2025-01-20,2105.79,week_03_orders.csv,3,True,False,3
ORD-W03-0061,V013,SKU-0027,2025-01-06,7,6,372,197.11,Pass,2025-01-12,73324.92,week_03_orders.csv,6,True,False,2
ORD-W03-0062,V007,SKU-0020,2025-01-04,5,4,176,37.2,Pass,2025-01-08,6547.2,week_03_orders.csv,4,True,False,1
ORD-W03-0063,V014,SKU-0025,2025-01-07,10,5,286,144.32,Pass,2025-01-12,41275.52,week_03_orders.csv,5,True,False,2
ORD-W03-0064,V013,SKU-0008,2025-01-18,7,9,349,24.19,Pass,2025-01-27,8442.31,week_03_orders.csv,9,False,False,3
ORD-W03-0065,V015,SKU-0049,2025-01-04,5,2,234,173.49,Defect,2025-01-06,40596.66,week_03_orders.csv,2,True,True,1
ORD-W03-0066,V001,SKU-0001,2025-01-04,10,13,144,84.43,Pass,2025-01-17,12157.92,week_03_orders.csv,13,False,False,1
ORD-W03-0067,V006,SKU-0045,2025-01-05,5,5,487,71.44,Pass,2025-01-10,34791.28,week_03_orders.csv,5,True,False,1
ORD-W03-0068,V015,SKU-0040,2025-01-04,5,4,326,48.32,Pass,2025-01-08,15752.32,week_03_orders.csv,4,True,False,1
ORD-W03-0069,V018,SKU-0007,2025-01-20,5,12,86,21.47,Pass,2025-02-01,1846.42,week_03_orders.csv,12,False,False,4
ORD-W03-0070,V005,SKU-0010,2025-01-04,3,9,378,143.81,Pass,2025-01-13,54360.18,week_03_orders.csv,9,False,False,1
ORD-W03-0071,V003,SKU-0039,2025-01-20,3,13,426,76.44,Pass,2025-02-02,32563.44,week_03_orders.csv,13,False,False,4
ORD-W03-0072,V013,SKU-0022,2025-01-18,10,7,365,68.75,Pass,2025-01-25,25093.75,week_03_orders.csv,7,True,False,3
ORD-W03-0073,V009,SKU-0039,2025-01-04,3,5,461,91.47,Pass,2025-01-09,42167.67,week_03_orders.csv,5,False,False,1
ORD-W03-0074,V007,SKU-0018,2025-01-01,7,12,109,57.86,Defect,2025-01-13,6306.74,week_03_orders.csv,12,False,True,1
ORD-W03-0075,V016,SKU-0035,2025-01-21,5,6,446,120.35,Defect,2025-01-27,53676.1,week_03_orders.csv,6,False,True,4
ORD-W03-0076,V004,SKU-0037,2025-01-14,7,10,241,67.11,Pass,2025-01-24,16173.51,week_03_orders.csv,10,False,False,3
ORD-W03-0077,V013,SKU-0004,2025-01-02,5,9,182,13.73,Pass,2025-01-11,2498.86,week_03_orders.csv,9,False,False,1
ORD-W03-0078,V008,SKU-0023,2025-01-21,7,13,399,74.84,Pass,2025-02-03,29861.16,week_03_orders.csv,13,False,False,4
ORD-W03-0079,V019,SKU-0048,2025-01-09,5,5,358,169.32,Pass,2025-01-14,60616.56,week_03_orders.csv,5,True,False,2
ORD-W03-0080,V008,SKU-0022,2025-01-06,5,6,51,152.39,Pass,2025-01-12,7771.89,week_03_orders.csv,6,False,False,2
ORD-W03-0081,V016,SKU-0049,2025-01-07,5,5,162,125.33,Pass,2025-01-12,20303.46,week_03_orders.csv,5,True,False,2
ORD-W03-0082,V020,SKU-0044,2025-01-20,5,11,281,71.81,Pass,2025-01-31,20178.61,week_03_orders.csv,11,False,False,4
ORD-W03-0083,V009,SKU-0019,2025-01-04,3,7,216,155.57,Pending,2025-01-11,33603.12,week_03_orders.csv,7,False,False,1
ORD-W03-0084,V003,SKU-0021,2025-01-07,7,4,379,131.07,Pass,2025-01-11,49675.53,week_03_orders.csv,4,True,False,2
ORD-W03-0085,V012,SKU-0043,2025-01-13,5,11,200,51.23,Pass,2025-01-24,10246.0,week_03_orders.csv,11,False,False,3
ORD-W03-0086,V019,SKU-0001,2025-01-05,7,6,357,119.0,Pass,2025-01-11,42483.0,week_03_orders.csv,6,True,False,1
ORD-W03-0087,V013,SKU-0047,2025-01-14,5,7,490,23.2,Pass,2025-01-21,11368.0,week_03_orders.csv,7,False,False,3
ORD-W03-0088,V020,SKU-0008,2025-01-01,5,3,424,60.82,Pass,2025-01-04,25787.68,week_03_orders.csv,3,True,False,1
ORD-W03-0089,V013,SKU-0028,2025-01-04,7,5,182,72.35,Pass,2025-01-09,13167.7,week_03_orders.csv,5,True,False,1
ORD-W03-0090,V002,SKU-0016,2025-01-01,5,12,297,12.7,Pass,2025-01-13,3771.9,week_03_orders.csv,12,False,False,1
ORD-W03-0091,V016,SKU-0039,2025-01-15,7,4,474,155.44,Pass,2025-01-19,73678.56,week_03_orders.csv,4,True,False,3
ORD-W03-0092,V002,SKU-0004,2025-01-03,3,10,211,20.43,Pass,2025-01-13,4310.73,week_03_orders.csv,10,False,False,1
ORD-W03-0093,V014,SKU-0014,2025-01-18,5,11,19,87.84,Pass,2025-01-29,1668.96,week_03_orders.csv,11,False,False,3
ORD-W03-0094,V008,SKU-0017,2025-01-16,3,9,487,84.34,Pass,2025-01-25,41073.58,week_03_orders.csv,9,False,False,3
ORD-W03-0095,V002,SKU-0002,2025-01-08,7,7,356,14.47,Pass,2025-01-15,5151.32,week_03_orders.csv,7,True,False,2
ORD-W03-0096,V002,SKU-0022,2025-01-12,5,11,371,159.18,Pass,2025-01-23,59055.78,week_03_orders.csv,11,False,False,2
ORD-W03-0097,V020,SKU-0031,2025-01-09,5,7,59,118.69,Pass,2025-01-16,7002.71,week_03_orders.csv,7,False,False,2
ORD-W03-0098,V007,SKU-0031,2025-01-15,5,6,193,114.8,Defect,2025-01-21,22156.4,week_03_orders.csv,6,False,True,3
ORD-W03-0099,V013,SKU-0005,2025-01-10,3,4,79,189.11,Pass,2025-01-14,14939.69,week_03_orders.csv,4,False,False,2
ORD-W03-0100,V009,SKU-0040,2025-01-01,3,2,471,190.1,Pass,2025-01-03,89537.1,week_03_orders.csv,2,True,False,1
ORD-W03-0101,V009,SKU-0016,2025-01-17,5,7,233,80.25,Defect,2025-01-24,18698.25,week_03_orders.csv,7,False,True,3
ORD-W03-0102,V010,SKU-0035,2025-01-09,7,7,461,155.51,Pass,2025-01-16,71690.11,week_03_orders.csv,7,True,False,2
ORD-W03-0103,V011,SKU-0043,2025-01-15,7,6,251,91.09,Pass,2025-01-21,22863.59,week_03_orders.csv,6,True,False,3
ORD-W03-0104,V016,SKU-0050,2025-01-12,7,6,360,131.72,Defect,2025-01-18,47419.2,week_03_orders.csv,6,True,True,2
ORD-W03-0105,V010,SKU-0044,2025-01-09,5,5,136,96.24,Pass,2025-01-14,13088.64,week_03_orders.csv,5,True,False,2
ORD-W03-0106,V009,SKU-0013,2025-01-11,7,10,164,66.92,Pass,2025-01-21,10974.88,week_03_orders.csv,10,False,False,2
ORD-W03-0107,V005,SKU-0042,2025-01-04,7,5,26,198.17,Pass,2025-01-09,5152.42,week_03_orders.csv,5,True,False,1
ORD-W03-0108,V014,SKU-0044,2025-01-16,5,5,45,156.79,Pass,2025-01-21,7055.55,week_03_orders.csv,5,True,False,3
ORD-W03-0109,V010,SKU-0038,2025-01-13,10,5,480,86.85,Pass,2025-01-18,41688.0,week_03_orders.csv,5,True,False,3
ORD-W03-0110,V003,SKU-0017,2025-01-20,7,10,465,123.68,Pass,2025-01-30,57511.2,week_03_orders.csv,10,False,False,4
ORD-W03-0111,V018,SKU-0045,2025-01-20,10,8,438,180.82,Pass,2025-01-28,79199.16,week_03_orders.csv,8,True,False,4
ORD-W03-0112,V005,SKU-0007,2025-01-04,3,8,119,79.71,Pass,2025-01-12,9485.49,week_03_orders.csv,8,False,False,1
ORD-W03-0113,V002,SKU-0039,2025-01-08,3,3,446,61.16,Pass,2025-01-11,27277.36,week_03_orders.csv,3,True,False,2
ORD-W03-0114,V014,SKU-0029,2025-01-11,5,4,36,113.51,Defect,2025-01-15,4086.36,week_03_orders.csv,4,True,True,2
ORD-W03-0115,V004,SKU-0036,2025-01-19,3,8,413,92.79,Pass,2025-01-27,38322.27,week_03_orders.csv,8,False,False,3
ORD-W03-0116,V010,SKU-0023,2025-01-20,10,8,428,42.36,Pass,2025-01-28,18130.08,week_03_orders.csv,8,True,False,4
ORD-W03-0117,V007,SKU-0012,2025-01-07,5,2,208,195.36,Pass,2025-01-09,40634.88,week_03_orders.csv,2,True,False,2
ORD-W03-0118,V018,SKU-0013,2025-01-03,3,12,269,197.4,Pass,2025-01-15,53100.6,week_03_orders.csv,12,False,False,1
ORD-W03-0119,V016,SKU-0012,2025-01-15,10,6,475,84.51,Pass,2025-01-21,40142.25,week_03_orders.csv,6,True,False,3
ORD-W03-0120,V007,SKU-0010,2025-01-07,7,11,77,116.44,Pass,2025-01-18,8965.88,week_03_orders.csv,11,False,False,2
ORD-W03-0121,V009,SKU-0018,2025-01-09,5,10,469,158.41,Pass,2025-01-19,74294.29,week_03_orders.csv,10,False,False,2
ORD-W03-0122,V011,SKU-0001,2025-01-05,7,12,214,151.93,Pass,2025-01-17,32513.02,week_03_orders.csv,12,False,False,1
ORD-W03-0123,V006,SKU-0031,2025-01-21,5,10,168,103.01,Pass,2025-01-31,17305.68,week_03_orders.csv,10,False,False,4
ORD-W03-0124,V005,SKU-0031,2025-01-07,7,12,197,197.81,Pass,2025-01-19,38968.57,week_03_orders.csv,12,False,False,2
ORD-W03-0125,V004,SKU-0046,2025-01-01,3,13,254,78.03,Pass,2025-01-14,19819.62,week_03_orders.csv,13,False,False,1
ORD-W03-0126,V020,SKU-0048,2025-01-18,10,2,329,129.93,Pending,2025-01-20,42746.97,week_03_orders.csv,2,True,False,3
ORD-W03-0127,V013,SKU-0020,2025-01-10,5,10,318,61.79,Pass,2025-01-20,19649.22,week_03_orders.csv,10,False,False,2
ORD-W03-0128,V010,SKU-0042,2025-01-14,5,7,157,48.22,Pass,2025-01-21,7570.54,week_03_orders.csv,7,False,False,3
ORD-W03-0129,V004,SKU-0029,2025-01-04,7,4,473,98.21,Pass,2025-01-08,46453.33,week_03_orders.csv,4,True,False,1
ORD-W03-0130,V002,SKU-0036,2025-01-15,3,6,177,120.18,Pass,2025-01-21,21271.86,week_03_orders.csv,6,False,False,3
ORD-W03-0131,V001,SKU-0034,2025-01-04,5,6,385,66.86,Defect,2025-01-10,25741.1,week_03_orders.csv,6,False,True,1
ORD-W03-0132,V005,SKU-0014,2025-01-10,7,11,321,61.15,Pass,2025-01-21,19629.15,week_03_orders.csv,11,False,False,2
ORD-W03-0133,V014,SKU-0047,2025-01-08,3,4,457,64.15,Pass,2025-01-12,29316.55,week_03_orders.csv,4,False,False,2
ORD-W03-0134,V013,SKU-0022,2025-01-05,3,10,431,76.34,Pass,2025-01-15,32902.54,week_03_orders.csv,10,False,False,1
ORD-W03-0135,V007,SKU-0032,2025-01-10,5,6,431,132.5,Pass,2025-01-16,57107.5,week_03_orders.csv,6,False,False,2
ORD-W03-0136,V013,SKU-0028,2025-01-19,3,4,110,14.69,Pass,2025-01-23,1615.9,week_03_orders.csv,4,False,False,3
ORD-W03-0137,V002,SKU-0030,2025-01-16,7,8,385,148.82,Pass,2025-01-24,57295.7,week_03_orders.csv,8,False,False,3
ORD-W03-0138,V003,SKU-0006,2025-01-16,5,13,416,110.59,Pass,2025-01-29,46005.44,week_03_orders.csv,13,False,False,3
ORD-W03-0139,V004,SKU-0025,2025-01-13,5,7,373,98.28,Pass,2025-01-20,36658.44,week_03_orders.csv,7,False,False,3
ORD-W03-0140,V014,SKU-0020,2025-01-14,5,8,179,162.77,Pass,2025-01-22,29135.83,week_03_orders.csv,8,False,False,3
ORD-W03-0141,V007,SKU-0007,2025-01-02,5,8,131,99.26,Pass,2025-01-10,13003.06,week_03_orders.csv,8,False,False,1
ORD-W04-0000,V017,SKU-0039,2025-01-24,10,7,129,112.68,Pass,2025-01-31,14535.72,week_04_orders.csv,7,True,False,4
ORD-W04-0001,V019,SKU-0036,2025-01-17,5,9,321,96.56,Pass,2025-01-26,30995.76,week_04_orders.csv,9,False,False,3
ORD-W04-0002,V007,SKU-0007,2025-01-21,7,4,25,184.36,Pass,2025-01-25,4609.0,week_04_orders.csv,4,True,False,4
ORD-W04-0003,V012,SKU-0030,2025-01-27,5,13,326,170.52,Pass,2025-02-09,55589.52,week_04_orders.csv,13,False,False,5
ORD-W04-0004,V017,SKU-0006,2025-01-17,5,13,204,142.51,Pass,2025-01-30,29072.04,week_04_orders.csv,13,False,False,3
ORD-W04-0005,V018,SKU-0034,2025-01-18,5,10,51,130.16,Pass,2025-01-28,6638.16,week_04_orders.csv,10,False,False,3
ORD-W04-0006,V015,SKU-0043,2025-01-21,5,3,16,62.47,Pass,2025-01-24,999.52,week_04_orders.csv,3,True,False,4
ORD-W04-0007,V019,SKU-0023,2025-01-06,5,2,217,57.72,Pass,2025-01-08,12525.24,week_04_orders.csv,2,True,False,2
ORD-W04-0008,V019,SKU-0023,2025-01-08,7,10,249,123.49,Pass,2025-01-18,30749.01,week_04_orders.csv,10,False,False,2
ORD-W04-0009,V015,SKU-0022,2025-01-16,10,5,240,177.69,Pass,2025-01-21,42645.6,week_04_orders.csv,5,True,False,3
ORD-W04-0010,V007,SKU-0019,2025-01-11,5,5,414,144.42,Defect,2025-01-16,59789.88,week_04_orders.csv,5,True,True,2
ORD-W04-0011,V005,SKU-0030,2025-01-11,5,13,205,151.96,Pass,2025-01-24,31151.8,week_04_orders.csv,13,False,False,2
ORD-W04-0012,V009,SKU-0033,2025-01-06,5,4,185,173.86,Pass,2025-01-10,32164.1,week_04_orders.csv,4,True,False,2
ORD-W04-0013,V013,SKU-0047,2025-01-27,7,6,10,161.63,Pass,2025-02-02,1616.3,week_04_orders.csv,6,True,False,5
ORD-W04-0014,V002,SKU-0005,2025-01-13,7,3,144,185.02,Pass,2025-01-16,26642.88,week_04_orders.csv,3,True,False,3
ORD-W04-0015,V020,SKU-0004,2025-01-06,7,11,63,44.38,Defect,2025-01-17,2795.94,week_04_orders.csv,11,False,True,2
ORD-W04-0016,V005,SKU-0022,2025-01-04,3,6,370,98.22,Defect,2025-01-10,36341.4,week_04_orders.csv,6,False,True,1
ORD-W04-0017,V008,SKU-0014,2025-01-02,5,11,56,165.87,Pass,2025-01-13,9288.72,week_04_orders.csv,11,False,False,1
ORD-W04-0018,V009,SKU-0027,2025-01-25,5,9,65,38.95,Pass,2025-02-03,2531.75,week_04_orders.csv,9,False,False,4
ORD-W04-0019,V013,SKU-0033,2025-01-11,3,7,269,124.67,Pass,2025-01-18,33536.23,week_04_orders.csv,7,False,False,2
ORD-W04-0020,V002,SKU-0033,2025-01-26,5,13,122,77.18,Pass,2025-02-08,9415.96,week_04_orders.csv,13,False,False,4
ORD-W04-0021,V017,SKU-0043,2025-01-24,7,10,329,5.36,Pass,2025-02-03,1763.44,week_04_orders.csv,10,False,False,4
ORD-W04-0022,V016,SKU-0021,2025-01-17,5,7,490,66.97,Pass,2025-01-24,32815.3,week_04_orders.csv,7,False,False,3
ORD-W04-0023,V012,SKU-0050,2025-01-01,5,13,196,148.67,Pass,2025-01-14,29139.32,week_04_orders.csv,13,False,False,1
ORD-W04-0024,V009,SKU-0024,2025-01-24,5,6,211,149.94,Pass,2025-01-30,31637.34,week_04_orders.csv,6,False,False,4
ORD-W04-0025,V007,SKU-0032,2025-01-07,10,13,118,89.47,Defect,2025-01-20,10557.46,week_04_orders.csv,13,False,True,2
ORD-W04-0026,V012,SKU-0046,2025-01-21,5,3,207,70.77,Pass,2025-01-24,14649.39,week_04_orders.csv,3,True,False,4
ORD-W04-0027,V008,SKU-0047,2025-01-09,3,7,141,101.51,Pass,2025-01-16,14312.91,week_04_orders.csv,7,False,False,2
ORD-W04-0028,V019,SKU-0048,2025-01-09,5,6,353,68.38,Pass,2025-01-15,24138.14,week_04_orders.csv,6,False,False,2
ORD-W04-0029,V010,SKU-0020,2025-01-24,5,3,68,163.28,Pass,2025-01-27,11103.04,week_04_orders.csv,3,True,False,4
ORD-W04-0030,V013,SKU-0028,2025-01-27,7,4,409,82.95,Pass,2025-01-31,33926.55,week_04_orders.csv,4,True,False,5
ORD-W04-0031,V009,SKU-0001,2025-01-19,10,7,240,181.08,Pass,2025-01-26,43459.2,week_04_orders.csv,7,True,False,3
ORD-W04-0032,V015,SKU-0008,2025-01-12,3,5,352,117.03,Pass,2025-01-17,41194.56,week_04_orders.csv,5,False,False,2
ORD-W04-0033,V014,SKU-0028,2025-01-13,5,9,338,106.62,Pass,2025-01-22,36037.56,week_04_orders.csv,9,False,False,3
ORD-W04-0034,V013,SKU-0017,2025-01-25,7,2,163,87.69,Pass,2025-01-27,14293.47,week_04_orders.csv,2,True,False,4
ORD-W04-0035,V001,SKU-0025,2025-01-08,5,7,123,23.38,Pass,2025-01-15,2875.74,week_04_orders.csv,7,False,False,2
ORD-W04-0036,V006,SKU-0005,2025-01-21,3,5,158,76.0,Pass,2025-01-26,12008.0,week_04_orders.csv,5,False,False,4
ORD-W04-0037,V015,SKU-0038,2025-01-13,3,7,383,81.82,Pass,2025-01-20,31337.06,week_04_orders.csv,7,False,False,3
ORD-W04-0038,V011,SKU-0035,2025-01-10,5,3,103,28.6,Pass,2025-01-13,2945.8,week_04_orders.csv,3,True,False,2
ORD-W04-0039,V010,SKU-0011,2025-01-12,5,7,457,21.77,Defect,2025-01-19,9948.89,week_04_orders.csv,7,False,True,2
ORD-W04-0040,V009,SKU-0042,2025-01-27,5,7,209,51.66,Defect,2025-02-03,10796.94,week_04_orders.csv,7,False,True,5
ORD-W04-0041,V019,SKU-0023,2025-01-18,5,9,43,194.7,Pass,2025-01-27,8372.1,week_04_orders.csv,9,False,False,3
ORD-W04-0042,V002,SKU-0027,2025-01-04,10,4,366,29.55,Pass,2025-01-08,10815.3,week_04_orders.csv,4,True,False,1
ORD-W04-0043,V018,SKU-0015,2025-01-07,5,12,83,128.39,Pass,2025-01-19,10656.37,week_04_orders.csv,12,False,False,2
ORD-W04-0044,V010,SKU-0014,2025-01-27,5,13,194,121.29,Pass,2025-02-09,23530.26,week_04_orders.csv,13,False,False,5
ORD-W04-0045,V006,SKU-0017,2025-01-11,7,7,396,80.15,Pass,2025-01-18,31739.4,week_04_orders.csv,7,True,False,2
ORD-W04-0046,V003,SKU-0010,2025-01-01,5,7,428,81.66,Pass,2025-01-08,34950.48,week_04_orders.csv,7,False,False,1
ORD-W04-0047,V004,SKU-0009,2025-01-05,7,8,406,58.29,Pass,2025-01-13,23665.74,week_04_orders.csv,8,False,False,1
ORD-W04-0048,V013,SKU-0027,2025-01-21,10,6,318,71.31,Pass,2025-01-27,22676.58,week_04_orders.csv,6,True,False,4
ORD-W04-0049,V018,SKU-0005,2025-01-11,3,5,361,40.39,Pass,2025-01-16,14580.79,week_04_orders.csv,5,False,False,2
ORD-W04-0050,V020,SKU-0039,2025-01-02,7,9,268,43.87,Defect,2025-01-11,11757.16,week_04_orders.csv,9,False,True,1
ORD-W04-0051,V016,SKU-0007,2025-01-08,7,4,376,145.44,Pass,2025-01-12,54685.44,week_04_orders.csv,4,True,False,2
ORD-W04-0052,V009,SKU-0008,2025-01-20,10,4,369,152.82,Pending,2025-01-24,56390.58,week_04_orders.csv,4,True,False,4
ORD-W04-0053,V008,SKU-0040,2025-01-06,5,9,451,187.28,Pass,2025-01-15,84463.28,week_04_orders.csv,9,False,False,2
ORD-W04-0054,V011,SKU-0037,2025-01-16,10,11,354,172.18,Defect,2025-01-27,60951.72,week_04_orders.csv,11,False,True,3
ORD-W04-0055,V003,SKU-0014,2025-01-28,10,6,97,58.42,Pass,2025-02-03,5666.74,week_04_orders.csv,6,True,False,5
ORD-W04-0056,V005,SKU-0031,2025-01-17,7,3,121,27.27,Pass,2025-01-20,3299.67,week_04_orders.csv,3,True,False,3
ORD-W04-0057,V005,SKU-0019,2025-01-12,5,2,193,165.8,Pass,2025-01-14,31999.4,week_04_orders.csv,2,True,False,2
ORD-W04-0058,V009,SKU-0039,2025-01-13,5,6,11,134.5,Pass,2025-01-19,1479.5,week_04_orders.csv,6,False,False,3
ORD-W04-0059,V002,SKU-0032,2025-01-05,5,6,91,85.39,Pass,2025-01-11,7770.49,week_04_orders.csv,6,False,False,1
ORD-W04-0060,V017,SKU-0014,2025-01-04,3,9,384,163.29,Pass,2025-01-13,62703.36,week_04_orders.csv,9,False,False,1
ORD-W04-0061,V020,SKU-0034,2025-01-11,10,5,236,192.75,Pass,2025-01-16,45489.0,week_04_orders.csv,5,True,False,2
ORD-W04-0062,V010,SKU-0048,2025-01-12,7,2,303,163.8,Pass,2025-01-14,49631.4,week_04_orders.csv,2,True,False,2
ORD-W04-0063,V008,SKU-0046,2025-01-22,7,11,246,138.06,Pending,2025-02-02,33962.76,week_04_orders.csv,11,False,False,4
ORD-W04-0064,V003,SKU-0038,2025-01-03,7,13,137,21.58,Pass,2025-01-16,2956.46,week_04_orders.csv,13,False,False,1
ORD-W04-0065,V018,SKU-0050,2025-01-03,10,2,105,79.59,Pass,2025-01-05,8356.95,week_04_orders.csv,2,True,False,1
ORD-W04-0066,V011,SKU-0041,2025-01-05,10,3,84,78.93,Pass,2025-01-08,6630.12,week_04_orders.csv,3,True,False,1
ORD-W04-0067,V008,SKU-0026,2025-01-23,10,7,130,26.15,Pending,2025-01-30,3399.5,week_04_orders.csv,7,True,False,4
ORD-W04-0068,V007,SKU-0001,2025-01-11,7,13,224,127.06,Defect,2025-01-24,28461.44,week_04_orders.csv,13,False,True,2
ORD-W04-0069,V007,SKU-0028,2025-01-10,7,3,421,167.52,Pass,2025-01-13,70525.92,week_04_orders.csv,3,True,False,2
ORD-W04-0070,V003,SKU-0019,2025-01-03,10,5,23,90.5,Pass,2025-01-08,2081.5,week_04_orders.csv,5,True,False,1
ORD-W04-0071,V009,SKU-0005,2025-01-14,7,4,286,44.38,Pass,2025-01-18,12692.68,week_04_orders.csv,4,True,False,3
ORD-W04-0072,V013,SKU-0037,2025-01-11,7,6,132,123.72,Pass,2025-01-17,16331.04,week_04_orders.csv,6,True,False,2
ORD-W04-0073,V003,SKU-0034,2025-01-28,3,8,115,69.6,Pass,2025-02-05,8004.0,week_04_orders.csv,8,False,False,5
ORD-W04-0074,V011,SKU-0049,2025-01-25,3,6,419,15.46,Defect,2025-01-31,6477.74,week_04_orders.csv,6,False,True,4
ORD-W04-0075,V001,SKU-0019,2025-01-04,7,13,188,90.4,Defect,2025-01-17,16995.2,week_04_orders.csv,13,False,True,1
ORD-W04-0076,V015,SKU-0012,2025-01-23,7,4,370,89.44,Pass,2025-01-27,33092.8,week_04_orders.csv,4,True,False,4
ORD-W04-0077,V019,SKU-0047,2025-01-09,5,7,271,136.05,Pass,2025-01-16,36869.55,week_04_orders.csv,7,False,False,2
ORD-W04-0078,V012,SKU-0009,2025-01-03,5,2,30,99.23,Pass,2025-01-05,2976.9,week_04_orders.csv,2,True,False,1
ORD-W04-0079,V006,SKU-0030,2025-01-05,7,2,113,151.3,Pending,2025-01-07,17096.9,week_04_orders.csv,2,True,False,1
ORD-W04-0080,V001,SKU-0027,2025-01-12,5,5,363,197.81,Pass,2025-01-17,71805.03,week_04_orders.csv,5,True,False,2
ORD-W04-0081,V011,SKU-0044,2025-01-18,5,4,464,166.76,Pass,2025-01-22,77376.64,week_04_orders.csv,4,True,False,3
ORD-W04-0082,V013,SKU-0016,2025-01-23,7,2,135,129.26,Pass,2025-01-25,17450.1,week_04_orders.csv,2,True,False,4
ORD-W04-0083,V005,SKU-0050,2025-01-15,5,12,464,35.44,Pass,2025-01-27,16444.16,week_04_orders.csv,12,False,False,3
ORD-W04-0084,V019,SKU-0023,2025-01-24,5,7,24,5.37,Pass,2025-01-31,128.88,week_04_orders.csv,7,False,False,4
ORD-W04-0085,V008,SKU-0008,2025-01-04,3,7,497,31.95,Pass,2025-01-11,15879.15,week_04_orders.csv,7,False,False,1
ORD-W04-0086,V018,SKU-0007,2025-01-14,5,13,256,181.46,Pass,2025-01-27,46453.76,week_04_orders.csv,13,False,False,3
ORD-W04-0087,V015,SKU-0005,2025-01-13,10,3,479,82.94,Pass,2025-01-16,39728.26,week_04_orders.csv,3,True,False,3
ORD-W04-0088,V001,SKU-0022,2025-01-21,5,11,171,76.42,Pass,2025-02-01,13067.82,week_04_orders.csv,11,False,False,4
ORD-W04-0089,V013,SKU-0011,2025-01-06,3,9,331,177.3,Pass,2025-01-15,58686.3,week_04_orders.csv,9,False,False,2
ORD-W04-0090,V003,SKU-0050,2025-01-20,5,10,296,38.26,Pass,2025-01-30,11324.96,week_04_orders.csv,10,False,False,4
ORD-W04-0091,V020,SKU-0025,2025-01-07,7,9,441,124.98,Pass,2025-01-16,55116.18,week_04_orders.csv,9,False,False,2
ORD-W04-0092,V001,SKU-0027,2025-01-28,7,10,419,62.0,Pass,2025-02-07,25978.0,week_04_orders.csv,10,False,False,5
ORD-W04-0093,V013,SKU-0041,2025-01-11,3,4,27,195.12,Pass,2025-01-15,5268.24,week_04_orders.csv,4,False,False,2
ORD-W04-0094,V010,SKU-0038,2025-01-26,7,4,143,32.06,Pass,2025-01-30,4584.58,week_04_orders.csv,4,True,False,4
ORD-W04-0095,V019,SKU-0041,2025-01-25,10,7,34,72.32,Pass,2025-02-01,2458.88,week_04_orders.csv,7,True,False,4
ORD-W04-0096,V019,SKU-0025,2025-01-15,7,4,213,44.63,Pass,2025-01-19,9506.19,week_04_orders.csv,4,True,False,3
ORD-W04-0097,V019,SKU-0044,2025-01-08,7,12,462,86.68,Pass,2025-01-20,40046.16,week_04_orders.csv,12,False,False,2
ORD-W04-0098,V013,SKU-0010,2025-01-08,5,6,432,92.59,Pass,2025-01-14,39998.88,week_04_orders.csv,6,False,False,2
ORD-W04-0099,V001,SKU-0047,2025-01-26,7,3,461,190.19,Pass,2025-01-29,87677.59,week_04_orders.csv,3,True,False,4
ORD-W04-0100,V017,SKU-0017,2025-01-08,7,7,116,10.93,Pass,2025-01-15,1267.88,week_04_orders.csv,7,True,False,2
ORD-W04-0101,V007,SKU-0045,2025-01-19,5,7,422,28.56,Pass,2025-01-26,12052.32,week_04_orders.csv,7,False,False,3
ORD-W04-0102,V010,SKU-0037,2025-01-27,5,5,350,84.9,Pass,2025-02-01,29715.0,week_04_orders.csv,5,True,False,5
ORD-W04-0103,V016,SKU-0011,2025-01-10,5,12,58,70.76,Pass,2025-01-22,4104.08,week_04_orders.csv,12,False,False,2
ORD-W04-0104,V018,SKU-0039,2025-01-12,5,6,46,78.58,Pass,2025-01-18,3614.68,week_04_orders.csv,6,False,False,2
ORD-W04-0105,V004,SKU-0038,2025-01-28,5,10,252,106.03,Pass,2025-02-07,26719.56,week_04_orders.csv,10,False,False,5
ORD-W04-0106,V005,SKU-0050,2025-01-04,7,11,293,112.56,Pass,2025-01-15,32980.08,week_04_orders.csv,11,False,False,1
ORD-W04-0107,V015,SKU-0031,2025-01-08,7,4,441,134.12,Defect,2025-01-12,59146.92,week_04_orders.csv,4,True,True,2
ORD-W04-0108,V002,SKU-0047,2025-01-10,10,7,94,154.32,Pass,2025-01-17,14506.08,week_04_orders.csv,7,True,False,2
ORD-W04-0109,V013,SKU-0020,2025-01-22,10,13,318,171.63,Pass,2025-02-04,54578.34,week_04_orders.csv,13,False,False,4
ORD-W04-0110,V001,SKU-0001,2025-01-08,7,10,303,57.04,Pass,2025-01-18,17283.12,week_04_orders.csv,10,False,False,2
ORD-W04-0111,V007,SKU-0045,2025-01-12,7,10,15,164.82,Pass,2025-01-22,2472.3,week_04_orders.csv,10,False,False,2
ORD-W04-0112,V010,SKU-0002,2025-01-15,7,2,250,76.22,Pass,2025-01-17,19055.0,week_04_orders.csv,2,True,False,3
ORD-W04-0113,V016,SKU-0037,2025-01-26,7,6,350,157.84,Pending,2025-02-01,55244.0,week_04_orders.csv,6,True,False,4
ORD-W04-0114,V013,SKU-0028,2025-01-01,7,12,240,111.82,Pass,2025-01-13,26836.8,week_04_orders.csv,12,False,False,1
ORD-W04-0115,V008,SKU-0003,2025-01-13,10,6,207,82.22,Pending,2025-01-19,17019.54,week_04_orders.csv,6,True,False,3
ORD-W04-0116,V002,SKU-0043,2025-01-06,7,2,212,176.47,Pass,2025-01-08,37411.64,week_04_orders.csv,2,True,False,2
ORD-W04-0117,V018,SKU-0002,2025-01-04,7,8,148,151.9,Pass,2025-01-12,22481.2,week_04_orders.csv,8,False,False,1
ORD-W04-0118,V008,SKU-0042,2025-01-28,3,2,356,129.77,Pass,2025-01-30,46198.12,week_04_orders.csv,2,True,False,5
ORD-W04-0119,V013,SKU-0034,2025-01-28,5,4,364,23.08,Pass,2025-02-01,8401.12,week_04_orders.csv,4,True,False,5
ORD-W04-0120,V002,SKU-0023,2025-01-16,7,9,126,64.44,Pass,2025-01-25,8119.44,week_04_orders.csv,9,False,False,3
ORD-W04-0121,V003,SKU-0030,2025-01-27,10,12,117,54.71,Pass,2025-02-08,6401.07,week_04_orders.csv,12,False,False,5
ORD-W04-0122,V014,SKU-0048,2025-01-26,10,7,274,46.69,Pass,2025-02-02,12793.06,week_04_orders.csv,7,True,False,4
ORD-W04-0123,V019,SKU-0032,2025-01-04,7,12,315,179.86,Pass,2025-01-16,56655.9,week_04_orders.csv,12,False,False,1
ORD-W04-0124,V005,SKU-0006,2025-01-15,10,2,393,71.69,Pass,2025-01-17,28174.17,week_04_orders.csv,2,True,False,3
ORD-W04-0125,V002,SKU-0041,2025-01-19,10,7,418,181.55,Pass,2025-01-26,75887.9,week_04_orders.csv,7,True,False,3
ORD-W04-0126,V002,SKU-0002,2025-01-03,3,11,230,125.19,Pass,2025-01-14,28793.7,week_04_orders.csv,11,False,False,1
ORD-W04-0127,V005,SKU-0010,2025-01-07,5,8,278,183.84,Pass,2025-01-15,51107.52,week_04_orders.csv,8,False,False,2
ORD-W04-0128,V007,SKU-0042,2025-01-27,5,5,288,69.33,Pass,2025-02-01,19967.04,week_04_orders.csv,5,True,False,5
ORD-W04-0129,V003,SKU-0023,2025-01-13,3,8,62,171.6,Pass,2025-01-21,10639.2,week_04_orders.csv,8,False,False,3
ORD-W04-0130,V007,SKU-0048,2025-01-28,3,13,150,70.22,Pass,2025-02-10,10533.0,week_04_orders.csv,13,False,False,5
ORD-W04-0131,V019,SKU-0035,2025-01-10,7,8,468,158.5,Pass,2025-01-18,74178.0,week_04_orders.csv,8,False,False,2
ORD-W04-0132,V008,SKU-0021,2025-01-03,7,12,380,166.16,Pass,2025-01-15,63140.8,week_04_orders.csv,12,False,False,1
ORD-W04-0133,V018,SKU-0007,2025-01-21,7,13,281,113.61,Pass,2025-02-03,31924.41,week_04_orders.csv,13,False,False,4
ORD-W04-0134,V011,SKU-0003,2025-01-08,5,2,441,6.71,Pending,2025-01-10,2959.11,week_04_orders.csv,2,True,False,2
ORD-W04-0135,V008,SKU-0044,2025-01-19,5,13,81,103.32,Pass,2025-02-01,8368.92,week_04_orders.csv,13,False,False,3
ORD-W04-0136,V014,SKU-0025,2025-01-03,5,3,184,52.99,Pass,2025-01-06,9750.16,week_04_orders.csv,3,True,False,1
ORD-W04-0137,V020,SKU-0027,2025-01-01,3,9,440,16.35,Pass,2025-01-10,7194.0,week_04_orders.csv,9,False,False,1
ORD-W04-0138,V002,SKU-0002,2025-01-17,5,7,398,117.32,Defect,2025-01-24,46693.36,week_04_orders.csv,7,False,True,3
ORD-W04-0139,V016,SKU-0043,2025-01-27,5,4,109,19.34,Pass,2025-01-31,2108.06,week_04_orders.csv,4,True,False,5
ORD-W04-0140,V006,SKU-0037,2025-01-01,3,8,63,148.27,Pass,2025-01-09,9341.01,week_04_orders.csv,8,False,False,1
ORD-W04-0141,V010,SKU-0021,2025-01-10,5,9,168,43.16,Pass,2025-01-19,7250.88,week_04_orders.csv,9,False,False,2
ORD-W04-0142,V020,SKU-0017,2025-01-28,5,10,209,144.79,Pass,2025-02-07,30261.11,week_04_orders.csv,10,False,False,5
ORD-W04-0143,V001,SKU-0001,2025-01-10,10,11,89,181.42,Pass,2025-01-21,16146.38,week_04_orders.csv,11,False,False,2
ORD-W04-0144,V003,SKU-0001,2025-01-14,3,11,287,85.08,Pass,2025-01-25,24417.96,week_04_orders.csv,11,False,False,3
ORD-W04-0145,V002,SKU-0014,2025-01-03,3,4,77,75.5,Pass,2025-01-07,5813.5,week_04_orders.csv,4,False,False,1
ORD-W04-0146,V007,SKU-0005,2025-01-23,7,7,199,40.58,Pass,2025-01-30,8075.42,week_04_orders.csv,7,True,False,4
ORD-W04-0147,V013,SKU-0037,2025-01-01,7,6,172,133.58,Pass,2025-01-07,22975.76,week_04_orders.csv,6,True,False,1
ORD-W04-0148,V010,SKU-0002,2025-01-13,3,4,139,68.96,Pass,2025-01-17,9585.44,week_04_orders.csv,4,False,False,3
ORD-W04-0149,V007,SKU-0002,2025-01-19,10,9,338,123.99,Defect,2025-01-28,41908.62,week_04_orders.csv,9,True,True,3
ORD-W04-0150,V003,SKU-0003,2025-01-16,5,13,77,161.52,Pass,2025-01-29,12437.04,week_04_orders.csv,13,False,False,3
ORD-W04-0151,V011,SKU-0002,2025-01-20,7,2,464,88.24,Pass,2025-01-22,40943.36,week_04_orders.csv,2,True,False,4
ORD-W04-0152,V001,SKU-0031,2025-01-04,5,12,258,181.19,Pass,2025-01-16,46747.02,week_04_orders.csv,12,False,False,1
ORD-W04-0153,V001,SKU-0045,2025-01-02,5,8,198,11.8,Pass,2025-01-10,2336.4,week_04_orders.csv,8,False,False,1
ORD-W04-0154,V010,SKU-0006,2025-01-09,5,7,140,191.29,Pass,2025-01-16,26780.6,week_04_orders.csv,7,False,False,2
ORD-W04-0155,V013,SKU-0033,2025-01-12,3,2,343,12.04,Pass,2025-01-14,4129.72,week_04_orders.csv,2,True,False,2
ORD-W04-0156,V010,SKU-0019,2025-01-18,7,9,17,120.35,Pass,2025-01-27,2045.95,week_04_orders.csv,9,False,False,3
ORD-W04-0157,V014,SKU-0007,2025-01-18,5,8,426,90.66,Defect,2025-01-26,38621.16,week_04_orders.csv,8,False,True,3
ORD-W04-0158,V004,SKU-0028,2025-01-23,5,13,297,47.17,Pass,2025-02-05,14009.49,week_04_orders.csv,13,False,False,4
ORD-W04-0159,V012,SKU-0008,2025-01-24,5,5,157,60.25,Pass,2025-01-29,9459.25,week_04_orders.csv,5,True,False,4
ORD-W04-0160,V001,SKU-0037,2025-01-24,7,11,425,33.0,Pass,2025-02-04,14025.0,week_04_orders.csv,11,False,False,4
ORD-W04-0161,V020,SKU-0015,2025-01-25,5,5,257,103.02,Pass,2025-01-30,26476.14,week_04_orders.csv,5,True,False,4
ORD-W04-0162,V005,SKU-0007,2025-01-23,7,9,398,59.34,Pass,2025-02-01,23617.32,week_04_orders.csv,9,False,False,4
ORD-W04-0163,V019,SKU-0009,2025-01-17,5,4,237,149.12,Pass,2025-01-21,35341.44,week_04_orders.csv,4,True,False,3
ORD-W04-0164,V007,SKU-0005,2025-01-07,3,8,398,116.22,Pass,2025-01-15,46255.56,week_04_orders.csv,8,False,False,2
ORD-W04-0165,V008,SKU-0024,2025-01-25,5,6,369,10.15,Pass,2025-01-31,3745.35,week_04_orders.csv,6,False,False,4
ORD-W04-0166,V012,SKU-0002,2025-01-16,5,7,220,53.25,Pass,2025-01-23,11715.0,week_04_orders.csv,7,False,False,3
ORD-W05-0000,V019,SKU-0048,2025-01-09,10,3,488,37.59,Pass,2025-01-12,18343.92,week_05_orders.csv,3,True,False,2
ORD-W05-0001,V016,SKU-0014,2025-01-04,10,8,187,130.24,Pending,2025-01-12,24354.88,week_05_orders.csv,8,True,False,1
ORD-W05-0002,V016,SKU-0005,2025-01-13,7,8,486,155.19,Pass,2025-01-21,75422.34,week_05_orders.csv,8,False,False,3
ORD-W05-0003,V016,SKU-0007,2025-01-13,7,13,24,18.81,Pass,2025-01-26,451.44,week_05_orders.csv,13,False,False,3
ORD-W05-0004,V004,SKU-0042,2025-02-04,3,11,244,175.75,Pass,2025-02-15,42883.0,week_05_orders.csv,11,False,False,6
ORD-W05-0005,V002,SKU-0029,2025-01-17,5,6,276,169.63,Pass,2025-01-23,46817.88,week_05_orders.csv,6,False,False,3
ORD-W05-0006,V018,SKU-0018,2025-01-16,5,6,349,183.21,Pass,2025-01-22,63940.29,week_05_orders.csv,6,False,False,3
ORD-W05-0007,V005,SKU-0029,2025-01-20,3,3,120,106.54,Pass,2025-01-23,12784.8,week_05_orders.csv,3,True,False,4
ORD-W05-0008,V012,SKU-0021,2025-01-28,7,3,430,18.54,Pass,2025-01-31,7972.2,week_05_orders.csv,3,True,False,5
ORD-W05-0009,V011,SKU-0011,2025-01-16,7,10,369,198.4,Defect,2025-01-26,73209.6,week_05_orders.csv,10,False,True,3
ORD-W05-0010,V020,SKU-0009,2025-01-14,7,9,468,168.73,Defect,2025-01-23,78965.64,week_05_orders.csv,9,False,True,3
ORD-W05-0011,V006,SKU-0009,2025-01-08,7,2,46,43.81,Pass,2025-01-10,2015.26,week_05_orders.csv,2,True,False,2
ORD-W05-0012,V018,SKU-0021,2025-01-11,5,11,33,117.49,Pass,2025-01-22,3877.17,week_05_orders.csv,11,False,False,2
ORD-W05-0013,V008,SKU-0048,2025-02-03,7,11,338,139.54,Defect,2025-02-14,47164.52,week_05_orders.csv,11,False,True,6
ORD-W05-0014,V018,SKU-0021,2025-01-07,7,6,148,68.05,Pass,2025-01-13,10071.4,week_05_orders.csv,6,True,False,2
ORD-W05-0015,V004,SKU-0034,2025-02-04,5,6,455,34.0,Pending,2025-02-10,15470.0,week_05_orders.csv,6,False,False,6
ORD-W05-0016,V009,SKU-0014,2025-01-07,7,10,433,187.5,Pass,2025-01-17,81187.5,week_05_orders.csv,10,False,False,2
ORD-W05-0017,V004,SKU-0020,2025-02-01,5,6,94,61.14,Pass,2025-02-07,5747.16,week_05_orders.csv,6,False,False,5
ORD-W05-0018,V019,SKU-0017,2025-01-13,3,3,113,41.77,Pass,2025-01-16,4720.01,week_05_orders.csv,3,True,False,3
ORD-W05-0019,V009,SKU-0004,2025-01-29,5,6,284,64.83,Pass,2025-02-04,18411.72,week_05_orders.csv,6,False,False,5
ORD-W05-0020,V002,SKU-0002,2025-02-04,7,13,418,109.78,Pass,2025-02-17,45888.04,week_05_orders.csv,13,False,False,6
ORD-W05-0021,V001,SKU-0034,2025-01-29,5,11,208,155.77,Pass,2025-02-09,32400.16,week_05_orders.csv,11,False,False,5
ORD-W05-0022,V015,SKU-0018,2025-01-22,3,13,94,33.03,Pass,2025-02-04,3104.82,week_05_orders.csv,13,False,False,4
ORD-W05-0023,V005,SKU-0050,2025-01-28,5,7,458,100.03,Pass,2025-02-04,45813.74,week_05_orders.csv,7,False,False,5
ORD-W05-0024,V014,SKU-0020,2025-01-08,5,6,226,93.27,Pass,2025-01-14,21079.02,week_05_orders.csv,6,False,False,2
ORD-W05-0025,V011,SKU-0003,2025-01-20,5,5,291,54.0,Pass,2025-01-25,15714.0,week_05_orders.csv,5,True,False,4
ORD-W05-0026,V010,SKU-0006,2025-01-12,3,11,108,131.94,Pass,2025-01-23,14249.52,week_05_orders.csv,11,False,False,2
ORD-W05-0027,V008,SKU-0006,2025-01-03,7,3,211,144.58,Pass,2025-01-06,30506.38,week_05_orders.csv,3,True,False,1
ORD-W05-0028,V002,SKU-0018,2025-02-04,5,9,313,47.94,Pass,2025-02-13,15005.22,week_05_orders.csv,9,False,False,6
ORD-W05-0029,V010,SKU-0028,2025-01-09,10,4,453,48.56,Pass,2025-01-13,21997.68,week_05_orders.csv,4,True,False,2
ORD-W05-0030,V010,SKU-0025,2025-01-02,5,13,296,117.51,Pass,2025-01-15,34782.96,week_05_orders.csv,13,False,False,1
ORD-W05-0031,V016,SKU-0009,2025-01-18,3,13,24,111.41,Pass,2025-01-31,2673.84,week_05_orders.csv,13,False,False,3
ORD-W05-0032,V001,SKU-0026,2025-02-01,10,7,310,53.18,Pass,2025-02-08,16485.8,week_05_orders.csv,7,True,False,5
ORD-W05-0033,V005,SKU-0032,2025-01-08,5,11,43,163.57,Pass,2025-01-19,7033.51,week_05_orders.csv,11,False,False,2
ORD-W05-0034,V002,SKU-0007,2025-01-29,5,11,376,59.94,Pass,2025-02-09,22537.44,week_05_orders.csv,11,False,False,5
ORD-W05-0035,V016,SKU-0040,2025-01-30,7,9,309,17.43,Pass,2025-02-08,5385.87,week_05_orders.csv,9,False,False,5
ORD-W05-0036,V019,SKU-0001,2025-01-02,10,13,28,6.63,Pass,2025-01-15,185.64,week_05_orders.csv,13,False,False,1
ORD-W05-0037,V001,SKU-0006,2025-01-10,7,11,376,54.57,Pass,2025-01-21,20518.32,week_05_orders.csv,11,False,False,2
ORD-W05-0038,V012,SKU-0022,2025-01-06,7,12,179,127.48,Pass,2025-01-18,22818.92,week_05_orders.csv,12,False,False,2
ORD-W05-0039,V013,SKU-0029,2025-01-19,10,10,285,159.81,Pass,2025-01-29,45545.85,week_05_orders.csv,10,True,False,3
ORD-W05-0040,V019,SKU-0021,2025-01-20,7,4,384,165.65,Pass,2025-01-24,63609.6,week_05_orders.csv,4,True,False,4
ORD-W05-0041,V012,SKU-0021,2025-01-06,7,7,16,85.63,Pass,2025-01-13,1370.08,week_05_orders.csv,7,True,False,2
ORD-W05-0042,V016,SKU-0024,2025-01-23,7,3,184,187.7,Pass,2025-01-26,34536.8,week_05_orders.csv,3,True,False,4
ORD-W05-0043,V009,SKU-0009,2025-01-12,7,11,495,123.07,Pass,2025-01-23,60919.65,week_05_orders.csv,11,False,False,2
ORD-W05-0044,V001,SKU-0027,2025-01-22,7,12,130,31.19,Pass,2025-02-03,4054.7,week_05_orders.csv,12,False,False,4
ORD-W05-0045,V004,SKU-0024,2025-02-01,5,12,26,180.06,Pass,2025-02-13,4681.56,week_05_orders.csv,12,False,False,5
ORD-W05-0046,V018,SKU-0031,2025-01-01,5,6,384,78.94,Pass,2025-01-07,30312.96,week_05_orders.csv,6,False,False,1
ORD-W05-0047,V005,SKU-0008,2025-01-27,5,13,488,41.99,Pass,2025-02-09,20491.12,week_05_orders.csv,13,False,False,5
ORD-W05-0048,V010,SKU-0027,2025-01-26,5,2,432,50.79,Pass,2025-01-28,21941.28,week_05_orders.csv,2,True,False,4
ORD-W05-0049,V002,SKU-0009,2025-01-22,5,10,89,87.82,Pass,2025-02-01,7815.98,week_05_orders.csv,10,False,False,4
ORD-W05-0050,V010,SKU-0013,2025-01-26,10,7,148,168.82,Pass,2025-02-02,24985.36,week_05_orders.csv,7,True,False,4
ORD-W05-0051,V001,SKU-0008,2025-01-11,5,6,269,142.32,Defect,2025-01-17,38284.08,week_05_orders.csv,6,False,True,2
ORD-W05-0052,V008,SKU-0046,2025-01-27,7,11,286,196.06,Pass,2025-02-07,56073.16,week_05_orders.csv,11,False,False,5
ORD-W05-0053,V012,SKU-0006,2025-01-16,7,10,292,92.28,Pass,2025-01-26,26945.76,week_05_orders.csv,10,False,False,3
ORD-W05-0054,V013,SKU-0004,2025-01-02,5,5,275,95.81,Pass,2025-01-07,26347.75,week_05_orders.csv,5,True,False,1
ORD-W05-0055,V016,SKU-0039,2025-01-31,3,10,352,15.19,Pass,2025-02-10,5346.88,week_05_orders.csv,10,False,False,5
ORD-W05-0056,V018,SKU-0035,2025-01-02,3,11,351,145.66,Pass,2025-01-13,51126.66,week_05_orders.csv,11,False,False,1
ORD-W05-0057,V007,SKU-0013,2025-01-10,5,7,24,183.24,Pass,2025-01-17,4397.76,week_05_orders.csv,7,False,False,2
ORD-W05-0058,V010,SKU-0041,2025-01-21,5,5,157,194.94,Pass,2025-01-26,30605.58,week_05_orders.csv,5,True,False,4
ORD-W05-0059,V004,SKU-0019,2025-02-03,3,6,335,65.25,Pending,2025-02-09,21858.75,week_05_orders.csv,6,False,False,6
ORD-W05-0060,V020,SKU-0014,2025-01-25,10,2,49,159.08,Pass,2025-01-27,7794.92,week_05_orders.csv,2,True,False,4
ORD-W05-0061,V002,SKU-0005,2025-01-12,5,13,275,147.55,Pass,2025-01-25,40576.25,week_05_orders.csv,13,False,False,2
ORD-W05-0062,V018,SKU-0036,2025-01-05,3,5,421,199.82,Pass,2025-01-10,84124.22,week_05_orders.csv,5,False,False,1
ORD-W05-0063,V011,SKU-0042,2025-01-18,5,4,146,34.57,Pass,2025-01-22,5047.22,week_05_orders.csv,4,True,False,3
ORD-W05-0064,V012,SKU-0047,2025-01-26,3,11,292,131.33,Pass,2025-02-06,38348.36,week_05_orders.csv,11,False,False,4
ORD-W05-0065,V019,SKU-0004,2025-01-23,5,10,99,128.54,Pass,2025-02-02,12725.46,week_05_orders.csv,10,False,False,4
ORD-W05-0066,V010,SKU-0003,2025-02-02,5,2,206,56.17,Pass,2025-02-04,11571.02,week_05_orders.csv,2,True,False,5
ORD-W05-0067,V013,SKU-0033,2025-01-20,7,4,38,198.44,Pass,2025-01-24,7540.72,week_05_orders.csv,4,True,False,4
ORD-W05-0068,V004,SKU-0036,2025-01-12,5,6,464,8.59,Pass,2025-01-18,3985.76,week_05_orders.csv,6,False,False,2
ORD-W05-0069,V013,SKU-0021,2025-01-02,5,9,292,199.1,Pass,2025-01-11,58137.2,week_05_orders.csv,9,False,False,1
ORD-W05-0070,V015,SKU-0011,2025-01-19,3,10,163,109.61,Pass,2025-01-29,17866.43,week_05_orders.csv,10,False,False,3
ORD-W05-0071,V012,SKU-0044,2025-01-28,5,12,481,196.42,Defect,2025-02-09,94478.02,week_05_orders.csv,12,False,True,5
ORD-W05-0072,V016,SKU-0030,2025-01-26,7,10,215,95.19,Pass,2025-02-05,20465.85,week_05_orders.csv,10,False,False,4
ORD-W05-0073,V005,SKU-0038,2025-01-02,5,9,389,27.71,Pass,2025-01-11,10779.19,week_05_orders.csv,9,False,False,1
ORD-W05-0074,V020,SKU-0014,2025-01-18,5,12,391,49.06,Pass,2025-01-30,19182.46,week_05_orders.csv,12,False,False,3
ORD-W05-0075,V006,SKU-0045,2025-01-06,7,3,333,65.99,Pass,2025-01-09,21974.67,week_05_orders.csv,3,True,False,2
ORD-W05-0076,V012,SKU-0014,2025-01-23,7,11,472,140.7,Pass,2025-02-03,66410.4,week_05_orders.csv,11,False,False,4
ORD-W05-0077,V001,SKU-0012,2025-01-14,3,11,161,14.59,Pass,2025-01-25,2348.99,week_05_orders.csv,11,False,False,3
ORD-W05-0078,V014,SKU-0022,2025-01-31,10,5,90,189.85,Pass,2025-02-05,17086.5,week_05_orders.csv,5,True,False,5
ORD-W05-0079,V007,SKU-0038,2025-02-01,10,4,467,198.24,Pass,2025-02-05,92578.08,week_05_orders.csv,4,True,False,5
ORD-W05-0080,V014,SKU-0010,2025-01-11,5,8,126,76.11,Pass,2025-01-19,9589.86,week_05_orders.csv,8,False,False,2
ORD-W05-0081,V007,SKU-0027,2025-01-03,10,8,220,113.63,Pass,2025-01-11,24998.6,week_05_orders.csv,8,True,False,1
ORD-W05-0082,V016,SKU-0030,2025-01-06,7,6,244,165.02,Pass,2025-01-12,40264.88,week_05_orders.csv,6,True,False,2
ORD-W05-0083,V009,SKU-0022,2025-01-15,10,7,267,189.41,Pass,2025-01-22,50572.47,week_05_orders.csv,7,True,False,3
ORD-W05-0084,V020,SKU-0005,2025-01-19,10,3,479,117.17,Pass,2025-01-22,56124.43,week_05_orders.csv,3,True,False,3
ORD-W05-0085,V004,SKU-0012,2025-01-18,7,2,137,174.75,Pass,2025-01-20,23940.75,week_05_orders.csv,2,True,False,3
ORD-W05-0086,V018,SKU-0008,2025-02-02,5,2,292,114.29,Pass,2025-02-04,33372.68,week_05_orders.csv,2,True,False,5
ORD-W05-0087,V002,SKU-0015,2025-01-23,5,6,56,22.07,Pass,2025-01-29,1235.92,week_05_orders.csv,6,False,False,4
ORD-W05-0088,V012,SKU-0014,2025-01-07,7,11,83,19.51,Pass,2025-01-18,1619.33,week_05_orders.csv,11,False,False,2
ORD-W05-0089,V005,SKU-0003,2025-01-21,5,2,430,113.13,Pass,2025-01-23,48645.9,week_05_orders.csv,2,True,False,4
ORD-W05-0090,V018,SKU-0039,2025-02-03,5,5,305,186.84,Pass,2025-02-08,56986.2,week_05_orders.csv,5,True,False,6
ORD-W05-0091,V019,SKU-0041,2025-01-10,5,13,286,35.59,Defect,2025-01-23,10178.74,week_05_orders.csv,13,False,True,2
ORD-W05-0092,V019,SKU-0037,2025-01-09,5,8,49,133.78,Pending,2025-01-17,6555.22,week_05_orders.csv,8,False,False,2
ORD-W05-0093,V004,SKU-0020,2025-01-12,3,12,43,131.5,Pass,2025-01-24,5654.5,week_05_orders.csv,12,False,False,2
ORD-W05-0094,V004,SKU-0008,2025-01-30,5,2,153,39.48,Pass,2025-02-01,6040.44,week_05_orders.csv,2,True,False,5
ORD-W05-0095,V008,SKU-0041,2025-01-12,7,2,335,79.96,Pass,2025-01-14,26786.6,week_05_orders.csv,2,True,False,2
ORD-W05-0096,V012,SKU-0037,2025-01-02,10,7,488,163.66,Pass,2025-01-09,79866.08,week_05_orders.csv,7,True,False,1
ORD-W05-0097,V017,SKU-0023,2025-01-09,7,2,434,135.63,Pass,2025-01-11,58863.42,week_05_orders.csv,2,True,False,2
ORD-W05-0098,V019,SKU-0033,2025-01-05,3,4,473,100.09,Pass,2025-01-09,47342.57,week_05_orders.csv,4,False,False,1
ORD-W05-0099,V004,SKU-0050,2025-01-02,3,12,280,180.67,Pass,2025-01-14,50587.6,week_05_orders.csv,12,False,False,1
ORD-W05-0100,V010,SKU-0033,2025-01-25,7,13,301,22.67,Pass,2025-02-07,6823.67,week_05_orders.csv,13,False,False,4
ORD-W05-0101,V002,SKU-0015,2025-01-23,10,2,178,5.28,Defect,2025-01-25,939.84,week_05_orders.csv,2,True,True,4
ORD-W05-0102,V010,SKU-0041,2025-01-07,7,2,205,109.35,Pass,2025-01-09,22416.75,week_05_orders.csv,2,True,False,2
ORD-W05-0103,V020,SKU-0027,2025-01-31,10,10,493,145.11,Pass,2025-02-10,71539.23,week_05_orders.csv,10,True,False,5
ORD-W05-0104,V007,SKU-0030,2025-01-13,5,4,246,47.22,Pass,2025-01-17,11616.12,week_05_orders.csv,4,True,False,3
ORD-W05-0105,V013,SKU-0003,2025-01-16,5,13,189,16.92,Pass,2025-01-29,3197.88,week_05_orders.csv,13,False,False,3
ORD-W05-0106,V019,SKU-0026,2025-02-01,5,3,286,199.33,Pass,2025-02-04,57008.38,week_05_orders.csv,3,True,False,5
ORD-W05-0107,V002,SKU-0029,2025-01-23,3,13,441,92.86,Pass,2025-02-05,40951.26,week_05_orders.csv,13,False,False,4
ORD-W05-0108,V001,SKU-0022,2025-01-29,5,3,58,161.09,Pass,2025-02-01,9343.22,week_05_orders.csv,3,True,False,5
ORD-W05-0109,V008,SKU-0013,2025-01-14,7,4,379,161.19,Pass,2025-01-18,61091.01,week_05_orders.csv,4,True,False,3
ORD-W05-0110,V010,SKU-0020,2025-01-26,7,10,264,168.89,Pass,2025-02-05,44586.96,week_05_orders.csv,10,False,False,4
ORD-W05-0111,V017,SKU-0043,2025-01-18,3,8,63,58.92,Pass,2025-01-26,3711.96,week_05_orders.csv,8,False,False,3
ORD-W05-0112,V010,SKU-0023,2025-01-22,7,11,57,11.71,Pass,2025-02-02,667.47,week_05_orders.csv,11,False,False,4
ORD-W05-0113,V020,SKU-0010,2025-01-26,3,4,264,94.47,Pass,2025-01-30,24940.08,week_05_orders.csv,4,False,False,4
ORD-W05-0114,V008,SKU-0024,2025-01-22,5,9,311,149.48,Defect,2025-01-31,46488.28,week_05_orders.csv,9,False,True,4
ORD-W05-0115,V008,SKU-0033,2025-01-28,7,6,169,90.88,Pass,2025-02-03,15358.72,week_05_orders.csv,6,True,False,5
ORD-W05-0116,V010,SKU-0013,2025-02-02,3,5,420,186.72,Pass,2025-02-07,78422.4,week_05_orders.csv,5,False,False,5
ORD-W05-0117,V001,SKU-0009,2025-01-01,3,10,68,189.08,Pass,2025-01-11,12857.44,week_05_orders.csv,10,False,False,1
ORD-W05-0118,V003,SKU-0036,2025-01-23,5,10,160,121.11,Pass,2025-02-02,19377.6,week_05_orders.csv,10,False,False,4
ORD-W05-0119,V013,SKU-0013,2025-01-26,7,9,351,98.73,Pass,2025-02-04,34654.23,week_05_orders.csv,9,False,False,4
ORD-W05-0120,V012,SKU-0035,2025-01-24,7,4,61,186.99,Pass,2025-01-28,11406.39,week_05_orders.csv,4,True,False,4
ORD-W05-0121,V003,SKU-0012,2025-01-02,3,8,206,163.51,Pass,2025-01-10,33683.06,week_05_orders.csv,8,False,False,1
ORD-W05-0122,V002,SKU-0049,2025-01-31,7,11,429,40.17,Pass,2025-02-11,17232.93,week_05_orders.csv,11,False,False,5
ORD-W05-0123,V013,SKU-0002,2025-01-17,5,5,46,17.74,Pass,2025-01-22,816.04,week_05_orders.csv,5,True,False,3
ORD-W05-0124,V017,SKU-0038,2025-01-05,5,6,473,143.13,Pass,2025-01-11,67700.49,week_05_orders.csv,6,False,False,1
ORD-W05-0125,V014,SKU-0003,2025-01-29,5,12,191,29.56,Pass,2025-02-10,5645.96,week_05_orders.csv,12,False,False,5
ORD-W05-0126,V006,SKU-0039,2025-01-31,7,4,314,20.87,Pass,2025-02-04,6553.18,week_05_orders.csv,4,True,False,5
ORD-W05-0127,V016,SKU-0020,2025-01-09,3,11,320,64.39,Pass,2025-01-20,20604.8,week_05_orders.csv,11,False,False,2
ORD-W06-0000,V004,SKU-0042,2025-01-09,7,9,334,76.78,Pass,2025-01-18,25644.52,week_06_orders.csv,9,False,False,2
ORD-W06-0001,V004,SKU-0035,2025-02-07,5,8,391,41.03,Pass,2025-02-15,16042.73,week_06_orders.csv,8,False,False,6
ORD-W06-0002,V013,SKU-0025,2025-01-01,5,11,323,147.17,Pass,2025-01-12,47535.91,week_06_orders.csv,11,False,False,1
ORD-W06-0003,V018,SKU-0025,2025-02-06,5,13,332,117.94,Pass,2025-02-19,39156.08,week_06_orders.csv,13,False,False,6
ORD-W06-0004,V003,SKU-0045,2025-01-19,7,5,58,9.2,Pass,2025-01-24,533.6,week_06_orders.csv,5,True,False,3
ORD-W06-0005,V011,SKU-0008,2025-02-04,3,11,251,170.6,Pass,2025-02-15,42820.6,week_06_orders.csv,11,False,False,6
ORD-W06-0006,V001,SKU-0027,2025-01-12,7,13,159,164.09,Pass,2025-01-25,26090.31,week_06_orders.csv,13,False,False,2
ORD-W06-0007,V008,SKU-0014,2025-01-04,7,9,472,56.0,Pass,2025-01-13,26432.0,week_06_orders.csv,9,False,False,1
ORD-W06-0008,V013,SKU-0034,2025-01-17,5,8,248,24.21,Pass,2025-01-25,6004.08,week_06_orders.csv,8,False,False,3
ORD-W06-0009,V010,SKU-0045,2025-02-06,7,7,319,162.27,Defect,2025-02-13,51764.13,week_06_orders.csv,7,True,True,6
ORD-W06-0010,V013,SKU-0034,2025-01-02,7,8,237,7.19,Pass,2025-01-10,1704.03,week_06_orders.csv,8,False,False,1
ORD-W06-0011,V011,SKU-0019,2025-01-04,5,11,202,60.0,Pass,2025-01-15,12120.0,week_06_orders.csv,11,False,False,1
ORD-W06-0012,V007,SKU-0012,2025-01-27,5,13,443,49.6,Pass,2025-02-09,21972.8,week_06_orders.csv,13,False,False,5
ORD-W06-0013,V014,SKU-0020,2025-01-30,5,8,128,70.7,Pass,2025-02-07,9049.6,week_06_orders.csv,8,False,False,5
ORD-W06-0014,V009,SKU-0017,2025-02-06,3,2,39,156.98,Pass,2025-02-08,6122.22,week_06_orders.csv,2,True,False,6
ORD-W06-0015,V018,SKU-0008,2025-01-12,7,4,204,181.99,Pass,2025-01-16,37125.96,week_06_orders.csv,4,True,False,2
ORD-W06-0016,V002,SKU-0035,2025-01-28,7,6,461,103.04,Pass,2025-02-03,47501.44,week_06_orders.csv,6,True,False,5
ORD-W06-0017,V007,SKU-0013,2025-02-06,7,8,479,128.26,Pass,2025-02-14,61436.54,week_06_orders.csv,8,False,False,6
ORD-W06-0018,V005,SKU-0024,2025-01-26,7,8,227,23.25,Pass,2025-02-03,5277.75,week_06_orders.csv,8,False,False,4
ORD-W06-0019,V014,SKU-0048,2025-01-29,5,4,496,95.11,Pass,2025-02-02,47174.56,week_06_orders.csv,4,True,False,5
ORD-W06-0020,V013,SKU-0001,2025-01-04,3,4,352,108.15,Pass,2025-01-08,38068.8,week_06_orders.csv,4,False,False,1
ORD-W06-0021,V014,SKU-0044,2025-01-16,5,11,428,110.26,Pass,2025-01-27,47191.28,week_06_orders.csv,11,False,False,3
ORD-W06-0022,V004,SKU-0043,2025-01-07,7,5,147,198.22,Pass,2025-01-12,29138.34,week_06_orders.csv,5,True,False,2
ORD-W06-0023,V006,SKU-0050,2025-01-12,3,6,281,110.64,Pass,2025-01-18,31089.84,week_06_orders.csv,6,False,False,2
ORD-W06-0024,V006,SKU-0033,2025-01-09,5,8,153,110.16,Pass,2025-01-17,16854.48,week_06_orders.csv,8,False,False,2
ORD-W06-0025,V013,SKU-0033,2025-01-23,7,5,485,141.78,Pass,2025-01-28,68763.3,week_06_orders.csv,5,True,False,4
ORD-W06-0026,V014,SKU-0022,2025-02-10,7,7,398,182.42,Pass,2025-02-17,72603.16,week_06_orders.csv,7,True,False,7
ORD-W06-0027,V015,SKU-0014,2025-01-10,3,10,371,119.76,Pass,2025-01-20,44430.96,week_06_orders.csv,10,False,False,2
ORD-W06-0028,V011,SKU-0036,2025-01-06,7,7,255,132.12,Pass,2025-01-13,33690.6,week_06_orders.csv,7,True,False,2
ORD-W06-0029,V016,SKU-0006,2025-01-17,7,10,380,78.53,Pending,2025-01-27,29841.4,week_06_orders.csv,10,False,False,3
ORD-W06-0030,V019,SKU-0030,2025-02-10,5,7,196,172.48,Pass,2025-02-17,33806.08,week_06_orders.csv,7,False,False,7
ORD-W06-0031,V018,SKU-0002,2025-01-31,5,7,361,190.8,Pass,2025-02-07,68878.8,week_06_orders.csv,7,False,False,5
ORD-W06-0032,V009,SKU-0046,2025-01-18,7,6,432,66.32,Pass,2025-01-24,28650.24,week_06_orders.csv,6,True,False,3
ORD-W06-0033,V020,SKU-0039,2025-02-11,7,5,54,85.91,Pass,2025-02-16,4639.14,week_06_orders.csv,5,True,False,7
ORD-W06-0034,V018,SKU-0013,2025-01-13,3,2,478,58.06,Pass,2025-01-15,27752.68,week_06_orders.csv,2,True,False,3
ORD-W06-0035,V020,SKU-0045,2025-02-08,5,4,275,43.49,Pass,2025-02-12,11959.75,week_06_orders.csv,4,True,False,6
ORD-W06-0036,V018,SKU-0005,2025-01-24,7,12,110,130.64,Pass,2025-02-05,14370.4,week_06_orders.csv,12,False,False,4
ORD-W06-0037,V013,SKU-0004,2025-02-05,5,4,25,71.14,Pass,2025-02-09,1778.5,week_06_orders.csv,4,True,False,6
ORD-W06-0038,V008,SKU-0006,2025-01-30,5,10,154,70.4,Pass,2025-02-09,10841.6,week_06_orders.csv,10,False,False,5
ORD-W06-0039,V016,SKU-0034,2025-02-07,7,2,242,35.13,Pass,2025-02-09,8501.46,week_06_orders.csv,2,True,False,6
ORD-W06-0040,V003,SKU-0033,2025-01-07,7,4,59,156.67,Pass,2025-01-11,9243.53,week_06_orders.csv,4,True,False,2
ORD-W06-0041,V008,SKU-0013,2025-02-11,10,12,212,84.4,Pass,2025-02-23,17892.8,week_06_orders.csv,12,False,False,7
ORD-W06-0042,V018,SKU-0020,2025-01-16,10,12,408,170.83,Defect,2025-01-28,69698.64,week_06_orders.csv,12,False,True,3
ORD-W06-0043,V009,SKU-0009,2025-02-05,5,3,348,84.16,Pass,2025-02-08,29287.68,week_06_orders.csv,3,True,False,6
ORD-W06-0044,V006,SKU-0016,2025-01-18,5,2,173,17.4,Pass,2025-01-20,3010.2,week_06_orders.csv,2,True,False,3
ORD-W06-0045,V007,SKU-0002,2025-01-11,5,11,464,28.7,Pass,2025-01-22,13316.8,week_06_orders.csv,11,False,False,2
ORD-W06-0046,V016,SKU-0011,2025-01-30,5,6,457,139.36,Pass,2025-02-05,63687.52,week_06_orders.csv,6,False,False,5
ORD-W06-0047,V018,SKU-0026,2025-01-08,5,7,47,90.55,Pass,2025-01-15,4255.85,week_06_orders.csv,7,False,False,2
ORD-W06-0048,V019,SKU-0033,2025-01-27,3,7,287,82.11,Pass,2025-02-03,23565.57,week_06_orders.csv,7,False,False,5
ORD-W06-0049,V008,SKU-0046,2025-01-21,7,2,448,93.36,Pass,2025-01-23,41825.28,week_06_orders.csv,2,True,False,4
ORD-W06-0050,V014,SKU-0043,2025-01-23,7,2,160,35.89,Pending,2025-01-25,5742.4,week_06_orders.csv,2,True,False,4
ORD-W06-0051,V008,SKU-0029,2025-01-18,10,4,148,146.92,Pending,2025-01-22,21744.16,week_06_orders.csv,4,True,False,3
ORD-W06-0052,V018,SKU-0028,2025-01-08,5,5,228,139.48,Pass,2025-01-13,31801.44,week_06_orders.csv,5,True,False,2
ORD-W06-0053,V016,SKU-0039,2025-01-16,5,13,283,193.32,Pass,2025-01-29,54709.56,week_06_orders.csv,13,False,False,3
ORD-W06-0054,V003,SKU-0016,2025-01-05,3,4,439,93.09,Pass,2025-01-09,40866.51,week_06_orders.csv,4,False,False,1
ORD-W06-0055,V013,SKU-0022,2025-01-27,7,13,474,165.9,Pass,2025-02-09,78636.6,week_06_orders.csv,13,False,False,5
ORD-W06-0056,V009,SKU-0006,2025-02-01,5,7,301,53.91,Pass,2025-02-08,16226.91,week_06_orders.csv,7,False,False,5
ORD-W06-0057,V018,SKU-0011,2025-01-17,5,6,285,139.48,Pass,2025-01-23,39751.8,week_06_orders.csv,6,False,False,3
ORD-W06-0058,V007,SKU-0027,2025-01-22,3,7,26,115.73,Pass,2025-01-29,3008.98,week_06_orders.csv,7,False,False,4
ORD-W06-0059,V017,SKU-0013,2025-02-11,10,2,212,149.47,Pass,2025-02-13,31687.64,week_06_orders.csv,2,True,False,7
ORD-W06-0060,V004,SKU-0046,2025-01-08,7,10,33,28.94,Pass,2025-01-18,955.02,week_06_orders.csv,10,False,False,2
ORD-W06-0061,V014,SKU-0007,2025-01-09,7,4,188,28.82,Pass,2025-01-13,5418.16,week_06_orders.csv,4,True,False,2
ORD-W06-0062,V011,SKU-0029,2025-02-01,5,12,38,37.87,Pass,2025-02-13,1439.06,week_06_orders.csv,12,False,False,5
ORD-W06-0063,V003,SKU-0033,2025-02-08,3,13,443,12.24,Pass,2025-02-21,5422.32,week_06_orders.csv,13,False,False,6
ORD-W06-0064,V003,SKU-0042,2025-01-11,7,9,219,97.04,Pass,2025-01-20,21251.76,week_06_orders.csv,9,False,False,2
ORD-W06-0065,V009,SKU-0001,2025-02-02,7,4,215,23.82,Pass,2025-02-06,5121.3,week_06_orders.csv,4,True,False,5
ORD-W06-0066,V002,SKU-0020,2025-01-27,5,8,203,155.11,Pass,2025-02-04,31487.33,week_06_orders.csv,8,False,False,5
ORD-W06-0067,V001,SKU-0038,2025-02-06,5,7,133,63.75,Pass,2025-02-13,8478.75,week_06_orders.csv,7,False,False,6
ORD-W06-0068,V012,SKU-0031,2025-02-07,7,4,394,75.21,Pass,2025-02-11,29632.74,week_06_orders.csv,4,True,False,6
ORD-W06-0069,V001,SKU-0049,2025-01-25,5,11,376,12.9,Pass,2025-02-05,4850.4,week_06_orders.csv,11,False,False,4
ORD-W06-0070,V016,SKU-0006,2025-01-26,5,9,284,28.4,Pending,2025-02-04,8065.6,week_06_orders.csv,9,False,False,4
ORD-W06-0071,V008,SKU-0006,2025-01-03,10,5,106,53.66,Pass,2025-01-08,5687.96,week_06_orders.csv,5,True,False,1
ORD-W06-0072,V007,SKU-0038,2025-01-31,3,3,436,114.19,Pass,2025-02-03,49786.84,week_06_orders.csv,3,True,False,5
ORD-W06-0073,V018,SKU-0043,2025-01-16,5,8,300,67.56,Pass,2025-01-24,20268.0,week_06_orders.csv,8,False,False,3
ORD-W06-0074,V006,SKU-0025,2025-01-06,5,2,261,188.26,Pass,2025-01-08,49135.86,week_06_orders.csv,2,True,False,2
ORD-W06-0075,V019,SKU-0048,2025-01-05,7,5,88,29.66,Pass,2025-01-10,2610.08,week_06_orders.csv,5,True,False,1
ORD-W06-0076,V010,SKU-0013,2025-02-03,5,4,375,23.47,Pass,2025-02-07,8801.25,week_06_orders.csv,4,True,False,6
ORD-W06-0077,V015,SKU-0023,2025-01-24,10,3,135,76.47,Pass,2025-01-27,10323.45,week_06_orders.csv,3,True,False,4
ORD-W06-0078,V001,SKU-0037,2025-02-08,7,8,487,149.11,Pass,2025-02-16,72616.57,week_06_orders.csv,8,False,False,6
ORD-W06-0079,V010,SKU-0031,2025-02-06,3,12,69,198.57,Pass,2025-02-18,13701.33,week_06_orders.csv,12,False,False,6
ORD-W06-0080,V020,SKU-0036,2025-01-20,3,4,59,151.51,Defect,2025-01-24,8939.09,week_06_orders.csv,4,False,True,4
ORD-W06-0081,V005,SKU-0045,2025-01-30,5,6,318,45.76,Pass,2025-02-05,14551.68,week_06_orders.csv,6,False,False,5
ORD-W06-0082,V009,SKU-0011,2025-01-21,5,10,25,8.15,Pass,2025-01-31,203.75,week_06_orders.csv,10,False,False,4
ORD-W06-0083,V014,SKU-0023,2025-01-12,5,10,205,104.58,Defect,2025-01-22,21438.9,week_06_orders.csv,10,False,True,2
ORD-W06-0084,V011,SKU-0036,2025-01-14,5,10,258,149.53,Pass,2025-01-24,38578.74,week_06_orders.csv,10,False,False,3
ORD-W06-0085,V001,SKU-0005,2025-02-10,10,3,372,22.73,Pass,2025-02-13,8455.56,week_06_orders.csv,3,True,False,7
ORD-W06-0086,V018,SKU-0012,2025-01-26,5,10,171,12.17,Pass,2025-02-05,2081.07,week_06_orders.csv,10,False,False,4
ORD-W06-0087,V017,SKU-0028,2025-01-21,10,11,405,178.5,Defect,2025-02-01,72292.5,week_06_orders.csv,11,False,True,4
ORD-W06-0088,V010,SKU-0049,2025-01-08,7,11,16,125.06,Pass,2025-01-19,2000.96,week_06_orders.csv,11,False,False,2
ORD-W06-0089,V015,SKU-0028,2025-02-08,7,4,111,157.97,Defect,2025-02-12,17534.67,week_06_orders.csv,4,True,True,6
ORD-W06-0090,V002,SKU-0021,2025-01-21,3,3,313,156.65,Pass,2025-01-24,49031.45,week_06_orders.csv,3,True,False,4
ORD-W06-0091,V008,SKU-0034,2025-02-04,5,8,315,123.18,Pass,2025-02-12,38801.7,week_06_orders.csv,8,False,False,6
ORD-W06-0092,V020,SKU-0032,2025-02-02,5,7,285,7.26,Pass,2025-02-09,2069.1,week_06_orders.csv,7,False,False,5
ORD-W06-0093,V006,SKU-0034,2025-01-02,3,4,54,171.96,Pass,2025-01-06,9285.84,week_06_orders.csv,4,False,False,1
ORD-W06-0094,V007,SKU-0028,2025-01-28,5,2,238,64.22,Pass,2025-01-30,15284.36,week_06_orders.csv,2,True,False,5
ORD-W06-0095,V014,SKU-0024,2025-02-02,7,10,284,68.18,Pass,2025-02-12,19363.12,week_06_orders.csv,10,False,False,5
ORD-W06-0096,V003,SKU-0022,2025-01-27,10,9,378,197.28,Pass,2025-02-05,74571.84,week_06_orders.csv,9,True,False,5
ORD-W06-0097,V009,SKU-0018,2025-01-28,3,8,57,38.84,Pending,2025-02-05,2213.88,week_06_orders.csv,8,False,False,5
ORD-W06-0098,V016,SKU-0035,2025-02-01,7,12,286,154.95,Pass,2025-02-13,44315.7,week_06_orders.csv,12,False,False,5
ORD-W06-0099,V013,SKU-0032,2025-01-31,5,7,160,54.94,Pending,2025-02-07,8790.4,week_06_orders.csv,7,False,False,5
ORD-W06-0100,V001,SKU-0013,2025-01-14,5,2,90,147.87,Defect,2025-01-16,13308.3,week_06_orders.csv,2,True,True,3
ORD-W06-0101,V019,SKU-0034,2025-01-17,3,13,14,48.48,Pass,2025-01-30,678.72,week_06_orders.csv,13,False,False,3
ORD-W06-0102,V020,SKU-0034,2025-01-01,5,5,274,154.39,Pass,2025-01-06,42302.86,week_06_orders.csv,5,True,False,1
ORD-W06-0103,V014,SKU-0038,2025-01-09,7,7,79,42.81,Pass,2025-01-16,3381.99,week_06_orders.csv,7,True,False,2
ORD-W06-0104,V020,SKU-0013,2025-01-13,5,13,472,35.79,Pass,2025-01-26,16892.88,week_06_orders.csv,13,False,False,3
ORD-W06-0105,V006,SKU-0016,2025-01-25,3,12,173,186.23,Pass,2025-02-06,32217.79,week_06_orders.csv,12,False,False,4
ORD-W06-0106,V008,SKU-0011,2025-02-09,7,4,223,118.93,Pass,2025-02-13,26521.39,week_06_orders.csv,4,True,False,6
ORD-W06-0107,V004,SKU-0019,2025-01-18,5,5,300,186.56,Pass,2025-01-23,55968.0,week_06_orders.csv,5,True,False,3
ORD-W06-0108,V002,SKU-0043,2025-01-16,5,2,252,181.46,Pass,2025-01-18,45727.92,week_06_orders.csv,2,True,False,3
ORD-W06-0109,V013,SKU-0015,2025-01-26,7,4,377,187.1,Pass,2025-01-30,70536.7,week_06_orders.csv,4,True,False,4
ORD-W06-0110,V012,SKU-0019,2025-02-02,5,9,87,162.83,Pending,2025-02-11,14166.21,week_06_orders.csv,9,False,False,5
ORD-W06-0111,V003,SKU-0007,2025-01-09,7,12,424,91.57,Pass,2025-01-21,38825.68,week_06_orders.csv,12,False,False,2
ORD-W06-0112,V003,SKU-0001,2025-02-06,5,2,244,92.06,Pass,2025-02-08,22462.64,week_06_orders.csv,2,True,False,6
ORD-W06-0113,V010,SKU-0027,2025-02-11,5,11,218,170.61,Pass,2025-02-22,37192.98,week_06_orders.csv,11,False,False,7
ORD-W06-0114,V017,SKU-0027,2025-02-02,5,13,262,167.04,Pass,2025-02-15,43764.48,week_06_orders.csv,13,False,False,5
ORD-W06-0115,V009,SKU-0043,2025-02-11,5,11,452,28.92,Pass,2025-02-22,13071.84,week_06_orders.csv,11,False,False,7
ORD-W06-0116,V018,SKU-0011,2025-02-05,7,4,314,95.94,Defect,2025-02-09,30125.16,week_06_orders.csv,4,True,True,6
ORD-W06-0117,V010,SKU-0008,2025-02-04,5,8,270,43.2,Pass,2025-02-12,11664.0,week_06_orders.csv,8,False,False,6
ORD-W06-0118,V006,SKU-0048,2025-01-20,5,4,478,97.69,Pass,2025-01-24,46695.82,week_06_orders.csv,4,True,False,4
ORD-W06-0119,V015,SKU-0011,2025-01-08,3,11,351,136.1,Pass,2025-01-19,47771.1,week_06_orders.csv,11,False,False,2
ORD-W06-0120,V018,SKU-0008,2025-01-16,5,8,122,119.21,Defect,2025-01-24,14543.62,week_06_orders.csv,8,False,True,3
ORD-W06-0121,V017,SKU-0040,2025-01-02,7,9,168,168.9,Pass,2025-01-11,28375.2,week_06_orders.csv,9,False,False,1
ORD-W06-0122,V017,SKU-0007,2025-01-26,3,8,340,104.93,Defect,2025-02-03,35676.2,week_06_orders.csv,8,False,True,4
ORD-W06-0123,V012,SKU-0006,2025-01-09,3,4,251,164.39,Pass,2025-01-13,41261.89,week_06_orders.csv,4,False,False,2
ORD-W06-0124,V004,SKU-0048,2025-01-26,7,12,299,154.13,Pass,2025-02-07,46084.87,week_06_orders.csv,12,False,False,4
ORD-W06-0125,V004,SKU-0049,2025-02-09,5,12,206,129.31,Pass,2025-02-21,26637.86,week_06_orders.csv,12,False,False,6
ORD-W06-0126,V018,SKU-0046,2025-02-04,7,6,154,41.9,Pass,2025-02-10,6452.6,week_06_orders.csv,6,True,False,6
ORD-W06-0127,V004,SKU-0032,2025-01-27,7,13,14,6.42,Pass,2025-02-09,89.88,week_06_orders.csv,13,False,False,5
ORD-W06-0128,V004,SKU-0038,2025-01-23,3,12,145,42.56,Pass,2025-02-04,6171.2,week_06_orders.csv,12,False,False,4
ORD-W06-0129,V001,SKU-0013,2025-01-08,5,3,436,16.95,Pass,2025-01-11,7390.2,week_06_orders.csv,3,True,False,2
ORD-W06-0130,V009,SKU-0018,2025-01-29,5,10,308,122.98,Pass,2025-02-08,37877.84,week_06_orders.csv,10,False,False,5
ORD-W06-0131,V006,SKU-0043,2025-02-09,7,6,368,133.73,Pass,2025-02-15,49212.64,week_06_orders.csv,6,True,False,6
ORD-W06-0132,V014,SKU-0037,2025-01-04,5,13,470,70.6,Pass,2025-01-17,33182.0,week_06_orders.csv,13,False,False,1
ORD-W06-0133,V008,SKU-0038,2025-01-30,5,13,99,187.06,Pass,2025-02-12,18518.94,week_06_orders.csv,13,False,False,5
ORD-W06-0134,V001,SKU-0042,2025-01-27,7,6,125,93.08,Pending,2025-02-02,11635.0,week_06_orders.csv,6,True,False,5
ORD-W06-0135,V009,SKU-0008,2025-01-05,5,2,275,72.73,Pass,2025-01-07,20000.75,week_06_orders.csv,2,True,False,1
ORD-W06-0136,V007,SKU-0020,2025-01-02,7,2,105,96.35,Defect,2025-01-04,10116.75,week_06_orders.csv,2,True,True,1
ORD-W06-0137,V014,SKU-0019,2025-01-02,7,6,126,88.98,Pass,2025-01-08,11211.48,week_06_orders.csv,6,True,False,1
ORD-W06-0138,V005,SKU-0042,2025-01-23,7,11,444,6.88,Pass,2025-02-03,3054.72,week_06_orders.csv,11,False,False,4
ORD-W06-0139,V014,SKU-0050,2025-01-24,5,3,76,70.86,Pass,2025-01-27,5385.36,week_06_orders.csv,3,True,False,4
ORD-W06-0140,V012,SKU-0018,2025-01-29,10,2,436,141.62,Pass,2025-01-31,61746.32,week_06_orders.csv,2,True,False,5
ORD-W06-0141,V014,SKU-0050,2025-01-11,5,13,386,199.31,Pass,2025-01-24,76933.66,week_06_orders.csv,13,False,False,2
ORD-W06-0142,V014,SKU-0009,2025-01-01,7,10,64,72.5,Defect,2025-01-11,4640.0,week_06_orders.csv,10,False,True,1
ORD-W06-0143,V003,SKU-0009,2025-02-06,5,8,270,84.95,Pass,2025-02-14,22936.5,week_06_orders.csv,8,False,False,6
ORD-W06-0144,V004,SKU-0037,2025-01-16,5,11,412,23.95,Pass,2025-01-27,9867.4,week_06_orders.csv,11,False,False,3
ORD-W06-0145,V016,SKU-0008,2025-01-01,7,4,494,199.63,Pass,2025-01-05,98617.22,week_06_orders.csv,4,True,False,1
ORD-W06-0146,V018,SKU-0050,2025-01-17,5,10,15,43.06,Pass,2025-01-27,645.9,week_06_orders.csv,10,False,False,3
ORD-W06-0147,V001,SKU-0038,2025-01-30,7,7,56,46.3,Pass,2025-02-06,2592.8,week_06_orders.csv,7,True,False,5
ORD-W06-0148,V007,SKU-0025,2025-02-07,3,2,217,133.77,Pass,2025-02-09,29028.09,week_06_orders.csv,2,True,False,6
ORD-W06-0149,V016,SKU-0040,2025-01-04,5,10,101,161.34,Pass,2025-01-14,16295.34,week_06_orders.csv,10,False,False,1
ORD-W06-0150,V020,SKU-0038,2025-01-04,5,9,253,157.46,Pass,2025-01-13,39837.38,week_06_orders.csv,9,False,False,1
ORD-W06-0151,V015,SKU-0014,2025-01-26,3,10,348,118.76,Pass,2025-02-05,41328.48,week_06_orders.csv,10,False,False,4
ORD-W06-0152,V003,SKU-0001,2025-01-24,5,10,142,64.21,Pass,2025-02-03,9117.82,week_06_orders.csv,10,False,False,4
ORD-W06-0153,V006,SKU-0009,2025-01-29,3,5,19,136.36,Pending,2025-02-03,2590.84,week_06_orders.csv,5,False,False,5
ORD-W06-0154,V016,SKU-0042,2025-01-09,10,3,229,94.3,Pass,2025-01-12,21594.7,week_06_orders.csv,3,True,False,2
ORD-W06-0155,V018,SKU-0007,2025-01-13,5,8,458,35.47,Pass,2025-01-21,16245.26,week_06_orders.csv,8,False,False,3
ORD-W06-0156,V017,SKU-0023,2025-01-16,10,6,410,36.48,Pending,2025-01-22,14956.8,week_06_orders.csv,6,True,False,3
ORD-W06-0157,V010,SKU-0022,2025-01-20,3,8,134,17.77,Pass,2025-01-28,2381.18,week_06_orders.csv,8,False,False,4
ORD-W06-0158,V013,SKU-0035,2025-02-11,10,8,108,22.1,Pass,2025-02-19,2386.8,week_06_orders.csv,8,True,False,7
ORD-W06-0159,V002,SKU-0030,2025-01-22,5,13,165,165.44,Pass,2025-02-04,27297.6,week_06_orders.csv,13,False,False,4
ORD-W06-0160,V016,SKU-0005,2025-01-30,5,13,263,36.25,Defect,2025-02-12,9533.75,week_06_orders.csv,13,False,True,5
ORD-W06-0161,V011,SKU-0034,2025-02-06,10,8,221,178.36,Pass,2025-02-14,39417.56,week_06_orders.csv,8,True,False,6
ORD-W06-0162,V006,SKU-0023,2025-01-10,7,4,385,135.65,Pending,2025-01-14,52225.25,week_06_orders.csv,4,True,False,2
ORD-W06-0163,V005,SKU-0014,2025-01-30,5,5,318,186.59,Pass,2025-02-04,59335.62,week_06_orders.csv,5,True,False,5
ORD-W06-0164,V013,SKU-0041,2025-01-13,3,9,85,171.66,Pass,2025-01-22,14591.1,week_06_orders.csv,9,False,False,3
ORD-W07-0000,V018,SKU-0001,2025-01-18,7,5,368,116.47,Pass,2025-01-23,42860.96,week_07_orders.csv,5,True,False,3
ORD-W07-0001,V006,SKU-0041,2025-01-14,5,8,161,187.49,Pass,2025-01-22,30185.89,week_07_orders.csv,8,False,False,3
ORD-W07-0002,V015,SKU-0039,2025-01-29,10,10,325,130.69,Pass,2025-02-08,42474.25,week_07_orders.csv,10,True,False,5
ORD-W07-0003,V016,SKU-0040,2025-01-10,7,5,395,34.88,Pass,2025-01-15,13777.6,week_07_orders.csv,5,True,False,2
ORD-W07-0004,V002,SKU-0018,2025-02-03,3,7,394,99.75,Pass,2025-02-10,39301.5,week_07_orders.csv,7,False,False,6
ORD-W07-0005,V006,SKU-0031,2025-01-14,10,7,485,11.03,Pass,2025-01-21,5349.55,week_07_orders.csv,7,True,False,3
ORD-W07-0006,V001,SKU-0029,2025-01-18,5,8,161,90.02,Pass,2025-01-26,14493.22,week_07_orders.csv,8,False,False,3
ORD-W07-0007,V014,SKU-0031,2025-01-18,3,13,452,174.04,Defect,2025-01-31,78666.08,week_07_orders.csv,13,False,True,3
ORD-W07-0008,V016,SKU-0048,2025-01-12,3,2,358,61.09,Pass,2025-01-14,21870.22,week_07_orders.csv,2,True,False,2
ORD-W07-0009,V005,SKU-0049,2025-02-18,7,9,88,199.54,Pass,2025-02-27,17559.52,week_07_orders.csv,9,False,False,8
ORD-W07-0010,V007,SKU-0027,2025-01-02,3,2,243,78.92,Pass,2025-01-04,19177.56,week_07_orders.csv,2,True,False,1
ORD-W07-0011,V010,SKU-0024,2025-01-14,10,13,457,137.9,Pass,2025-01-27,63020.3,week_07_orders.csv,13,False,False,3
ORD-W07-0012,V001,SKU-0004,2025-01-28,5,3,281,159.04,Defect,2025-01-31,44690.24,week_07_orders.csv,3,True,True,5
ORD-W07-0013,V011,SKU-0025,2025-02-17,7,9,220,105.31,Pass,2025-02-26,23168.2,week_07_orders.csv,9,False,False,8
ORD-W07-0014,V020,SKU-0036,2025-01-26,3,9,266,43.83,Pass,2025-02-04,11658.78,week_07_orders.csv,9,False,False,4
ORD-W07-0015,V012,SKU-0002,2025-02-14,7,8,205,155.33,Pass,2025-02-22,31842.65,week_07_orders.csv,8,False,False,7
ORD-W07-0016,V020,SKU-0045,2025-01-17,5,11,461,19.3,Pass,2025-01-28,8897.3,week_07_orders.csv,11,False,False,3
ORD-W07-0017,V016,SKU-0044,2025-02-18,5,3,366,30.22,Defect,2025-02-21,11060.52,week_07_orders.csv,3,True,True,8
ORD-W07-0018,V009,SKU-0014,2025-01-21,7,4,338,68.64,Pass,2025-01-25,23200.32,week_07_orders.csv,4,True,False,4
ORD-W07-0019,V019,SKU-0011,2025-02-12,5,4,87,70.64,Pass,2025-02-16,6145.68,week_07_orders.csv,4,True,False,7
ORD-W07-0020,V003,SKU-0016,2025-02-04,5,9,139,122.58,Defect,2025-02-13,17038.62,week_07_orders.csv,9,False,True,6
ORD-W07-0021,V010,SKU-0021,2025-02-17,7,12,117,21.47,Pass,2025-03-01,2511.99,week_07_orders.csv,12,False,False,8
ORD-W07-0022,V008,SKU-0041,2025-01-09,7,12,345,17.19,Pass,2025-01-21,5930.55,week_07_orders.csv,12,False,False,2
ORD-W07-0023,V014,SKU-0012,2025-02-06,5,13,51,197.21,Pass,2025-02-19,10057.71,week_07_orders.csv,13,False,False,6
ORD-W07-0024,V008,SKU-0032,2025-02-03,5,3,425,153.92,Pass,2025-02-06,65416.0,week_07_orders.csv,3,True,False,6
ORD-W07-0025,V020,SKU-0048,2025-02-02,3,13,452,105.26,Pass,2025-02-15,47577.52,week_07_orders.csv,13,False,False,5
ORD-W07-0026,V004,SKU-0023,2025-01-07,10,9,34,97.49,Pass,2025-01-16,3314.66,week_07_orders.csv,9,True,False,2
ORD-W07-0027,V005,SKU-0001,2025-01-27,3,10,348,196.06,Pass,2025-02-06,68228.88,week_07_orders.csv,10,False,False,5
ORD-W07-0028,V008,SKU-0040,2025-02-03,5,10,368,187.74,Pass,2025-02-13,69088.32,week_07_orders.csv,10,False,False,6
ORD-W07-0029,V006,SKU-0010,2025-02-11,3,3,44,178.0,Defect,2025-02-14,7832.0,week_07_orders.csv,3,True,True,7
ORD-W07-0030,V002,SKU-0026,2025-01-06,3,8,410,141.07,Pass,2025-01-14,57838.7,week_07_orders.csv,8,False,False,2
ORD-W07-0031,V013,SKU-0022,2025-01-05,7,10,290,74.18,Pass,2025-01-15,21512.2,week_07_orders.csv,10,False,False,1
ORD-W07-0032,V019,SKU-0031,2025-01-07,5,13,97,190.47,Defect,2025-01-20,18475.59,week_07_orders.csv,13,False,True,2
ORD-W07-0033,V020,SKU-0015,2025-01-24,10,3,308,111.75,Pass,2025-01-27,34419.0,week_07_orders.csv,3,True,False,4
ORD-W07-0034,V019,SKU-0005,2025-02-07,3,11,300,173.57,Pass,2025-02-18,52071.0,week_07_orders.csv,11,False,False,6
ORD-W07-0035,V014,SKU-0008,2025-02-02,7,6,143,99.12,Defect,2025-02-08,14174.16,week_07_orders.csv,6,True,True,5
ORD-W07-0036,V017,SKU-0023,2025-01-27,5,6,95,56.94,Pass,2025-02-02,5409.3,week_07_orders.csv,6,False,False,5
ORD-W07-0037,V017,SKU-0045,2025-02-08,5,6,101,156.24,Pass,2025-02-14,15780.24,week_07_orders.csv,6,False,False,6
ORD-W07-0038,V003,SKU-0032,2025-01-19,7,6,390,194.01,Pass,2025-01-25,75663.9,week_07_orders.csv,6,True,False,3
ORD-W07-0039,V001,SKU-0032,2025-01-15,5,2,360,164.17,Pass,2025-01-17,59101.2,week_07_orders.csv,2,True,False,3
ORD-W07-0040,V003,SKU-0043,2025-01-15,5,13,382,181.07,Pass,2025-01-28,69168.74,week_07_orders.csv,13,False,False,3
ORD-W07-0041,V005,SKU-0005,2025-01-20,5,4,67,175.93,Pass,2025-01-24,11787.31,week_07_orders.csv,4,True,False,4
ORD-W07-0042,V003,SKU-0006,2025-02-11,5,13,372,140.17,Pass,2025-02-24,52143.24,week_07_orders.csv,13,False,False,7
ORD-W07-0043,V001,SKU-0009,2025-01-16,7,11,141,117.85,Pass,2025-01-27,16616.85,week_07_orders.csv,11,False,False,3
ORD-W07-0044,V010,SKU-0034,2025-01-02,5,5,252,13.27,Defect,2025-01-07,3344.04,week_07_orders.csv,5,True,True,1
ORD-W07-0045,V009,SKU-0022,2025-01-13,5,13,139,195.4,Pass,2025-01-26,27160.6,week_07_orders.csv,13,False,False,3
ORD-W07-0046,V006,SKU-0023,2025-01-29,7,2,488,119.89,Defect,2025-01-31,58506.32,week_07_orders.csv,2,True,True,5
ORD-W07-0047,V019,SKU-0038,2025-01-16,7,6,238,132.2,Pass,2025-01-22,31463.6,week_07_orders.csv,6,True,False,3
ORD-W07-0048,V015,SKU-0023,2025-01-05,5,4,410,15.34,Defect,2025-01-09,6289.4,week_07_orders.csv,4,True,True,1
ORD-W07-0049,V004,SKU-0047,2025-02-08,10,11,303,165.41,Pass,2025-02-19,50119.23,week_07_orders.csv,11,False,False,6
ORD-W07-0050,V017,SKU-0034,2025-02-09,7,9,328,73.62,Pass,2025-02-18,24147.36,week_07_orders.csv,9,False,False,6
ORD-W07-0051,V016,SKU-0007,2025-01-18,7,11,196,41.47,Pass,2025-01-29,8128.12,week_07_orders.csv,11,False,False,3
ORD-W07-0052,V020,SKU-0004,2025-02-13,5,2,78,163.69,Pass,2025-02-15,12767.82,week_07_orders.csv,2,True,False,7
ORD-W07-0053,V001,SKU-0021,2025-01-16,3,4,77,195.06,Pass,2025-01-20,15019.62,week_07_orders.csv,4,False,False,3
ORD-W07-0054,V002,SKU-0003,2025-01-17,7,12,115,82.52,Pass,2025-01-29,9489.8,week_07_orders.csv,12,False,False,3
ORD-W07-0055,V005,SKU-0010,2025-01-01,7,11,149,184.19,Pass,2025-01-12,27444.31,week_07_orders.csv,11,False,False,1
ORD-W07-0056,V017,SKU-0042,2025-01-29,7,8,282,27.09,Pass,2025-02-06,7639.38,week_07_orders.csv,8,False,False,5
ORD-W07-0057,V018,SKU-0041,2025-01-26,5,10,86,143.31,Pass,2025-02-05,12324.66,week_07_orders.csv,10,False,False,4
ORD-W07-0058,V009,SKU-0030,2025-01-26,7,9,269,139.85,Pass,2025-02-04,37619.65,week_07_orders.csv,9,False,False,4
ORD-W07-0059,V013,SKU-0020,2025-02-02,5,4,480,108.02,Pending,2025-02-06,51849.6,week_07_orders.csv,4,True,False,5
ORD-W07-0060,V002,SKU-0043,2025-01-08,5,8,275,144.26,Pass,2025-01-16,39671.5,week_07_orders.csv,8,False,False,2
ORD-W07-0061,V002,SKU-0038,2025-01-31,7,10,283,143.44,Pass,2025-02-10,40593.52,week_07_orders.csv,10,False,False,5
ORD-W07-0062,V002,SKU-0012,2025-02-07,7,8,267,188.31,Pass,2025-02-15,50278.77,week_07_orders.csv,8,False,False,6
ORD-W07-0063,V010,SKU-0050,2025-02-04,5,13,464,115.62,Pending,2025-02-17,53647.68,week_07_orders.csv,13,False,False,6
ORD-W07-0064,V006,SKU-0023,2025-01-10,5,11,407,160.54,Pass,2025-01-21,65339.78,week_07_orders.csv,11,False,False,2
ORD-W07-0065,V008,SKU-0042,2025-02-11,5,3,220,68.29,Pass,2025-02-14,15023.8,week_07_orders.csv,3,True,False,7
ORD-W07-0066,V015,SKU-0021,2025-02-03,5,8,379,135.71,Pending,2025-02-11,51434.09,week_07_orders.csv,8,False,False,6
ORD-W07-0067,V001,SKU-0048,2025-02-13,3,12,144,138.48,Pass,2025-02-25,19941.12,week_07_orders.csv,12,False,False,7
ORD-W07-0068,V003,SKU-0016,2025-02-18,5,10,380,106.37,Pass,2025-02-28,40420.6,week_07_orders.csv,10,False,False,8
ORD-W07-0069,V015,SKU-0003,2025-01-08,5,4,381,190.73,Pass,2025-01-12,72668.13,week_07_orders.csv,4,True,False,2
ORD-W07-0070,V011,SKU-0012,2025-01-04,7,10,465,130.02,Pass,2025-01-14,60459.3,week_07_orders.csv,10,False,False,1
ORD-W07-0071,V001,SKU-0034,2025-01-04,3,12,211,36.26,Pass,2025-01-16,7650.86,week_07_orders.csv,12,False,False,1
ORD-W07-0072,V004,SKU-0013,2025-01-28,5,4,180,46.01,Pass,2025-02-01,8281.8,week_07_orders.csv,4,True,False,5
ORD-W07-0073,V012,SKU-0025,2025-02-01,3,11,404,83.28,Pass,2025-02-12,33645.12,week_07_orders.csv,11,False,False,5
ORD-W07-0074,V010,SKU-0031,2025-02-11,5,5,431,120.73,Pass,2025-02-16,52034.63,week_07_orders.csv,5,True,False,7
ORD-W07-0075,V015,SKU-0020,2025-02-03,10,4,180,146.28,Pass,2025-02-07,26330.4,week_07_orders.csv,4,True,False,6
ORD-W07-0076,V016,SKU-0011,2025-01-03,3,5,205,26.57,Pass,2025-01-08,5446.85,week_07_orders.csv,5,False,False,1
ORD-W07-0077,V006,SKU-0005,2025-02-13,5,6,337,147.75,Pass,2025-02-19,49791.75,week_07_orders.csv,6,False,False,7
ORD-W07-0078,V019,SKU-0007,2025-02-05,5,7,204,39.66,Pass,2025-02-12,8090.64,week_07_orders.csv,7,False,False,6
ORD-W07-0079,V014,SKU-0042,2025-02-01,7,6,141,26.05,Pass,2025-02-07,3673.05,week_07_orders.csv,6,True,False,5
ORD-W07-0080,V003,SKU-0003,2025-01-02,3,9,182,10.43,Pass,2025-01-11,1898.26,week_07_orders.csv,9,False,False,1
ORD-W07-0081,V011,SKU-0003,2025-01-01,10,9,276,89.27,Defect,2025-01-10,24638.52,week_07_orders.csv,9,True,True,1
ORD-W07-0082,V019,SKU-0025,2025-02-15,5,4,464,139.45,Defect,2025-02-19,64704.8,week_07_orders.csv,4,True,True,7
ORD-W07-0083,V019,SKU-0018,2025-01-11,3,13,123,35.23,Pass,2025-01-24,4333.29,week_07_orders.csv,13,False,False,2
ORD-W07-0084,V013,SKU-0027,2025-01-12,5,11,239,152.6,Pending,2025-01-23,36471.4,week_07_orders.csv,11,False,False,2
ORD-W07-0085,V019,SKU-0043,2025-01-14,3,5,26,81.15,Pending,2025-01-19,2109.9,week_07_orders.csv,5,False,False,3
ORD-W07-0086,V005,SKU-0020,2025-01-27,7,8,464,111.43,Pass,2025-02-04,51703.52,week_07_orders.csv,8,False,False,5
ORD-W07-0087,V005,SKU-0001,2025-02-18,7,3,254,53.11,Pass,2025-02-21,13489.94,week_07_orders.csv,3,True,False,8
ORD-W07-0088,V001,SKU-0040,2025-01-19,5,3,17,141.74,Pass,2025-01-22,2409.58,week_07_orders.csv,3,True,False,3
ORD-W07-0089,V014,SKU-0013,2025-01-18,5,3,102,142.23,Pass,2025-01-21,14507.46,week_07_orders.csv,3,True,False,3
ORD-W07-0090,V014,SKU-0042,2025-02-04,5,2,140,196.87,Pass,2025-02-06,27561.8,week_07_orders.csv,2,True,False,6
ORD-W07-0091,V017,SKU-0011,2025-01-11,10,10,431,20.31,Pass,2025-01-21,8753.61,week_07_orders.csv,10,True,False,2
ORD-W07-0092,V019,SKU-0033,2025-01-16,3,12,51,185.37,Pass,2025-01-28,9453.87,week_07_orders.csv,12,False,False,3
ORD-W07-0093,V018,SKU-0037,2025-01-12,3,9,417,157.73,Pass,2025-01-21,65773.41,week_07_orders.csv,9,False,False,2
ORD-W07-0094,V004,SKU-0024,2025-01-19,3,10,105,16.53,Pass,2025-01-29,1735.65,week_07_orders.csv,10,False,False,3
ORD-W07-0095,V008,SKU-0012,2025-02-09,7,8,343,6.2,Pass,2025-02-17,2126.6,week_07_orders.csv,8,False,False,6
ORD-W07-0096,V004,SKU-0030,2025-01-01,5,11,447,17.79,Pending,2025-01-12,7952.13,week_07_orders.csv,11,False,False,1
ORD-W07-0097,V001,SKU-0042,2025-01-15,7,6,370,98.97,Pass,2025-01-21,36618.9,week_07_orders.csv,6,True,False,3
ORD-W07-0098,V010,SKU-0042,2025-01-15,5,8,337,109.31,Pass,2025-01-23,36837.47,week_07_orders.csv,8,False,False,3
ORD-W07-0099,V009,SKU-0003,2025-01-20,5,9,76,25.32,Pass,2025-01-29,1924.32,week_07_orders.csv,9,False,False,4
ORD-W07-0100,V007,SKU-0028,2025-01-23,3,4,127,34.74,Pass,2025-01-27,4411.98,week_07_orders.csv,4,False,False,4
ORD-W07-0101,V008,SKU-0044,2025-01-28,7,4,70,86.45,Pass,2025-02-01,6051.5,week_07_orders.csv,4,True,False,5
ORD-W07-0102,V010,SKU-0034,2025-02-12,5,13,411,196.2,Pass,2025-02-25,80638.2,week_07_orders.csv,13,False,False,7
ORD-W07-0103,V003,SKU-0020,2025-01-26,5,13,114,27.12,Pass,2025-02-08,3091.68,week_07_orders.csv,13,False,False,4
ORD-W07-0104,V020,SKU-0018,2025-02-05,5,2,99,66.04,Pass,2025-02-07,6537.96,week_07_orders.csv,2,True,False,6
ORD-W07-0105,V010,SKU-0002,2025-01-17,5,6,344,144.83,Pass,2025-01-23,49821.52,week_07_orders.csv,6,False,False,3
ORD-W07-0106,V012,SKU-0008,2025-01-20,3,2,306,187.4,Pass,2025-01-22,57344.4,week_07_orders.csv,2,True,False,4
ORD-W07-0107,V019,SKU-0024,2025-02-08,5,10,110,160.05,Pass,2025-02-18,17605.5,week_07_orders.csv,10,False,False,6
ORD-W07-0108,V008,SKU-0028,2025-01-02,5,5,298,119.87,Pass,2025-01-07,35721.26,week_07_orders.csv,5,True,False,1
ORD-W07-0109,V017,SKU-0045,2025-01-20,10,7,441,140.85,Pass,2025-01-27,62114.85,week_07_orders.csv,7,True,False,4
ORD-W07-0110,V012,SKU-0047,2025-01-15,7,9,308,95.9,Pass,2025-01-24,29537.2,week_07_orders.csv,9,False,False,3
ORD-W07-0111,V005,SKU-0002,2025-01-03,7,2,340,98.33,Defect,2025-01-05,33432.2,week_07_orders.csv,2,True,True,1
ORD-W07-0112,V006,SKU-0021,2025-02-18,5,10,232,62.05,Pass,2025-02-28,14395.6,week_07_orders.csv,10,False,False,8
ORD-W07-0113,V016,SKU-0027,2025-01-26,5,5,408,53.39,Pass,2025-01-31,21783.12,week_07_orders.csv,5,True,False,4
ORD-W07-0114,V015,SKU-0018,2025-01-07,7,10,146,154.64,Pass,2025-01-17,22577.44,week_07_orders.csv,10,False,False,2
ORD-W07-0115,V019,SKU-0039,2025-01-27,7,4,119,36.97,Pass,2025-01-31,4399.43,week_07_orders.csv,4,True,False,5
ORD-W07-0116,V012,SKU-0041,2025-01-15,3,12,349,108.76,Pass,2025-01-27,37957.24,week_07_orders.csv,12,False,False,3
ORD-W07-0117,V001,SKU-0011,2025-01-14,7,8,139,198.86,Pass,2025-01-22,27641.54,week_07_orders.csv,8,False,False,3
ORD-W07-0118,V006,SKU-0047,2025-02-05,3,3,389,162.16,Pass,2025-02-08,63080.24,week_07_orders.csv,3,True,False,6
ORD-W07-0119,V011,SKU-0029,2025-01-18,5,4,359,44.09,Pass,2025-01-22,15828.31,week_07_orders.csv,4,True,False,3
ORD-W07-0120,V019,SKU-0013,2025-02-07,7,2,416,186.56,Pass,2025-02-09,77608.96,week_07_orders.csv,2,True,False,6
ORD-W07-0121,V020,SKU-0013,2025-01-08,3,6,28,191.86,Defect,2025-01-14,5372.08,week_07_orders.csv,6,False,True,2
ORD-W07-0122,V002,SKU-0049,2025-01-26,5,10,136,30.38,Pass,2025-02-05,4131.68,week_07_orders.csv,10,False,False,4
ORD-W07-0123,V003,SKU-0045,2025-01-06,5,3,462,11.88,Pass,2025-01-09,5488.56,week_07_orders.csv,3,True,False,2
ORD-W07-0124,V020,SKU-0015,2025-02-08,10,3,95,182.93,Defect,2025-02-11,17378.35,week_07_orders.csv,3,True,True,6
ORD-W07-0125,V008,SKU-0050,2025-01-23,7,4,296,194.79,Pass,2025-01-27,57657.84,week_07_orders.csv,4,True,False,4
ORD-W07-0126,V010,SKU-0013,2025-01-13,5,5,47,25.65,Defect,2025-01-18,1205.55,week_07_orders.csv,5,True,True,3
ORD-W07-0127,V020,SKU-0034,2025-01-31,3,8,220,183.87,Pass,2025-02-08,40451.4,week_07_orders.csv,8,False,False,5
ORD-W07-0128,V002,SKU-0044,2025-02-09,3,4,438,13.37,Pass,2025-02-13,5856.06,week_07_orders.csv,4,False,False,6
ORD-W07-0129,V003,SKU-0050,2025-01-03,5,5,433,85.61,Pass,2025-01-08,37069.13,week_07_orders.csv,5,True,False,1
ORD-W07-0130,V012,SKU-0039,2025-01-12,5,9,139,135.67,Pass,2025-01-21,18858.13,week_07_orders.csv,9,False,False,2
ORD-W07-0131,V012,SKU-0047,2025-02-01,5,6,471,39.59,Pass,2025-02-07,18646.89,week_07_orders.csv,6,False,False,5
ORD-W07-0132,V001,SKU-0024,2025-02-11,7,3,218,196.1,Pending,2025-02-14,42749.8,week_07_orders.csv,3,True,False,7
ORD-W07-0133,V017,SKU-0045,2025-02-18,5,2,298,84.45,Defect,2025-02-20,25166.1,week_07_orders.csv,2,True,True,8
ORD-W07-0134,V018,SKU-0045,2025-02-16,5,12,39,58.66,Defect,2025-02-28,2287.74,week_07_orders.csv,12,False,True,7
ORD-W07-0135,V009,SKU-0047,2025-01-14,5,7,139,156.37,Pass,2025-01-21,21735.43,week_07_orders.csv,7,False,False,3
ORD-W07-0136,V018,SKU-0023,2025-01-20,10,5,29,26.8,Pass,2025-01-25,777.2,week_07_orders.csv,5,True,False,4
ORD-W07-0137,V017,SKU-0008,2025-02-04,7,6,222,15.25,Pass,2025-02-10,3385.5,week_07_orders.csv,6,True,False,6
ORD-W08-0000,V017,SKU-0026,2025-01-12,3,2,383,42.35,Pass,2025-01-14,16220.05,week_08_orders.csv,2,True,False,2
ORD-W08-0001,V010,SKU-0003,2025-01-01,3,4,192,23.11,Pass,2025-01-05,4437.12,week_08_orders.csv,4,False,False,1
ORD-W08-0002,V005,SKU-0044,2025-01-16,3,11,280,78.66,Pass,2025-01-27,22024.8,week_08_orders.csv,11,False,False,3
ORD-W08-0003,V006,SKU-0016,2025-01-25,5,6,483,175.78,Pass,2025-01-31,84901.74,week_08_orders.csv,6,False,False,4
ORD-W08-0004,V006,SKU-0004,2025-01-12,7,11,110,190.95,Pass,2025-01-23,21004.5,week_08_orders.csv,11,False,False,2
ORD-W08-0005,V015,SKU-0024,2025-01-21,5,12,432,20.98,Pass,2025-02-02,9063.36,week_08_orders.csv,12,False,False,4
ORD-W08-0006,V004,SKU-0013,2025-01-22,7,8,444,37.2,Pass,2025-01-30,16516.8,week_08_orders.csv,8,False,False,4
ORD-W08-0007,V006,SKU-0035,2025-01-28,5,11,253,58.77,Pass,2025-02-08,14868.81,week_08_orders.csv,11,False,False,5
ORD-W08-0008,V010,SKU-0010,2025-01-12,5,3,226,10.61,Pass,2025-01-15,2397.86,week_08_orders.csv,3,True,False,2
ORD-W08-0009,V005,SKU-0023,2025-01-16,5,9,201,163.61,Pass,2025-01-25,32885.61,week_08_orders.csv,9,False,False,3
ORD-W08-0010,V010,SKU-0033,2025-02-05,3,6,235,131.1,Pass,2025-02-11,30808.5,week_08_orders.csv,6,False,False,6
ORD-W08-0011,V013,SKU-0035,2025-01-23,5,10,83,138.02,Pass,2025-02-02,11455.66,week_08_orders.csv,10,False,False,4
ORD-W08-0012,V004,SKU-0036,2025-02-20,5,4,194,98.63,Pass,2025-02-24,19134.22,week_08_orders.csv,4,True,False,8
ORD-W08-0013,V016,SKU-0018,2025-02-09,5,2,209,43.49,Pass,2025-02-11,9089.41,week_08_orders.csv,2,True,False,6
ORD-W08-0014,V014,SKU-0049,2025-01-03,10,2,25,9.83,Defect,2025-01-05,245.75,week_08_orders.csv,2,True,True,1
ORD-W08-0015,V002,SKU-0012,2025-01-01,3,3,448,70.36,Pass,2025-01-04,31521.28,week_08_orders.csv,3,True,False,1
ORD-W08-0016,V006,SKU-0040,2025-01-22,7,12,93,116.76,Pass,2025-02-03,10858.68,week_08_orders.csv,12,False,False,4
ORD-W08-0017,V001,SKU-0041,2025-02-07,5,7,406,110.11,Defect,2025-02-14,44704.66,week_08_orders.csv,7,False,True,6
ORD-W08-0018,V010,SKU-0004,2025-01-24,7,9,106,61.03,Pass,2025-02-02,6469.18,week_08_orders.csv,9,False,False,4
ORD-W08-0019,V006,SKU-0027,2025-02-17,7,9,337,94.1,Pass,2025-02-26,31711.7,week_08_orders.csv,9,False,False,8
ORD-W08-0020,V017,SKU-0009,2025-01-26,5,12,156,184.61,Pass,2025-02-07,28799.16,week_08_orders.csv,12,False,False,4
ORD-W08-0021,V003,SKU-0015,2025-02-03,7,6,496,196.86,Pass,2025-02-09,97642.56,week_08_orders.csv,6,True,False,6
ORD-W08-0022,V015,SKU-0047,2025-01-20,7,3,228,15.16,Defect,2025-01-23,3456.48,week_08_orders.csv,3,True,True,4
ORD-W08-0023,V012,SKU-0014,2025-01-01,3,13,444,32.36,Pass,2025-01-14,14367.84,week_08_orders.csv,13,False,False,1
ORD-W08-0024,V013,SKU-0027,2025-01-11,7,9,54,161.66,Pass,2025-01-20,8729.64,week_08_orders.csv,9,False,False,2
ORD-W08-0025,V004,SKU-0045,2025-02-14,10,11,280,102.18,Pass,2025-02-25,28610.4,week_08_orders.csv,11,False,False,7
ORD-W08-0026,V004,SKU-0045,2025-01-03,5,11,328,122.52,Defect,2025-01-14,40186.56,week_08_orders.csv,11,False,True,1
ORD-W08-0027,V015,SKU-0030,2025-01-25,3,7,61,185.77,Pass,2025-02-01,11331.97,week_08_orders.csv,7,False,False,4
ORD-W08-0028,V012,SKU-0014,2025-02-16,7,13,224,106.41,Pass,2025-03-01,23835.84,week_08_orders.csv,13,False,False,7
ORD-W08-0029,V017,SKU-0036,2025-02-10,7,13,58,96.43,Pass,2025-02-23,5592.94,week_08_orders.csv,13,False,False,7
ORD-W08-0030,V017,SKU-0012,2025-02-01,3,3,149,57.79,Pass,2025-02-04,8610.71,week_08_orders.csv,3,True,False,5
ORD-W08-0031,V001,SKU-0009,2025-01-06,5,13,252,33.84,Pass,2025-01-19,8527.68,week_08_orders.csv,13,False,False,2
ORD-W08-0032,V019,SKU-0008,2025-01-30,5,2,34,115.81,Pass,2025-02-01,3937.54,week_08_orders.csv,2,True,False,5
ORD-W08-0033,V017,SKU-0025,2025-01-21,5,3,451,167.69,Pass,2025-01-24,75628.19,week_08_orders.csv,3,True,False,4
ORD-W08-0034,V019,SKU-0004,2025-02-20,7,4,117,29.41,Pass,2025-02-24,3440.97,week_08_orders.csv,4,True,False,8
ORD-W08-0035,V006,SKU-0011,2025-01-16,10,3,426,92.13,Pass,2025-01-19,39247.38,week_08_orders.csv,3,True,False,3
ORD-W08-0036,V006,SKU-0002,2025-01-12,7,12,18,78.68,Pass,2025-01-24,1416.24,week_08_orders.csv,12,False,False,2
ORD-W08-0037,V003,SKU-0008,2025-01-01,5,2,239,145.65,Pass,2025-01-03,34810.35,week_08_orders.csv,2,True,False,1
ORD-W08-0038,V006,SKU-0003,2025-01-10,3,5,404,175.2,Pass,2025-01-15,70780.8,week_08_orders.csv,5,False,False,2
ORD-W08-0039,V017,SKU-0007,2025-01-19,7,9,260,33.82,Pass,2025-01-28,8793.2,week_08_orders.csv,9,False,False,3
ORD-W08-0040,V011,SKU-0014,2025-02-19,5,7,70,131.87,Pass,2025-02-26,9230.9,week_08_orders.csv,7,False,False,8
ORD-W08-0041,V009,SKU-0010,2025-02-03,7,13,371,74.96,Pass,2025-02-16,27810.16,week_08_orders.csv,13,False,False,6
ORD-W08-0042,V013,SKU-0032,2025-01-29,5,2,307,10.75,Pass,2025-01-31,3300.25,week_08_orders.csv,2,True,False,5
ORD-W08-0043,V014,SKU-0005,2025-01-08,7,8,53,150.36,Pass,2025-01-16,7969.08,week_08_orders.csv,8,False,False,2
ORD-W08-0044,V006,SKU-0025,2025-02-04,7,8,70,171.22,Pass,2025-02-12,11985.4,week_08_orders.csv,8,False,False,6
ORD-W08-0045,V008,SKU-0020,2025-02-07,5,5,208,74.04,Pass,2025-02-12,15400.32,week_08_orders.csv,5,True,False,6
ORD-W08-0046,V013,SKU-0033,2025-02-16,7,6,257,70.77,Pass,2025-02-22,18187.89,week_08_orders.csv,6,True,False,7
ORD-W08-0047,V013,SKU-0025,2025-01-14,5,7,365,42.85,Pass,2025-01-21,15640.25,week_08_orders.csv,7,False,False,3
ORD-W08-0048,V002,SKU-0028,2025-01-03,5,3,391,125.35,Pass,2025-01-06,49011.85,week_08_orders.csv,3,True,False,1
ORD-W08-0049,V005,SKU-0017,2025-01-14,5,3,108,137.41,Pending,2025-01-17,14840.28,week_08_orders.csv,3,True,False,3
ORD-W08-0050,V009,SKU-0028,2025-01-30,10,3,78,94.91,Pending,2025-02-02,7402.98,week_08_orders.csv,3,True,False,5
ORD-W08-0051,V008,SKU-0004,2025-02-02,7,2,123,41.19,Pass,2025-02-04,5066.37,week_08_orders.csv,2,True,False,5
ORD-W08-0052,V019,SKU-0036,2025-02-19,3,3,238,17.37,Defect,2025-02-22,4134.06,week_08_orders.csv,3,True,True,8
ORD-W08-0053,V004,SKU-0043,2025-01-25,3,13,422,180.45,Pass,2025-02-07,76149.9,week_08_orders.csv,13,False,False,4
ORD-W08-0054,V007,SKU-0042,2025-02-07,3,3,95,41.05,Pass,2025-02-10,3899.75,week_08_orders.csv,3,True,False,6
ORD-W08-0055,V016,SKU-0013,2025-02-11,7,6,117,154.75,Pass,2025-02-17,18105.75,week_08_orders.csv,6,True,False,7
ORD-W08-0056,V019,SKU-0030,2025-01-17,3,12,407,8.12,Pass,2025-01-29,3304.84,week_08_orders.csv,12,False,False,3
ORD-W08-0057,V003,SKU-0009,2025-01-27,7,6,327,82.49,Pass,2025-02-02,26974.23,week_08_orders.csv,6,True,False,5
ORD-W08-0058,V007,SKU-0008,2025-02-01,5,8,415,79.77,Pass,2025-02-09,33104.55,week_08_orders.csv,8,False,False,5
ORD-W08-0059,V003,SKU-0023,2025-01-10,3,4,319,47.33,Pass,2025-01-14,15098.27,week_08_orders.csv,4,False,False,2
ORD-W08-0060,V015,SKU-0040,2025-01-07,5,6,324,189.97,Pass,2025-01-13,61550.28,week_08_orders.csv,6,False,False,2
ORD-W08-0061,V006,SKU-0029,2025-02-16,5,9,352,115.59,Pass,2025-02-25,40687.68,week_08_orders.csv,9,False,False,7
ORD-W08-0062,V011,SKU-0029,2025-01-13,3,11,478,54.96,Pass,2025-01-24,26270.88,week_08_orders.csv,11,False,False,3
ORD-W08-0063,V017,SKU-0009,2025-02-14,5,8,143,59.3,Pass,2025-02-22,8479.9,week_08_orders.csv,8,False,False,7
ORD-W08-0064,V001,SKU-0030,2025-01-03,3,8,461,175.53,Pass,2025-01-11,80919.33,week_08_orders.csv,8,False,False,1
ORD-W08-0065,V013,SKU-0014,2025-01-25,5,2,95,177.93,Pass,2025-01-27,16903.35,week_08_orders.csv,2,True,False,4
ORD-W08-0066,V002,SKU-0039,2025-01-24,3,4,191,26.05,Pass,2025-01-28,4975.55,week_08_orders.csv,4,False,False,4
ORD-W08-0067,V006,SKU-0025,2025-01-28,5,4,495,113.22,Pass,2025-02-01,56043.9,week_08_orders.csv,4,True,False,5
ORD-W08-0068,V016,SKU-0004,2025-01-06,5,5,393,55.01,Pass,2025-01-11,21618.93,week_08_orders.csv,5,True,False,2
ORD-W08-0069,V015,SKU-0024,2025-01-30,5,2,494,7.33,Pass,2025-02-01,3621.02,week_08_orders.csv,2,True,False,5
ORD-W08-0070,V016,SKU-0005,2025-01-18,3,2,319,108.56,Pass,2025-01-20,34630.64,week_08_orders.csv,2,True,False,3
ORD-W08-0071,V008,SKU-0001,2025-01-27,7,3,442,95.87,Pass,2025-01-30,42374.54,week_08_orders.csv,3,True,False,5
ORD-W08-0072,V016,SKU-0040,2025-02-18,7,8,215,109.43,Pass,2025-02-26,23527.45,week_08_orders.csv,8,False,False,8
ORD-W08-0073,V009,SKU-0009,2025-01-25,5,11,420,105.6,Pass,2025-02-05,44352.0,week_08_orders.csv,11,False,False,4
ORD-W08-0074,V020,SKU-0013,2025-01-31,3,4,458,155.34,Pass,2025-02-04,71145.72,week_08_orders.csv,4,False,False,5
ORD-W08-0075,V002,SKU-0017,2025-01-21,3,8,169,154.1,Defect,2025-01-29,26042.9,week_08_orders.csv,8,False,True,4
ORD-W08-0076,V016,SKU-0006,2025-01-26,3,7,267,112.49,Pass,2025-02-02,30034.83,week_08_orders.csv,7,False,False,4
ORD-W08-0077,V010,SKU-0038,2025-02-12,7,12,311,70.3,Pass,2025-02-24,21863.3,week_08_orders.csv,12,False,False,7
ORD-W08-0078,V012,SKU-0011,2025-01-12,7,3,131,113.05,Pass,2025-01-15,14809.55,week_08_orders.csv,3,True,False,2
ORD-W08-0079,V017,SKU-0005,2025-02-01,3,9,178,73.51,Defect,2025-02-10,13084.78,week_08_orders.csv,9,False,True,5
ORD-W08-0080,V016,SKU-0033,2025-01-25,5,10,297,40.6,Pass,2025-02-04,12058.2,week_08_orders.csv,10,False,False,4
ORD-W08-0081,V016,SKU-0033,2025-01-30,5,10,52,122.75,Pass,2025-02-09,6383.0,week_08_orders.csv,10,False,False,5
ORD-W08-0082,V005,SKU-0028,2025-01-07,3,6,199,135.35,Pass,2025-01-13,26934.65,week_08_orders.csv,6,False,False,2
ORD-W08-0083,V008,SKU-0013,2025-01-09,5,3,50,34.52,Pass,2025-01-12,1726.0,week_08_orders.csv,3,True,False,2
ORD-W08-0084,V017,SKU-0006,2025-02-22,5,8,290,148.39,Pass,2025-03-02,43033.1,week_08_orders.csv,8,False,False,8
ORD-W08-0085,V014,SKU-0018,2025-01-10,5,10,318,64.56,Pass,2025-01-20,20530.08,week_08_orders.csv,10,False,False,2
ORD-W08-0086,V001,SKU-0026,2025-01-17,5,4,488,75.17,Pass,2025-01-21,36682.96,week_08_orders.csv,4,True,False,3
ORD-W08-0087,V007,SKU-0018,2025-01-01,5,11,200,158.85,Pass,2025-01-12,31770.0,week_08_orders.csv,11,False,False,1
ORD-W08-0088,V019,SKU-0039,2025-01-24,7,2,251,6.48,Pass,2025-01-26,1626.48,week_08_orders.csv,2,True,False,4
ORD-W08-0089,V018,SKU-0009,2025-01-10,5,9,307,118.58,Pass,2025-01-19,36404.06,week_08_orders.csv,9,False,False,2
ORD-W08-0090,V003,SKU-0029,2025-02-01,3,11,202,78.4,Pass,2025-02-12,15836.8,week_08_orders.csv,11,False,False,5
ORD-W08-0091,V011,SKU-0032,2025-02-07,7,10,346,144.69,Pass,2025-02-17,50062.74,week_08_orders.csv,10,False,False,6
ORD-W08-0092,V013,SKU-0043,2025-02-18,5,4,153,145.16,Pass,2025-02-22,22209.48,week_08_orders.csv,4,True,False,8
ORD-W08-0093,V015,SKU-0027,2025-02-03,7,3,184,118.12,Pass,2025-02-06,21734.08,week_08_orders.csv,3,True,False,6
ORD-W08-0094,V003,SKU-0013,2025-02-04,5,4,460,149.34,Defect,2025-02-08,68696.4,week_08_orders.csv,4,True,True,6
ORD-W08-0095,V020,SKU-0008,2025-01-19,10,13,72,19.3,Defect,2025-02-01,1389.6,week_08_orders.csv,13,False,True,3
ORD-W08-0096,V019,SKU-0028,2025-01-25,5,4,427,27.81,Pass,2025-01-29,11874.87,week_08_orders.csv,4,True,False,4
ORD-W08-0097,V017,SKU-0046,2025-01-13,10,11,169,174.55,Pass,2025-01-24,29498.95,week_08_orders.csv,11,False,False,3
ORD-W08-0098,V014,SKU-0016,2025-02-10,5,2,276,146.92,Defect,2025-02-12,40549.92,week_08_orders.csv,2,True,True,7
ORD-W08-0099,V016,SKU-0029,2025-01-07,3,8,423,149.28,Pass,2025-01-15,63145.44,week_08_orders.csv,8,False,False,2
ORD-W08-0100,V014,SKU-0014,2025-01-10,5,12,128,155.5,Pass,2025-01-22,19904.0,week_08_orders.csv,12,False,False,2
ORD-W08-0101,V004,SKU-0033,2025-02-25,5,7,285,88.47,Pass,2025-03-04,25213.95,week_08_orders.csv,7,False,False,9
ORD-W08-0102,V014,SKU-0022,2025-01-19,5,7,10,165.62,Pass,2025-01-26,1656.2,week_08_orders.csv,7,False,False,3
ORD-W08-0103,V011,SKU-0014,2025-01-07,7,10,15,67.41,Pass,2025-01-17,1011.15,week_08_orders.csv,10,False,False,2
ORD-W08-0104,V012,SKU-0024,2025-01-26,10,7,240,132.76,Defect,2025-02-02,31862.4,week_08_orders.csv,7,True,True,4
ORD-W08-0105,V012,SKU-0005,2025-01-01,7,11,92,151.21,Pass,2025-01-12,13911.32,week_08_orders.csv,11,False,False,1
ORD-W08-0106,V020,SKU-0024,2025-02-12,5,4,10,108.85,Pass,2025-02-16,1088.5,week_08_orders.csv,4,True,False,7
ORD-W08-0107,V001,SKU-0008,2025-01-10,3,12,113,16.42,Pass,2025-01-22,1855.46,week_08_orders.csv,12,False,False,2
ORD-W08-0108,V019,SKU-0019,2025-02-22,3,13,424,160.19,Pass,2025-03-07,67920.56,week_08_orders.csv,13,False,False,8
ORD-W08-0109,V019,SKU-0017,2025-01-12,5,9,83,136.14,Pass,2025-01-21,11299.62,week_08_orders.csv,9,False,False,2
ORD-W08-0110,V009,SKU-0002,2025-02-14,7,4,449,169.02,Pass,2025-02-18,75889.98,week_08_orders.csv,4,True,False,7
ORD-W08-0111,V009,SKU-0022,2025-02-22,5,3,386,46.52,Defect,2025-02-25,17956.72,week_08_orders.csv,3,True,True,8
ORD-W08-0112,V009,SKU-0050,2025-02-17,5,3,361,127.59,Pass,2025-02-20,46059.99,week_08_orders.csv,3,True,False,8
ORD-W08-0113,V002,SKU-0003,2025-02-03,7,7,492,168.82,Pass,2025-02-10,83059.44,week_08_orders.csv,7,True,False,6
ORD-W08-0114,V019,SKU-0045,2025-01-14,7,9,22,160.62,Pass,2025-01-23,3533.64,week_08_orders.csv,9,False,False,3
ORD-W08-0115,V011,SKU-0002,2025-01-25,7,8,302,158.35,Pass,2025-02-02,47821.7,week_08_orders.csv,8,False,False,4
ORD-W08-0116,V019,SKU-0005,2025-01-06,5,3,232,165.29,Pass,2025-01-09,38347.28,week_08_orders.csv,3,True,False,2
ORD-W08-0117,V006,SKU-0002,2025-01-12,5,11,192,129.1,Pass,2025-01-23,24787.2,week_08_orders.csv,11,False,False,2
ORD-W08-0118,V008,SKU-0039,2025-02-10,3,11,475,133.82,Defect,2025-02-21,63564.5,week_08_orders.csv,11,False,True,7
ORD-W08-0119,V020,SKU-0050,2025-01-16,7,10,113,24.75,Pass,2025-01-26,2796.75,week_08_orders.csv,10,False,False,3
ORD-W08-0120,V003,SKU-0041,2025-01-24,7,12,330,49.11,Pass,2025-02-05,16206.3,week_08_orders.csv,12,False,False,4
ORD-W08-0121,V007,SKU-0035,2025-01-21,10,11,405,120.74,Pass,2025-02-01,48899.7,week_08_orders.csv,11,False,False,4
ORD-W08-0122,V019,SKU-0003,2025-01-30,5,9,100,91.44,Pass,2025-02-08,9144.0,week_08_orders.csv,9,False,False,5
ORD-W08-0123,V006,SKU-0030,2025-01-03,7,4,313,17.55,Pass,2025-01-07,5493.15,week_08_orders.csv,4,True,False,1
ORD-W08-0124,V007,SKU-0038,2025-01-07,7,3,411,110.13,Pass,2025-01-10,45263.43,week_08_orders.csv,3,True,False,2
ORD-W08-0125,V001,SKU-0049,2025-02-16,5,6,137,199.54,Pass,2025-02-22,27336.98,week_08_orders.csv,6,False,False,7
ORD-W08-0126,V016,SKU-0037,2025-02-10,3,13,349,180.42,Pass,2025-02-23,62966.58,week_08_orders.csv,13,False,False,7
ORD-W08-0127,V015,SKU-0037,2025-01-18,7,12,451,199.51,Pass,2025-01-30,89979.01,week_08_orders.csv,12,False,False,3
ORD-W08-0128,V016,SKU-0035,2025-01-09,7,3,378,47.19,Pass,2025-01-12,17837.82,week_08_orders.csv,3,True,False,2
ORD-W08-0129,V009,SKU-0035,2025-01-08,7,5,59,60.39,Pending,2025-01-13,3563.01,week_08_orders.csv,5,True,False,2
ORD-W08-0130,V011,SKU-0024,2025-02-05,5,5,171,92.35,Pass,2025-02-10,15791.85,week_08_orders.csv,5,True,False,6
ORD-W08-0131,V015,SKU-0012,2025-02-14,10,4,382,94.14,Pass,2025-02-18,35961.48,week_08_orders.csv,4,True,False,7
ORD-W08-0132,V018,SKU-0027,2025-01-09,5,9,111,190.27,Pass,2025-01-18,21119.97,week_08_orders.csv,9,False,False,2
ORD-W08-0133,V017,SKU-0028,2025-01-21,3,12,397,133.19,Pass,2025-02-02,52876.43,week_08_orders.csv,12,False,False,4
ORD-W08-0134,V007,SKU-0018,2025-01-19,5,4,122,132.82,Pass,2025-01-23,16204.04,week_08_orders.csv,4,True,False,3
ORD-W08-0135,V002,SKU-0007,2025-01-11,5,3,189,159.07,Defect,2025-01-14,30064.23,week_08_orders.csv,3,True,True,2
ORD-W08-0136,V020,SKU-0005,2025-02-07,3,3,90,59.63,Pass,2025-02-10,5366.7,week_08_orders.csv,3,True,False,6
ORD-W08-0137,V013,SKU-0002,2025-02-03,5,3,98,61.72,Defect,2025-02-06,6048.56,week_08_orders.csv,3,True,True,6
ORD-W08-0138,V006,SKU-0005,2025-01-09,5,2,78,29.46,Pass,2025-01-11,2297.88,week_08_orders.csv,2,True,False,2
ORD-W08-0139,V011,SKU-0027,2025-01-31,5,4,267,106.56,Defect,2025-02-04,28451.52,week_08_orders.csv,4,True,True,5
ORD-W08-0140,V017,SKU-0003,2025-01-16,5,5,313,49.33,Pass,2025-01-21,15440.29,week_08_orders.csv,5,True,False,3
ORD-W08-0141,V017,SKU-0048,2025-01-29,5,8,222,99.2,Pass,2025-02-06,22022.4,week_08_orders.csv,8,False,False,5
ORD-W08-0142,V016,SKU-0013,2025-02-20,3,3,158,124.26,Defect,2025-02-23,19633.08,week_08_orders.csv,3,True,True,8
ORD-W08-0143,V009,SKU-0049,2025-02-22,3,3,312,94.9,Pass,2025-02-25,29608.8,week_08_orders.csv,3,True,False,8
ORD-W08-0144,V020,SKU-0035,2025-02-13,3,11,321,163.88,Pass,2025-02-24,52605.48,week_08_orders.csv,11,False,False,7
ORD-W08-0145,V009,SKU-0027,2025-02-06,3,6,356,148.72,Pass,2025-02-12,52944.32,week_08_orders.csv,6,False,False,6
ORD-W08-0146,V006,SKU-0009,2025-02-17,7,12,171,48.68,Pass,2025-03-01,8324.28,week_08_orders.csv,12,False,False,8
ORD-W08-0147,V011,SKU-0019,2025-02-23,7,4,164,186.46,Pass,2025-02-27,30579.44,week_08_orders.csv,4,True,False,8
ORD-W08-0148,V018,SKU-0030,2025-01-07,10,9,349,144.29,Pass,2025-01-16,50357.21,week_08_orders.csv,9,True,False,2
ORD-W08-0149,V018,SKU-0013,2025-01-28,5,7,273,53.32,Defect,2025-02-04,14556.36,week_08_orders.csv,7,False,True,5
ORD-W08-0150,V013,SKU-0047,2025-01-25,5,11,402,40.61,Pass,2025-02-05,16325.22,week_08_orders.csv,11,False,False,4
ORD-W08-0151,V005,SKU-0012,2025-01-04,5,5,417,136.24,Defect,2025-01-09,56812.08,week_08_orders.csv,5,True,True,1
ORD-W08-0152,V013,SKU-0021,2025-01-29,3,11,74,185.06,Pass,2025-02-09,13694.44,week_08_orders.csv,11,False,False,5
ORD-W08-0153,V005,SKU-0019,2025-02-11,5,13,443,36.75,Pass,2025-02-24,16280.25,week_08_orders.csv,13,False,False,7
ORD-W09-0000,V014,SKU-0026,2025-01-17,7,11,480,170.21,Pass,2025-01-28,81700.8,week_09_orders.csv,11,False,False,3
ORD-W09-0001,V017,SKU-0041,2025-01-10,5,5,342,139.29,Pass,2025-01-15,47637.18,week_09_orders.csv,5,True,False,2
ORD-W09-0002,V019,SKU-0041,2025-01-22,3,5,447,100.62,Pass,2025-01-27,44977.14,week_09_orders.csv,5,False,False,4
ORD-W09-0003,V013,SKU-0031,2025-02-18,3,8,227,12.19,Pass,2025-02-26,2767.13,week_09_orders.csv,8,False,False,8
ORD-W09-0004,V010,SKU-0040,2025-01-08,5,7,301,153.73,Pass,2025-01-15,46272.73,week_09_orders.csv,7,False,False,2
ORD-W09-0005,V008,SKU-0041,2025-02-20,3,2,65,138.09,Pass,2025-02-22,8975.85,week_09_orders.csv,2,True,False,8
ORD-W09-0006,V002,SKU-0043,2025-01-07,5,5,331,132.85,Pass,2025-01-12,43973.35,week_09_orders.csv,5,True,False,2
ORD-W09-0007,V018,SKU-0045,2025-02-21,10,8,235,60.21,Pass,2025-03-01,14149.35,week_09_orders.csv,8,True,False,8
ORD-W09-0008,V003,SKU-0041,2025-01-10,5,10,319,64.82,Pass,2025-01-20,20677.58,week_09_orders.csv,10,False,False,2
ORD-W09-0009,V003,SKU-0036,2025-01-13,5,2,393,101.19,Pass,2025-01-15,39767.67,week_09_orders.csv,2,True,False,3
ORD-W09-0010,V011,SKU-0036,2025-02-28,10,10,376,30.01,Pass,2025-03-10,11283.76,week_09_orders.csv,10,True,False,9
ORD-W09-0011,V010,SKU-0016,2025-01-14,5,12,321,147.75,Pass,2025-01-26,47427.75,week_09_orders.csv,12,False,False,3
ORD-W09-0012,V015,SKU-0021,2025-02-19,3,3,371,39.22,Pass,2025-02-22,14550.62,week_09_orders.csv,3,True,False,8
ORD-W09-0013,V001,SKU-0038,2025-01-18,3,2,467,34.98,Pass,2025-01-20,16335.66,week_09_orders.csv,2,True,False,3
ORD-W09-0014,V015,SKU-0047,2025-02-09,3,12,271,162.26,Pass,2025-02-21,43972.46,week_09_orders.csv,12,False,False,6
ORD-W09-0015,V003,SKU-0033,2025-03-04,10,3,271,7.77,Pass,2025-03-07,2105.67,week_09_orders.csv,3,True,False,10
ORD-W09-0016,V011,SKU-0049,2025-01-03,10,13,256,147.49,Pass,2025-01-16,37757.44,week_09_orders.csv,13,False,False,1
ORD-W09-0017,V008,SKU-0050,2025-01-09,5,6,19,68.27,Pass,2025-01-15,1297.13,week_09_orders.csv,6,False,False,2
ORD-W09-0018,V009,SKU-0048,2025-02-13,5,8,139,5.98,Pass,2025-02-21,831.22,week_09_orders.csv,8,False,False,7
ORD-W09-0019,V018,SKU-0030,2025-03-04,5,13,334,109.55,Pass,2025-03-17,36589.7,week_09_orders.csv,13,False,False,10
ORD-W09-0020,V010,SKU-0031,2025-01-17,7,11,38,148.18,Pass,2025-01-28,5630.84,week_09_orders.csv,11,False,False,3
ORD-W09-0021,V001,SKU-0030,2025-01-08,7,5,284,111.48,Pass,2025-01-13,31660.32,week_09_orders.csv,5,True,False,2
ORD-W09-0022,V015,SKU-0003,2025-01-09,7,12,451,139.45,Pass,2025-01-21,62891.95,week_09_orders.csv,12,False,False,2
ORD-W09-0023,V017,SKU-0010,2025-01-06,3,13,367,90.77,Pass,2025-01-19,33312.59,week_09_orders.csv,13,False,False,2
ORD-W09-0024,V001,SKU-0008,2025-02-22,5,6,291,199.12,Pass,2025-02-28,57943.92,week_09_orders.csv,6,False,False,8
ORD-W09-0025,V019,SKU-0013,2025-03-04,3,8,211,111.85,Pass,2025-03-12,23600.35,week_09_orders.csv,8,False,False,10
ORD-W09-0026,V015,SKU-0006,2025-02-25,5,9,42,50.5,Pass,2025-03-06,2121.0,week_09_orders.csv,9,False,False,9
ORD-W09-0027,V008,SKU-0043,2025-02-03,3,11,262,27.27,Pass,2025-02-14,7144.74,week_09_orders.csv,11,False,False,6
ORD-W09-0028,V019,SKU-0046,2025-01-17,7,11,416,53.22,Defect,2025-01-28,22139.52,week_09_orders.csv,11,False,True,3
ORD-W09-0029,V013,SKU-0050,2025-01-05,7,5,317,28.25,Pass,2025-01-10,8955.25,week_09_orders.csv,5,True,False,1
ORD-W09-0030,V005,SKU-0027,2025-02-01,5,11,292,16.88,Pass,2025-02-12,4928.96,week_09_orders.csv,11,False,False,5
ORD-W09-0031,V014,SKU-0006,2025-01-29,5,9,359,134.06,Pass,2025-02-07,48127.54,week_09_orders.csv,9,False,False,5
ORD-W09-0032,V011,SKU-0014,2025-01-16,7,7,326,34.41,Pending,2025-01-23,11217.66,week_09_orders.csv,7,True,False,3
ORD-W09-0033,V014,SKU-0011,2025-03-02,3,12,225,18.79,Pass,2025-03-14,4227.75,week_09_orders.csv,12,False,False,9
ORD-W09-0034,V009,SKU-0040,2025-02-07,3,12,171,139.18,Pass,2025-02-19,23799.78,week_09_orders.csv,12,False,False,6
ORD-W09-0035,V009,SKU-0021,2025-02-20,3,3,402,27.97,Pass,2025-02-23,11243.94,week_09_orders.csv,3,True,False,8
ORD-W09-0036,V010,SKU-0001,2025-02-22,5,3,141,102.23,Pass,2025-02-25,14414.43,week_09_orders.csv,3,True,False,8
ORD-W09-0037,V015,SKU-0030,2025-01-12,7,4,199,79.05,Pass,2025-01-16,15730.95,week_09_orders.csv,4,True,False,2
ORD-W09-0038,V020,SKU-0032,2025-02-26,10,6,34,125.27,Pass,2025-03-04,4259.18,week_09_orders.csv,6,True,False,9
ORD-W09-0039,V006,SKU-0007,2025-02-08,7,12,39,88.5,Pass,2025-02-20,3451.5,week_09_orders.csv,12,False,False,6
ORD-W09-0040,V006,SKU-0023,2025-02-22,5,4,182,16.01,Pass,2025-02-26,2913.82,week_09_orders.csv,4,True,False,8
ORD-W09-0041,V005,SKU-0047,2025-01-13,5,11,117,101.77,Pass,2025-01-24,11907.09,week_09_orders.csv,11,False,False,3
ORD-W09-0042,V010,SKU-0032,2025-02-17,5,2,170,143.48,Pass,2025-02-19,24391.6,week_09_orders.csv,2,True,False,8
ORD-W09-0043,V017,SKU-0022,2025-01-21,7,9,392,56.94,Pass,2025-01-30,22320.48,week_09_orders.csv,9,False,False,4
ORD-W09-0044,V019,SKU-0043,2025-01-05,5,12,179,121.15,Pending,2025-01-17,21685.85,week_09_orders.csv,12,False,False,1
ORD-W09-0045,V015,SKU-0037,2025-01-10,7,13,29,155.12,Pass,2025-01-23,4498.48,week_09_orders.csv,13,False,False,2
ORD-W09-0046,V018,SKU-0047,2025-02-06,10,9,301,141.86,Pass,2025-02-15,42699.86,week_09_orders.csv,9,True,False,6
ORD-W09-0047,V007,SKU-0017,2025-01-13,5,2,70,160.13,Pass,2025-01-15,11209.1,week_09_orders.csv,2,True,False,3
ORD-W09-0048,V009,SKU-0030,2025-01-03,3,7,154,134.51,Pass,2025-01-10,20714.54,week_09_orders.csv,7,False,False,1
ORD-W09-0049,V009,SKU-0025,2025-01-31,3,10,308,88.73,Pass,2025-02-10,27328.84,week_09_orders.csv,10,False,False,5
ORD-W09-0050,V010,SKU-0008,2025-01-17,5,12,430,179.32,Pass,2025-01-29,77107.6,week_09_orders.csv,12,False,False,3
ORD-W09-0051,V015,SKU-0050,2025-01-08,5,3,330,136.49,Pass,2025-01-11,45041.7,week_09_orders.csv,3,True,False,2
ORD-W09-0052,V001,SKU-0045,2025-02-11,3,2,59,66.16,Pass,2025-02-13,3903.44,week_09_orders.csv,2,True,False,7
ORD-W09-0053,V011,SKU-0041,2025-02-10,3,2,69,195.43,Pending,2025-02-12,13484.67,week_09_orders.csv,2,True,False,7
ORD-W09-0054,V009,SKU-0047,2025-02-12,7,3,314,63.32,Pass,2025-02-15,19882.48,week_09_orders.csv,3,True,False,7
ORD-W09-0055,V007,SKU-0014,2025-02-09,3,3,405,51.54,Pass,2025-02-12,20873.7,week_09_orders.csv,3,True,False,6
ORD-W09-0056,V010,SKU-0031,2025-01-06,7,7,99,121.66,Pass,2025-01-13,12044.34,week_09_orders.csv,7,True,False,2
ORD-W09-0057,V003,SKU-0028,2025-02-15,7,3,26,28.84,Pass,2025-02-18,749.84,week_09_orders.csv,3,True,False,7
ORD-W09-0058,V015,SKU-0033,2025-02-03,10,12,298,70.93,Pass,2025-02-15,21137.14,week_09_orders.csv,12,False,False,6
ORD-W09-0059,V006,SKU-0024,2025-02-06,10,4,52,102.19,Pass,2025-02-10,5313.88,week_09_orders.csv,4,True,False,6
ORD-W09-0060,V004,SKU-0048,2025-01-06,5,2,202,190.18,Pass,2025-01-08,38416.36,week_09_orders.csv,2,True,False,2
ORD-W09-0061,V016,SKU-0026,2025-01-30,10,10,470,178.51,Defect,2025-02-09,83899.7,week_09_orders.csv,10,True,True,5
ORD-W09-0062,V004,SKU-0002,2025-01-24,7,5,241,41.77,Pass,2025-01-29,10066.57,week_09_orders.csv,5,True,False,4
ORD-W09-0063,V003,SKU-0046,2025-01-30,5,2,144,63.16,Pass,2025-02-01,9095.04,week_09_orders.csv,2,True,False,5
ORD-W09-0064,V018,SKU-0050,2025-01-10,7,4,149,138.23,Pass,2025-01-14,20596.27,week_09_orders.csv,4,True,False,2
ORD-W09-0065,V007,SKU-0043,2025-01-03,7,3,276,21.66,Pass,2025-01-06,5978.16,week_09_orders.csv,3,True,False,1
ORD-W09-0066,V017,SKU-0003,2025-02-06,3,5,36,150.15,Pass,2025-02-11,5405.4,week_09_orders.csv,5,False,False,6
ORD-W09-0067,V002,SKU-0007,2025-01-15,3,13,322,93.72,Pass,2025-01-28,30177.84,week_09_orders.csv,13,False,False,3
ORD-W09-0068,V007,SKU-0031,2025-01-12,7,7,62,189.48,Pass,2025-01-19,11747.76,week_09_orders.csv,7,True,False,2
ORD-W09-0069,V010,SKU-0037,2025-02-26,5,9,164,22.49,Pass,2025-03-07,3688.36,week_09_orders.csv,9,False,False,9
ORD-W09-0070,V013,SKU-0029,2025-01-15,3,5,183,5.31,Pass,2025-01-20,971.73,week_09_orders.csv,5,False,False,3
ORD-W09-0071,V018,SKU-0043,2025-02-08,7,8,260,11.84,Pass,2025-02-16,3078.4,week_09_orders.csv,8,False,False,6
ORD-W09-0072,V016,SKU-0020,2025-01-04,7,10,233,53.92,Pass,2025-01-14,12563.36,week_09_orders.csv,10,False,False,1
ORD-W09-0073,V013,SKU-0032,2025-02-13,5,13,277,179.14,Pass,2025-02-26,49621.78,week_09_orders.csv,13,False,False,7
ORD-W09-0074,V008,SKU-0046,2025-02-08,3,2,226,169.5,Pass,2025-02-10,38307.0,week_09_orders.csv,2,True,False,6
ORD-W09-0075,V017,SKU-0017,2025-01-05,3,6,428,36.32,Pass,2025-01-11,15544.96,week_09_orders.csv,6,False,False,1
ORD-W09-0076,V016,SKU-0030,2025-01-01,5,9,284,162.94,Pass,2025-01-10,46274.96,week_09_orders.csv,9,False,False,1
ORD-W09-0077,V019,SKU-0004,2025-03-03,7,3,309,109.67,Pass,2025-03-06,33888.03,week_09_orders.csv,3,True,False,10
ORD-W09-0078,V016,SKU-0033,2025-01-11,5,3,109,28.92,Pass,2025-01-14,3152.28,week_09_orders.csv,3,True,False,2
ORD-W09-0079,V006,SKU-0001,2025-03-04,3,9,217,34.48,Pass,2025-03-13,7482.16,week_09_orders.csv,9,False,False,10
ORD-W09-0080,V003,SKU-0038,2025-02-05,5,3,46,80.21,Pass,2025-02-08,3689.66,week_09_orders.csv,3,True,False,6
ORD-W09-0081,V003,SKU-0015,2025-02-03,10,7,180,158.64,Pass,2025-02-10,28555.2,week_09_orders.csv,7,True,False,6
ORD-W09-0082,V016,SKU-0040,2025-02-12,3,2,131,167.88,Pass,2025-02-14,21992.28,week_09_orders.csv,2,True,False,7
ORD-W09-0083,V015,SKU-0023,2025-02-25,10,12,357,176.46,Pass,2025-03-09,62996.22,week_09_orders.csv,12,False,False,9
ORD-W09-0084,V010,SKU-0013,2025-02-18,7,12,309,148.9,Pass,2025-03-02,46010.1,week_09_orders.csv,12,False,False,8
ORD-W09-0085,V016,SKU-0009,2025-02-15,5,13,312,32.64,Pass,2025-02-28,10183.68,week_09_orders.csv,13,False,False,7
ORD-W09-0086,V020,SKU-0012,2025-01-18,10,3,386,88.87,Pass,2025-01-21,34303.82,week_09_orders.csv,3,True,False,3
ORD-W09-0087,V016,SKU-0041,2025-02-05,3,3,382,172.7,Defect,2025-02-08,65971.4,week_09_orders.csv,3,True,True,6
ORD-W09-0088,V001,SKU-0037,2025-01-19,7,8,36,143.29,Pass,2025-01-27,5158.44,week_09_orders.csv,8,False,False,3
ORD-W09-0089,V001,SKU-0016,2025-01-28,5,4,308,122.47,Pending,2025-02-01,37720.76,week_09_orders.csv,4,True,False,5
ORD-W09-0090,V004,SKU-0024,2025-02-21,7,12,91,129.21,Pass,2025-03-05,11758.11,week_09_orders.csv,12,False,False,8
ORD-W09-0091,V004,SKU-0020,2025-02-24,7,9,105,55.9,Pass,2025-03-05,5869.5,week_09_orders.csv,9,False,False,9
ORD-W09-0092,V016,SKU-0001,2025-02-15,5,4,142,27.56,Pass,2025-02-19,3913.52,week_09_orders.csv,4,True,False,7
ORD-W09-0093,V007,SKU-0019,2025-01-28,3,5,364,187.63,Pending,2025-02-02,68297.32,week_09_orders.csv,5,False,False,5
ORD-W09-0094,V010,SKU-0018,2025-02-15,3,8,80,15.89,Pass,2025-02-23,1271.2,week_09_orders.csv,8,False,False,7
ORD-W09-0095,V009,SKU-0023,2025-02-10,5,4,157,137.33,Pass,2025-02-14,21560.81,week_09_orders.csv,4,True,False,7
ORD-W09-0096,V015,SKU-0046,2025-02-21,10,9,236,85.09,Pass,2025-03-02,20081.24,week_09_orders.csv,9,True,False,8
ORD-W09-0097,V006,SKU-0002,2025-02-10,10,5,129,87.23,Pass,2025-02-15,11252.67,week_09_orders.csv,5,True,False,7
ORD-W09-0098,V014,SKU-0010,2025-02-02,7,9,204,128.75,Pass,2025-02-11,26265.0,week_09_orders.csv,9,False,False,5
ORD-W09-0099,V006,SKU-0047,2025-02-26,3,13,367,150.96,Pass,2025-03-11,55402.32,week_09_orders.csv,13,False,False,9
ORD-W09-0100,V016,SKU-0029,2025-01-19,5,11,164,108.45,Pending,2025-01-30,17785.8,week_09_orders.csv,11,False,False,3
ORD-W09-0101,V007,SKU-0013,2025-02-28,5,7,293,180.01,Pass,2025-03-07,52742.93,week_09_orders.csv,7,False,False,9
ORD-W09-0102,V012,SKU-0046,2025-01-01,7,7,273,35.8,Pending,2025-01-08,9773.4,week_09_orders.csv,7,True,False,1
ORD-W09-0103,V002,SKU-0004,2025-01-27,10,4,305,5.12,Pass,2025-01-31,1561.6,week_09_orders.csv,4,True,False,5
ORD-W09-0104,V005,SKU-0010,2025-01-12,7,5,225,194.73,Pass,2025-01-17,43814.25,week_09_orders.csv,5,True,False,2
ORD-W09-0105,V016,SKU-0020,2025-01-26,5,7,359,9.02,Pass,2025-02-02,3238.18,week_09_orders.csv,7,False,False,4
ORD-W09-0106,V008,SKU-0024,2025-02-14,7,2,365,166.53,Pass,2025-02-16,60783.45,week_09_orders.csv,2,True,False,7
ORD-W09-0107,V003,SKU-0027,2025-02-04,7,8,83,96.59,Pass,2025-02-12,8016.97,week_09_orders.csv,8,False,False,6
ORD-W09-0108,V015,SKU-0036,2025-02-09,3,6,277,64.18,Pass,2025-02-15,17777.86,week_09_orders.csv,6,False,False,6
ORD-W09-0109,V004,SKU-0017,2025-01-02,5,3,295,124.88,Pass,2025-01-05,36839.6,week_09_orders.csv,3,True,False,1
ORD-W09-0110,V010,SKU-0009,2025-02-07,5,7,481,42.8,Pass,2025-02-14,20586.8,week_09_orders.csv,7,False,False,6
ORD-W09-0111,V010,SKU-0031,2025-02-21,5,2,395,145.66,Pending,2025-02-23,57535.7,week_09_orders.csv,2,True,False,8
ORD-W09-0112,V017,SKU-0040,2025-02-21,7,4,52,153.59,Pass,2025-02-25,7986.68,week_09_orders.csv,4,True,False,8
ORD-W09-0113,V005,SKU-0020,2025-01-07,5,12,376,87.97,Pass,2025-01-19,33076.72,week_09_orders.csv,12,False,False,2
ORD-W09-0114,V010,SKU-0041,2025-03-03,5,13,302,69.11,Pass,2025-03-16,20871.22,week_09_orders.csv,13,False,False,10
ORD-W09-0115,V019,SKU-0047,2025-02-08,3,2,389,14.95,Pass,2025-02-10,5815.55,week_09_orders.csv,2,True,False,6
ORD-W09-0116,V012,SKU-0023,2025-01-15,5,5,92,147.87,Pass,2025-01-20,13604.04,week_09_orders.csv,5,True,False,3
ORD-W09-0117,V002,SKU-0036,2025-02-19,7,13,409,124.29,Pending,2025-03-04,50834.61,week_09_orders.csv,13,False,False,8
ORD-W09-0118,V009,SKU-0009,2025-02-13,7,12,261,107.9,Pass,2025-02-25,28161.9,week_09_orders.csv,12,False,False,7
ORD-W09-0119,V012,SKU-0005,2025-01-24,7,5,397,157.9,Pass,2025-01-29,62686.3,week_09_orders.csv,5,True,False,4
ORD-W09-0120,V004,SKU-0011,2025-01-01,7,10,211,39.02,Pass,2025-01-11,8233.22,week_09_orders.csv,10,False,False,1
ORD-W09-0121,V019,SKU-0050,2025-01-28,5,7,56,23.97,Pass,2025-02-04,1342.32,week_09_orders.csv,7,False,False,5
ORD-W09-0122,V006,SKU-0005,2025-02-08,5,8,250,21.37,Defect,2025-02-16,5342.5,week_09_orders.csv,8,False,True,6
ORD-W09-0123,V016,SKU-0020,2025-02-24,3,4,276,97.68,Pass,2025-02-28,26959.68,week_09_orders.csv,4,False,False,9
ORD-W10-0000,V011,SKU-0035,2025-02-24,7,5,202,44.58,Pass,2025-03-01,9005.16,week_10_orders.csv,5,True,False,9
ORD-W10-0001,V010,SKU-0007,2025-01-22,7,6,301,169.25,Pass,2025-01-28,50944.25,week_10_orders.csv,6,True,False,4
ORD-W10-0002,V012,SKU-0047,2025-01-17,5,12,467,114.2,Pass,2025-01-29,53331.4,week_10_orders.csv,12,False,False,3
ORD-W10-0003,V010,SKU-0027,2025-02-03,5,12,187,139.2,Pass,2025-02-15,26030.4,week_10_orders.csv,12,False,False,6
ORD-W10-0004,V004,SKU-0030,2025-01-14,5,10,32,179.99,Pass,2025-01-24,5759.68,week_10_orders.csv,10,False,False,3
ORD-W10-0005,V002,SKU-0031,2025-02-18,5,10,26,130.34,Pass,2025-02-28,3388.84,week_10_orders.csv,10,False,False,8
ORD-W10-0006,V004,SKU-0030,2025-01-08,10,9,450,106.57,Pass,2025-01-17,47956.5,week_10_orders.csv,9,True,False,2
ORD-W10-0007,V016,SKU-0009,2025-01-04,7,6,465,22.44,Pass,2025-01-10,10434.6,week_10_orders.csv,6,True,False,1
ORD-W10-0008,V004,SKU-0033,2025-01-27,5,10,300,68.58,Pass,2025-02-06,20574.0,week_10_orders.csv,10,False,False,5
ORD-W10-0009,V003,SKU-0018,2025-03-03,7,10,48,43.11,Pass,2025-03-13,2069.28,week_10_orders.csv,10,False,False,10
ORD-W10-0010,V015,SKU-0009,2025-01-13,7,13,86,39.76,Pass,2025-01-26,3419.36,week_10_orders.csv,13,False,False,3
ORD-W10-0011,V015,SKU-0035,2025-01-13,3,2,360,112.45,Pass,2025-01-15,40482.0,week_10_orders.csv,2,True,False,3
ORD-W10-0012,V011,SKU-0010,2025-01-15,3,3,209,176.51,Pass,2025-01-18,36890.59,week_10_orders.csv,3,True,False,3
ORD-W10-0013,V011,SKU-0032,2025-03-10,3,12,426,168.76,Pending,2025-03-22,71891.76,week_10_orders.csv,12,False,False,11
ORD-W10-0014,V008,SKU-0009,2025-02-27,3,10,341,61.46,Pass,2025-03-09,20957.86,week_10_orders.csv,10,False,False,9
ORD-W10-0015,V013,SKU-0029,2025-02-14,5,5,255,42.18,Pass,2025-02-19,10755.9,week_10_orders.csv,5,True,False,7
ORD-W10-0016,V020,SKU-0024,2025-02-09,5,4,222,124.23,Pass,2025-02-13,27579.06,week_10_orders.csv,4,True,False,6
ORD-W10-0017,V017,SKU-0022,2025-01-20,5,11,251,142.98,Pass,2025-01-31,35887.98,week_10_orders.csv,11,False,False,4
ORD-W10-0018,V003,SKU-0008,2025-01-30,5,7,92,198.12,Pass,2025-02-06,18227.04,week_10_orders.csv,7,False,False,5
ORD-W10-0019,V013,SKU-0021,2025-02-23,5,7,387,72.46,Pass,2025-03-02,28042.02,week_10_orders.csv,7,False,False,8
ORD-W10-0020,V019,SKU-0018,2025-02-07,7,13,162,54.4,Pass,2025-02-20,8812.8,week_10_orders.csv,13,False,False,6
ORD-W10-0021,V013,SKU-0033,2025-02-18,7,5,215,198.38,Pass,2025-02-23,42651.7,week_10_orders.csv,5,True,False,8
ORD-W10-0022,V017,SKU-0035,2025-01-22,5,6,417,34.61,Pass,2025-01-28,14432.37,week_10_orders.csv,6,False,False,4
ORD-W10-0023,V018,SKU-0029,2025-02-20,7,6,379,108.52,Pass,2025-02-26,41129.08,week_10_orders.csv,6,True,False,8
ORD-W10-0024,V006,SKU-0031,2025-02-11,5,10,254,191.02,Pass,2025-02-21,48519.08,week_10_orders.csv,10,False,False,7
ORD-W10-0025,V013,SKU-0001,2025-01-20,10,3,433,56.77,Pass,2025-01-23,24581.41,week_10_orders.csv,3,True,False,4
ORD-W10-0026,V020,SKU-0033,2025-01-13,7,4,284,86.52,Pass,2025-01-17,24571.68,week_10_orders.csv,4,True,False,3
ORD-W10-0027,V008,SKU-0011,2025-01-06,7,4,304,52.54,Pending,2025-01-10,15972.16,week_10_orders.csv,4,True,False,2
ORD-W10-0028,V002,SKU-0041,2025-01-02,7,10,200,63.36,Pass,2025-01-12,12672.0,week_10_orders.csv,10,False,False,1
ORD-W10-0029,V010,SKU-0005,2025-02-03,7,10,162,71.01,Pass,2025-02-13,11503.62,week_10_orders.csv,10,False,False,6
ORD-W10-0030,V005,SKU-0027,2025-03-03,7,4,86,169.53,Pass,2025-03-07,14579.58,week_10_orders.csv,4,True,False,10
ORD-W10-0031,V010,SKU-0004,2025-01-07,3,3,281,101.95,Pass,2025-01-10,28647.95,week_10_orders.csv,3,True,False,2
ORD-W10-0032,V005,SKU-0038,2025-02-08,5,4,470,171.61,Pass,2025-02-12,80656.7,week_10_orders.csv,4,True,False,6
ORD-W10-0033,V006,SKU-0026,2025-01-15,5,12,433,192.31,Pass,2025-01-27,83270.23,week_10_orders.csv,12,False,False,3
ORD-W10-0034,V013,SKU-0013,2025-02-23,7,7,170,137.35,Pass,2025-03-02,23349.5,week_10_orders.csv,7,True,False,8
ORD-W10-0035,V007,SKU-0014,2025-01-20,5,3,119,10.52,Pass,2025-01-23,1251.88,week_10_orders.csv,3,True,False,4
ORD-W10-0036,V017,SKU-0008,2025-01-26,3,6,359,97.24,Pass,2025-02-01,34909.16,week_10_orders.csv,6,False,False,4
ORD-W10-0037,V002,SKU-0046,2025-02-04,5,7,329,13.76,Pass,2025-02-11,4527.04,week_10_orders.csv,7,False,False,6
ORD-W10-0038,V006,SKU-0002,2025-01-14,10,6,380,149.87,Pass,2025-01-20,56950.6,week_10_orders.csv,6,True,False,3
ORD-W10-0039,V008,SKU-0043,2025-03-10,3,11,470,75.26,Pass,2025-03-21,35372.2,week_10_orders.csv,11,False,False,11
ORD-W10-0040,V013,SKU-0016,2025-03-06,5,2,53,132.16,Pass,2025-03-08,7004.48,week_10_orders.csv,2,True,False,10
ORD-W10-0041,V012,SKU-0019,2025-02-14,10,9,462,157.14,Pass,2025-02-23,72598.68,week_10_orders.csv,9,True,False,7
ORD-W10-0042,V008,SKU-0018,2025-01-28,10,11,339,120.42,Pass,2025-02-08,40822.38,week_10_orders.csv,11,False,False,5
ORD-W10-0043,V009,SKU-0026,2025-03-10,5,5,189,11.24,Pass,2025-03-15,2124.36,week_10_orders.csv,5,True,False,11
ORD-W10-0044,V004,SKU-0047,2025-02-24,5,9,21,44.45,Pass,2025-03-05,933.45,week_10_orders.csv,9,False,False,9
ORD-W10-0045,V017,SKU-0029,2025-01-10,7,9,201,79.66,Pending,2025-01-19,16011.66,week_10_orders.csv,9,False,False,2
ORD-W10-0046,V016,SKU-0039,2025-03-09,3,6,306,175.92,Pass,2025-03-15,53831.52,week_10_orders.csv,6,False,False,10
ORD-W10-0047,V001,SKU-0046,2025-03-03,5,4,238,112.02,Pass,2025-03-07,26660.76,week_10_orders.csv,4,True,False,10
ORD-W10-0048,V003,SKU-0005,2025-03-06,5,12,70,94.89,Pass,2025-03-18,6642.3,week_10_orders.csv,12,False,False,10
ORD-W10-0049,V020,SKU-0050,2025-02-01,5,9,341,46.66,Pass,2025-02-10,15911.06,week_10_orders.csv,9,False,False,5
ORD-W10-0050,V020,SKU-0032,2025-02-06,7,10,363,42.57,Pass,2025-02-16,15452.91,week_10_orders.csv,10,False,False,6
ORD-W10-0051,V010,SKU-0006,2025-03-07,7,4,73,33.78,Pass,2025-03-11,2465.94,week_10_orders.csv,4,True,False,10
ORD-W10-0052,V013,SKU-0049,2025-01-18,7,10,227,120.17,Pass,2025-01-28,27278.59,week_10_orders.csv,10,False,False,3
ORD-W10-0053,V019,SKU-0020,2025-01-19,5,4,436,85.27,Pass,2025-01-23,37177.72,week_10_orders.csv,4,True,False,3
ORD-W10-0054,V003,SKU-0014,2025-03-01,3,2,167,64.37,Pass,2025-03-03,10749.79,week_10_orders.csv,2,True,False,9
ORD-W10-0055,V019,SKU-0024,2025-01-04,5,10,264,97.16,Pass,2025-01-14,25650.24,week_10_orders.csv,10,False,False,1
ORD-W10-0056,V002,SKU-0036,2025-02-04,7,4,411,122.27,Pass,2025-02-08,50252.97,week_10_orders.csv,4,True,False,6
ORD-W10-0057,V002,SKU-0019,2025-02-01,7,3,326,94.55,Pass,2025-02-04,30823.3,week_10_orders.csv,3,True,False,5
ORD-W10-0058,V013,SKU-0040,2025-03-03,5,9,190,125.14,Defect,2025-03-12,23776.6,week_10_orders.csv,9,False,True,10
ORD-W10-0059,V017,SKU-0044,2025-03-07,5,10,78,67.93,Pass,2025-03-17,5298.54,week_10_orders.csv,10,False,False,10
ORD-W10-0060,V020,SKU-0016,2025-02-03,5,10,283,29.88,Pass,2025-02-13,8456.04,week_10_orders.csv,10,False,False,6
ORD-W10-0061,V011,SKU-0030,2025-01-12,5,10,397,64.47,Pass,2025-01-22,25594.59,week_10_orders.csv,10,False,False,2
ORD-W10-0062,V011,SKU-0015,2025-01-14,5,3,418,117.92,Pass,2025-01-17,49290.56,week_10_orders.csv,3,True,False,3
ORD-W10-0063,V002,SKU-0034,2025-02-20,5,4,171,5.91,Pass,2025-02-24,1010.61,week_10_orders.csv,4,True,False,8
ORD-W10-0064,V010,SKU-0028,2025-02-07,3,2,401,127.35,Pass,2025-02-09,51067.35,week_10_orders.csv,2,True,False,6
ORD-W10-0065,V005,SKU-0046,2025-01-21,10,3,28,186.75,Pass,2025-01-24,5229.0,week_10_orders.csv,3,True,False,4
ORD-W10-0066,V008,SKU-0025,2025-03-09,7,3,46,144.94,Pass,2025-03-12,6667.24,week_10_orders.csv,3,True,False,10
ORD-W10-0067,V018,SKU-0045,2025-02-14,5,6,307,43.18,Pass,2025-02-20,13256.26,week_10_orders.csv,6,False,False,7
ORD-W10-0068,V004,SKU-0007,2025-03-11,5,9,348,85.16,Pass,2025-03-20,29635.68,week_10_orders.csv,9,False,False,11
ORD-W10-0069,V011,SKU-0001,2025-03-08,5,3,297,31.12,Pass,2025-03-11,9242.64,week_10_orders.csv,3,True,False,10
ORD-W10-0070,V014,SKU-0011,2025-01-06,3,10,137,41.63,Pass,2025-01-16,5703.31,week_10_orders.csv,10,False,False,2
ORD-W10-0071,V018,SKU-0016,2025-03-04,7,10,44,60.42,Pass,2025-03-14,2658.48,week_10_orders.csv,10,False,False,10
ORD-W10-0072,V006,SKU-0015,2025-03-06,3,8,122,178.95,Pass,2025-03-14,21831.9,week_10_orders.csv,8,False,False,10
ORD-W10-0073,V005,SKU-0018,2025-02-08,3,12,77,188.47,Pass,2025-02-20,14512.19,week_10_orders.csv,12,False,False,6
ORD-W10-0074,V001,SKU-0033,2025-02-01,7,3,346,82.68,Pass,2025-02-04,28607.28,week_10_orders.csv,3,True,False,5
ORD-W10-0075,V002,SKU-0003,2025-02-06,5,4,14,116.49,Pass,2025-02-10,1630.86,week_10_orders.csv,4,True,False,6
ORD-W10-0076,V007,SKU-0038,2025-01-09,5,3,201,34.78,Pass,2025-01-12,6990.78,week_10_orders.csv,3,True,False,2
ORD-W10-0077,V018,SKU-0031,2025-01-26,5,10,34,164.08,Defect,2025-02-05,5578.72,week_10_orders.csv,10,False,True,4
ORD-W10-0078,V017,SKU-0013,2025-01-24,5,8,318,126.72,Pending,2025-02-01,40296.96,week_10_orders.csv,8,False,False,4
ORD-W10-0079,V011,SKU-0039,2025-02-23,5,9,111,131.94,Pass,2025-03-04,14645.34,week_10_orders.csv,9,False,False,8
ORD-W10-0080,V010,SKU-0001,2025-01-08,3,2,133,112.82,Pass,2025-01-10,15005.06,week_10_orders.csv,2,True,False,2
ORD-W10-0081,V005,SKU-0039,2025-02-16,5,3,467,145.96,Pass,2025-02-19,68163.32,week_10_orders.csv,3,True,False,7
ORD-W10-0082,V003,SKU-0050,2025-01-07,7,4,406,176.18,Pass,2025-01-11,71529.08,week_10_orders.csv,4,True,False,2
ORD-W10-0083,V016,SKU-0018,2025-02-01,7,5,154,92.37,Pass,2025-02-06,14224.98,week_10_orders.csv,5,True,False,5
ORD-W10-0084,V011,SKU-0026,2025-03-04,5,8,354,65.59,Pass,2025-03-12,23218.86,week_10_orders.csv,8,False,False,10
ORD-W10-0085,V014,SKU-0012,2025-01-24,5,12,290,81.38,Pass,2025-02-05,23600.2,week_10_orders.csv,12,False,False,4
ORD-W10-0086,V010,SKU-0022,2025-01-20,3,7,235,12.2,Pass,2025-01-27,2867.0,week_10_orders.csv,7,False,False,4
ORD-W10-0087,V019,SKU-0007,2025-01-14,5,2,208,55.45,Pass,2025-01-16,11533.6,week_10_orders.csv,2,True,False,3
ORD-W10-0088,V018,SKU-0047,2025-03-03,3,3,302,155.46,Pass,2025-03-06,46948.92,week_10_orders.csv,3,True,False,10
ORD-W10-0089,V006,SKU-0016,2025-01-21,5,2,62,10.38,Pass,2025-01-23,643.56,week_10_orders.csv,2,True,False,4
ORD-W10-0090,V017,SKU-0024,2025-02-02,7,6,370,180.82,Pass,2025-02-08,66903.4,week_10_orders.csv,6,True,False,5
ORD-W10-0091,V008,SKU-0036,2025-03-04,3,11,74,122.25,Pass,2025-03-15,9046.5,week_10_orders.csv,11,False,False,10
ORD-W10-0092,V002,SKU-0011,2025-01-27,5,3,383,111.07,Pass,2025-01-30,42539.81,week_10_orders.csv,3,True,False,5
ORD-W10-0093,V006,SKU-0017,2025-02-20,7,3,348,54.05,Pass,2025-02-23,18809.4,week_10_orders.csv,3,True,False,8
ORD-W10-0094,V017,SKU-0035,2025-03-04,5,2,364,12.3,Defect,2025-03-06,4477.2,week_10_orders.csv,2,True,True,10
ORD-W10-0095,V009,SKU-0002,2025-02-03,5,9,49,120.97,Pass,2025-02-12,5927.53,week_10_orders.csv,9,False,False,6
ORD-W10-0096,V017,SKU-0028,2025-01-06,5,9,83,40.01,Pass,2025-01-15,3320.83,week_10_orders.csv,9,False,False,2
ORD-W10-0097,V013,SKU-0046,2025-02-16,3,4,377,72.41,Pass,2025-02-20,27298.57,week_10_orders.csv,4,False,False,7
ORD-W10-0098,V015,SKU-0010,2025-02-14,10,3,149,15.3,Pass,2025-02-17,2279.7,week_10_orders.csv,3,True,False,7
ORD-W10-0099,V010,SKU-0023,2025-02-26,7,8,475,185.66,Pass,2025-03-06,88188.5,week_10_orders.csv,8,False,False,9
ORD-W10-0100,V015,SKU-0014,2025-02-03,7,6,357,114.98,Pass,2025-02-09,41047.86,week_10_orders.csv,6,True,False,6
ORD-W10-0101,V014,SKU-0047,2025-01-23,5,3,100,184.0,Pass,2025-01-26,18400.0,week_10_orders.csv,3,True,False,4
ORD-W10-0102,V008,SKU-0004,2025-01-03,7,11,216,29.73,Pass,2025-01-14,6421.68,week_10_orders.csv,11,False,False,1
ORD-W10-0103,V002,SKU-0005,2025-02-08,5,12,180,29.92,Pass,2025-02-20,5385.6,week_10_orders.csv,12,False,False,6
ORD-W10-0104,V018,SKU-0001,2025-01-31,7,13,405,95.29,Pass,2025-02-13,38592.45,week_10_orders.csv,13,False,False,5
ORD-W10-0105,V020,SKU-0031,2025-01-05,7,11,310,139.76,Pass,2025-01-16,43325.6,week_10_orders.csv,11,False,False,1
ORD-W10-0106,V016,SKU-0013,2025-02-04,5,7,397,139.31,Pass,2025-02-11,55306.07,week_10_orders.csv,7,False,False,6
ORD-W10-0107,V008,SKU-0013,2025-02-06,3,9,127,111.34,Defect,2025-02-15,14140.18,week_10_orders.csv,9,False,True,6
ORD-W10-0108,V016,SKU-0011,2025-03-02,5,2,182,97.27,Pass,2025-03-04,17703.14,week_10_orders.csv,2,True,False,9
ORD-W10-0109,V011,SKU-0023,2025-02-10,7,12,463,79.46,Pass,2025-02-22,36789.98,week_10_orders.csv,12,False,False,7
ORD-W10-0110,V003,SKU-0017,2025-02-13,5,9,323,116.13,Pending,2025-02-22,37509.99,week_10_orders.csv,9,False,False,7
ORD-W10-0111,V005,SKU-0045,2025-01-29,10,4,239,33.34,Pass,2025-02-02,7968.26,week_10_orders.csv,4,True,False,5
ORD-W10-0112,V004,SKU-0033,2025-01-13,3,7,34,48.67,Pass,2025-01-20,1654.78,week_10_orders.csv,7,False,False,3
ORD-W10-0113,V010,SKU-0015,2025-02-04,7,12,266,115.72,Pass,2025-02-16,30781.52,week_10_orders.csv,12,False,False,6
ORD-W10-0114,V010,SKU-0019,2025-02-19,7,7,119,19.5,Pass,2025-02-26,2320.5,week_10_orders.csv,7,True,False,8
ORD-W10-0115,V016,SKU-0040,2025-03-06,7,2,257,89.28,Defect,2025-03-08,22944.96,week_10_orders.csv,2,True,True,10
ORD-W10-0116,V011,SKU-0029,2025-02-05,5,7,308,180.95,Pass,2025-02-12,55732.6,week_10_orders.csv,7,False,False,6
ORD-W10-0117,V015,SKU-0009,2025-02-06,5,13,276,79.0,Pass,2025-02-19,21804.0,week_10_orders.csv,13,False,False,6
ORD-W10-0118,V012,SKU-0025,2025-02-28,7,13,220,122.22,Pass,2025-03-13,26888.4,week_10_orders.csv,13,False,False,9
ORD-W10-0119,V002,SKU-0042,2025-02-23,5,8,342,12.76,Pass,2025-03-03,4363.92,week_10_orders.csv,8,False,False,8
ORD-W10-0120,V005,SKU-0035,2025-02-02,5,8,89,169.98,Pass,2025-02-10,15128.22,week_10_orders.csv,8,False,False,5
ORD-W10-0121,V011,SKU-0003,2025-02-26,7,3,462,180.16,Pass,2025-03-01,83233.92,week_10_orders.csv,3,True,False,9
ORD-W10-0122,V007,SKU-0004,2025-02-22,3,6,366,22.47,Pass,2025-02-28,8224.02,week_10_orders.csv,6,False,False,8
ORD-W10-0123,V004,SKU-0006,2025-03-11,5,2,24,166.52,Pass,2025-03-13,3996.48,week_10_orders.csv,2,True,False,11
ORD-W10-0124,V008,SKU-0029,2025-02-08,3,12,382,6.0,Pass,2025-02-20,2292.0,week_10_orders.csv,12,False,False,6
ORD-W10-0125,V002,SKU-0009,2025-01-26,5,11,105,133.77,Pass,2025-02-06,14045.85,week_10_orders.csv,11,False,False,4
ORD-W10-0126,V018,SKU-0001,2025-02-13,7,7,83,72.85,Pass,2025-02-20,6046.55,week_10_orders.csv,7,True,False,7
ORD-W10-0127,V002,SKU-0003,2025-01-08,3,13,22,82.08,Pass,2025-01-21,1805.76,week_10_orders.csv,13,False,False,2
ORD-W10-0128,V002,SKU-0014,2025-02-13,5,12,258,49.66,Pass,2025-02-25,12812.28,week_10_orders.csv,12,False,False,7
ORD-W10-0129,V011,SKU-0044,2025-01-04,5,4,332,102.24,Pass,2025-01-08,33943.68,week_10_orders.csv,4,True,False,1
ORD-W10-0130,V019,SKU-0023,2025-01-22,5,4,287,65.05,Pending,2025-01-26,18669.35,week_10_orders.csv,4,True,False,4
ORD-W10-0131,V002,SKU-0047,2025-01-15,5,10,69,24.47,Pass,2025-01-25,1688.43,week_10_orders.csv,10,False,False,3
ORD-W10-0132,V012,SKU-0021,2025-02-25,5,5,408,166.7,Pass,2025-03-02,68013.6,week_10_orders.csv,5,True,False,9
ORD-W10-0133,V005,SKU-0016,2025-01-02,5,3,453,82.33,Pass,2025-01-05,37295.49,week_10_orders.csv,3,True,False,1
ORD-W10-0134,V011,SKU-0031,2025-01-04,7,13,295,150.19,Pass,2025-01-17,44306.05,week_10_orders.csv,13,False,False,1
ORD-W10-0135,V017,SKU-0043,2025-01-16,7,2,40,25.5,Pass,2025-01-18,1020.0,week_10_orders.csv,2,True,False,3
ORD-W10-0136,V006,SKU-0032,2025-01-11,10,13,217,154.48,Pass,2025-01-24,33522.16,week_10_orders.csv,13,False,False,2
ORD-W10-0137,V014,SKU-0002,2025-01-11,7,11,72,143.7,Pass,2025-01-22,10346.4,week_10_orders.csv,11,False,False,2
ORD-W10-0138,V018,SKU-0029,2025-03-09,7,6,224,15.82,Pending,2025-03-15,3543.68,week_10_orders.csv,6,True,False,10
ORD-W11-0000,V016,SKU-0007,2025-03-08,5,13,133,164.85,Pass,2025-03-21,21925.05,week_11_orders.csv,13,False,False,10
ORD-W11-0001,V006,SKU-0047,2025-01-16,3,10,463,71.11,Pass,2025-01-26,32923.93,week_11_orders.csv,10,False,False,3
ORD-W11-0002,V002,SKU-0010,2025-02-05,7,7,419,144.21,Pass,2025-02-12,60423.99,week_11_orders.csv,7,True,False,6
ORD-W11-0003,V016,SKU-0035,2025-01-15,5,8,147,10.25,Pending,2025-01-23,1506.75,week_11_orders.csv,8,False,False,3
ORD-W11-0004,V007,SKU-0038,2025-03-05,7,6,146,118.35,Pass,2025-03-11,17279.1,week_11_orders.csv,6,True,False,10
ORD-W11-0005,V017,SKU-0009,2025-02-03,5,13,253,144.7,Pending,2025-02-16,36609.1,week_11_orders.csv,13,False,False,6
ORD-W11-0006,V002,SKU-0011,2025-02-15,7,7,219,96.65,Pass,2025-02-22,21166.35,week_11_orders.csv,7,True,False,7
ORD-W11-0007,V015,SKU-0023,2025-01-18,7,10,217,131.06,Pass,2025-01-28,28440.02,week_11_orders.csv,10,False,False,3
ORD-W11-0008,V007,SKU-0010,2025-02-10,5,8,466,16.34,Pass,2025-02-18,7614.44,week_11_orders.csv,8,False,False,7
ORD-W11-0009,V012,SKU-0040,2025-03-02,5,9,215,88.11,Pass,2025-03-11,18943.65,week_11_orders.csv,9,False,False,9
ORD-W11-0010,V014,SKU-0021,2025-01-17,5,6,207,169.47,Defect,2025-01-23,35080.29,week_11_orders.csv,6,False,True,3
ORD-W11-0011,V015,SKU-0049,2025-01-07,5,2,14,51.67,Pass,2025-01-09,723.38,week_11_orders.csv,2,True,False,2
ORD-W11-0012,V015,SKU-0020,2025-02-23,5,10,341,50.19,Pass,2025-03-05,17114.79,week_11_orders.csv,10,False,False,8
ORD-W11-0013,V009,SKU-0035,2025-03-08,3,3,426,79.58,Pass,2025-03-11,33901.08,week_11_orders.csv,3,True,False,10
ORD-W11-0014,V015,SKU-0049,2025-01-19,5,13,111,105.0,Pass,2025-02-01,11655.0,week_11_orders.csv,13,False,False,3
ORD-W11-0015,V015,SKU-0019,2025-01-21,5,7,395,157.43,Pass,2025-01-28,62184.85,week_11_orders.csv,7,False,False,4
ORD-W11-0016,V015,SKU-0042,2025-01-02,5,11,247,63.67,Pass,2025-01-13,15726.49,week_11_orders.csv,11,False,False,1
ORD-W11-0017,V011,SKU-0036,2025-02-17,7,13,434,7.2,Pass,2025-03-02,3124.8,week_11_orders.csv,13,False,False,8
ORD-W11-0018,V016,SKU-0014,2025-01-04,7,11,304,66.25,Pass,2025-01-15,20140.0,week_11_orders.csv,11,False,False,1
ORD-W11-0019,V006,SKU-0013,2025-03-16,5,13,159,109.48,Pass,2025-03-29,17407.32,week_11_orders.csv,13,False,False,11
ORD-W11-0020,V010,SKU-0006,2025-02-19,5,5,407,87.88,Pass,2025-02-24,35767.16,week_11_orders.csv,5,True,False,8
ORD-W11-0021,V014,SKU-0027,2025-02-06,3,8,53,106.87,Pass,2025-02-14,5664.11,week_11_orders.csv,8,False,False,6
ORD-W11-0022,V008,SKU-0014,2025-01-20,7,7,52,118.92,Pass,2025-01-27,6183.84,week_11_orders.csv,7,True,False,4
ORD-W11-0023,V014,SKU-0006,2025-01-26,7,2,468,190.05,Pass,2025-01-28,88943.4,week_11_orders.csv,2,True,False,4
ORD-W11-0024,V014,SKU-0031,2025-02-17,3,8,220,147.77,Pass,2025-02-25,32509.4,week_11_orders.csv,8,False,False,8
ORD-W11-0025,V018,SKU-0035,2025-03-12,7,7,488,27.8,Pass,2025-03-19,13566.4,week_11_orders.csv,7,True,False,11
ORD-W11-0026,V017,SKU-0001,2025-02-08,5,3,178,36.37,Defect,2025-02-11,6473.86,week_11_orders.csv,3,True,True,6
ORD-W11-0027,V004,SKU-0002,2025-01-29,3,9,83,21.19,Pass,2025-02-07,1758.77,week_11_orders.csv,9,False,False,5
ORD-W11-0028,V011,SKU-0044,2025-01-01,7,11,274,174.94,Pass,2025-01-12,47933.56,week_11_orders.csv,11,False,False,1
ORD-W11-0029,V009,SKU-0033,2025-03-09,5,3,188,160.18,Pass,2025-03-12,30113.84,week_11_orders.csv,3,True,False,10
ORD-W11-0030,V019,SKU-0001,2025-02-11,7,8,165,100.51,Defect,2025-02-19,16584.15,week_11_orders.csv,8,False,True,7
ORD-W11-0031,V007,SKU-0022,2025-02-22,5,8,65,173.15,Defect,2025-03-02,11254.75,week_11_orders.csv,8,False,True,8
ORD-W11-0032,V006,SKU-0041,2025-01-11,7,11,222,59.92,Pass,2025-01-22,13302.24,week_11_orders.csv,11,False,False,2
ORD-W11-0033,V008,SKU-0026,2025-03-02,5,13,349,164.61,Pass,2025-03-15,57448.89,week_11_orders.csv,13,False,False,9
ORD-W11-0034,V014,SKU-0011,2025-03-14,7,2,343,179.84,Pass,2025-03-16,61685.12,week_11_orders.csv,2,True,False,11
ORD-W11-0035,V015,SKU-0006,2025-02-14,7,4,369,116.74,Pass,2025-02-18,43077.06,week_11_orders.csv,4,True,False,7
ORD-W11-0036,V002,SKU-0024,2025-03-18,7,11,60,91.38,Pass,2025-03-29,5482.8,week_11_orders.csv,11,False,False,12
ORD-W11-0037,V004,SKU-0001,2025-03-15,3,2,369,161.24,Pass,2025-03-17,59497.56,week_11_orders.csv,2,True,False,11
ORD-W11-0038,V006,SKU-0032,2025-03-08,7,9,308,67.99,Pass,2025-03-17,20940.92,week_11_orders.csv,9,False,False,10
ORD-W11-0039,V007,SKU-0048,2025-01-29,7,11,111,106.28,Pass,2025-02-09,11797.08,week_11_orders.csv,11,False,False,5
ORD-W11-0040,V012,SKU-0001,2025-02-09,5,7,422,158.55,Pass,2025-02-16,66908.1,week_11_orders.csv,7,False,False,6
ORD-W11-0041,V002,SKU-0024,2025-02-28,5,8,278,175.13,Pass,2025-03-08,48686.14,week_11_orders.csv,8,False,False,9
ORD-W11-0042,V015,SKU-0035,2025-02-23,7,11,125,30.08,Defect,2025-03-06,3760.0,week_11_orders.csv,11,False,True,8
ORD-W11-0043,V015,SKU-0047,2025-03-05,7,4,471,126.43,Pass,2025-03-09,59548.53,week_11_orders.csv,4,True,False,10
ORD-W11-0044,V011,SKU-0021,2025-02-16,5,13,97,15.99,Pass,2025-03-01,1551.03,week_11_orders.csv,13,False,False,7
ORD-W11-0045,V004,SKU-0005,2025-02-20,3,9,407,109.87,Pass,2025-03-01,44717.09,week_11_orders.csv,9,False,False,8
ORD-W11-0046,V011,SKU-0010,2025-01-25,5,2,376,107.95,Pass,2025-01-27,40589.2,week_11_orders.csv,2,True,False,4
ORD-W11-0047,V001,SKU-0043,2025-02-12,7,3,189,63.77,Pass,2025-02-15,12052.53,week_11_orders.csv,3,True,False,7
ORD-W11-0048,V009,SKU-0042,2025-02-21,3,6,364,14.61,Pass,2025-02-27,5318.04,week_11_orders.csv,6,False,False,8
ORD-W11-0049,V016,SKU-0032,2025-01-15,7,5,98,181.57,Pass,2025-01-20,17793.86,week_11_orders.csv,5,True,False,3
ORD-W11-0050,V005,SKU-0031,2025-03-16,5,9,133,158.9,Pass,2025-03-25,21133.7,week_11_orders.csv,9,False,False,11
ORD-W11-0051,V015,SKU-0040,2025-02-04,3,9,342,62.74,Pass,2025-02-13,21457.08,week_11_orders.csv,9,False,False,6
ORD-W11-0052,V013,SKU-0016,2025-02-11,5,9,394,180.99,Pass,2025-02-20,71310.06,week_11_orders.csv,9,False,False,7
ORD-W11-0053,V020,SKU-0009,2025-02-13,5,11,365,126.58,Pass,2025-02-24,46201.7,week_11_orders.csv,11,False,False,7
ORD-W11-0054,V020,SKU-0002,2025-03-03,5,3,142,14.64,Pass,2025-03-06,2078.88,week_11_orders.csv,3,True,False,10
ORD-W11-0055,V002,SKU-0022,2025-02-08,3,11,339,184.27,Pass,2025-02-19,62467.53,week_11_orders.csv,11,False,False,6
ORD-W11-0056,V001,SKU-0049,2025-02-08,5,2,38,12.3,Pass,2025-02-10,467.4,week_11_orders.csv,2,True,False,6
ORD-W11-0057,V008,SKU-0043,2025-01-17,3,13,102,125.48,Pass,2025-01-30,12798.96,week_11_orders.csv,13,False,False,3
ORD-W11-0058,V014,SKU-0039,2025-01-24,5,11,386,17.75,Pass,2025-02-04,6851.5,week_11_orders.csv,11,False,False,4
ORD-W11-0059,V002,SKU-0044,2025-01-27,5,2,161,47.12,Pass,2025-01-29,7586.32,week_11_orders.csv,2,True,False,5
ORD-W11-0060,V002,SKU-0047,2025-02-12,3,3,316,199.92,Pass,2025-02-15,63174.72,week_11_orders.csv,3,True,False,7
ORD-W11-0061,V010,SKU-0047,2025-01-14,5,13,323,56.2,Pass,2025-01-27,18152.6,week_11_orders.csv,13,False,False,3
ORD-W11-0062,V018,SKU-0011,2025-01-08,5,9,176,41.31,Pass,2025-01-17,7270.56,week_11_orders.csv,9,False,False,2
ORD-W11-0063,V010,SKU-0024,2025-01-29,3,9,52,49.72,Pass,2025-02-07,2585.44,week_11_orders.csv,9,False,False,5
ORD-W11-0064,V003,SKU-0034,2025-03-13,7,8,424,189.75,Pass,2025-03-21,80454.0,week_11_orders.csv,8,False,False,11
ORD-W11-0065,V013,SKU-0001,2025-01-26,7,13,68,36.47,Pass,2025-02-08,2479.96,week_11_orders.csv,13,False,False,4
ORD-W11-0066,V003,SKU-0039,2025-03-10,3,10,142,59.72,Defect,2025-03-20,8480.24,week_11_orders.csv,10,False,True,11
ORD-W11-0067,V001,SKU-0004,2025-01-13,10,7,54,168.46,Pass,2025-01-20,9096.84,week_11_orders.csv,7,True,False,3
ORD-W11-0068,V002,SKU-0002,2025-02-06,5,13,384,86.97,Pass,2025-02-19,33396.48,week_11_orders.csv,13,False,False,6
ORD-W11-0069,V013,SKU-0037,2025-02-24,5,11,487,121.82,Pass,2025-03-07,59326.34,week_11_orders.csv,11,False,False,9
ORD-W11-0070,V020,SKU-0008,2025-03-08,3,7,74,72.05,Pass,2025-03-15,5331.7,week_11_orders.csv,7,False,False,10
ORD-W11-0071,V012,SKU-0017,2025-03-10,7,10,467,181.25,Pass,2025-03-20,84643.75,week_11_orders.csv,10,False,False,11
ORD-W11-0072,V007,SKU-0043,2025-03-08,5,12,37,198.84,Pass,2025-03-20,7357.08,week_11_orders.csv,12,False,False,10
ORD-W11-0073,V011,SKU-0038,2025-01-22,3,13,274,151.17,Pass,2025-02-04,41420.58,week_11_orders.csv,13,False,False,4
ORD-W11-0074,V017,SKU-0042,2025-01-26,5,9,305,61.16,Pass,2025-02-04,18653.8,week_11_orders.csv,9,False,False,4
ORD-W11-0075,V001,SKU-0038,2025-01-17,7,7,352,169.8,Pending,2025-01-24,59769.6,week_11_orders.csv,7,True,False,3
ORD-W11-0076,V016,SKU-0039,2025-02-06,5,8,43,189.48,Defect,2025-02-14,8147.64,week_11_orders.csv,8,False,True,6
ORD-W11-0077,V017,SKU-0039,2025-01-25,5,9,154,50.87,Pending,2025-02-03,7833.98,week_11_orders.csv,9,False,False,4
ORD-W11-0078,V019,SKU-0006,2025-03-17,5,11,197,110.08,Pass,2025-03-28,21685.76,week_11_orders.csv,11,False,False,12
ORD-W11-0079,V005,SKU-0041,2025-03-17,7,10,251,51.47,Pass,2025-03-27,12918.97,week_11_orders.csv,10,False,False,12
ORD-W11-0080,V003,SKU-0039,2025-03-17,7,3,92,180.39,Pass,2025-03-20,16595.88,week_11_orders.csv,3,True,False,12
ORD-W11-0081,V020,SKU-0015,2025-01-19,3,5,345,119.0,Pass,2025-01-24,41055.0,week_11_orders.csv,5,False,False,3
ORD-W11-0082,V016,SKU-0004,2025-03-01,7,13,496,90.62,Defect,2025-03-14,44947.52,week_11_orders.csv,13,False,True,9
ORD-W11-0083,V010,SKU-0037,2025-01-01,3,3,377,117.63,Pass,2025-01-04,44346.51,week_11_orders.csv,3,True,False,1
ORD-W11-0084,V016,SKU-0022,2025-02-01,7,6,483,87.56,Pass,2025-02-07,42291.48,week_11_orders.csv,6,True,False,5
ORD-W11-0085,V014,SKU-0040,2025-03-07,5,10,172,170.71,Pass,2025-03-17,29362.12,week_11_orders.csv,10,False,False,10
ORD-W11-0086,V003,SKU-0014,2025-01-21,3,9,106,136.27,Pass,2025-01-30,14444.62,week_11_orders.csv,9,False,False,4
ORD-W11-0087,V012,SKU-0011,2025-02-21,7,4,412,54.77,Pass,2025-02-25,22565.24,week_11_orders.csv,4,True,False,8
ORD-W11-0088,V004,SKU-0008,2025-01-14,5,6,84,115.85,Pass,2025-01-20,9731.4,week_11_orders.csv,6,False,False,3
ORD-W11-0089,V010,SKU-0048,2025-02-14,3,11,434,66.98,Pending,2025-02-25,29069.32,week_11_orders.csv,11,False,False,7
ORD-W11-0090,V004,SKU-0005,2025-01-02,3,12,362,12.17,Defect,2025-01-14,4405.54,week_11_orders.csv,12,False,True,1
ORD-W11-0091,V007,SKU-0038,2025-01-03,7,8,78,19.56,Pass,2025-01-11,1525.68,week_11_orders.csv,8,False,False,1
ORD-W11-0092,V004,SKU-0049,2025-03-17,10,6,11,149.79,Pass,2025-03-23,1647.69,week_11_orders.csv,6,True,False,12
ORD-W11-0093,V009,SKU-0021,2025-02-02,5,11,337,131.36,Defect,2025-02-13,44268.32,week_11_orders.csv,11,False,True,5
ORD-W11-0094,V007,SKU-0009,2025-01-23,5,9,192,167.89,Pass,2025-02-01,32234.88,week_11_orders.csv,9,False,False,4
ORD-W11-0095,V004,SKU-0033,2025-02-23,5,11,108,66.74,Pass,2025-03-06,7207.92,week_11_orders.csv,11,False,False,8
ORD-W11-0096,V015,SKU-0048,2025-02-13,5,11,419,158.94,Pass,2025-02-24,66595.86,week_11_orders.csv,11,False,False,7
ORD-W11-0097,V013,SKU-0038,2025-01-28,10,7,321,136.76,Pass,2025-02-04,43899.96,week_11_orders.csv,7,True,False,5
ORD-W11-0098,V017,SKU-0034,2025-03-07,5,5,340,96.28,Pass,2025-03-12,32735.2,week_11_orders.csv,5,True,False,10
ORD-W11-0099,V004,SKU-0040,2025-03-14,7,11,197,92.26,Pass,2025-03-25,18175.22,week_11_orders.csv,11,False,False,11
ORD-W11-0100,V014,SKU-0043,2025-01-02,7,2,323,134.68,Pass,2025-01-04,43501.64,week_11_orders.csv,2,True,False,1
ORD-W11-0101,V019,SKU-0033,2025-01-31,7,3,411,6.32,Pass,2025-02-03,2597.52,week_11_orders.csv,3,True,False,5
ORD-W11-0102,V009,SKU-0015,2025-02-11,3,3,29,140.83,Pass,2025-02-14,4084.07,week_11_orders.csv,3,True,False,7
ORD-W11-0103,V003,SKU-0046,2025-01-20,7,4,22,188.4,Pass,2025-01-24,4144.8,week_11_orders.csv,4,True,False,4
ORD-W11-0104,V011,SKU-0022,2025-02-08,3,5,371,196.65,Pass,2025-02-13,72957.15,week_11_orders.csv,5,False,False,6
ORD-W11-0105,V017,SKU-0047,2025-01-30,5,12,476,83.69,Pass,2025-02-11,39836.44,week_11_orders.csv,12,False,False,5
ORD-W11-0106,V019,SKU-0010,2025-01-04,7,7,146,184.48,Pass,2025-01-11,26934.08,week_11_orders.csv,7,True,False,1
ORD-W11-0107,V010,SKU-0019,2025-03-03,10,9,452,34.86,Pass,2025-03-12,15756.72,week_11_orders.csv,9,True,False,10
ORD-W11-0108,V002,SKU-0046,2025-02-02,7,8,332,31.77,Pass,2025-02-10,10547.64,week_11_orders.csv,8,False,False,5
ORD-W11-0109,V019,SKU-0031,2025-02-26,5,3,50,8.73,Pass,2025-03-01,436.5,week_11_orders.csv,3,True,False,9
ORD-W11-0110,V007,SKU-0020,2025-02-13,7,5,484,161.83,Pass,2025-02-18,78325.72,week_11_orders.csv,5,True,False,7
ORD-W11-0111,V018,SKU-0012,2025-03-01,3,4,262,66.76,Pass,2025-03-05,17491.12,week_11_orders.csv,4,False,False,9
ORD-W11-0112,V005,SKU-0047,2025-01-21,5,9,62,34.63,Defect,2025-01-30,2147.06,week_11_orders.csv,9,False,True,4
ORD-W11-0113,V009,SKU-0012,2025-03-02,3,10,52,164.29,Pass,2025-03-12,8543.08,week_11_orders.csv,10,False,False,9
ORD-W11-0114,V013,SKU-0007,2025-03-11,3,2,71,69.53,Pass,2025-03-13,4936.63,week_11_orders.csv,2,True,False,11
ORD-W11-0115,V007,SKU-0035,2025-01-17,5,2,458,168.16,Pending,2025-01-19,77017.28,week_11_orders.csv,2,True,False,3
ORD-W11-0116,V019,SKU-0001,2025-01-24,7,2,291,38.08,Pass,2025-01-26,11081.28,week_11_orders.csv,2,True,False,4
ORD-W11-0117,V007,SKU-0015,2025-02-04,7,7,303,144.22,Pass,2025-02-11,43698.66,week_11_orders.csv,7,True,False,6
ORD-W11-0118,V008,SKU-0040,2025-01-21,7,8,494,156.08,Pass,2025-01-29,77103.52,week_11_orders.csv,8,False,False,4
ORD-W11-0119,V011,SKU-0017,2025-03-09,5,10,314,24.85,Defect,2025-03-19,7802.9,week_11_orders.csv,10,False,True,10
ORD-W11-0120,V008,SKU-0047,2025-02-22,3,12,380,187.45,Pass,2025-03-06,71231.0,week_11_orders.csv,12,False,False,8
ORD-W11-0121,V004,SKU-0048,2025-01-26,7,9,151,55.5,Pass,2025-02-04,8380.5,week_11_orders.csv,9,False,False,4
ORD-W11-0122,V012,SKU-0047,2025-03-02,10,7,107,144.49,Pass,2025-03-09,15460.43,week_11_orders.csv,7,True,False,9
ORD-W11-0123,V014,SKU-0049,2025-01-26,7,10,442,176.12,Pass,2025-02-05,77845.04,week_11_orders.csv,10,False,False,4
ORD-W11-0124,V008,SKU-0018,2025-03-17,3,10,450,126.52,Defect,2025-03-27,56934.0,week_11_orders.csv,10,False,True,12
ORD-W11-0125,V015,SKU-0040,2025-01-20,7,6,433,162.52,Pass,2025-01-26,70371.16,week_11_orders.csv,6,True,False,4
ORD-W11-0126,V016,SKU-0021,2025-02-20,7,11,188,82.89,Pass,2025-03-03,15583.32,week_11_orders.csv,11,False,False,8
ORD-W11-0127,V019,SKU-0019,2025-02-17,3,9,433,156.69,Pass,2025-02-26,67846.77,week_11_orders.csv,9,False,False,8
ORD-W11-0128,V005,SKU-0021,2025-01-30,5,5,242,71.04,Pass,2025-02-04,17191.68,week_11_orders.csv,5,True,False,5
ORD-W11-0129,V020,SKU-0037,2025-01-20,7,5,200,53.96,Pass,2025-01-25,10792.0,week_11_orders.csv,5,True,False,4
ORD-W11-0130,V002,SKU-0030,2025-01-31,5,12,90,144.06,Pass,2025-02-12,12965.4,week_11_orders.csv,12,False,False,5
ORD-W11-0131,V007,SKU-0022,2025-01-30,3,9,138,62.0,Pass,2025-02-08,8556.0,week_11_orders.csv,9,False,False,5
ORD-W11-0132,V007,SKU-0037,2025-02-17,7,4,180,49.32,Pass,2025-02-21,8877.6,week_11_orders.csv,4,True,False,8
ORD-W11-0133,V019,SKU-0020,2025-03-17,7,5,377,91.39,Defect,2025-03-22,34454.03,week_11_orders.csv,5,True,True,12
ORD-W11-0134,V005,SKU-0001,2025-02-17,7,4,98,56.66,Pass,2025-02-21,5552.68,week_11_orders.csv,4,True,False,8
ORD-W11-0135,V020,SKU-0045,2025-01-13,3,2,11,94.96,Pass,2025-01-15,1044.56,week_11_orders.csv,2,True,False,3
ORD-W11-0136,V010,SKU-0016,2025-01-03,7,6,198,134.45,Pass,2025-01-09,26621.1,week_11_orders.csv,6,True,False,1
ORD-W11-0137,V015,SKU-0040,2025-02-11,5,9,350,85.01,Pass,2025-02-20,29753.5,week_11_orders.csv,9,False,False,7
ORD-W11-0138,V006,SKU-0006,2025-01-19,7,4,476,157.69,Pass,2025-01-23,75060.44,week_11_orders.csv,4,True,False,3
ORD-W11-0139,V001,SKU-0024,2025-02-27,5,10,478,167.37,Pass,2025-03-09,80002.86,week_11_orders.csv,10,False,False,9
ORD-W11-0140,V006,SKU-0039,2025-01-22,3,12,194,159.74,Pass,2025-02-03,30989.56,week_11_orders.csv,12,False,False,4
ORD-W11-0141,V007,SKU-0025,2025-02-24,7,8,302,146.47,Pass,2025-03-04,44233.94,week_11_orders.csv,8,False,False,9
ORD-W11-0142,V019,SKU-0034,2025-03-16,7,5,211,112.51,Pass,2025-03-21,23739.61,week_11_orders.csv,5,True,False,11
ORD-W11-0143,V004,SKU-0029,2025-01-20,3,2,479,12.69,Pass,2025-01-22,6078.51,week_11_orders.csv,2,True,False,4
ORD-W11-0144,V020,SKU-0035,2025-01-30,5,4,20,189.62,Pass,2025-02-03,3792.4,week_11_orders.csv,4,True,False,5
ORD-W12-0000,V010,SKU-0018,2025-01-13,10,9,13,167.25,Pending,2025-01-22,2174.25,week_12_orders.csv,9,True,False,3
ORD-W12-0001,V003,SKU-0038,2025-01-28,10,8,425,168.02,Pending,2025-02-05,71408.5,week_12_orders.csv,8,True,False,5
ORD-W12-0002,V006,SKU-0009,2025-01-16,5,2,403,198.72,Pending,2025-01-18,80084.16,week_12_orders.csv,2,True,False,3
ORD-W12-0003,V002,SKU-0008,2025-03-12,5,13,203,136.88,Pass,2025-03-25,27786.64,week_12_orders.csv,13,False,False,11
ORD-W12-0004,V007,SKU-0008,2025-03-07,5,6,429,109.02,Pass,2025-03-13,46769.58,week_12_orders.csv,6,False,False,10
ORD-W12-0005,V017,SKU-0022,2025-02-03,5,13,239,161.12,Defect,2025-02-16,38507.68,week_12_orders.csv,13,False,True,6
ORD-W12-0006,V006,SKU-0010,2025-01-05,7,5,344,193.05,Pass,2025-01-10,66409.2,week_12_orders.csv,5,True,False,1
ORD-W12-0007,V009,SKU-0018,2025-03-11,7,9,435,26.5,Pass,2025-03-20,11527.5,week_12_orders.csv,9,False,False,11
ORD-W12-0008,V006,SKU-0014,2025-01-26,7,9,416,163.41,Pass,2025-02-04,67978.56,week_12_orders.csv,9,False,False,4
ORD-W12-0009,V006,SKU-0015,2025-02-14,5,11,48,9.46,Pass,2025-02-25,454.08,week_12_orders.csv,11,False,False,7
ORD-W12-0010,V019,SKU-0010,2025-03-04,5,3,439,138.27,Pass,2025-03-07,60700.53,week_12_orders.csv,3,True,False,10
ORD-W12-0011,V005,SKU-0021,2025-01-18,7,8,286,176.48,Pass,2025-01-26,50473.28,week_12_orders.csv,8,False,False,3
ORD-W12-0012,V012,SKU-0032,2025-03-18,7,10,255,165.49,Pass,2025-03-28,42199.95,week_12_orders.csv,10,False,False,12
ORD-W12-0013,V016,SKU-0012,2025-01-03,5,6,175,49.11,Pass,2025-01-09,8594.25,week_12_orders.csv,6,False,False,1
ORD-W12-0014,V008,SKU-0019,2025-01-28,3,10,405,31.89,Pass,2025-02-07,12915.45,week_12_orders.csv,10,False,False,5
ORD-W12-0015,V003,SKU-0033,2025-02-08,7,12,80,117.8,Pass,2025-02-20,9424.0,week_12_orders.csv,12,False,False,6
ORD-W12-0016,V020,SKU-0028,2025-01-17,7,8,337,31.17,Pass,2025-01-25,10504.29,week_12_orders.csv,8,False,False,3
ORD-W12-0017,V012,SKU-0050,2025-01-13,5,6,432,36.79,Pass,2025-01-19,15893.28,week_12_orders.csv,6,False,False,3
ORD-W12-0018,V001,SKU-0012,2025-02-06,7,5,132,9.65,Pass,2025-02-11,1273.8,week_12_orders.csv,5,True,False,6
ORD-W12-0019,V010,SKU-0003,2025-01-22,10,6,16,164.19,Pass,2025-01-28,2627.04,week_12_orders.csv,6,True,False,4
ORD-W12-0020,V005,SKU-0042,2025-03-15,7,12,139,98.53,Pass,2025-03-27,13695.67,week_12_orders.csv,12,False,False,11
ORD-W12-0021,V015,SKU-0007,2025-03-16,5,10,259,99.71,Pass,2025-03-26,25824.89,week_12_orders.csv,10,False,False,11
ORD-W12-0022,V005,SKU-0024,2025-02-28,3,7,428,175.24,Pass,2025-03-07,75002.72,week_12_orders.csv,7,False,False,9
ORD-W12-0023,V003,SKU-0002,2025-03-11,5,6,365,13.01,Pass,2025-03-17,4748.65,week_12_orders.csv,6,False,False,11
ORD-W12-0024,V015,SKU-0013,2025-03-02,3,10,466,74.89,Pass,2025-03-12,34898.74,week_12_orders.csv,10,False,False,9
ORD-W12-0025,V007,SKU-0023,2025-03-17,7,12,18,32.34,Defect,2025-03-29,582.12,week_12_orders.csv,12,False,True,12
ORD-W12-0026,V001,SKU-0028,2025-03-24,7,11,205,155.81,Pass,2025-04-04,31941.05,week_12_orders.csv,11,False,False,13
ORD-W12-0027,V005,SKU-0018,2025-01-04,7,5,233,50.34,Pass,2025-01-09,11729.22,week_12_orders.csv,5,True,False,1
ORD-W12-0028,V013,SKU-0007,2025-02-09,5,4,359,118.09,Pass,2025-02-13,42394.31,week_12_orders.csv,4,True,False,6
ORD-W12-0029,V011,SKU-0011,2025-02-06,5,9,439,60.44,Pass,2025-02-15,26533.16,week_12_orders.csv,9,False,False,6
ORD-W12-0030,V014,SKU-0046,2025-01-16,3,12,309,114.09,Pass,2025-01-28,35253.81,week_12_orders.csv,12,False,False,3
ORD-W12-0031,V014,SKU-0009,2025-02-19,7,8,300,186.32,Pass,2025-02-27,55896.0,week_12_orders.csv,8,False,False,8
ORD-W12-0032,V012,SKU-0038,2025-01-04,5,7,492,85.38,Pass,2025-01-11,42006.96,week_12_orders.csv,7,False,False,1
ORD-W12-0033,V008,SKU-0004,2025-02-03,5,4,311,50.61,Pass,2025-02-07,15739.71,week_12_orders.csv,4,True,False,6
ORD-W12-0034,V010,SKU-0008,2025-01-23,3,10,489,76.45,Pass,2025-02-02,37384.05,week_12_orders.csv,10,False,False,4
ORD-W12-0035,V014,SKU-0017,2025-01-29,5,4,98,160.77,Pass,2025-02-02,15755.46,week_12_orders.csv,4,True,False,5
ORD-W12-0036,V008,SKU-0009,2025-02-12,7,10,453,76.11,Pass,2025-02-22,34477.83,week_12_orders.csv,10,False,False,7
ORD-W12-0037,V014,SKU-0020,2025-02-03,5,11,182,177.74,Pass,2025-02-14,32348.68,week_12_orders.csv,11,False,False,6
ORD-W12-0038,V002,SKU-0027,2025-01-14,3,13,423,174.68,Pass,2025-01-27,73889.64,week_12_orders.csv,13,False,False,3
ORD-W12-0039,V020,SKU-0004,2025-03-07,7,12,112,59.54,Pass,2025-03-19,6668.48,week_12_orders.csv,12,False,False,10
ORD-W12-0040,V002,SKU-0032,2025-03-03,5,10,76,9.17,Pass,2025-03-13,696.92,week_12_orders.csv,10,False,False,10
ORD-W12-0041,V011,SKU-0016,2025-02-28,5,12,33,191.09,Pass,2025-03-12,6305.97,week_12_orders.csv,12,False,False,9
ORD-W12-0042,V019,SKU-0008,2025-01-02,7,3,276,180.92,Pass,2025-01-05,49933.92,week_12_orders.csv,3,True,False,1
ORD-W12-0043,V020,SKU-0001,2025-01-04,7,12,324,37.62,Pass,2025-01-16,12188.88,week_12_orders.csv,12,False,False,1
ORD-W12-0044,V012,SKU-0047,2025-01-24,5,13,39,17.49,Pass,2025-02-06,682.11,week_12_orders.csv,13,False,False,4
ORD-W12-0045,V015,SKU-0016,2025-02-08,3,9,447,15.81,Pending,2025-02-17,7067.07,week_12_orders.csv,9,False,False,6
ORD-W12-0046,V020,SKU-0019,2025-02-04,7,5,483,123.31,Pass,2025-02-09,59558.73,week_12_orders.csv,5,True,False,6
ORD-W12-0047,V014,SKU-0008,2025-01-14,5,13,12,161.74,Pass,2025-01-27,1940.88,week_12_orders.csv,13,False,False,3
ORD-W12-0048,V015,SKU-0039,2025-01-08,5,10,399,129.73,Pass,2025-01-18,51762.27,week_12_orders.csv,10,False,False,2
ORD-W12-0049,V003,SKU-0050,2025-02-12,5,6,349,87.8,Pass,2025-02-18,30642.2,week_12_orders.csv,6,False,False,7
ORD-W12-0050,V016,SKU-0011,2025-02-09,5,7,112,162.29,Pass,2025-02-16,18176.48,week_12_orders.csv,7,False,False,6
ORD-W12-0051,V015,SKU-0015,2025-03-02,3,3,43,178.45,Pass,2025-03-05,7673.35,week_12_orders.csv,3,True,False,9
ORD-W12-0052,V003,SKU-0045,2025-01-19,5,13,494,123.62,Pass,2025-02-01,61068.28,week_12_orders.csv,13,False,False,3
ORD-W12-0053,V008,SKU-0012,2025-03-18,3,11,146,196.41,Pass,2025-03-29,28675.86,week_12_orders.csv,11,False,False,12
ORD-W12-0054,V011,SKU-0030,2025-02-17,10,10,407,127.41,Pass,2025-02-27,51855.87,week_12_orders.csv,10,True,False,8
ORD-W12-0055,V015,SKU-0024,2025-02-14,5,9,193,74.27,Pass,2025-02-23,14334.11,week_12_orders.csv,9,False,False,7
ORD-W12-0056,V014,SKU-0044,2025-01-15,7,11,267,92.46,Pass,2025-01-26,24686.82,week_12_orders.csv,11,False,False,3
ORD-W12-0057,V020,SKU-0004,2025-01-29,5,8,216,191.36,Defect,2025-02-06,41333.76,week_12_orders.csv,8,False,True,5
ORD-W12-0058,V008,SKU-0013,2025-02-28,7,8,66,101.06,Pass,2025-03-08,6669.96,week_12_orders.csv,8,False,False,9
ORD-W12-0059,V016,SKU-0045,2025-01-20,3,5,225,199.37,Pending,2025-01-25,44858.25,week_12_orders.csv,5,False,False,4
ORD-W12-0060,V012,SKU-0026,2025-01-10,7,10,415,19.19,Pass,2025-01-20,7963.85,week_12_orders.csv,10,False,False,2
ORD-W12-0061,V012,SKU-0024,2025-03-13,5,10,174,23.93,Pass,2025-03-23,4163.82,week_12_orders.csv,10,False,False,11
ORD-W12-0062,V014,SKU-0008,2025-03-09,5,9,285,173.66,Pass,2025-03-18,49493.1,week_12_orders.csv,9,False,False,10
ORD-W12-0063,V007,SKU-0037,2025-03-22,7,8,123,5.59,Pass,2025-03-30,687.57,week_12_orders.csv,8,False,False,12
ORD-W12-0064,V013,SKU-0013,2025-03-19,5,9,53,37.65,Pass,2025-03-28,1995.45,week_12_orders.csv,9,False,False,12
ORD-W12-0065,V003,SKU-0026,2025-03-07,5,10,31,106.12,Pass,2025-03-17,3289.72,week_12_orders.csv,10,False,False,10
ORD-W12-0066,V003,SKU-0003,2025-03-18,5,10,425,179.09,Pass,2025-03-28,76113.25,week_12_orders.csv,10,False,False,12
ORD-W12-0067,V004,SKU-0006,2025-03-24,10,2,498,11.54,Pass,2025-03-26,5746.92,week_12_orders.csv,2,True,False,13
ORD-W12-0068,V018,SKU-0043,2025-01-03,3,13,184,78.15,Pass,2025-01-16,14379.6,week_12_orders.csv,13,False,False,1
ORD-W12-0069,V013,SKU-0012,2025-01-04,10,10,372,167.4,Defect,2025-01-14,62272.8,week_12_orders.csv,10,True,True,1
ORD-W12-0070,V012,SKU-0014,2025-03-04,10,7,141,71.69,Pass,2025-03-11,10108.29,week_12_orders.csv,7,True,False,10
ORD-W12-0071,V009,SKU-0025,2025-01-07,7,8,282,34.42,Pass,2025-01-15,9706.44,week_12_orders.csv,8,False,False,2
ORD-W12-0072,V003,SKU-0016,2025-01-08,5,3,467,164.29,Pass,2025-01-11,76723.43,week_12_orders.csv,3,True,False,2
ORD-W12-0073,V018,SKU-0012,2025-03-25,5,13,307,170.41,Pass,2025-04-07,52315.87,week_12_orders.csv,13,False,False,13
ORD-W12-0074,V008,SKU-0032,2025-01-27,5,13,218,98.48,Pass,2025-02-09,21468.64,week_12_orders.csv,13,False,False,5
ORD-W12-0075,V012,SKU-0036,2025-02-02,7,3,467,143.03,Pass,2025-02-05,66795.01,week_12_orders.csv,3,True,False,5
ORD-W12-0076,V002,SKU-0015,2025-02-21,5,8,414,103.15,Pass,2025-03-01,42704.1,week_12_orders.csv,8,False,False,8
ORD-W12-0077,V001,SKU-0019,2025-02-05,5,3,374,133.39,Defect,2025-02-08,49887.86,week_12_orders.csv,3,True,True,6
ORD-W12-0078,V012,SKU-0014,2025-02-18,3,13,103,103.83,Pass,2025-03-03,10694.49,week_12_orders.csv,13,False,False,8
ORD-W12-0079,V014,SKU-0009,2025-01-17,10,6,313,5.22,Pass,2025-01-23,1633.86,week_12_orders.csv,6,True,False,3
ORD-W12-0080,V012,SKU-0016,2025-03-15,5,4,92,127.69,Pass,2025-03-19,11747.48,week_12_orders.csv,4,True,False,11
ORD-W12-0081,V010,SKU-0007,2025-01-21,3,6,123,189.3,Pass,2025-01-27,23283.9,week_12_orders.csv,6,False,False,4
ORD-W12-0082,V004,SKU-0025,2025-01-26,7,7,367,113.69,Pass,2025-02-02,41724.23,week_12_orders.csv,7,True,False,4
ORD-W12-0083,V004,SKU-0027,2025-02-01,5,2,306,60.0,Pass,2025-02-03,18360.0,week_12_orders.csv,2,True,False,5
ORD-W12-0084,V020,SKU-0038,2025-03-12,7,11,411,152.29,Pending,2025-03-23,62591.19,week_12_orders.csv,11,False,False,11
ORD-W12-0085,V017,SKU-0037,2025-01-14,5,13,206,177.58,Pass,2025-01-27,36581.48,week_12_orders.csv,13,False,False,3
ORD-W12-0086,V003,SKU-0047,2025-01-12,7,12,393,117.86,Pass,2025-01-24,46318.98,week_12_orders.csv,12,False,False,2
ORD-W12-0087,V009,SKU-0016,2025-01-14,3,12,221,118.05,Pass,2025-01-26,26089.05,week_12_orders.csv,12,False,False,3
ORD-W12-0088,V013,SKU-0023,2025-02-19,5,10,260,87.27,Pass,2025-03-01,22690.2,week_12_orders.csv,10,False,False,8
ORD-W12-0089,V018,SKU-0019,2025-02-10,7,2,333,40.63,Pass,2025-02-12,13529.79,week_12_orders.csv,2,True,False,7
ORD-W12-0090,V003,SKU-0028,2025-01-27,5,7,443,125.06,Pass,2025-02-03,55401.58,week_12_orders.csv,7,False,False,5
ORD-W12-0091,V007,SKU-0030,2025-01-06,3,10,452,198.89,Pass,2025-01-16,89898.28,week_12_orders.csv,10,False,False,2
ORD-W12-0092,V020,SKU-0027,2025-01-16,7,2,33,35.3,Pass,2025-01-18,1164.9,week_12_orders.csv,2,True,False,3
ORD-W12-0093,V020,SKU-0021,2025-01-12,7,3,177,86.0,Pass,2025-01-15,15222.0,week_12_orders.csv,3,True,False,2
ORD-W12-0094,V018,SKU-0009,2025-01-24,7,11,475,48.56,Pass,2025-02-04,23066.0,week_12_orders.csv,11,False,False,4
ORD-W12-0095,V008,SKU-0022,2025-02-19,5,12,195,52.48,Pass,2025-03-03,10233.6,week_12_orders.csv,12,False,False,8
ORD-W12-0096,V012,SKU-0037,2025-02-19,5,9,78,174.03,Pass,2025-02-28,13574.34,week_12_orders.csv,9,False,False,8
ORD-W12-0097,V010,SKU-0050,2025-02-28,5,9,320,47.61,Pass,2025-03-09,15235.2,week_12_orders.csv,9,False,False,9
ORD-W12-0098,V009,SKU-0030,2025-02-14,3,3,94,99.96,Pass,2025-02-17,9396.24,week_12_orders.csv,3,True,False,7
ORD-W12-0099,V004,SKU-0003,2025-02-28,5,2,452,194.84,Pass,2025-03-02,88067.68,week_12_orders.csv,2,True,False,9
ORD-W12-0100,V002,SKU-0022,2025-01-07,5,12,290,186.77,Pass,2025-01-19,54163.3,week_12_orders.csv,12,False,False,2
ORD-W12-0101,V011,SKU-0001,2025-03-22,5,7,342,47.39,Pass,2025-03-29,16207.38,week_12_orders.csv,7,False,False,12
ORD-W12-0102,V018,SKU-0007,2025-03-19,3,10,385,161.84,Pass,2025-03-29,62308.4,week_12_orders.csv,10,False,False,12
ORD-W12-0103,V008,SKU-0024,2025-03-17,5,6,202,100.57,Pass,2025-03-23,20315.14,week_12_orders.csv,6,False,False,12
ORD-W12-0104,V004,SKU-0029,2025-03-25,7,8,387,109.46,Defect,2025-04-02,42361.02,week_12_orders.csv,8,False,True,13
ORD-W12-0105,V002,SKU-0034,2025-03-10,3,11,474,18.72,Pass,2025-03-21,8873.28,week_12_orders.csv,11,False,False,11
ORD-W12-0106,V020,SKU-0041,2025-02-23,3,11,456,164.74,Pass,2025-03-06,75121.44,week_12_orders.csv,11,False,False,8
ORD-W12-0107,V016,SKU-0034,2025-03-18,7,6,129,66.76,Pass,2025-03-24,8612.04,week_12_orders.csv,6,True,False,12
ORD-W12-0108,V008,SKU-0042,2025-01-20,7,4,230,20.51,Pending,2025-01-24,4717.3,week_12_orders.csv,4,True,False,4
ORD-W12-0109,V001,SKU-0046,2025-01-12,7,3,461,149.85,Pass,2025-01-15,69080.85,week_12_orders.csv,3,True,False,2
ORD-W12-0110,V020,SKU-0029,2025-02-22,10,9,357,14.77,Pass,2025-03-03,5272.89,week_12_orders.csv,9,True,False,8
ORD-W12-0111,V008,SKU-0011,2025-01-04,3,13,114,108.55,Pass,2025-01-17,12374.7,week_12_orders.csv,13,False,False,1
ORD-W12-0112,V016,SKU-0021,2025-02-06,7,5,361,196.18,Pass,2025-02-11,70820.98,week_12_orders.csv,5,True,False,6
ORD-W12-0113,V010,SKU-0042,2025-02-15,7,8,22,191.92,Pass,2025-02-23,4222.24,week_12_orders.csv,8,False,False,7
ORD-W12-0114,V016,SKU-0045,2025-02-04,7,12,110,26.03,Pass,2025-02-16,2863.3,week_12_orders.csv,12,False,False,6
ORD-W12-0115,V016,SKU-0042,2025-03-15,7,5,167,26.94,Pending,2025-03-20,4498.98,week_12_orders.csv,5,True,False,11
ORD-W12-0116,V004,SKU-0014,2025-02-13,5,3,499,23.77,Pass,2025-02-16,11861.23,week_12_orders.csv,3,True,False,7
ORD-W12-0117,V017,SKU-0035,2025-02-10,7,4,168,75.35,Pass,2025-02-14,12658.8,week_12_orders.csv,4,True,False,7
ORD-W12-0118,V018,SKU-0032,2025-02-19,5,9,187,139.35,Pass,2025-02-28,26058.45,week_12_orders.csv,9,False,False,8
ORD-W12-0119,V009,SKU-0042,2025-03-05,3,10,316,126.54,Pass,2025-03-15,39986.64,week_12_orders.csv,10,False,False,10
ORD-W12-0120,V006,SKU-0012,2025-01-25,5,2,117,196.71,Pass,2025-01-27,23015.07,week_12_orders.csv,2,True,False,4
ORD-W12-0121,V011,SKU-0045,2025-02-27,5,4,332,164.86,Defect,2025-03-03,54733.52,week_12_orders.csv,4,True,True,9
ORD-W12-0122,V018,SKU-0027,2025-03-07,3,7,30,78.23,Pass,2025-03-14,2346.9,week_12_orders.csv,7,False,False,10
ORD-W12-0123,V012,SKU-0050,2025-01-26,5,7,115,122.79,Pass,2025-02-02,14120.85,week_12_orders.csv,7,False,False,4
ORD-W12-0124,V014,SKU-0030,2025-03-23,7,2,13,39.91,Pass,2025-03-25,518.83,week_12_orders.csv,2,True,False,12
ORD-W12-0125,V014,SKU-0049,2025-01-02,7,5,468,140.77,Pass,2025-01-07,65880.36,week_12_orders.csv,5,True,False,1
ORD-W12-0126,V009,SKU-0028,2025-02-09,7,13,184,101.79,Pass,2025-02-22,18729.36,week_12_orders.csv,13,False,False,6
ORD-W12-0127,V014,SKU-0014,2025-01-27,5,2,224,79.59,Defect,2025-01-29,17828.16,week_12_orders.csv,2,True,True,5
ORD-W12-0128,V004,SKU-0027,2025-03-22,3,9,247,29.24,Defect,2025-03-31,7222.28,week_12_orders.csv,9,False,True,12
ORD-W12-0129,V016,SKU-0011,2025-02-16,3,3,460,92.87,Pending,2025-02-19,42720.2,week_12_orders.csv,3,True,False,7
ORD-W12-0130,V020,SKU-0035,2025-01-21,5,7,264,53.7,Pass,2025-01-28,14176.8,week_12_orders.csv,7,False,False,4
ORD-W12-0131,V018,SKU-0003,2025-03-21,5,12,283,134.79,Pass,2025-04-02,38145.57,week_12_orders.csv,12,False,False,12
ORD-W12-0132,V016,SKU-0025,2025-01-17,3,2,152,180.86,Pass,2025-01-19,27490.72,week_12_orders.csv,2,True,False,3
ORD-W12-0133,V004,SKU-0002,2025-01-08,5,13,446,91.1,Pass,2025-01-21,40630.6,week_12_orders.csv,13,False,False,2
ORD-W12-0134,V020,SKU-0022,2025-01-21,7,11,400,66.24,Pending,2025-02-01,26496.0,week_12_orders.csv,11,False,False,4
ORD-W12-0135,V003,SKU-0002,2025-02-17,5,9,234,146.78,Pending,2025-02-26,34346.52,week_12_orders.csv,9,False,False,8
ORD-W12-0136,V013,SKU-0001,2025-01-13,7,9,339,161.77,Pass,2025-01-22,54840.03,week_12_orders.csv,9,False,False,3
ORD-W12-0137,V007,SKU-0028,2025-02-13,5,9,446,179.42,Pass,2025-02-22,80021.32,week_12_orders.csv,9,False,False,7
ORD-W13-0000,V010,SKU-0016,2025-01-19,7,11,176,154.56,Pass,2025-01-30,27202.56,week_13_orders.csv,11,False,False,3
ORD-W13-0001,V007,SKU-0039,2025-01-11,5,13,11,188.03,Pass,2025-01-24,2068.33,week_13_orders.csv,13,False,False,2
ORD-W13-0002,V004,SKU-0008,2025-01-08,7,9,117,66.51,Pass,2025-01-17,7781.67,week_13_orders.csv,9,False,False,2
ORD-W13-0003,V014,SKU-0010,2025-01-11,7,13,55,166.11,Pass,2025-01-24,9136.05,week_13_orders.csv,13,False,False,2
ORD-W13-0004,V007,SKU-0026,2025-03-01,7,5,136,159.63,Defect,2025-03-06,21709.68,week_13_orders.csv,5,True,True,9
ORD-W13-0005,V018,SKU-0018,2025-01-19,5,5,482,126.77,Defect,2025-01-24,61103.14,week_13_orders.csv,5,True,True,3
ORD-W13-0006,V016,SKU-0040,2025-03-17,5,5,108,78.66,Pass,2025-03-22,8495.28,week_13_orders.csv,5,True,False,12
ORD-W13-0007,V005,SKU-0026,2025-02-28,5,12,432,25.85,Pass,2025-03-12,11167.2,week_13_orders.csv,12,False,False,9
ORD-W13-0008,V006,SKU-0005,2025-02-03,5,8,452,143.95,Pass,2025-02-11,65065.4,week_13_orders.csv,8,False,False,6
ORD-W13-0009,V001,SKU-0004,2025-01-18,10,8,195,118.37,Pass,2025-01-26,23082.15,week_13_orders.csv,8,True,False,3
ORD-W13-0010,V009,SKU-0045,2025-02-13,5,13,26,68.32,Pass,2025-02-26,1776.32,week_13_orders.csv,13,False,False,7
ORD-W13-0011,V010,SKU-0030,2025-01-25,7,5,330,152.85,Pass,2025-01-30,50440.5,week_13_orders.csv,5,True,False,4
ORD-W13-0012,V010,SKU-0043,2025-02-09,5,10,195,97.82,Pass,2025-02-19,19074.9,week_13_orders.csv,10,False,False,6
ORD-W13-0013,V005,SKU-0035,2025-03-21,7,11,481,99.62,Pass,2025-04-01,47917.22,week_13_orders.csv,11,False,False,12
ORD-W13-0014,V019,SKU-0038,2025-01-13,5,5,458,10.76,Defect,2025-01-18,4928.08,week_13_orders.csv,5,True,True,3
ORD-W13-0015,V005,SKU-0031,2025-02-03,5,8,146,101.75,Defect,2025-02-11,14855.5,week_13_orders.csv,8,False,True,6
ORD-W13-0016,V009,SKU-0021,2025-01-23,7,9,19,129.57,Pass,2025-02-01,2461.83,week_13_orders.csv,9,False,False,4
ORD-W13-0017,V004,SKU-0016,2025-02-19,7,6,224,59.94,Pass,2025-02-25,13426.56,week_13_orders.csv,6,True,False,8
ORD-W13-0018,V006,SKU-0038,2025-01-01,7,3,203,169.74,Pass,2025-01-04,34457.22,week_13_orders.csv,3,True,False,1
ORD-W13-0019,V002,SKU-0020,2025-01-11,7,5,330,125.63,Pass,2025-01-16,41457.9,week_13_orders.csv,5,True,False,2
ORD-W13-0020,V011,SKU-0016,2025-01-07,7,9,398,8.92,Pass,2025-01-16,3550.16,week_13_orders.csv,9,False,False,2
ORD-W13-0021,V010,SKU-0003,2025-03-19,7,4,325,94.33,Pass,2025-03-23,30657.25,week_13_orders.csv,4,True,False,12
ORD-W13-0022,V013,SKU-0028,2025-01-08,5,9,222,132.02,Pass,2025-01-17,29308.44,week_13_orders.csv,9,False,False,2
ORD-W13-0023,V004,SKU-0028,2025-03-03,5,10,217,56.11,Pass,2025-03-13,12175.87,week_13_orders.csv,10,False,False,10
ORD-W13-0024,V017,SKU-0034,2025-01-03,10,4,136,53.39,Pass,2025-01-07,7261.04,week_13_orders.csv,4,True,False,1
ORD-W13-0025,V013,SKU-0009,2025-03-02,7,2,405,45.29,Pass,2025-03-04,18342.45,week_13_orders.csv,2,True,False,9
ORD-W13-0026,V009,SKU-0028,2025-01-12,7,13,383,117.04,Defect,2025-01-25,44826.32,week_13_orders.csv,13,False,True,2
ORD-W13-0027,V007,SKU-0009,2025-03-07,5,7,215,31.58,Pass,2025-03-14,6789.7,week_13_orders.csv,7,False,False,10
ORD-W13-0028,V003,SKU-0007,2025-03-20,3,2,372,58.18,Pass,2025-03-22,21642.96,week_13_orders.csv,2,True,False,12
ORD-W13-0029,V007,SKU-0007,2025-03-20,5,7,191,198.73,Pass,2025-03-27,37957.43,week_13_orders.csv,7,False,False,12
ORD-W13-0030,V002,SKU-0028,2025-01-20,5,7,172,53.01,Defect,2025-01-27,9117.72,week_13_orders.csv,7,False,True,4
ORD-W13-0031,V011,SKU-0005,2025-02-24,3,7,87,143.65,Pass,2025-03-03,12497.55,week_13_orders.csv,7,False,False,9
ORD-W13-0032,V006,SKU-0039,2025-02-22,7,11,22,54.06,Pass,2025-03-05,1189.32,week_13_orders.csv,11,False,False,8
ORD-W13-0033,V015,SKU-0034,2025-02-10,7,4,59,167.99,Pass,2025-02-14,9911.41,week_13_orders.csv,4,True,False,7
ORD-W13-0034,V004,SKU-0025,2025-03-31,5,10,301,87.4,Pass,2025-04-10,26307.4,week_13_orders.csv,10,False,False,14
ORD-W13-0035,V014,SKU-0034,2025-03-18,5,5,341,21.81,Defect,2025-03-23,7437.21,week_13_orders.csv,5,True,True,12
ORD-W13-0036,V004,SKU-0042,2025-03-30,5,4,330,182.82,Pass,2025-04-03,60330.6,week_13_orders.csv,4,True,False,13
ORD-W13-0037,V005,SKU-0031,2025-01-26,7,4,293,69.73,Pass,2025-01-30,20430.89,week_13_orders.csv,4,True,False,4
ORD-W13-0038,V008,SKU-0006,2025-03-21,5,6,451,83.53,Pass,2025-03-27,37672.03,week_13_orders.csv,6,False,False,12
ORD-W13-0039,V014,SKU-0042,2025-02-08,3,13,239,21.3,Pass,2025-02-21,5090.7,week_13_orders.csv,13,False,False,6
ORD-W13-0040,V005,SKU-0003,2025-03-26,5,9,250,59.92,Pass,2025-04-04,14980.0,week_13_orders.csv,9,False,False,13
ORD-W13-0041,V017,SKU-0045,2025-01-19,3,3,308,30.18,Pass,2025-01-22,9295.44,week_13_orders.csv,3,True,False,3
ORD-W13-0042,V001,SKU-0036,2025-02-15,5,4,390,150.15,Pass,2025-02-19,58558.5,week_13_orders.csv,4,True,False,7
ORD-W13-0043,V006,SKU-0037,2025-02-22,5,5,251,63.97,Pass,2025-02-27,16056.47,week_13_orders.csv,5,True,False,8
ORD-W13-0044,V018,SKU-0028,2025-02-09,7,7,173,76.25,Pass,2025-02-16,13191.25,week_13_orders.csv,7,True,False,6
ORD-W13-0045,V020,SKU-0015,2025-01-22,5,2,431,141.42,Pass,2025-01-24,60952.02,week_13_orders.csv,2,True,False,4
ORD-W13-0046,V002,SKU-0012,2025-01-11,7,12,260,88.42,Pass,2025-01-23,22989.2,week_13_orders.csv,12,False,False,2
ORD-W13-0047,V004,SKU-0015,2025-03-17,7,5,270,155.77,Pass,2025-03-22,42057.9,week_13_orders.csv,5,True,False,12
ORD-W13-0048,V008,SKU-0006,2025-03-18,7,8,484,137.27,Pass,2025-03-26,66438.68,week_13_orders.csv,8,False,False,12
ORD-W13-0049,V018,SKU-0016,2025-03-16,7,10,157,129.41,Pass,2025-03-26,20317.37,week_13_orders.csv,10,False,False,11
ORD-W13-0050,V006,SKU-0034,2025-01-20,3,12,252,198.53,Pass,2025-02-01,50029.56,week_13_orders.csv,12,False,False,4
ORD-W13-0051,V008,SKU-0043,2025-01-04,5,8,92,137.54,Pass,2025-01-12,12653.68,week_13_orders.csv,8,False,False,1
ORD-W13-0052,V005,SKU-0020,2025-02-24,5,8,138,176.04,Pass,2025-03-04,24293.52,week_13_orders.csv,8,False,False,9
ORD-W13-0053,V007,SKU-0049,2025-03-24,5,2,78,113.52,Pass,2025-03-26,8854.56,week_13_orders.csv,2,True,False,13
ORD-W13-0054,V009,SKU-0012,2025-01-12,5,10,444,19.66,Pass,2025-01-22,8729.04,week_13_orders.csv,10,False,False,2
ORD-W13-0055,V011,SKU-0004,2025-03-01,7,10,154,12.53,Pass,2025-03-11,1929.62,week_13_orders.csv,10,False,False,9
ORD-W13-0056,V004,SKU-0050,2025-02-24,10,10,378,61.85,Pass,2025-03-06,23379.3,week_13_orders.csv,10,True,False,9
ORD-W13-0057,V009,SKU-0026,2025-01-07,10,11,95,41.45,Pass,2025-01-18,3937.75,week_13_orders.csv,11,False,False,2
ORD-W13-0058,V004,SKU-0008,2025-03-11,5,10,81,173.98,Pass,2025-03-21,14092.38,week_13_orders.csv,10,False,False,11
ORD-W13-0059,V019,SKU-0034,2025-01-08,3,8,339,176.07,Pending,2025-01-16,59687.73,week_13_orders.csv,8,False,False,2
ORD-W13-0060,V018,SKU-0036,2025-03-17,3,2,309,50.86,Pass,2025-03-19,15715.74,week_13_orders.csv,2,True,False,12
ORD-W13-0061,V001,SKU-0007,2025-02-15,5,2,301,115.89,Pass,2025-02-17,34882.89,week_13_orders.csv,2,True,False,7
ORD-W13-0062,V004,SKU-0004,2025-01-21,5,13,237,142.52,Pass,2025-02-03,33777.24,week_13_orders.csv,13,False,False,4
ORD-W13-0063,V013,SKU-0036,2025-02-08,10,3,243,144.82,Pass,2025-02-11,35191.26,week_13_orders.csv,3,True,False,6
ORD-W13-0064,V006,SKU-0012,2025-02-12,7,9,331,189.45,Pass,2025-02-21,62707.95,week_13_orders.csv,9,False,False,7
ORD-W13-0065,V009,SKU-0026,2025-03-03,7,8,249,132.95,Pass,2025-03-11,33104.55,week_13_orders.csv,8,False,False,10
ORD-W13-0066,V005,SKU-0023,2025-03-09,7,4,329,74.28,Pass,2025-03-13,24438.12,week_13_orders.csv,4,True,False,10
ORD-W13-0067,V017,SKU-0022,2025-02-03,5,5,11,22.79,Pass,2025-02-08,250.69,week_13_orders.csv,5,True,False,6
ORD-W13-0068,V007,SKU-0006,2025-02-02,3,2,30,82.02,Pass,2025-02-04,2460.6,week_13_orders.csv,2,True,False,5
ORD-W13-0069,V010,SKU-0033,2025-02-03,7,13,48,43.93,Pass,2025-02-16,2108.64,week_13_orders.csv,13,False,False,6
ORD-W13-0070,V015,SKU-0046,2025-01-22,7,6,261,185.27,Pass,2025-01-28,48355.47,week_13_orders.csv,6,True,False,4
ORD-W13-0071,V006,SKU-0044,2025-02-12,5,9,160,101.99,Pass,2025-02-21,16318.4,week_13_orders.csv,9,False,False,7
ORD-W13-0072,V002,SKU-0011,2025-02-22,5,3,126,186.72,Pass,2025-02-25,23526.72,week_13_orders.csv,3,True,False,8
ORD-W13-0073,V004,SKU-0016,2025-01-29,5,5,163,141.82,Pass,2025-02-03,23116.66,week_13_orders.csv,5,True,False,5
ORD-W13-0074,V005,SKU-0031,2025-02-04,3,4,370,50.87,Pass,2025-02-08,18821.9,week_13_orders.csv,4,False,False,6
ORD-W13-0075,V017,SKU-0024,2025-01-11,5,12,165,183.19,Pass,2025-01-23,30226.35,week_13_orders.csv,12,False,False,2
ORD-W13-0076,V006,SKU-0013,2025-03-26,5,12,410,68.55,Pass,2025-04-07,28105.5,week_13_orders.csv,12,False,False,13
ORD-W13-0077,V001,SKU-0035,2025-03-16,5,13,279,118.9,Pass,2025-03-29,33173.1,week_13_orders.csv,13,False,False,11
ORD-W13-0078,V010,SKU-0045,2025-03-25,7,13,394,110.5,Pass,2025-04-07,43537.0,week_13_orders.csv,13,False,False,13
ORD-W13-0079,V017,SKU-0039,2025-03-01,7,12,36,33.75,Pass,2025-03-13,1215.0,week_13_orders.csv,12,False,False,9
ORD-W13-0080,V020,SKU-0039,2025-03-12,5,3,382,126.77,Pass,2025-03-15,48426.14,week_13_orders.csv,3,True,False,11
ORD-W13-0081,V002,SKU-0028,2025-03-29,7,7,219,135.76,Pass,2025-04-05,29731.44,week_13_orders.csv,7,True,False,13
ORD-W13-0082,V003,SKU-0034,2025-03-31,3,10,289,104.48,Pass,2025-04-10,30194.72,week_13_orders.csv,10,False,False,14
ORD-W13-0083,V011,SKU-0050,2025-01-28,5,2,170,69.66,Pass,2025-01-30,11842.2,week_13_orders.csv,2,True,False,5
ORD-W13-0084,V020,SKU-0009,2025-03-16,7,3,220,123.69,Pass,2025-03-19,27211.8,week_13_orders.csv,3,True,False,11
ORD-W13-0085,V020,SKU-0039,2025-02-15,5,11,489,149.76,Pass,2025-02-26,73232.64,week_13_orders.csv,11,False,False,7
ORD-W13-0086,V017,SKU-0028,2025-03-04,7,6,193,174.86,Pass,2025-03-10,33747.98,week_13_orders.csv,6,True,False,10
ORD-W13-0087,V006,SKU-0033,2025-03-17,3,12,79,44.76,Pass,2025-03-29,3536.04,week_13_orders.csv,12,False,False,12
ORD-W13-0088,V017,SKU-0022,2025-03-11,7,8,301,17.11,Pass,2025-03-19,5150.11,week_13_orders.csv,8,False,False,11
ORD-W13-0089,V004,SKU-0039,2025-01-09,5,12,263,135.47,Pass,2025-01-21,35628.61,week_13_orders.csv,12,False,False,2
ORD-W13-0090,V008,SKU-0045,2025-02-16,7,3,355,104.51,Pass,2025-02-19,37101.05,week_13_orders.csv,3,True,False,7
ORD-W13-0091,V006,SKU-0021,2025-03-11,5,3,140,166.25,Pass,2025-03-14,23275.0,week_13_orders.csv,3,True,False,11
ORD-W13-0092,V001,SKU-0001,2025-01-03,3,4,137,35.97,Pass,2025-01-07,4927.89,week_13_orders.csv,4,False,False,1
ORD-W13-0093,V006,SKU-0043,2025-01-23,7,6,291,136.07,Pass,2025-01-29,39596.37,week_13_orders.csv,6,True,False,4
ORD-W13-0094,V013,SKU-0046,2025-01-30,5,9,341,182.54,Pass,2025-02-08,62246.14,week_13_orders.csv,9,False,False,5
ORD-W13-0095,V012,SKU-0042,2025-02-11,7,3,248,87.69,Pass,2025-02-14,21747.12,week_13_orders.csv,3,True,False,7
ORD-W13-0096,V018,SKU-0036,2025-01-22,7,8,262,116.48,Pass,2025-01-30,30517.76,week_13_orders.csv,8,False,False,4
ORD-W13-0097,V002,SKU-0024,2025-01-05,3,7,46,68.98,Pass,2025-01-12,3173.08,week_13_orders.csv,7,False,False,1
ORD-W13-0098,V010,SKU-0001,2025-02-17,5,9,295,51.61,Defect,2025-02-26,15224.95,week_13_orders.csv,9,False,True,8
ORD-W13-0099,V010,SKU-0024,2025-01-20,3,7,13,122.7,Pass,2025-01-27,1595.1,week_13_orders.csv,7,False,False,4
ORD-W13-0100,V010,SKU-0010,2025-03-16,3,11,154,58.01,Pass,2025-03-27,8933.54,week_13_orders.csv,11,False,False,11
ORD-W13-0101,V005,SKU-0040,2025-01-26,5,5,415,185.09,Pass,2025-01-31,76812.35,week_13_orders.csv,5,True,False,4
ORD-W13-0102,V016,SKU-0005,2025-02-18,5,3,226,107.65,Pass,2025-02-21,24328.9,week_13_orders.csv,3,True,False,8
ORD-W13-0103,V004,SKU-0004,2025-01-21,7,7,190,88.67,Pass,2025-01-28,16847.3,week_13_orders.csv,7,True,False,4
ORD-W13-0104,V016,SKU-0033,2025-03-24,3,10,11,187.55,Pass,2025-04-03,2063.05,week_13_orders.csv,10,False,False,13
ORD-W13-0105,V007,SKU-0010,2025-02-01,7,6,469,63.42,Pass,2025-02-07,29743.98,week_13_orders.csv,6,True,False,5
ORD-W13-0106,V001,SKU-0035,2025-03-17,7,9,444,133.15,Pass,2025-03-26,59118.6,week_13_orders.csv,9,False,False,12
ORD-W13-0107,V015,SKU-0006,2025-03-27,7,3,86,153.44,Pass,2025-03-30,13195.84,week_13_orders.csv,3,True,False,13
ORD-W13-0108,V006,SKU-0002,2025-03-03,3,6,81,78.17,Pass,2025-03-09,6331.77,week_13_orders.csv,6,False,False,10
ORD-W13-0109,V018,SKU-0034,2025-02-05,3,11,65,125.72,Pass,2025-02-16,8171.8,week_13_orders.csv,11,False,False,6
ORD-W13-0110,V017,SKU-0019,2025-01-21,5,2,290,111.81,Pass,2025-01-23,32424.9,week_13_orders.csv,2,True,False,4
ORD-W13-0111,V019,SKU-0035,2025-03-12,7,4,107,154.21,Pass,2025-03-16,16500.47,week_13_orders.csv,4,True,False,11
ORD-W13-0112,V017,SKU-0031,2025-03-07,7,11,455,102.9,Pass,2025-03-18,46819.5,week_13_orders.csv,11,False,False,10
ORD-W13-0113,V011,SKU-0044,2025-04-01,7,12,327,13.66,Pass,2025-04-13,4466.82,week_13_orders.csv,12,False,False,14
ORD-W13-0114,V014,SKU-0035,2025-02-12,7,13,341,110.74,Pass,2025-02-25,37762.34,week_13_orders.csv,13,False,False,7
ORD-W13-0115,V012,SKU-0023,2025-03-09,3,7,485,15.54,Pass,2025-03-16,7536.9,week_13_orders.csv,7,False,False,10
ORD-W13-0116,V015,SKU-0006,2025-03-03,5,12,101,160.22,Pending,2025-03-15,16182.22,week_13_orders.csv,12,False,False,10
ORD-W13-0117,V008,SKU-0013,2025-04-01,5,9,86,83.54,Pass,2025-04-10,7184.44,week_13_orders.csv,9,False,False,14
ORD-W13-0118,V005,SKU-0030,2025-01-20,7,4,228,62.01,Pass,2025-01-24,14138.28,week_13_orders.csv,4,True,False,4
ORD-W13-0119,V018,SKU-0018,2025-03-02,7,11,359,190.94,Pass,2025-03-13,68547.46,week_13_orders.csv,11,False,False,9
ORD-W13-0120,V006,SKU-0026,2025-01-23,10,4,180,181.3,Pass,2025-01-27,32634.0,week_13_orders.csv,4,True,False,4
ORD-W13-0121,V001,SKU-0020,2025-01-29,5,4,155,67.09,Pass,2025-02-02,10398.95,week_13_orders.csv,4,True,False,5
ORD-W13-0122,V003,SKU-0038,2025-01-25,7,11,111,162.88,Defect,2025-02-05,18079.68,week_13_orders.csv,11,False,True,4
ORD-W13-0123,V008,SKU-0031,2025-03-19,5,3,88,58.98,Pass,2025-03-22,5190.24,week_13_orders.csv,3,True,False,12
ORD-W13-0124,V002,SKU-0023,2025-02-16,3,5,261,31.2,Pass,2025-02-21,8143.2,week_13_orders.csv,5,False,False,7
ORD-W13-0125,V004,SKU-0015,2025-02-05,7,2,476,189.15,Pass,2025-02-07,90035.4,week_13_orders.csv,2,True,False,6
ORD-W13-0126,V008,SKU-0013,2025-03-30,5,3,264,75.79,Pass,2025-04-02,20008.56,week_13_orders.csv,3,True,False,13
ORD-W13-0127,V017,SKU-0006,2025-02-12,5,7,414,32.13,Pass,2025-02-19,13301.82,week_13_orders.csv,7,False,False,7
ORD-W13-0128,V016,SKU-0030,2025-02-09,10,10,473,83.11,Pass,2025-02-19,39311.03,week_13_orders.csv,10,True,False,6
ORD-W13-0129,V017,SKU-0017,2025-02-22,5,9,87,63.29,Pass,2025-03-03,5506.23,week_13_orders.csv,9,False,False,8
ORD-W13-0130,V005,SKU-0009,2025-03-09,7,2,422,125.49,Defect,2025-03-11,52956.78,week_13_orders.csv,2,True,True,10
ORD-W13-0131,V003,SKU-0018,2025-03-11,7,3,63,92.41,Pass,2025-03-14,5821.83,week_13_orders.csv,3,True,False,11
ORD-W13-0132,V014,SKU-0025,2025-02-25,7,10,298,23.66,Pass,2025-03-07,7050.68,week_13_orders.csv,10,False,False,9
ORD-W13-0133,V008,SKU-0041,2025-01-12,3,2,416,100.29,Pass,2025-01-14,41720.64,week_13_orders.csv,2,True,False,2
ORD-W13-0134,V011,SKU-0033,2025-03-24,5,12,28,45.37,Pass,2025-04-05,1270.36,week_13_orders.csv,12,False,False,13
ORD-W13-0135,V016,SKU-0009,2025-01-17,5,3,195,56.67,Pass,2025-01-20,11050.65,week_13_orders.csv,3,True,False,3
ORD-W13-0136,V011,SKU-0030,2025-01-29,7,9,163,147.62,Pass,2025-02-07,24062.06,week_13_orders.csv,9,False,False,5
ORD-W13-0137,V004,SKU-0003,2025-01-08,5,13,210,8.43,Pass,2025-01-21,1770.3,week_13_orders.csv,13,False,False,2
ORD-W13-0138,V001,SKU-0013,2025-03-06,7,10,312,108.61,Pass,2025-03-16,33886.32,week_13_orders.csv,10,False,False,10
ORD-W13-0139,V020,SKU-0011,2025-01-12,7,11,189,93.04,Pass,2025-01-23,17584.56,week_13_orders.csv,11,False,False,2
ORD-W13-0140,V002,SKU-0013,2025-01-03,5,4,295,173.14,Pass,2025-01-07,51076.3,week_13_orders.csv,4,True,False,1
ORD-W13-0141,V007,SKU-0016,2025-02-09,5,9,130,109.27,Pass,2025-02-18,14205.1,week_13_orders.csv,9,False,False,6
ORD-W13-0142,V016,SKU-0042,2025-03-04,5,10,370,44.07,Pass,2025-03-14,16305.9,week_13_orders.csv,10,False,False,10
ORD-W13-0143,V010,SKU-0037,2025-03-02,7,2,407,162.77,Pass,2025-03-04,66247.39,week_13_orders.csv,2,True,False,9
ORD-W13-0144,V013,SKU-0046,2025-03-10,5,9,67,189.02,Pass,2025-03-19,12664.34,week_13_orders.csv,9,False,False,11
ORD-W13-0145,V010,SKU-0049,2025-03-20,5,13,216,103.04,Pass,2025-04-02,22256.64,week_13_orders.csv,13,False,False,12
ORD-W13-0146,V014,SKU-0004,2025-03-10,10,9,155,96.18,Pass,2025-03-19,14907.9,week_13_orders.csv,9,True,False,11
ORD-W13-0147,V004,SKU-0039,2025-02-17,5,6,341,18.47,Pass,2025-02-23,6298.27,week_13_orders.csv,6,False,False,8
ORD-W13-0148,V011,SKU-0016,2025-01-30,5,9,384,197.76,Pass,2025-02-08,75939.84,week_13_orders.csv,9,False,False,5
ORD-W13-0149,V018,SKU-0002,2025-01-03,7,2,140,102.83,Defect,2025-01-05,14396.2,week_13_orders.csv,2,True,True,1
ORD-W13-0150,V017,SKU-0046,2025-01-26,5,13,61,84.57,Pass,2025-02-08,5158.77,week_13_orders.csv,13,False,False,4
ORD-W13-0151,V012,SKU-0012,2025-01-02,10,3,18,69.47,Pass,2025-01-05,1250.46,week_13_orders.csv,3,True,False,1
ORD-W13-0152,V007,SKU-0022,2025-02-07,5,13,264,5.2,Pass,2025-02-20,1372.8,week_13_orders.csv,13,False,False,6
ORD-W13-0153,V017,SKU-0004,2025-01-01,7,4,398,135.89,Pass,2025-01-05,54084.22,week_13_orders.csv,4,True,False,1
ORD-W13-0154,V018,SKU-0047,2025-02-01,5,7,460,103.73,Pass,2025-02-08,47715.8,week_13_orders.csv,7,False,False,5
ORD-W13-0155,V005,SKU-0003,2025-01-20,10,7,123,188.6,Pass,2025-01-27,23197.8,week_13_orders.csv,7,True,False,4
ORD-W13-0156,V012,SKU-0027,2025-03-16,5,4,484,58.16,Pass,2025-03-20,28149.44,week_13_orders.csv,4,True,False,11
ORD-W13-0157,V012,SKU-0048,2025-01-19,7,11,447,68.2,Pass,2025-01-30,30485.4,week_13_orders.csv,11,False,False,3
ORD-W13-0158,V011,SKU-0033,2025-03-07,5,3,477,13.48,Pass,2025-03-10,6429.96,week_13_orders.csv,3,True,False,10
ORD-W13-0159,V020,SKU-0032,2025-03-26,7,13,68,13.92,Pass,2025-04-08,946.56,week_13_orders.csv,13,False,False,13
ORD-W13-0160,V016,SKU-0040,2025-01-17,7,2,367,184.3,Pass,2025-01-19,67638.1,week_13_orders.csv,2,True,False,3
ORD-W13-0161,V009,SKU-0050,2025-02-15,3,7,98,118.47,Pass,2025-02-22,11610.06,week_13_orders.csv,7,False,False,7
ORD-W13-0162,V017,SKU-0043,2025-01-31,5,7,54,160.92,Pass,2025-02-07,8689.68,week_13_orders.csv,7,False,False,5
ORD-W13-0163,V018,SKU-0007,2025-03-29,7,4,229,150.14,Defect,2025-04-02,34382.06,week_13_orders.csv,4,True,True,13
ORD-W13-0164,V010,SKU-0006,2025-01-26,7,10,368,38.79,Pending,2025-02-05,14274.72,week_13_orders.csv,10,False,False,4
ORD-W13-0165,V018,SKU-0043,2025-02-28,7,11,210,154.4,Pass,2025-03-11,32424.0,week_13_orders.csv,11,False,False,9
ORD-W13-0166,V018,SKU-0008,2025-01-26,5,7,465,137.63,Pass,2025-02-02,63997.95,week_13_orders.csv,7,False,False,4
ORD-W14-0000,V013,SKU-0034,2025-01-20,3,11,136,55.7,Pass,2025-01-31,7575.2,week_14_orders.csv,11,False,False,4
ORD-W14-0001,V002,SKU-0010,2025-01-28,7,6,131,30.64,Pass,2025-02-03,4013.84,week_14_orders.csv,6,True,False,5
ORD-W14-0002,V008,SKU-0032,2025-01-05,5,5,399,189.72,Pass,2025-01-10,75698.28,week_14_orders.csv,5,True,False,1
ORD-W14-0003,V002,SKU-0016,2025-03-15,3,6,69,71.34,Pass,2025-03-21,4922.46,week_14_orders.csv,6,False,False,11
ORD-W14-0004,V019,SKU-0005,2025-04-05,5,13,296,103.03,Defect,2025-04-18,30496.88,week_14_orders.csv,13,False,True,14
ORD-W14-0005,V002,SKU-0042,2025-03-28,5,10,395,31.3,Pass,2025-04-07,12363.5,week_14_orders.csv,10,False,False,13
ORD-W14-0006,V001,SKU-0028,2025-01-19,7,9,318,118.6,Pass,2025-01-28,37714.8,week_14_orders.csv,9,False,False,3
ORD-W14-0007,V010,SKU-0021,2025-03-04,5,9,406,132.87,Pass,2025-03-13,53945.22,week_14_orders.csv,9,False,False,10
ORD-W14-0008,V006,SKU-0016,2025-01-08,5,3,183,17.75,Pass,2025-01-11,3248.25,week_14_orders.csv,3,True,False,2
ORD-W14-0009,V017,SKU-0013,2025-01-11,5,4,374,185.77,Pass,2025-01-15,69477.98,week_14_orders.csv,4,True,False,2
ORD-W14-0010,V010,SKU-0026,2025-01-11,7,3,496,79.24,Pass,2025-01-14,39303.04,week_14_orders.csv,3,True,False,2
ORD-W14-0011,V005,SKU-0019,2025-01-01,7,5,175,28.69,Pass,2025-01-06,5020.75,week_14_orders.csv,5,True,False,1
ORD-W14-0012,V012,SKU-0042,2025-01-31,10,8,431,30.02,Pass,2025-02-08,12938.62,week_14_orders.csv,8,True,False,5
ORD-W14-0013,V004,SKU-0044,2025-02-16,7,4,95,57.71,Pass,2025-02-20,5482.45,week_14_orders.csv,4,True,False,7
ORD-W14-0014,V018,SKU-0017,2025-03-11,7,4,184,16.37,Pass,2025-03-15,3012.08,week_14_orders.csv,4,True,False,11
ORD-W14-0015,V009,SKU-0017,2025-01-16,5,2,344,22.24,Pass,2025-01-18,7650.56,week_14_orders.csv,2,True,False,3
ORD-W14-0016,V004,SKU-0003,2025-02-01,3,13,439,117.69,Pass,2025-02-14,51665.91,week_14_orders.csv,13,False,False,5
ORD-W14-0017,V019,SKU-0005,2025-03-12,3,11,338,65.67,Pass,2025-03-23,22196.46,week_14_orders.csv,11,False,False,11
ORD-W14-0018,V011,SKU-0031,2025-02-24,7,9,289,14.32,Pass,2025-03-05,4138.48,week_14_orders.csv,9,False,False,9
ORD-W14-0019,V013,SKU-0050,2025-03-18,3,8,133,32.01,Pass,2025-03-26,4257.33,week_14_orders.csv,8,False,False,12
ORD-W14-0020,V002,SKU-0013,2025-03-13,5,13,448,116.34,Pass,2025-03-26,52120.32,week_14_orders.csv,13,False,False,11
ORD-W14-0021,V020,SKU-0020,2025-04-02,3,2,75,113.42,Pass,2025-04-04,8506.5,week_14_orders.csv,2,True,False,14
ORD-W14-0022,V020,SKU-0025,2025-04-04,5,11,445,166.35,Pass,2025-04-15,74025.75,week_14_orders.csv,11,False,False,14
ORD-W14-0023,V019,SKU-0018,2025-01-03,5,9,136,129.37,Pass,2025-01-12,17594.32,week_14_orders.csv,9,False,False,1
ORD-W14-0024,V008,SKU-0005,2025-03-16,10,11,362,101.25,Pass,2025-03-27,36652.5,week_14_orders.csv,11,False,False,11
ORD-W14-0025,V015,SKU-0046,2025-02-18,7,5,383,76.62,Pass,2025-02-23,29345.46,week_14_orders.csv,5,True,False,8
ORD-W14-0026,V006,SKU-0020,2025-03-22,5,4,69,62.48,Pass,2025-03-26,4311.12,week_14_orders.csv,4,True,False,12
ORD-W14-0027,V019,SKU-0021,2025-01-07,10,7,275,101.65,Pass,2025-01-14,27953.75,week_14_orders.csv,7,True,False,2
ORD-W14-0028,V012,SKU-0028,2025-03-20,7,2,288,13.7,Pass,2025-03-22,3945.6,week_14_orders.csv,2,True,False,12
ORD-W14-0029,V012,SKU-0012,2025-04-01,3,6,430,21.34,Pass,2025-04-07,9176.2,week_14_orders.csv,6,False,False,14
ORD-W14-0030,V004,SKU-0005,2025-04-02,5,4,222,113.46,Pass,2025-04-06,25188.12,week_14_orders.csv,4,True,False,14
ORD-W14-0031,V009,SKU-0028,2025-04-02,5,3,213,7.07,Pending,2025-04-05,1505.91,week_14_orders.csv,3,True,False,14
ORD-W14-0032,V013,SKU-0018,2025-03-14,5,6,159,79.7,Pass,2025-03-20,12672.3,week_14_orders.csv,6,False,False,11
ORD-W14-0033,V001,SKU-0014,2025-04-03,7,11,49,83.7,Defect,2025-04-14,4101.3,week_14_orders.csv,11,False,True,14
ORD-W14-0034,V011,SKU-0046,2025-03-17,5,8,83,138.04,Defect,2025-03-25,11457.32,week_14_orders.csv,8,False,True,12
ORD-W14-0035,V006,SKU-0040,2025-03-03,7,10,124,37.04,Pass,2025-03-13,4592.96,week_14_orders.csv,10,False,False,10
ORD-W14-0036,V003,SKU-0027,2025-01-26,3,8,372,72.95,Pass,2025-02-03,27137.4,week_14_orders.csv,8,False,False,4
ORD-W14-0037,V018,SKU-0032,2025-02-18,5,6,455,139.71,Pass,2025-02-24,63568.05,week_14_orders.csv,6,False,False,8
ORD-W14-0038,V006,SKU-0013,2025-01-18,10,8,411,140.37,Pass,2025-01-26,57692.07,week_14_orders.csv,8,True,False,3
ORD-W14-0039,V007,SKU-0047,2025-03-07,5,4,18,166.66,Pass,2025-03-11,2999.88,week_14_orders.csv,4,True,False,10
ORD-W14-0040,V011,SKU-0010,2025-03-09,5,8,244,139.07,Pass,2025-03-17,33933.08,week_14_orders.csv,8,False,False,10
ORD-W14-0041,V016,SKU-0022,2025-03-21,7,3,38,169.39,Pass,2025-03-24,6436.82,week_14_orders.csv,3,True,False,12
ORD-W14-0042,V006,SKU-0041,2025-02-28,5,13,184,190.86,Pass,2025-03-13,35118.24,week_14_orders.csv,13,False,False,9
ORD-W14-0043,V020,SKU-0035,2025-04-05,5,11,264,176.51,Pass,2025-04-16,46598.64,week_14_orders.csv,11,False,False,14
ORD-W14-0044,V012,SKU-0037,2025-01-03,5,7,167,13.44,Pass,2025-01-10,2244.48,week_14_orders.csv,7,False,False,1
ORD-W14-0045,V014,SKU-0041,2025-01-25,5,13,12,182.35,Pass,2025-02-07,2188.2,week_14_orders.csv,13,False,False,4
ORD-W14-0046,V015,SKU-0044,2025-03-07,7,5,22,98.48,Pass,2025-03-12,2166.56,week_14_orders.csv,5,True,False,10
ORD-W14-0047,V008,SKU-0011,2025-03-17,5,5,248,40.65,Pass,2025-03-22,10081.2,week_14_orders.csv,5,True,False,12
ORD-W14-0048,V007,SKU-0003,2025-02-09,3,3,13,144.5,Pass,2025-02-12,1878.5,week_14_orders.csv,3,True,False,6
ORD-W14-0049,V010,SKU-0021,2025-01-31,5,7,300,79.2,Pass,2025-02-07,23760.0,week_14_orders.csv,7,False,False,5
ORD-W14-0050,V020,SKU-0014,2025-03-14,3,6,422,88.91,Pass,2025-03-20,37520.02,week_14_orders.csv,6,False,False,11
ORD-W14-0051,V020,SKU-0043,2025-03-13,3,9,192,23.92,Pass,2025-03-22,4592.64,week_14_orders.csv,9,False,False,11
ORD-W14-0052,V004,SKU-0012,2025-03-13,5,8,99,35.3,Pass,2025-03-21,3494.7,week_14_orders.csv,8,False,False,11
ORD-W14-0053,V017,SKU-0016,2025-01-26,5,13,272,92.04,Pass,2025-02-08,25034.88,week_14_orders.csv,13,False,False,4
ORD-W14-0054,V012,SKU-0049,2025-02-03,7,10,234,116.62,Pass,2025-02-13,27289.08,week_14_orders.csv,10,False,False,6
ORD-W14-0055,V006,SKU-0030,2025-04-05,3,6,58,74.5,Pass,2025-04-11,4321.0,week_14_orders.csv,6,False,False,14
ORD-W14-0056,V002,SKU-0044,2025-01-11,7,12,318,108.18,Pass,2025-01-23,34401.24,week_14_orders.csv,12,False,False,2
ORD-W14-0057,V020,SKU-0019,2025-01-15,3,5,468,45.22,Pass,2025-01-20,21162.96,week_14_orders.csv,5,False,False,3
ORD-W14-0058,V001,SKU-0033,2025-03-16,7,8,441,43.09,Pass,2025-03-24,19002.69,week_14_orders.csv,8,False,False,11
ORD-W14-0059,V010,SKU-0027,2025-03-27,5,6,237,144.03,Pass,2025-04-02,34135.11,week_14_orders.csv,6,False,False,13
ORD-W14-0060,V020,SKU-0015,2025-03-15,5,3,158,185.48,Pass,2025-03-18,29305.84,week_14_orders.csv,3,True,False,11
ORD-W14-0061,V016,SKU-0047,2025-03-08,5,9,327,111.97,Pass,2025-03-17,36614.19,week_14_orders.csv,9,False,False,10
ORD-W14-0062,V002,SKU-0047,2025-02-14,5,13,376,14.71,Pass,2025-02-27,5530.96,week_14_orders.csv,13,False,False,7
ORD-W14-0063,V015,SKU-0018,2025-02-05,3,8,486,123.38,Pass,2025-02-13,59962.68,week_14_orders.csv,8,False,False,6
ORD-W14-0064,V012,SKU-0034,2025-03-24,7,13,347,138.49,Pass,2025-04-06,48056.03,week_14_orders.csv,13,False,False,13
ORD-W14-0065,V001,SKU-0018,2025-03-06,7,2,229,97.15,Pass,2025-03-08,22247.35,week_14_orders.csv,2,True,False,10
ORD-W14-0066,V012,SKU-0041,2025-01-19,10,11,386,131.61,Pass,2025-01-30,50801.46,week_14_orders.csv,11,False,False,3
ORD-W14-0067,V015,SKU-0045,2025-03-27,7,9,11,85.21,Defect,2025-04-05,937.31,week_14_orders.csv,9,False,True,13
ORD-W14-0068,V020,SKU-0029,2025-03-29,5,8,387,97.71,Pass,2025-04-06,37813.77,week_14_orders.csv,8,False,False,13
ORD-W14-0069,V003,SKU-0005,2025-02-01,5,13,224,11.1,Pass,2025-02-14,2486.4,week_14_orders.csv,13,False,False,5
ORD-W14-0070,V017,SKU-0044,2025-01-07,5,13,315,174.43,Pass,2025-01-20,54945.45,week_14_orders.csv,13,False,False,2
ORD-W14-0071,V007,SKU-0011,2025-02-19,10,7,15,138.95,Pending,2025-02-26,2084.25,week_14_orders.csv,7,True,False,8
ORD-W14-0072,V008,SKU-0030,2025-03-30,5,10,426,16.46,Pass,2025-04-09,7011.96,week_14_orders.csv,10,False,False,13
ORD-W14-0073,V006,SKU-0048,2025-02-22,5,13,32,174.18,Pass,2025-03-07,5573.76,week_14_orders.csv,13,False,False,8
ORD-W14-0074,V006,SKU-0043,2025-02-22,7,8,139,132.28,Pass,2025-03-02,18386.92,week_14_orders.csv,8,False,False,8
ORD-W14-0075,V013,SKU-0027,2025-02-25,5,8,46,189.57,Pass,2025-03-05,8720.22,week_14_orders.csv,8,False,False,9
ORD-W14-0076,V006,SKU-0009,2025-02-17,7,2,30,44.83,Pass,2025-02-19,1344.9,week_14_orders.csv,2,True,False,8
ORD-W14-0077,V009,SKU-0008,2025-01-19,5,10,34,112.21,Pass,2025-01-29,3815.14,week_14_orders.csv,10,False,False,3
ORD-W14-0078,V017,SKU-0031,2025-01-26,5,8,228,66.19,Pass,2025-02-03,15091.32,week_14_orders.csv,8,False,False,4
ORD-W14-0079,V004,SKU-0049,2025-04-07,5,4,292,31.2,Pass,2025-04-11,9110.4,week_14_orders.csv,4,True,False,15
ORD-W14-0080,V017,SKU-0028,2025-01-22,10,8,339,30.26,Pass,2025-01-30,10258.14,week_14_orders.csv,8,True,False,4
ORD-W14-0081,V020,SKU-0004,2025-02-01,5,8,257,34.07,Pass,2025-02-09,8755.99,week_14_orders.csv,8,False,False,5
ORD-W14-0082,V006,SKU-0028,2025-03-06,7,5,142,125.94,Pass,2025-03-11,17883.48,week_14_orders.csv,5,True,False,10
ORD-W14-0083,V008,SKU-0011,2025-01-26,7,5,466,45.11,Pass,2025-01-31,21021.26,week_14_orders.csv,5,True,False,4
ORD-W14-0084,V008,SKU-0024,2025-01-28,5,5,398,145.38,Pass,2025-02-02,57861.24,week_14_orders.csv,5,True,False,5
ORD-W14-0085,V019,SKU-0015,2025-01-09,5,11,320,166.17,Pass,2025-01-20,53174.4,week_14_orders.csv,11,False,False,2
ORD-W14-0086,V008,SKU-0015,2025-03-24,7,12,35,55.02,Pass,2025-04-05,1925.7,week_14_orders.csv,12,False,False,13
ORD-W14-0087,V005,SKU-0010,2025-02-12,3,6,494,32.7,Pass,2025-02-18,16153.8,week_14_orders.csv,6,False,False,7
ORD-W14-0088,V008,SKU-0041,2025-04-06,3,8,439,174.53,Pass,2025-04-14,76618.67,week_14_orders.csv,8,False,False,14
ORD-W14-0089,V005,SKU-0007,2025-03-18,7,2,329,149.78,Pass,2025-03-20,49277.62,week_14_orders.csv,2,True,False,12
ORD-W14-0090,V009,SKU-0003,2025-02-24,7,10,270,92.25,Pass,2025-03-06,24907.5,week_14_orders.csv,10,False,False,9
ORD-W14-0091,V003,SKU-0042,2025-01-14,7,7,117,84.57,Pass,2025-01-21,9894.69,week_14_orders.csv,7,True,False,3
ORD-W14-0092,V006,SKU-0036,2025-01-22,3,12,133,135.1,Pending,2025-02-03,17968.3,week_14_orders.csv,12,False,False,4
ORD-W14-0093,V007,SKU-0046,2025-03-23,3,12,395,33.04,Pass,2025-04-04,13050.8,week_14_orders.csv,12,False,False,12
ORD-W14-0094,V003,SKU-0035,2025-01-03,5,11,319,59.24,Pass,2025-01-14,18897.56,week_14_orders.csv,11,False,False,1
ORD-W14-0095,V003,SKU-0011,2025-01-08,5,9,244,120.77,Pass,2025-01-17,29467.88,week_14_orders.csv,9,False,False,2
ORD-W14-0096,V009,SKU-0036,2025-03-21,3,2,43,84.24,Pass,2025-03-23,3622.32,week_14_orders.csv,2,True,False,12
ORD-W14-0097,V014,SKU-0050,2025-01-22,5,11,140,144.34,Pass,2025-02-02,20207.6,week_14_orders.csv,11,False,False,4
ORD-W14-0098,V010,SKU-0049,2025-02-24,5,8,133,9.55,Pass,2025-03-04,1270.15,week_14_orders.csv,8,False,False,9
ORD-W14-0099,V017,SKU-0020,2025-03-06,7,12,357,78.02,Pass,2025-03-18,27853.14,week_14_orders.csv,12,False,False,10
ORD-W14-0100,V015,SKU-0028,2025-02-13,5,11,139,181.08,Pass,2025-02-24,25170.12,week_14_orders.csv,11,False,False,7
ORD-W14-0101,V016,SKU-0039,2025-03-03,5,2,208,68.88,Pass,2025-03-05,14327.04,week_14_orders.csv,2,True,False,10
ORD-W14-0102,V004,SKU-0040,2025-01-29,5,5,488,64.46,Pass,2025-02-03,31456.48,week_14_orders.csv,5,True,False,5
ORD-W14-0103,V004,SKU-0017,2025-02-06,7,11,478,41.2,Pass,2025-02-17,19693.6,week_14_orders.csv,11,False,False,6
ORD-W14-0104,V020,SKU-0007,2025-03-22,3,5,186,71.03,Pass,2025-03-27,13211.58,week_14_orders.csv,5,False,False,12
ORD-W14-0105,V013,SKU-0034,2025-01-20,5,3,226,111.71,Pass,2025-01-23,25246.46,week_14_orders.csv,3,True,False,4
ORD-W14-0106,V018,SKU-0021,2025-03-06,3,4,369,27.54,Pass,2025-03-10,10162.26,week_14_orders.csv,4,False,False,10
ORD-W14-0107,V018,SKU-0017,2025-04-01,5,8,430,120.42,Pass,2025-04-09,51780.6,week_14_orders.csv,8,False,False,14
ORD-W14-0108,V016,SKU-0039,2025-01-14,5,10,67,51.87,Pass,2025-01-24,3475.29,week_14_orders.csv,10,False,False,3
ORD-W14-0109,V016,SKU-0010,2025-03-30,7,9,457,128.67,Pass,2025-04-08,58802.19,week_14_orders.csv,9,False,False,13
ORD-W14-0110,V014,SKU-0032,2025-02-15,7,8,436,159.85,Pass,2025-02-23,69694.6,week_14_orders.csv,8,False,False,7
ORD-W14-0111,V016,SKU-0006,2025-03-07,5,5,434,168.38,Defect,2025-03-12,73076.92,week_14_orders.csv,5,True,True,10
ORD-W14-0112,V001,SKU-0015,2025-01-30,7,3,69,72.07,Pass,2025-02-02,4972.83,week_14_orders.csv,3,True,False,5
ORD-W14-0113,V004,SKU-0039,2025-01-24,5,9,480,76.18,Pass,2025-02-02,36566.4,week_14_orders.csv,9,False,False,4
ORD-W14-0114,V004,SKU-0031,2025-01-28,3,9,327,70.6,Pass,2025-02-06,23086.2,week_14_orders.csv,9,False,False,5
ORD-W14-0115,V001,SKU-0017,2025-04-04,3,9,119,88.81,Pass,2025-04-13,10568.39,week_14_orders.csv,9,False,False,14
ORD-W14-0116,V014,SKU-0029,2025-02-17,3,4,312,172.0,Pass,2025-02-21,53664.0,week_14_orders.csv,4,False,False,8
ORD-W14-0117,V001,SKU-0010,2025-02-27,7,6,303,18.97,Pass,2025-03-05,5747.91,week_14_orders.csv,6,True,False,9
ORD-W14-0118,V012,SKU-0035,2025-01-26,7,7,255,55.05,Pass,2025-02-02,14037.75,week_14_orders.csv,7,True,False,4
ORD-W14-0119,V017,SKU-0017,2025-03-22,5,13,348,69.38,Pass,2025-04-04,24144.24,week_14_orders.csv,13,False,False,12
ORD-W14-0120,V011,SKU-0042,2025-02-03,3,3,364,106.12,Pass,2025-02-06,38627.68,week_14_orders.csv,3,True,False,6
ORD-W14-0121,V016,SKU-0031,2025-01-25,3,5,385,153.48,Defect,2025-01-30,59089.8,week_14_orders.csv,5,False,True,4
ORD-W14-0122,V016,SKU-0014,2025-01-20,3,11,263,159.45,Pass,2025-01-31,41935.35,week_14_orders.csv,11,False,False,4
ORD-W14-0123,V012,SKU-0018,2025-01-23,5,3,307,41.06,Pass,2025-01-26,12605.42,week_14_orders.csv,3,True,False,4
ORD-W14-0124,V010,SKU-0011,2025-02-18,5,5,260,187.27,Pass,2025-02-23,48690.2,week_14_orders.csv,5,True,False,8
ORD-W14-0125,V016,SKU-0035,2025-01-11,7,12,252,153.27,Pending,2025-01-23,38624.04,week_14_orders.csv,12,False,False,2
ORD-W14-0126,V010,SKU-0019,2025-03-08,3,8,316,149.57,Pass,2025-03-16,47264.12,week_14_orders.csv,8,False,False,10
ORD-W14-0127,V010,SKU-0049,2025-03-05,5,4,85,150.32,Pass,2025-03-09,12777.2,week_14_orders.csv,4,True,False,10
ORD-W14-0128,V011,SKU-0012,2025-04-07,5,10,264,76.82,Pass,2025-04-17,20280.48,week_14_orders.csv,10,False,False,15
ORD-W14-0129,V001,SKU-0040,2025-03-09,7,12,275,69.23,Pass,2025-03-21,19038.25,week_14_orders.csv,12,False,False,10
ORD-W14-0130,V002,SKU-0014,2025-03-29,5,13,190,134.93,Pass,2025-04-11,25636.7,week_14_orders.csv,13,False,False,13
ORD-W14-0131,V015,SKU-0022,2025-03-12,5,5,249,128.36,Defect,2025-03-17,31961.64,week_14_orders.csv,5,True,True,11
ORD-W14-0132,V013,SKU-0001,2025-03-28,3,10,311,128.47,Pass,2025-04-07,39954.17,week_14_orders.csv,10,False,False,13
ORD-W14-0133,V002,SKU-0024,2025-03-16,3,4,398,118.71,Pass,2025-03-20,47246.58,week_14_orders.csv,4,False,False,11
ORD-W14-0134,V008,SKU-0012,2025-01-17,5,8,66,192.25,Pass,2025-01-25,12688.5,week_14_orders.csv,8,False,False,3
ORD-W14-0135,V002,SKU-0042,2025-03-27,3,13,188,127.66,Pass,2025-04-09,24000.08,week_14_orders.csv,13,False,False,13
ORD-W14-0136,V008,SKU-0018,2025-02-11,3,8,249,102.47,Pass,2025-02-19,25515.03,week_14_orders.csv,8,False,False,7
ORD-W14-0137,V016,SKU-0031,2025-01-31,7,4,387,184.25,Pass,2025-02-04,71304.75,week_14_orders.csv,4,True,False,5
ORD-W14-0138,V016,SKU-0012,2025-03-20,5,8,333,190.34,Pass,2025-03-28,63383.22,week_14_orders.csv,8,False,False,12
ORD-W14-0139,V009,SKU-0045,2025-03-03,5,6,378,158.92,Pass,2025-03-09,60071.76,week_14_orders.csv,6,False,False,10
ORD-W14-0140,V015,SKU-0018,2025-03-17,7,8,413,114.27,Defect,2025-03-25,47193.51,week_14_orders.csv,8,False,True,12
ORD-W14-0141,V020,SKU-0048,2025-02-09,7,2,178,15.25,Pass,2025-02-11,2714.5,week_14_orders.csv,2,True,False,6
ORD-W14-0142,V008,SKU-0022,2025-02-12,7,5,30,48.34,Pass,2025-02-17,1450.2,week_14_orders.csv,5,True,False,7
ORD-W14-0143,V002,SKU-0001,2025-03-05,10,10,484,87.1,Pass,2025-03-15,42156.4,week_14_orders.csv,10,True,False,10
ORD-W14-0144,V013,SKU-0045,2025-01-29,3,5,310,128.96,Defect,2025-02-03,39977.6,week_14_orders.csv,5,False,True,5
ORD-W14-0145,V003,SKU-0040,2025-03-26,5,9,425,177.08,Pass,2025-04-04,75259.0,week_14_orders.csv,9,False,False,13
ORD-W14-0146,V011,SKU-0037,2025-01-01,7,13,262,38.47,Pass,2025-01-14,10079.14,week_14_orders.csv,13,False,False,1
ORD-W14-0147,V005,SKU-0039,2025-02-16,5,5,347,33.35,Pass,2025-02-21,11572.45,week_14_orders.csv,5,True,False,7
ORD-W14-0148,V014,SKU-0021,2025-03-27,5,3,225,128.14,Pass,2025-03-30,28831.5,week_14_orders.csv,3,True,False,13
ORD-W14-0149,V010,SKU-0040,2025-01-30,7,5,82,98.52,Pass,2025-02-04,8078.64,week_14_orders.csv,5,True,False,5
ORD-W14-0150,V009,SKU-0035,2025-01-20,5,11,143,83.22,Pass,2025-01-31,11900.46,week_14_orders.csv,11,False,False,4
ORD-W14-0151,V013,SKU-0025,2025-04-03,7,5,170,78.32,Pass,2025-04-08,13314.4,week_14_orders.csv,5,True,False,14
ORD-W14-0152,V004,SKU-0042,2025-02-05,7,4,351,73.45,Pass,2025-02-09,25780.95,week_14_orders.csv,4,True,False,6
ORD-W14-0153,V020,SKU-0020,2025-01-11,5,5,491,37.34,Pass,2025-01-16,18333.94,week_14_orders.csv,5,True,False,2
ORD-W14-0154,V005,SKU-0032,2025-03-01,5,5,183,155.38,Defect,2025-03-06,28434.54,week_14_orders.csv,5,True,True,9
ORD-W14-0155,V005,SKU-0049,2025-03-17,3,11,158,90.92,Pass,2025-03-28,14365.36,week_14_orders.csv,11,False,False,12
ORD-W14-0156,V006,SKU-0026,2025-01-07,3,3,206,27.8,Pass,2025-01-10,5726.8,week_14_orders.csv,3,True,False,2
ORD-W14-0157,V011,SKU-0047,2025-03-06,5,10,193,108.58,Pass,2025-03-16,20955.94,week_14_orders.csv,10,False,False,10
ORD-W14-0158,V001,SKU-0046,2025-01-18,5,8,18,42.07,Pass,2025-01-26,757.26,week_14_orders.csv,8,False,False,3
ORD-W14-0159,V016,SKU-0040,2025-02-14,5,9,406,145.9,Pass,2025-02-23,59235.4,week_14_orders.csv,9,False,False,7
ORD-W14-0160,V010,SKU-0008,2025-01-22,10,9,116,47.54,Pass,2025-01-31,5514.64,week_14_orders.csv,9,True,False,4
ORD-W14-0161,V006,SKU-0039,2025-03-13,7,13,431,108.79,Pending,2025-03-26,46888.49,week_14_orders.csv,13,False,False,11
ORD-W14-0162,V012,SKU-0005,2025-03-24,3,2,60,122.39,Pass,2025-03-26,7343.4,week_14_orders.csv,2,True,False,13
ORD-W14-0163,V016,SKU-0045,2025-03-06,7,5,201,70.49,Pass,2025-03-11,14168.49,week_14_orders.csv,5,True,False,10
ORD-W14-0164,V017,SKU-0004,2025-03-13,7,3,20,13.9,Pass,2025-03-16,278.0,week_14_orders.csv,3,True,False,11
ORD-W14-0165,V007,SKU-0026,2025-01-20,10,7,22,89.43,Defect,2025-01-27,1967.46,week_14_orders.csv,7,True,True,4
ORD-W14-0166,V004,SKU-0034,2025-03-13,3,12,327,86.69,Pass,2025-03-25,28347.63,week_14_orders.csv,12,False,False,11
ORD-W14-0167,V009,SKU-0015,2025-01-01,10,7,46,85.84,Pass,2025-01-08,3948.64,week_14_orders.csv,7,True,False,1
ORD-W14-0168,V004,SKU-0007,2025-04-03,5,13,491,82.67,Pass,2025-04-16,40590.97,week_14_orders.csv,13,False,False,14
ORD-W14-0169,V008,SKU-0039,2025-02-07,10,7,202,152.63,Pass,2025-02-14,30831.26,week_14_orders.csv,7,True,False,6
ORD-W14-0170,V017,SKU-0028,2025-02-14,5,11,105,40.78,Pass,2025-02-25,4281.9,week_14_orders.csv,11,False,False,7
ORD-W14-0171,V012,SKU-0044,2025-02-03,3,6,210,163.23,Pass,2025-02-09,34278.3,week_14_orders.csv,6,False,False,6
ORD-W14-0172,V018,SKU-0028,2025-02-08,7,8,455,163.82,Pass,2025-02-16,74538.1,week_14_orders.csv,8,False,False,6
ORD-W14-0173,V010,SKU-0005,2025-03-31,10,10,265,93.5,Pass,2025-04-10,24777.5,week_14_orders.csv,10,True,False,14
ORD-W14-0174,V001,SKU-0022,2025-02-23,5,6,121,165.82,Pass,2025-03-01,20064.22,week_14_orders.csv,6,False,False,8
ORD-W14-0175,V005,SKU-0039,2025-03-16,5,5,181,49.99,Pass,2025-03-21,9048.19,week_14_orders.csv,5,True,False,11
ORD-W14-0176,V017,SKU-0014,2025-01-27,5,13,235,149.62,Pass,2025-02-09,35160.7,week_14_orders.csv,13,False,False,5
ORD-W14-0177,V011,SKU-0033,2025-01-16,7,2,152,122.11,Pass,2025-01-18,18560.72,week_14_orders.csv,2,True,False,3
ORD-W14-0178,V005,SKU-0030,2025-04-01,5,9,126,22.96,Pass,2025-04-10,2892.96,week_14_orders.csv,9,False,False,14
ORD-W15-0000,V011,SKU-0042,2025-02-10,5,4,92,133.48,Pass,2025-02-14,12280.16,week_15_orders.csv,4,True,False,7
ORD-W15-0001,V009,SKU-0026,2025-03-30,10,2,472,98.19,Pass,2025-04-01,46345.68,week_15_orders.csv,2,True,False,13
ORD-W15-0002,V006,SKU-0034,2025-01-01,5,3,174,158.5,Pass,2025-01-04,27579.0,week_15_orders.csv,3,True,False,1
ORD-W15-0003,V016,SKU-0048,2025-04-06,3,9,190,123.32,Pass,2025-04-15,23430.8,week_15_orders.csv,9,False,False,14
ORD-W15-0004,V017,SKU-0047,2025-04-05,7,13,273,101.34,Pass,2025-04-18,27665.82,week_15_orders.csv,13,False,False,14
ORD-W15-0005,V001,SKU-0001,2025-03-02,5,6,123,74.98,Pass,2025-03-08,9222.54,week_15_orders.csv,6,False,False,9
ORD-W15-0006,V013,SKU-0035,2025-02-02,5,12,68,140.16,Pass,2025-02-14,9530.88,week_15_orders.csv,12,False,False,5
ORD-W15-0007,V011,SKU-0038,2025-03-13,5,6,361,122.23,Pass,2025-03-19,44125.03,week_15_orders.csv,6,False,False,11
ORD-W15-0008,V014,SKU-0017,2025-03-31,5,13,244,197.97,Pass,2025-04-13,48304.68,week_15_orders.csv,13,False,False,14
ORD-W15-0009,V014,SKU-0030,2025-01-13,3,6,34,55.2,Pass,2025-01-19,1876.8,week_15_orders.csv,6,False,False,3
ORD-W15-0010,V018,SKU-0025,2025-02-24,3,6,133,47.1,Pass,2025-03-02,6264.3,week_15_orders.csv,6,False,False,9
ORD-W15-0011,V015,SKU-0037,2025-02-22,5,9,133,179.61,Pass,2025-03-03,23888.13,week_15_orders.csv,9,False,False,8
ORD-W15-0012,V009,SKU-0006,2025-03-10,3,2,473,27.06,Pass,2025-03-12,12799.38,week_15_orders.csv,2,True,False,11
ORD-W15-0013,V019,SKU-0048,2025-02-06,5,12,30,7.19,Pass,2025-02-18,215.7,week_15_orders.csv,12,False,False,6
ORD-W15-0014,V012,SKU-0048,2025-03-12,3,13,278,172.07,Pass,2025-03-25,47835.46,week_15_orders.csv,13,False,False,11
ORD-W15-0015,V008,SKU-0022,2025-02-25,7,3,204,145.8,Pass,2025-02-28,29743.2,week_15_orders.csv,3,True,False,9
ORD-W15-0016,V016,SKU-0040,2025-01-20,7,8,140,64.51,Pass,2025-01-28,9031.4,week_15_orders.csv,8,False,False,4
ORD-W15-0017,V010,SKU-0014,2025-01-07,3,12,391,162.52,Pass,2025-01-19,63545.32,week_15_orders.csv,12,False,False,2
ORD-W15-0018,V018,SKU-0012,2025-02-12,7,10,276,89.01,Pass,2025-02-22,24566.76,week_15_orders.csv,10,False,False,7
ORD-W15-0019,V003,SKU-0024,2025-04-09,3,8,188,15.07,Pass,2025-04-17,2833.16,week_15_orders.csv,8,False,False,15
ORD-W15-0020,V010,SKU-0007,2025-03-01,7,3,422,157.61,Pass,2025-03-04,66511.42,week_15_orders.csv,3,True,False,9
ORD-W15-0021,V011,SKU-0038,2025-03-21,10,2,164,127.05,Defect,2025-03-23,20836.2,week_15_orders.csv,2,True,True,12
ORD-W15-0022,V006,SKU-0001,2025-01-26,7,12,209,108.7,Pass,2025-02-07,22718.3,week_15_orders.csv,12,False,False,4
ORD-W15-0023,V013,SKU-0047,2025-01-26,3,11,12,171.27,Pass,2025-02-06,2055.24,week_15_orders.csv,11,False,False,4
ORD-W15-0024,V009,SKU-0035,2025-03-21,10,13,447,18.43,Pass,2025-04-03,8238.21,week_15_orders.csv,13,False,False,12
ORD-W15-0025,V009,SKU-0041,2025-02-12,5,9,339,41.45,Pending,2025-02-21,14051.55,week_15_orders.csv,9,False,False,7
ORD-W15-0026,V016,SKU-0003,2025-02-08,5,13,107,29.51,Pass,2025-02-21,3157.57,week_15_orders.csv,13,False,False,6
ORD-W15-0027,V012,SKU-0028,2025-04-12,5,12,419,114.38,Pass,2025-04-24,47925.22,week_15_orders.csv,12,False,False,15
ORD-W15-0028,V017,SKU-0019,2025-04-02,5,7,72,71.42,Pass,2025-04-09,5142.24,week_15_orders.csv,7,False,False,14
ORD-W15-0029,V008,SKU-0049,2025-01-07,7,10,172,160.06,Pass,2025-01-17,27530.32,week_15_orders.csv,10,False,False,2
ORD-W15-0030,V020,SKU-0047,2025-01-19,7,9,206,144.77,Pass,2025-01-28,29822.62,week_15_orders.csv,9,False,False,3
ORD-W15-0031,V006,SKU-0021,2025-03-30,5,2,255,15.46,Defect,2025-04-01,3942.3,week_15_orders.csv,2,True,True,13
ORD-W15-0032,V011,SKU-0026,2025-03-18,7,8,275,88.54,Pass,2025-03-26,24348.5,week_15_orders.csv,8,False,False,12
ORD-W15-0033,V007,SKU-0019,2025-03-07,5,10,187,45.26,Pending,2025-03-17,8463.62,week_15_orders.csv,10,False,False,10
ORD-W15-0034,V010,SKU-0042,2025-03-25,5,11,268,115.09,Pass,2025-04-05,30844.12,week_15_orders.csv,11,False,False,13
ORD-W15-0035,V019,SKU-0042,2025-02-11,7,10,54,187.2,Pass,2025-02-21,10108.8,week_15_orders.csv,10,False,False,7
ORD-W15-0036,V019,SKU-0041,2025-01-10,5,3,367,57.1,Pass,2025-01-13,20955.7,week_15_orders.csv,3,True,False,2
ORD-W15-0037,V008,SKU-0024,2025-03-17,5,9,385,190.35,Pass,2025-03-26,73284.75,week_15_orders.csv,9,False,False,12
ORD-W15-0038,V010,SKU-0023,2025-04-04,5,13,450,180.44,Pass,2025-04-17,81198.0,week_15_orders.csv,13,False,False,14
ORD-W15-0039,V007,SKU-0032,2025-02-09,7,6,30,90.61,Pass,2025-02-15,2718.3,week_15_orders.csv,6,True,False,6
ORD-W15-0040,V019,SKU-0032,2025-01-26,7,7,389,165.58,Pass,2025-02-02,64410.62,week_15_orders.csv,7,True,False,4
ORD-W15-0041,V019,SKU-0004,2025-03-05,7,4,410,126.09,Pass,2025-03-09,51696.9,week_15_orders.csv,4,True,False,10
ORD-W15-0042,V011,SKU-0027,2025-01-28,3,5,321,70.15,Pass,2025-02-02,22518.15,week_15_orders.csv,5,False,False,5
ORD-W15-0043,V005,SKU-0020,2025-01-19,10,2,464,183.11,Pass,2025-01-21,84963.04,week_15_orders.csv,2,True,False,3
ORD-W15-0044,V001,SKU-0045,2025-04-06,3,9,499,72.29,Pass,2025-04-15,36072.71,week_15_orders.csv,9,False,False,14
ORD-W15-0045,V004,SKU-0034,2025-03-31,5,11,191,97.82,Pass,2025-04-11,18683.62,week_15_orders.csv,11,False,False,14
ORD-W15-0046,V003,SKU-0007,2025-01-15,7,10,200,167.49,Pass,2025-01-25,33498.0,week_15_orders.csv,10,False,False,3
ORD-W15-0047,V010,SKU-0005,2025-02-07,7,7,356,172.0,Pass,2025-02-14,61232.0,week_15_orders.csv,7,True,False,6
ORD-W15-0048,V006,SKU-0029,2025-02-27,5,8,132,89.94,Pass,2025-03-07,11872.08,week_15_orders.csv,8,False,False,9
ORD-W15-0049,V019,SKU-0009,2025-03-08,5,6,66,174.41,Pass,2025-03-14,11511.06,week_15_orders.csv,6,False,False,10
ORD-W15-0050,V010,SKU-0023,2025-04-03,7,12,175,165.77,Pass,2025-04-15,29009.75,week_15_orders.csv,12,False,False,14
ORD-W15-0051,V013,SKU-0011,2025-01-27,5,11,277,11.05,Defect,2025-02-07,3060.85,week_15_orders.csv,11,False,True,5
ORD-W15-0052,V013,SKU-0041,2025-03-13,7,10,225,164.38,Pass,2025-03-23,36985.5,week_15_orders.csv,10,False,False,11
ORD-W15-0053,V002,SKU-0033,2025-04-05,5,3,54,141.76,Pass,2025-04-08,7655.04,week_15_orders.csv,3,True,False,14
ORD-W15-0054,V007,SKU-0011,2025-04-11,7,3,95,108.42,Pass,2025-04-14,10299.9,week_15_orders.csv,3,True,False,15
ORD-W15-0055,V016,SKU-0030,2025-01-07,5,8,162,116.98,Pass,2025-01-15,18950.76,week_15_orders.csv,8,False,False,2
ORD-W15-0056,V011,SKU-0033,2025-04-01,5,12,378,198.11,Pass,2025-04-13,74885.58,week_15_orders.csv,12,False,False,14
ORD-W15-0057,V020,SKU-0022,2025-02-25,5,9,89,63.95,Pass,2025-03-06,5691.55,week_15_orders.csv,9,False,False,9
ORD-W15-0058,V018,SKU-0011,2025-01-01,5,9,415,163.07,Pass,2025-01-10,67674.05,week_15_orders.csv,9,False,False,1
ORD-W15-0059,V001,SKU-0007,2025-03-24,7,5,13,159.74,Pass,2025-03-29,2076.62,week_15_orders.csv,5,True,False,13
ORD-W15-0060,V003,SKU-0031,2025-02-23,7,3,62,106.01,Pass,2025-02-26,6572.62,week_15_orders.csv,3,True,False,8
ORD-W15-0061,V003,SKU-0048,2025-03-25,5,2,85,143.56,Pass,2025-03-27,12202.6,week_15_orders.csv,2,True,False,13
ORD-W15-0062,V016,SKU-0005,2025-04-13,10,7,147,81.08,Pass,2025-04-20,11918.76,week_15_orders.csv,7,True,False,15
ORD-W15-0063,V007,SKU-0018,2025-04-01,5,13,217,35.86,Pass,2025-04-14,7781.62,week_15_orders.csv,13,False,False,14
ORD-W15-0064,V001,SKU-0009,2025-01-16,5,7,123,30.39,Pass,2025-01-23,3737.97,week_15_orders.csv,7,False,False,3
ORD-W15-0065,V002,SKU-0046,2025-04-13,7,7,52,171.47,Pass,2025-04-20,8916.44,week_15_orders.csv,7,True,False,15
ORD-W15-0066,V011,SKU-0012,2025-02-22,3,13,296,75.49,Pass,2025-03-07,22345.04,week_15_orders.csv,13,False,False,8
ORD-W15-0067,V019,SKU-0044,2025-01-15,7,11,474,71.44,Pass,2025-01-26,33862.56,week_15_orders.csv,11,False,False,3
ORD-W15-0068,V001,SKU-0049,2025-03-23,7,8,237,73.54,Pass,2025-03-31,17428.98,week_15_orders.csv,8,False,False,12
ORD-W15-0069,V018,SKU-0007,2025-03-09,3,7,315,27.69,Pass,2025-03-16,8722.35,week_15_orders.csv,7,False,False,10
ORD-W15-0070,V020,SKU-0046,2025-01-07,5,3,253,113.97,Pending,2025-01-10,28834.41,week_15_orders.csv,3,True,False,2
ORD-W15-0071,V006,SKU-0008,2025-02-19,5,6,413,173.92,Pending,2025-02-25,71828.96,week_15_orders.csv,6,False,False,8
ORD-W15-0072,V011,SKU-0001,2025-02-15,3,10,204,133.52,Pass,2025-02-25,27238.08,week_15_orders.csv,10,False,False,7
ORD-W15-0073,V014,SKU-0028,2025-01-19,7,6,327,179.69,Pass,2025-01-25,58758.63,week_15_orders.csv,6,True,False,3
ORD-W15-0074,V011,SKU-0029,2025-03-20,5,12,382,23.25,Pass,2025-04-01,8881.5,week_15_orders.csv,12,False,False,12
ORD-W15-0075,V018,SKU-0019,2025-03-31,5,10,494,135.12,Pass,2025-04-10,66749.28,week_15_orders.csv,10,False,False,14
ORD-W15-0076,V013,SKU-0013,2025-02-21,5,10,245,56.54,Defect,2025-03-03,13852.3,week_15_orders.csv,10,False,True,8
ORD-W15-0077,V018,SKU-0004,2025-01-13,5,3,200,149.17,Pass,2025-01-16,29834.0,week_15_orders.csv,3,True,False,3
ORD-W15-0078,V005,SKU-0031,2025-03-18,3,12,94,72.89,Pass,2025-03-30,6851.66,week_15_orders.csv,12,False,False,12
ORD-W15-0079,V001,SKU-0022,2025-01-07,7,4,193,193.16,Pass,2025-01-11,37279.88,week_15_orders.csv,4,True,False,2
ORD-W15-0080,V007,SKU-0010,2025-02-24,7,13,71,113.61,Pass,2025-03-09,8066.31,week_15_orders.csv,13,False,False,9
ORD-W15-0081,V016,SKU-0009,2025-03-25,3,11,37,41.48,Defect,2025-04-05,1534.76,week_15_orders.csv,11,False,True,13
ORD-W15-0082,V014,SKU-0029,2025-03-11,5,6,10,175.9,Pass,2025-03-17,1759.0,week_15_orders.csv,6,False,False,11
ORD-W15-0083,V013,SKU-0046,2025-03-27,5,13,403,163.47,Pass,2025-04-09,65878.41,week_15_orders.csv,13,False,False,13
ORD-W15-0084,V010,SKU-0002,2025-02-03,7,8,321,198.71,Pass,2025-02-11,63785.91,week_15_orders.csv,8,False,False,6
ORD-W15-0085,V012,SKU-0026,2025-04-15,10,4,154,150.56,Pass,2025-04-19,23186.24,week_15_orders.csv,4,True,False,16
ORD-W15-0086,V020,SKU-0046,2025-01-12,3,11,229,167.79,Pass,2025-01-23,38423.91,week_15_orders.csv,11,False,False,2
ORD-W15-0087,V016,SKU-0023,2025-01-17,5,12,86,54.32,Pass,2025-01-29,4671.52,week_15_orders.csv,12,False,False,3
ORD-W15-0088,V008,SKU-0043,2025-01-30,5,7,375,156.73,Pass,2025-02-06,58773.75,week_15_orders.csv,7,False,False,5
ORD-W15-0089,V020,SKU-0038,2025-01-18,3,5,377,136.26,Pass,2025-01-23,51370.02,week_15_orders.csv,5,False,False,3
ORD-W15-0090,V003,SKU-0002,2025-02-14,3,2,467,103.52,Pass,2025-02-16,48343.84,week_15_orders.csv,2,True,False,7
ORD-W15-0091,V020,SKU-0013,2025-01-01,3,10,270,126.86,Pass,2025-01-11,34252.2,week_15_orders.csv,10,False,False,1
ORD-W15-0092,V005,SKU-0023,2025-01-08,7,3,441,139.18,Pass,2025-01-11,61378.38,week_15_orders.csv,3,True,False,2
ORD-W15-0093,V008,SKU-0032,2025-01-28,10,4,100,14.69,Pass,2025-02-01,1469.0,week_15_orders.csv,4,True,False,5
ORD-W15-0094,V005,SKU-0027,2025-02-14,7,3,48,116.34,Pass,2025-02-17,5584.32,week_15_orders.csv,3,True,False,7
ORD-W15-0095,V013,SKU-0042,2025-03-01,5,6,147,109.4,Pass,2025-03-07,16081.8,week_15_orders.csv,6,False,False,9
ORD-W15-0096,V003,SKU-0016,2025-02-01,5,11,46,128.25,Pass,2025-02-12,5899.5,week_15_orders.csv,11,False,False,5
ORD-W15-0097,V006,SKU-0003,2025-03-05,3,6,487,181.65,Pass,2025-03-11,88463.55,week_15_orders.csv,6,False,False,10
ORD-W15-0098,V002,SKU-0013,2025-02-09,5,7,342,111.14,Pass,2025-02-16,38009.88,week_15_orders.csv,7,False,False,6
ORD-W15-0099,V010,SKU-0019,2025-04-10,5,2,300,92.16,Pass,2025-04-12,27648.0,week_15_orders.csv,2,True,False,15
ORD-W15-0100,V018,SKU-0030,2025-01-15,5,10,284,79.38,Defect,2025-01-25,22543.92,week_15_orders.csv,10,False,True,3
ORD-W15-0101,V015,SKU-0037,2025-04-09,7,10,215,197.05,Defect,2025-04-19,42365.75,week_15_orders.csv,10,False,True,15
ORD-W15-0102,V012,SKU-0009,2025-04-05,3,5,178,155.24,Defect,2025-04-10,27632.72,week_15_orders.csv,5,False,True,14
ORD-W15-0103,V020,SKU-0034,2025-02-27,3,10,454,135.44,Pass,2025-03-09,61489.76,week_15_orders.csv,10,False,False,9
ORD-W15-0104,V016,SKU-0021,2025-01-31,5,2,13,131.23,Pass,2025-02-02,1705.99,week_15_orders.csv,2,True,False,5
ORD-W15-0105,V010,SKU-0010,2025-03-27,7,6,404,195.47,Pass,2025-04-02,78969.88,week_15_orders.csv,6,True,False,13
ORD-W15-0106,V017,SKU-0035,2025-01-16,3,7,107,103.22,Pass,2025-01-23,11044.54,week_15_orders.csv,7,False,False,3
ORD-W15-0107,V001,SKU-0016,2025-03-30,5,10,266,136.61,Pass,2025-04-09,36338.26,week_15_orders.csv,10,False,False,13
ORD-W15-0108,V010,SKU-0023,2025-04-04,7,5,84,26.97,Defect,2025-04-09,2265.48,week_15_orders.csv,5,True,True,14
ORD-W15-0109,V002,SKU-0033,2025-04-02,5,2,70,125.75,Pass,2025-04-04,8802.5,week_15_orders.csv,2,True,False,14
ORD-W15-0110,V011,SKU-0035,2025-01-04,7,6,181,69.55,Pass,2025-01-10,12588.55,week_15_orders.csv,6,True,False,1
ORD-W15-0111,V004,SKU-0015,2025-01-13,3,7,487,143.95,Pass,2025-01-20,70103.65,week_15_orders.csv,7,False,False,3
ORD-W15-0112,V001,SKU-0017,2025-02-09,5,11,379,30.78,Pass,2025-02-20,11665.62,week_15_orders.csv,11,False,False,6
ORD-W15-0113,V012,SKU-0010,2025-01-06,7,10,432,187.69,Defect,2025-01-16,81082.08,week_15_orders.csv,10,False,True,2
ORD-W15-0114,V014,SKU-0001,2025-01-17,7,2,458,168.27,Pass,2025-01-19,77067.66,week_15_orders.csv,2,True,False,3
ORD-W15-0115,V005,SKU-0003,2025-02-02,3,3,89,71.98,Pass,2025-02-05,6406.22,week_15_orders.csv,3,True,False,5
ORD-W15-0116,V015,SKU-0038,2025-01-21,5,2,410,158.87,Pass,2025-01-23,65136.7,week_15_orders.csv,2,True,False,4
ORD-W15-0117,V004,SKU-0036,2025-03-11,5,3,426,173.53,Pass,2025-03-14,73923.78,week_15_orders.csv,3,True,False,11
ORD-W15-0118,V007,SKU-0029,2025-03-16,5,8,67,30.46,Pass,2025-03-24,2040.82,week_15_orders.csv,8,False,False,11
ORD-W15-0119,V003,SKU-0043,2025-01-04,7,7,320,50.26,Pass,2025-01-11,16083.2,week_15_orders.csv,7,True,False,1
ORD-W15-0120,V003,SKU-0039,2025-03-07,7,7,85,47.05,Defect,2025-03-14,3999.25,week_15_orders.csv,7,True,True,10
ORD-W15-0121,V008,SKU-0026,2025-04-06,5,9,177,21.11,Pass,2025-04-15,3736.47,week_15_orders.csv,9,False,False,14
ORD-W15-0122,V002,SKU-0034,2025-01-30,7,8,400,154.03,Pass,2025-02-07,61612.0,week_15_orders.csv,8,False,False,5
ORD-W15-0123,V008,SKU-0036,2025-04-07,3,6,319,64.9,Pass,2025-04-13,20703.1,week_15_orders.csv,6,False,False,15
ORD-W15-0124,V003,SKU-0016,2025-01-17,3,11,373,179.61,Pending,2025-01-28,66994.53,week_15_orders.csv,11,False,False,3
ORD-W15-0125,V017,SKU-0023,2025-03-20,7,13,139,164.22,Pass,2025-04-02,22826.58,week_15_orders.csv,13,False,False,12
ORD-W15-0126,V017,SKU-0038,2025-04-11,7,3,159,130.46,Pass,2025-04-14,20743.14,week_15_orders.csv,3,True,False,15
ORD-W15-0127,V008,SKU-0035,2025-02-23,5,4,205,136.21,Pass,2025-02-27,27923.05,week_15_orders.csv,4,True,False,8
ORD-W15-0128,V007,SKU-0011,2025-01-31,7,11,485,163.71,Pass,2025-02-11,79399.35,week_15_orders.csv,11,False,False,5
ORD-W15-0129,V001,SKU-0049,2025-04-13,5,6,431,155.15,Pass,2025-04-19,66869.65,week_15_orders.csv,6,False,False,15
ORD-W15-0130,V007,SKU-0028,2025-02-10,7,4,112,132.47,Pass,2025-02-14,14836.64,week_15_orders.csv,4,True,False,7
ORD-W15-0131,V013,SKU-0010,2025-03-30,7,11,18,85.92,Pass,2025-04-10,1546.56,week_15_orders.csv,11,False,False,13
ORD-W15-0132,V008,SKU-0025,2025-03-23,5,13,253,50.05,Pass,2025-04-05,12662.65,week_15_orders.csv,13,False,False,12
ORD-W15-0133,V006,SKU-0030,2025-03-27,5,13,334,89.21,Pass,2025-04-09,29796.14,week_15_orders.csv,13,False,False,13
ORD-W15-0134,V013,SKU-0022,2025-03-10,5,10,300,107.86,Pass,2025-03-20,32358.0,week_15_orders.csv,10,False,False,11
ORD-W15-0135,V008,SKU-0046,2025-02-17,7,6,345,17.27,Pass,2025-02-23,5958.15,week_15_orders.csv,6,True,False,8
ORD-W15-0136,V008,SKU-0028,2025-03-29,10,2,260,78.59,Pass,2025-03-31,20433.4,week_15_orders.csv,2,True,False,13
ORD-W15-0137,V019,SKU-0019,2025-03-16,3,4,136,36.59,Pass,2025-03-20,4976.24,week_15_orders.csv,4,False,False,11
ORD-W15-0138,V018,SKU-0002,2025-01-23,3,2,285,168.92,Pass,2025-01-25,48142.2,week_15_orders.csv,2,True,False,4
ORD-W15-0139,V013,SKU-0004,2025-04-11,5,5,445,149.77,Pass,2025-04-16,66647.65,week_15_orders.csv,5,True,False,15
ORD-W15-0140,V005,SKU-0040,2025-04-07,3,5,48,80.67,Pass,2025-04-12,3872.16,week_15_orders.csv,5,False,False,15
ORD-W15-0141,V002,SKU-0016,2025-01-28,5,8,123,10.51,Pass,2025-02-05,1292.73,week_15_orders.csv,8,False,False,5
ORD-W15-0142,V004,SKU-0013,2025-03-26,7,9,331,38.57,Pass,2025-04-04,12766.67,week_15_orders.csv,9,False,False,13
ORD-W15-0143,V018,SKU-0038,2025-04-15,7,11,396,69.01,Pass,2025-04-26,27327.96,week_15_orders.csv,11,False,False,16
ORD-W15-0144,V005,SKU-0010,2025-01-15,10,3,417,29.32,Pass,2025-01-18,12226.44,week_15_orders.csv,3,True,False,3
ORD-W15-0145,V017,SKU-0026,2025-01-15,7,2,423,131.7,Pass,2025-01-17,55709.1,week_15_orders.csv,2,True,False,3
ORD-W15-0146,V018,SKU-0008,2025-02-01,7,6,29,25.1,Pass,2025-02-07,727.9,week_15_orders.csv,6,True,False,5
ORD-W15-0147,V011,SKU-0005,2025-01-26,5,8,278,162.13,Defect,2025-02-03,45072.14,week_15_orders.csv,8,False,True,4
ORD-W15-0148,V020,SKU-0035,2025-04-11,3,9,64,32.98,Pass,2025-04-20,2110.72,week_15_orders.csv,9,False,False,15
ORD-W15-0149,V008,SKU-0044,2025-02-13,5,2,156,51.03,Pass,2025-02-15,7960.68,week_15_orders.csv,2,True,False,7
ORD-W15-0150,V019,SKU-0042,2025-04-03,3,11,187,18.15,Pass,2025-04-14,3394.05,week_15_orders.csv,11,False,False,14
ORD-W15-0151,V002,SKU-0044,2025-01-06,7,4,144,49.87,Pass,2025-01-10,7181.28,week_15_orders.csv,4,True,False,2
ORD-W15-0152,V006,SKU-0042,2025-02-22,3,4,355,72.48,Pass,2025-02-26,25730.4,week_15_orders.csv,4,False,False,8
ORD-W15-0153,V007,SKU-0046,2025-03-23,7,11,220,169.62,Pass,2025-04-03,37316.4,week_15_orders.csv,11,False,False,12
ORD-W15-0154,V003,SKU-0033,2025-02-02,3,11,24,145.19,Pass,2025-02-13,3484.56,week_15_orders.csv,11,False,False,5
ORD-W15-0155,V014,SKU-0046,2025-02-03,3,8,221,183.53,Pass,2025-02-11,40560.13,week_15_orders.csv,8,False,False,6
ORD-W15-0156,V009,SKU-0039,2025-02-19,3,2,483,118.75,Pass,2025-02-21,57356.25,week_15_orders.csv,2,True,False,8
ORD-W15-0157,V012,SKU-0035,2025-03-21,3,6,466,199.59,Pass,2025-03-27,93008.94,week_15_orders.csv,6,False,False,12
ORD-W15-0158,V013,SKU-0009,2025-01-22,7,7,108,159.92,Pass,2025-01-29,17271.36,week_15_orders.csv,7,True,False,4
ORD-W15-0159,V003,SKU-0050,2025-01-14,3,2,390,113.29,Pass,2025-01-16,44183.1,week_15_orders.csv,2,True,False,3
ORD-W15-0160,V003,SKU-0037,2025-02-21,7,3,476,40.6,Pass,2025-02-24,19325.6,week_15_orders.csv,3,True,False,8
ORD-W15-0161,V010,SKU-0018,2025-01-24,5,13,370,45.95,Pass,2025-02-06,17001.5,week_15_orders.csv,13,False,False,4
ORD-W15-0162,V007,SKU-0027,2025-03-09,7,12,107,118.44,Pass,2025-03-21,12673.08,week_15_orders.csv,12,False,False,10
ORD-W15-0163,V015,SKU-0047,2025-01-20,3,9,166,41.58,Defect,2025-01-29,6902.28,week_15_orders.csv,9,False,True,4
ORD-W15-0164,V019,SKU-0001,2025-01-27,7,6,197,68.21,Pass,2025-02-02,13437.37,week_15_orders.csv,6,True,False,5
ORD-W15-0165,V010,SKU-0049,2025-02-26,5,9,180,54.49,Pass,2025-03-07,9808.2,week_15_orders.csv,9,False,False,9
ORD-W15-0166,V018,SKU-0041,2025-01-07,5,9,464,163.7,Pass,2025-01-16,75956.8,week_15_orders.csv,9,False,False,2
ORD-W15-0167,V011,SKU-0044,2025-01-14,5,12,20,48.46,Pass,2025-01-26,969.2,week_15_orders.csv,12,False,False,3
ORD-W15-0168,V005,SKU-0044,2025-01-22,5,11,409,130.8,Pass,2025-02-02,53497.2,week_15_orders.csv,11,False,False,4
ORD-W15-0169,V019,SKU-0002,2025-03-08,5,2,339,107.82,Pass,2025-03-10,36550.98,week_15_orders.csv,2,True,False,10
ORD-W15-0170,V005,SKU-0042,2025-03-10,5,12,159,90.77,Defect,2025-03-22,14432.43,week_15_orders.csv,12,False,True,11
ORD-W15-0171,V011,SKU-0044,2025-04-03,5,4,210,30.39,Pass,2025-04-07,6381.9,week_15_orders.csv,4,True,False,14
ORD-W15-0172,V019,SKU-0005,2025-02-18,7,5,468,11.87,Pass,2025-02-23,5555.16,week_15_orders.csv,5,True,False,8
