year,country_of_birth,visa_subclass,visa_category,settlement_state,processing_days
2015,Germany,491 Skilled Regional,Skilled,SA,212
2022,China,500 Student,Student,NSW,551
2019,Nepal,500 Student,Student,NSW,480
2022,Nepal,189 Skilled Indep,Skilled,SA,360
2024,South Korea,485 Temp Graduate,Temporary,QLD,403
2020,China,189 Skilled Indep,Skilled,QLD,630
2020,Philippines,491 Skilled Regional,Skilled,VIC,706
2015,Malaysia,143 Parent,Family,NSW,144
2017,UK,485 Temp Graduate,Temporary,NSW,427
2019,China,143 Parent,Family,ACT,94
2022,Sri Lanka,190 Skilled Nom,Skilled,QLD,719
2023,NZ,189 Skilled Indep,Skilled,ACT,57
2018,Philippines,500 Student,Student,WA,464
2015,Philippines,482 Temp Skill,Temporary,VIC,197
2017,UK,820 Partner Temp,Family,NSW,666
2023,China,202 Global Special,Humanitarian,NSW,671
2017,China,482 Temp Skill,Temporary,NSW,573
2019,Sri Lanka,189 Skilled Indep,Skilled,NSW,421
2024,NZ,482 Temp Skill,Temporary,VIC,611
2015,Nepal,485 Temp Graduate,Temporary,VIC,683
2021,China,820 Partner Temp,Family,VIC,86
2024,Sri Lanka,500 Student,Student,VIC,566
2017,China,143 Parent,Family,VIC,625
2020,India,801 Partner Perm,Family,ACT,152
2023,Pakistan,189 Skilled Indep,Skilled,VIC,209
2016,India,190 Skilled Nom,Skilled,VIC,184
2020,UK,485 Temp Graduate,Temporary,VIC,289
2022,Philippines,485 Temp Graduate,Temporary,VIC,510
2021,Nepal,820 Partner Temp,Family,VIC,477
2019,China,482 Temp Skill,Temporary,VIC,116
2017,UK,202 Global Special,Humanitarian,NSW,441
2019,NZ,189 Skilled Indep,Skilled,VIC,552
2018,Philippines,801 Partner Perm,Family,VIC,178
2019,Nepal,143 Parent,Family,WA,92
2018,Germany,202 Global Special,Humanitarian,NSW,346
2023,Nepal,500 Student,Student,VIC,239
2022,India,482 Temp Skill,Temporary,VIC,202
2018,Nepal,143 Parent,Family,ACT,537
2021,China,485 Temp Graduate,Temporary,NSW,43
2017,India,485 Temp Graduate,Temporary,QLD,93
2019,China,485 Temp Graduate,Temporary,QLD,524
2018,India,400 Temp Work,Temporary,VIC,709
2021,India,482 Temp Skill,Temporary,NSW,200
2018,China,485 Temp Graduate,Temporary,VIC,73
2019,China,500 Student,Student,QLD,301
2022,Vietnam,143 Parent,Family,QLD,639
2018,India,189 Skilled Indep,Skilled,VIC,433
2023,China,500 Student,Student,QLD,480
2016,India,143 Parent,Family,VIC,318
2022,India,143 Parent,Family,NSW,642
2019,Sri Lanka,485 Temp Graduate,Temporary,NSW,370
2019,Philippines,200 Refugee,Humanitarian,WA,652
2021,Pakistan,500 Student,Student,VIC,567
2020,Vietnam,202 Global Special,Humanitarian,VIC,634
2018,India,482 Temp Skill,Temporary,VIC,398
2015,India,189 Skilled Indep,Skilled,QLD,346
2016,Nepal,189 Skilled Indep,Skilled,VIC,108
2022,China,820 Partner Temp,Family,VIC,240
2020,China,482 Temp Skill,Temporary,NSW,232
2022,Indonesia,485 Temp Graduate,Temporary,NSW,433
2024,China,491 Skilled Regional,Skilled,NSW,248
2022,USA,200 Refugee,Humanitarian,SA,170
2015,Sri Lanka,485 Temp Graduate,Temporary,NSW,622
2018,China,500 Student,Student,VIC,158
2021,India,820 Partner Temp,Family,SA,433
2017,India,500 Student,Student,VIC,375
2024,Pakistan,485 Temp Graduate,Temporary,QLD,665
2024,USA,485 Temp Graduate,Temporary,NSW,625
2023,Nepal,143 Parent,Family,VIC,153
2019,Vietnam,500 Student,Student,NSW,86
2023,Philippines,202 Global Special,Humanitarian,NSW,63
2016,Sri Lanka,189 Skilled Indep,Skilled,VIC,285
2018,India,200 Refugee,Humanitarian,VIC,217
2019,Pakistan,485 Temp Graduate,Temporary,WA,369
2022,China,500 Student,Student,VIC,360
2019,NZ,500 Student,Student,NSW,480
2016,India,485 Temp Graduate,Temporary,NSW,601
2018,India,500 Student,Student,NSW,457
2018,Malaysia,485 Temp Graduate,Temporary,QLD,77
2018,India,820 Partner Temp,Family,VIC,608
2016,UK,500 Student,Student,NSW,115
2018,Germany,482 Temp Skill,Temporary,WA,512
2019,Pakistan,801 Partner Perm,Family,NSW,428
2022,Philippines,189 Skilled Indep,Skilled,NSW,377
2022,Philippines,500 Student,Student,NSW,445
2020,Bangladesh,500 Student,Student,QLD,659
2019,India,482 Temp Skill,Temporary,WA,259
2022,USA,820 Partner Temp,Family,VIC,436
2023,UK,400 Temp Work,Temporary,NSW,377
2022,Bangladesh,500 Student,Student,WA,158
2023,Sri Lanka,491 Skilled Regional,Skilled,SA,493
2024,Philippines,485 Temp Graduate,Temporary,NSW,316
2015,Sri Lanka,482 Temp Skill,Temporary,QLD,345
2023,South Korea,485 Temp Graduate,Temporary,SA,531
2017,India,500 Student,Student,NSW,501
2019,China,500 Student,Student,WA,593
2022,NZ,189 Skilled Indep,Skilled,SA,404
2022,Vietnam,143 Parent,Family,QLD,325
2016,Pakistan,482 Temp Skill,Temporary,NSW,611
2021,Malaysia,485 Temp Graduate,Temporary,VIC,87
2015,India,500 Student,Student,NSW,598
2018,Germany,485 Temp Graduate,Temporary,WA,47
2023,Vietnam,500 Student,Student,VIC,565
2019,Malaysia,500 Student,Student,NSW,576
2021,Germany,500 Student,Student,VIC,692
2022,India,500 Student,Student,VIC,675
2023,Philippines,190 Skilled Nom,Skilled,QLD,570
2022,India,482 Temp Skill,Temporary,QLD,135
2015,UK,200 Refugee,Humanitarian,VIC,342
2019,Pakistan,190 Skilled Nom,Skilled,TAS,515
2019,India,200 Refugee,Humanitarian,QLD,645
2015,Germany,500 Student,Student,VIC,304
2020,India,485 Temp Graduate,Temporary,WA,194
2021,Pakistan,485 Temp Graduate,Temporary,QLD,177
2023,China,485 Temp Graduate,Temporary,WA,228
2024,Vietnam,485 Temp Graduate,Temporary,NSW,62
2016,China,189 Skilled Indep,Skilled,NSW,711
2017,China,820 Partner Temp,Family,NSW,420
2021,Nepal,491 Skilled Regional,Skilled,SA,290
2016,Philippines,190 Skilled Nom,Skilled,ACT,396
2017,Philippines,400 Temp Work,Temporary,NSW,240
2021,Nepal,189 Skilled Indep,Skilled,QLD,359
2016,India,500 Student,Student,QLD,534
2022,USA,801 Partner Perm,Family,NSW,260
2023,China,189 Skilled Indep,Skilled,VIC,305
2015,Philippines,500 Student,Student,QLD,222
2020,China,801 Partner Perm,Family,QLD,287
2022,South Korea,190 Skilled Nom,Skilled,QLD,558
2024,Vietnam,189 Skilled Indep,Skilled,WA,415
2017,India,190 Skilled Nom,Skilled,SA,604
2016,Philippines,482 Temp Skill,Temporary,NSW,178
2023,Sri Lanka,820 Partner Temp,Family,VIC,371
2023,India,500 Student,Student,NSW,437
2017,India,485 Temp Graduate,Temporary,NSW,622
2019,India,485 Temp Graduate,Temporary,VIC,613
2022,Philippines,500 Student,Student,QLD,261
2023,Pakistan,482 Temp Skill,Temporary,NSW,393
2016,Malaysia,485 Temp Graduate,Temporary,VIC,223
2021,USA,485 Temp Graduate,Temporary,QLD,32
2023,Germany,143 Parent,Family,VIC,477
2020,India,500 Student,Student,VIC,279
2016,Nepal,190 Skilled Nom,Skilled,VIC,428
2015,Philippines,801 Partner Perm,Family,QLD,510
2017,Vietnam,500 Student,Student,VIC,465
2023,Germany,189 Skilled Indep,Skilled,QLD,506
2015,Bangladesh,485 Temp Graduate,Temporary,VIC,418
2015,UK,801 Partner Perm,Family,ACT,215
2018,UK,801 Partner Perm,Family,WA,723
2015,Philippines,482 Temp Skill,Temporary,VIC,643
2016,India,485 Temp Graduate,Temporary,ACT,247
2015,Germany,189 Skilled Indep,Skilled,TAS,168
2020,India,500 Student,Student,SA,494
2022,Philippines,482 Temp Skill,Temporary,QLD,671
2019,Germany,485 Temp Graduate,Temporary,VIC,535
2016,India,500 Student,Student,ACT,490
2018,Pakistan,143 Parent,Family,VIC,715
2021,Germany,801 Partner Perm,Family,VIC,475
2024,China,500 Student,Student,NSW,630
2024,China,189 Skilled Indep,Skilled,QLD,530
2017,India,485 Temp Graduate,Temporary,SA,146
2015,India,482 Temp Skill,Temporary,VIC,570
2023,USA,801 Partner Perm,Family,VIC,219
2024,Philippines,801 Partner Perm,Family,VIC,542
2019,China,189 Skilled Indep,Skilled,NSW,241
2022,India,500 Student,Student,SA,699
2023,Sri Lanka,500 Student,Student,VIC,725
2021,Vietnam,400 Temp Work,Temporary,WA,48
2023,Germany,820 Partner Temp,Family,VIC,375
2015,China,485 Temp Graduate,Temporary,VIC,468
2017,Philippines,820 Partner Temp,Family,TAS,664
2017,India,485 Temp Graduate,Temporary,NSW,63
2016,India,500 Student,Student,SA,598
2023,China,801 Partner Perm,Family,VIC,581
2015,India,190 Skilled Nom,Skilled,SA,590
2022,Germany,482 Temp Skill,Temporary,VIC,282
2015,Nepal,500 Student,Student,VIC,216
2018,South Korea,143 Parent,Family,VIC,682
2018,Philippines,400 Temp Work,Temporary,QLD,164
2016,India,485 Temp Graduate,Temporary,NSW,306
2020,Nepal,200 Refugee,Humanitarian,VIC,229
2020,Pakistan,200 Refugee,Humanitarian,NSW,590
2018,Sri Lanka,482 Temp Skill,Temporary,NSW,186
2022,UK,500 Student,Student,VIC,435
2016,UK,820 Partner Temp,Family,WA,240
2017,India,820 Partner Temp,Family,SA,64
2018,China,482 Temp Skill,Temporary,SA,708
2018,Philippines,143 Parent,Family,NSW,471
2017,Nepal,500 Student,Student,VIC,176
2023,Germany,400 Temp Work,Temporary,VIC,52
2023,India,190 Skilled Nom,Skilled,WA,173
2016,Sri Lanka,202 Global Special,Humanitarian,NSW,432
2018,Philippines,482 Temp Skill,Temporary,VIC,455
2017,South Korea,500 Student,Student,QLD,76
2019,China,485 Temp Graduate,Temporary,NSW,189
2017,Pakistan,485 Temp Graduate,Temporary,QLD,366
2020,Philippines,500 Student,Student,NSW,611
2024,Germany,500 Student,Student,VIC,272
2018,India,482 Temp Skill,Temporary,ACT,490
2021,Malaysia,500 Student,Student,NSW,721
2021,India,189 Skilled Indep,Skilled,NSW,113
2022,USA,202 Global Special,Humanitarian,ACT,58
2015,Philippines,202 Global Special,Humanitarian,NSW,436
2022,Pakistan,482 Temp Skill,Temporary,QLD,222
2024,China,400 Temp Work,Temporary,NSW,566
2021,Germany,189 Skilled Indep,Skilled,NSW,522
2017,Germany,400 Temp Work,Temporary,VIC,594
2022,China,485 Temp Graduate,Temporary,VIC,186
2022,Bangladesh,485 Temp Graduate,Temporary,VIC,188
2021,China,482 Temp Skill,Temporary,QLD,407
2016,USA,482 Temp Skill,Temporary,VIC,289
2024,India,400 Temp Work,Temporary,VIC,44
2024,Vietnam,482 Temp Skill,Temporary,VIC,267
2019,India,200 Refugee,Humanitarian,NSW,569
2021,Philippines,200 Refugee,Humanitarian,VIC,706
2015,NZ,190 Skilled Nom,Skilled,QLD,561
2024,India,485 Temp Graduate,Temporary,NSW,595
2023,China,801 Partner Perm,Family,VIC,326
2021,USA,143 Parent,Family,NSW,225
2022,Sri Lanka,485 Temp Graduate,Temporary,WA,692
2016,Philippines,200 Refugee,Humanitarian,QLD,687
2018,India,500 Student,Student,NSW,313
2017,China,500 Student,Student,VIC,247
2021,India,200 Refugee,Humanitarian,WA,627
2016,Pakistan,485 Temp Graduate,Temporary,VIC,234
2023,Vietnam,485 Temp Graduate,Temporary,VIC,661
2019,China,500 Student,Student,VIC,48
2019,India,189 Skilled Indep,Skilled,VIC,681
2016,Pakistan,500 Student,Student,NSW,513
2022,USA,500 Student,Student,QLD,358
2023,China,485 Temp Graduate,Temporary,VIC,286
2021,Malaysia,500 Student,Student,NSW,332
2017,India,400 Temp Work,Temporary,VIC,154
2022,Bangladesh,190 Skilled Nom,Skilled,NSW,465
2016,Nepal,190 Skilled Nom,Skilled,VIC,184
2023,Pakistan,485 Temp Graduate,Temporary,QLD,442
2021,Nepal,820 Partner Temp,Family,VIC,182
2017,Philippines,500 Student,Student,SA,629
2020,India,491 Skilled Regional,Skilled,QLD,708
2021,India,485 Temp Graduate,Temporary,SA,226
2017,India,801 Partner Perm,Family,VIC,263
2023,India,820 Partner Temp,Family,VIC,712
2019,Pakistan,485 Temp Graduate,Temporary,NSW,582
2023,Germany,500 Student,Student,NSW,394
2023,China,485 Temp Graduate,Temporary,NSW,582
2016,India,820 Partner Temp,Family,VIC,653
2021,Vietnam,482 Temp Skill,Temporary,VIC,650
2018,China,820 Partner Temp,Family,VIC,626
2022,UK,190 Skilled Nom,Skilled,NSW,462
2020,Indonesia,189 Skilled Indep,Skilled,VIC,359
2019,Nepal,189 Skilled Indep,Skilled,VIC,243
2023,Nepal,500 Student,Student,VIC,180
2015,Malaysia,485 Temp Graduate,Temporary,NSW,666
2020,Pakistan,801 Partner Perm,Family,VIC,493
2018,Germany,820 Partner Temp,Family,VIC,144
2015,China,189 Skilled Indep,Skilled,ACT,247
2022,Indonesia,485 Temp Graduate,Temporary,VIC,437
2021,Sri Lanka,482 Temp Skill,Temporary,SA,612
2023,Pakistan,801 Partner Perm,Family,VIC,421
2021,Philippines,500 Student,Student,VIC,612
2018,UK,500 Student,Student,SA,686
2024,Germany,143 Parent,Family,WA,480
2016,India,482 Temp Skill,Temporary,NSW,564
2015,Pakistan,500 Student,Student,NSW,145
2022,Malaysia,143 Parent,Family,VIC,600
2018,India,485 Temp Graduate,Temporary,VIC,549
2018,NZ,485 Temp Graduate,Temporary,VIC,309
2023,Indonesia,491 Skilled Regional,Skilled,VIC,348
2018,Pakistan,485 Temp Graduate,Temporary,QLD,403
2023,Malaysia,189 Skilled Indep,Skilled,QLD,508
2021,India,190 Skilled Nom,Skilled,QLD,229
2018,India,500 Student,Student,NSW,180
2015,Pakistan,500 Student,Student,NSW,667
2017,Nepal,200 Refugee,Humanitarian,NSW,510
2024,NZ,801 Partner Perm,Family,VIC,465
2018,Pakistan,820 Partner Temp,Family,QLD,270
2016,India,190 Skilled Nom,Skilled,NSW,392
2017,India,491 Skilled Regional,Skilled,SA,175
2023,Philippines,485 Temp Graduate,Temporary,NSW,494
2016,China,500 Student,Student,TAS,541
2022,Indonesia,400 Temp Work,Temporary,NSW,275
2016,Vietnam,190 Skilled Nom,Skilled,NSW,716
2024,Germany,485 Temp Graduate,Temporary,TAS,546
2020,UK,482 Temp Skill,Temporary,WA,623
2015,China,500 Student,Student,QLD,399
2024,India,500 Student,Student,NSW,157
2018,Philippines,190 Skilled Nom,Skilled,QLD,470
2022,India,143 Parent,Family,VIC,354
2020,Philippines,482 Temp Skill,Temporary,QLD,597
2016,Malaysia,485 Temp Graduate,Temporary,VIC,298
2016,USA,190 Skilled Nom,Skilled,VIC,532
2016,Vietnam,190 Skilled Nom,Skilled,QLD,545
2016,India,485 Temp Graduate,Temporary,VIC,496
2015,India,500 Student,Student,NSW,311
2015,Nepal,400 Temp Work,Temporary,SA,84
2024,China,482 Temp Skill,Temporary,NSW,35
2016,Philippines,200 Refugee,Humanitarian,QLD,356
2020,Nepal,820 Partner Temp,Family,NSW,585
2016,India,482 Temp Skill,Temporary,NSW,681
2017,Sri Lanka,189 Skilled Indep,Skilled,VIC,290
2022,Philippines,482 Temp Skill,Temporary,NSW,514
2024,Bangladesh,190 Skilled Nom,Skilled,NSW,117
2019,Bangladesh,482 Temp Skill,Temporary,VIC,502
2015,Pakistan,500 Student,Student,VIC,605
2024,India,189 Skilled Indep,Skilled,WA,325
2015,UK,190 Skilled Nom,Skilled,VIC,203
2018,China,801 Partner Perm,Family,QLD,114
2020,India,491 Skilled Regional,Skilled,NSW,160
2023,Nepal,820 Partner Temp,Family,WA,374
2023,India,202 Global Special,Humanitarian,VIC,637
2021,India,500 Student,Student,NSW,244
2018,China,500 Student,Student,VIC,316
2023,USA,200 Refugee,Humanitarian,QLD,726
2023,India,820 Partner Temp,Family,QLD,272
2023,UK,200 Refugee,Humanitarian,NSW,525
2022,Nepal,820 Partner Temp,Family,QLD,331
2016,Pakistan,485 Temp Graduate,Temporary,VIC,390
2017,Vietnam,500 Student,Student,VIC,638
2019,India,482 Temp Skill,Temporary,NSW,139
2020,China,820 Partner Temp,Family,VIC,720
2023,Bangladesh,189 Skilled Indep,Skilled,WA,261
2017,India,482 Temp Skill,Temporary,NSW,677
2021,India,189 Skilled Indep,Skilled,QLD,213
2018,Pakistan,189 Skilled Indep,Skilled,SA,615
2022,India,820 Partner Temp,Family,WA,201
2017,Philippines,500 Student,Student,VIC,505
2019,India,190 Skilled Nom,Skilled,NSW,250
2016,India,801 Partner Perm,Family,NSW,320
2017,China,820 Partner Temp,Family,QLD,562
2024,Nepal,500 Student,Student,SA,386
2018,UK,500 Student,Student,NSW,302
2023,Pakistan,485 Temp Graduate,Temporary,NSW,337
2020,Nepal,485 Temp Graduate,Temporary,NSW,482
2015,Vietnam,485 Temp Graduate,Temporary,WA,136
2022,India,820 Partner Temp,Family,WA,455
2015,India,143 Parent,Family,NSW,607
2023,Philippines,485 Temp Graduate,Temporary,VIC,657
2015,Philippines,485 Temp Graduate,Temporary,TAS,417
2022,Philippines,200 Refugee,Humanitarian,VIC,53
2016,China,482 Temp Skill,Temporary,ACT,517
2018,Pakistan,200 Refugee,Humanitarian,NSW,275
2024,Nepal,482 Temp Skill,Temporary,NSW,170
2019,China,485 Temp Graduate,Temporary,NSW,691
2021,Sri Lanka,189 Skilled Indep,Skilled,TAS,566
2022,Nepal,500 Student,Student,VIC,212
2016,Pakistan,500 Student,Student,QLD,456
2023,China,485 Temp Graduate,Temporary,VIC,549
2023,Nepal,482 Temp Skill,Temporary,NSW,678
2016,Philippines,801 Partner Perm,Family,VIC,691
2020,India,500 Student,Student,NSW,655
2017,India,485 Temp Graduate,Temporary,VIC,452
2022,India,491 Skilled Regional,Skilled,NSW,109
2015,Pakistan,190 Skilled Nom,Skilled,WA,375
2020,Nepal,190 Skilled Nom,Skilled,NSW,629
2022,NZ,500 Student,Student,TAS,494
2022,India,485 Temp Graduate,Temporary,VIC,705
2016,India,500 Student,Student,NSW,81
2023,India,500 Student,Student,QLD,416
2017,India,189 Skilled Indep,Skilled,VIC,306
2023,Nepal,500 Student,Student,NSW,391
2019,Germany,200 Refugee,Humanitarian,NSW,609
2016,UK,482 Temp Skill,Temporary,QLD,610
2022,Vietnam,801 Partner Perm,Family,WA,463
2023,China,202 Global Special,Humanitarian,WA,558
2022,China,400 Temp Work,Temporary,QLD,51
2024,Sri Lanka,485 Temp Graduate,Temporary,VIC,172
2017,China,500 Student,Student,QLD,233
2017,UK,400 Temp Work,Temporary,WA,91
2016,Malaysia,485 Temp Graduate,Temporary,SA,259
2020,India,801 Partner Perm,Family,VIC,276
2018,China,500 Student,Student,NSW,448
2018,Malaysia,500 Student,Student,ACT,705
2019,USA,491 Skilled Regional,Skilled,WA,701
2017,India,500 Student,Student,WA,496
2015,India,500 Student,Student,WA,103
2019,Germany,485 Temp Graduate,Temporary,WA,114
2017,Malaysia,500 Student,Student,SA,564
2019,Bangladesh,500 Student,Student,NSW,666
2024,UK,801 Partner Perm,Family,VIC,681
2016,India,485 Temp Graduate,Temporary,VIC,303
2021,Indonesia,485 Temp Graduate,Temporary,VIC,70
2021,Sri Lanka,491 Skilled Regional,Skilled,QLD,720
2017,Pakistan,491 Skilled Regional,Skilled,TAS,311
2019,Philippines,500 Student,Student,NSW,444
2024,Sri Lanka,500 Student,Student,VIC,289
2018,Nepal,482 Temp Skill,Temporary,VIC,385
2022,Nepal,491 Skilled Regional,Skilled,NSW,664
2023,Bangladesh,482 Temp Skill,Temporary,VIC,350
2018,South Korea,485 Temp Graduate,Temporary,NSW,700
2024,India,820 Partner Temp,Family,NSW,244
2021,NZ,143 Parent,Family,WA,285
2020,Nepal,200 Refugee,Humanitarian,VIC,693
2022,India,500 Student,Student,QLD,582
2019,Philippines,482 Temp Skill,Temporary,WA,424
2022,Nepal,485 Temp Graduate,Temporary,SA,722
2017,India,801 Partner Perm,Family,NSW,663
2024,Sri Lanka,485 Temp Graduate,Temporary,NSW,360
2020,China,491 Skilled Regional,Skilled,VIC,508
2017,Nepal,485 Temp Graduate,Temporary,VIC,390
2019,India,500 Student,Student,VIC,100
2023,NZ,485 Temp Graduate,Temporary,QLD,320
2023,South Korea,820 Partner Temp,Family,VIC,340
2019,China,500 Student,Student,NSW,417
2018,China,500 Student,Student,NSW,425
2018,China,190 Skilled Nom,Skilled,QLD,617
2024,Vietnam,500 Student,Student,VIC,477
2016,Malaysia,491 Skilled Regional,Skilled,QLD,262
2023,India,485 Temp Graduate,Temporary,NSW,687
2023,China,485 Temp Graduate,Temporary,QLD,467
2017,UK,485 Temp Graduate,Temporary,WA,484
2018,India,500 Student,Student,SA,339
2021,USA,482 Temp Skill,Temporary,QLD,296
2023,Germany,820 Partner Temp,Family,VIC,302
2024,Bangladesh,482 Temp Skill,Temporary,WA,647
2024,UK,500 Student,Student,VIC,371
2017,India,500 Student,Student,NSW,37
2017,India,485 Temp Graduate,Temporary,QLD,138
2019,India,801 Partner Perm,Family,NSW,701
2020,Philippines,202 Global Special,Humanitarian,WA,671
2021,Pakistan,485 Temp Graduate,Temporary,NSW,687
2016,Nepal,400 Temp Work,Temporary,QLD,449
2021,Philippines,400 Temp Work,Temporary,NSW,689
2024,UK,190 Skilled Nom,Skilled,QLD,586
2023,Philippines,400 Temp Work,Temporary,NSW,413
2024,USA,500 Student,Student,VIC,425
2024,India,491 Skilled Regional,Skilled,VIC,418
2024,India,400 Temp Work,Temporary,NSW,571
2015,India,500 Student,Student,VIC,269
2023,China,500 Student,Student,VIC,113
2017,India,400 Temp Work,Temporary,VIC,318
2018,India,482 Temp Skill,Temporary,VIC,31
2019,India,485 Temp Graduate,Temporary,WA,351
2024,NZ,485 Temp Graduate,Temporary,NSW,133
2021,China,500 Student,Student,VIC,248
2018,Philippines,190 Skilled Nom,Skilled,WA,543
2018,India,820 Partner Temp,Family,QLD,170
2023,Germany,820 Partner Temp,Family,VIC,636
2023,Indonesia,500 Student,Student,WA,445
2016,India,482 Temp Skill,Temporary,QLD,83
2017,India,485 Temp Graduate,Temporary,VIC,204
2018,Germany,491 Skilled Regional,Skilled,NSW,65
2017,India,482 Temp Skill,Temporary,QLD,561
2021,UK,482 Temp Skill,Temporary,VIC,160
2017,Bangladesh,485 Temp Graduate,Temporary,VIC,693
2021,India,820 Partner Temp,Family,NSW,619
2024,China,143 Parent,Family,QLD,277
2023,India,500 Student,Student,VIC,383
2016,India,485 Temp Graduate,Temporary,QLD,334
2017,Pakistan,202 Global Special,Humanitarian,SA,591
2018,India,200 Refugee,Humanitarian,QLD,366
2021,China,500 Student,Student,VIC,46
2018,Malaysia,190 Skilled Nom,Skilled,VIC,291
2017,Vietnam,190 Skilled Nom,Skilled,QLD,97
2018,Pakistan,189 Skilled Indep,Skilled,WA,362
2017,Vietnam,485 Temp Graduate,Temporary,QLD,236
2023,South Korea,500 Student,Student,VIC,150
2022,India,801 Partner Perm,Family,NSW,31
2018,China,143 Parent,Family,NSW,573
2022,NZ,491 Skilled Regional,Skilled,QLD,61
2020,NZ,820 Partner Temp,Family,WA,664
2020,Malaysia,820 Partner Temp,Family,QLD,481
2018,China,189 Skilled Indep,Skilled,NSW,391
2019,Philippines,189 Skilled Indep,Skilled,NSW,498
2024,Nepal,500 Student,Student,VIC,484
2022,Vietnam,189 Skilled Indep,Skilled,VIC,259
2023,China,189 Skilled Indep,Skilled,QLD,457
2016,Pakistan,482 Temp Skill,Temporary,NSW,241
2020,India,482 Temp Skill,Temporary,WA,474
2018,India,491 Skilled Regional,Skilled,NSW,155
2015,Vietnam,500 Student,Student,NSW,480
2018,India,820 Partner Temp,Family,NSW,592
2015,Germany,143 Parent,Family,QLD,690
2017,India,485 Temp Graduate,Temporary,NSW,529
2022,Nepal,500 Student,Student,NSW,304
2022,China,200 Refugee,Humanitarian,NSW,514
2022,Pakistan,482 Temp Skill,Temporary,QLD,404
2015,India,482 Temp Skill,Temporary,QLD,527
2016,Vietnam,485 Temp Graduate,Temporary,NSW,481
2015,China,500 Student,Student,SA,398
2016,China,482 Temp Skill,Temporary,QLD,198
2016,Indonesia,202 Global Special,Humanitarian,SA,229
2024,China,801 Partner Perm,Family,VIC,535
2023,India,801 Partner Perm,Family,QLD,470
2017,India,485 Temp Graduate,Temporary,VIC,101
2017,NZ,482 Temp Skill,Temporary,SA,659
2024,Bangladesh,485 Temp Graduate,Temporary,QLD,219
2021,NZ,820 Partner Temp,Family,NSW,44
2018,Vietnam,500 Student,Student,VIC,426
2019,India,202 Global Special,Humanitarian,SA,598
2017,South Korea,485 Temp Graduate,Temporary,WA,474
2021,Philippines,482 Temp Skill,Temporary,QLD,619
2022,Germany,200 Refugee,Humanitarian,ACT,378
2020,Philippines,400 Temp Work,Temporary,VIC,457
2023,Pakistan,485 Temp Graduate,Temporary,VIC,485
2016,Indonesia,400 Temp Work,Temporary,NSW,702
2021,UK,482 Temp Skill,Temporary,QLD,218
2024,Nepal,801 Partner Perm,Family,SA,281
2016,China,801 Partner Perm,Family,VIC,531
2019,UK,500 Student,Student,NSW,282
2021,Philippines,500 Student,Student,SA,525
2018,China,482 Temp Skill,Temporary,VIC,254
2024,Nepal,190 Skilled Nom,Skilled,SA,470
2019,Nepal,485 Temp Graduate,Temporary,TAS,716
2019,China,491 Skilled Regional,Skilled,NSW,364
2023,China,500 Student,Student,VIC,203
2015,USA,482 Temp Skill,Temporary,WA,218
2023,UK,482 Temp Skill,Temporary,QLD,32
2016,Philippines,202 Global Special,Humanitarian,SA,605
2018,Pakistan,500 Student,Student,NSW,370
2019,Bangladesh,500 Student,Student,ACT,134
2019,India,485 Temp Graduate,Temporary,VIC,177
2015,India,801 Partner Perm,Family,VIC,203
2018,India,485 Temp Graduate,Temporary,TAS,701
2018,UK,485 Temp Graduate,Temporary,VIC,49
2024,India,143 Parent,Family,QLD,476
2023,Philippines,400 Temp Work,Temporary,TAS,232
2021,Bangladesh,491 Skilled Regional,Skilled,VIC,381
2024,Philippines,482 Temp Skill,Temporary,QLD,549
2023,Philippines,482 Temp Skill,Temporary,VIC,304
2018,Germany,500 Student,Student,VIC,644
2016,Nepal,190 Skilled Nom,Skilled,NSW,104
2021,Philippines,400 Temp Work,Temporary,NSW,418
2018,Malaysia,189 Skilled Indep,Skilled,NSW,618
2015,Germany,482 Temp Skill,Temporary,VIC,252
2024,China,485 Temp Graduate,Temporary,NSW,94
2024,Pakistan,202 Global Special,Humanitarian,NSW,621
2020,Pakistan,189 Skilled Indep,Skilled,WA,543
2021,Nepal,500 Student,Student,SA,114
2021,UK,485 Temp Graduate,Temporary,QLD,264
2024,China,500 Student,Student,VIC,284
2019,UK,801 Partner Perm,Family,SA,225
2021,China,482 Temp Skill,Temporary,QLD,603
2017,Bangladesh,500 Student,Student,NSW,653
2017,India,482 Temp Skill,Temporary,WA,193
2020,Sri Lanka,500 Student,Student,VIC,451
2017,China,482 Temp Skill,Temporary,WA,121
2015,South Korea,482 Temp Skill,Temporary,SA,497
2018,India,482 Temp Skill,Temporary,VIC,354
2022,Philippines,485 Temp Graduate,Temporary,TAS,116
2017,India,189 Skilled Indep,Skilled,SA,635
2023,India,200 Refugee,Humanitarian,NSW,470
2022,Nepal,485 Temp Graduate,Temporary,VIC,450
2021,Sri Lanka,500 Student,Student,VIC,283
2023,China,500 Student,Student,VIC,378
2015,India,820 Partner Temp,Family,QLD,231
2016,UK,189 Skilled Indep,Skilled,VIC,209
2023,China,500 Student,Student,NSW,325
2023,Nepal,491 Skilled Regional,Skilled,VIC,567
2015,NZ,482 Temp Skill,Temporary,WA,723
2022,India,485 Temp Graduate,Temporary,NSW,30
2015,Nepal,200 Refugee,Humanitarian,ACT,418
2016,Nepal,500 Student,Student,NSW,48
2016,Vietnam,482 Temp Skill,Temporary,VIC,524
2017,Philippines,482 Temp Skill,Temporary,SA,624
2018,UK,820 Partner Temp,Family,NSW,372
2023,NZ,485 Temp Graduate,Temporary,VIC,137
2019,UK,500 Student,Student,QLD,676
2016,Philippines,189 Skilled Indep,Skilled,NSW,318
2017,USA,801 Partner Perm,Family,WA,261
2015,Pakistan,190 Skilled Nom,Skilled,WA,314
2015,NZ,491 Skilled Regional,Skilled,VIC,316
2019,India,482 Temp Skill,Temporary,VIC,107
2020,Nepal,189 Skilled Indep,Skilled,WA,257
2017,Nepal,485 Temp Graduate,Temporary,VIC,424
2018,NZ,485 Temp Graduate,Temporary,NSW,701
2016,Philippines,482 Temp Skill,Temporary,QLD,580
2021,Germany,801 Partner Perm,Family,SA,75
2018,India,143 Parent,Family,VIC,563
2016,USA,189 Skilled Indep,Skilled,WA,403
2019,USA,482 Temp Skill,Temporary,SA,674
2017,South Korea,500 Student,Student,VIC,709
2017,India,485 Temp Graduate,Temporary,VIC,444
2016,NZ,482 Temp Skill,Temporary,NSW,96
2022,Nepal,189 Skilled Indep,Skilled,QLD,65
2017,Nepal,500 Student,Student,NSW,326
2024,UK,500 Student,Student,QLD,697
2018,Malaysia,189 Skilled Indep,Skilled,VIC,343
2016,India,485 Temp Graduate,Temporary,NSW,39
2022,Indonesia,485 Temp Graduate,Temporary,NSW,607
2022,India,500 Student,Student,QLD,599
2023,Sri Lanka,485 Temp Graduate,Temporary,VIC,375
2016,Philippines,500 Student,Student,NSW,117
2022,Germany,190 Skilled Nom,Skilled,NSW,487
2023,India,500 Student,Student,NSW,669
2018,China,190 Skilled Nom,Skilled,VIC,70
2019,India,485 Temp Graduate,Temporary,VIC,628
2021,India,500 Student,Student,WA,176
2017,Vietnam,491 Skilled Regional,Skilled,VIC,475
2023,India,189 Skilled Indep,Skilled,VIC,201
2022,Germany,202 Global Special,Humanitarian,NSW,581
2023,South Korea,485 Temp Graduate,Temporary,WA,97
2019,India,482 Temp Skill,Temporary,VIC,588
2020,Nepal,482 Temp Skill,Temporary,VIC,185
2017,UK,143 Parent,Family,QLD,261
2018,Indonesia,485 Temp Graduate,Temporary,VIC,509
2022,South Korea,500 Student,Student,NSW,663
2024,Nepal,482 Temp Skill,Temporary,SA,398
2016,India,485 Temp Graduate,Temporary,VIC,108
2015,Philippines,189 Skilled Indep,Skilled,NSW,229
2015,Germany,500 Student,Student,VIC,330
2019,India,143 Parent,Family,NSW,503
2022,India,190 Skilled Nom,Skilled,NSW,208
2017,Nepal,200 Refugee,Humanitarian,VIC,474
2019,Sri Lanka,190 Skilled Nom,Skilled,SA,99
2020,South Korea,143 Parent,Family,NSW,329
2023,Malaysia,485 Temp Graduate,Temporary,SA,135
2016,China,820 Partner Temp,Family,NSW,617
2015,India,482 Temp Skill,Temporary,ACT,693
2020,India,801 Partner Perm,Family,SA,462
2018,India,500 Student,Student,TAS,624
2017,Germany,143 Parent,Family,NSW,464
2022,India,500 Student,Student,NSW,406
2022,Germany,482 Temp Skill,Temporary,QLD,400
2015,Philippines,491 Skilled Regional,Skilled,VIC,90
2020,Philippines,189 Skilled Indep,Skilled,VIC,507
2022,Sri Lanka,500 Student,Student,VIC,618
2023,Philippines,482 Temp Skill,Temporary,VIC,373
2015,Philippines,190 Skilled Nom,Skilled,QLD,320
2023,India,500 Student,Student,VIC,197
2015,Vietnam,189 Skilled Indep,Skilled,SA,570
2022,India,485 Temp Graduate,Temporary,VIC,620
2021,Philippines,190 Skilled Nom,Skilled,NSW,713
2024,India,143 Parent,Family,NSW,722
2021,Nepal,190 Skilled Nom,Skilled,VIC,685
2015,Germany,500 Student,Student,WA,638
2022,India,400 Temp Work,Temporary,NSW,239
2017,Vietnam,820 Partner Temp,Family,WA,531
2023,Germany,190 Skilled Nom,Skilled,VIC,539
2015,India,190 Skilled Nom,Skilled,NSW,561
2018,India,482 Temp Skill,Temporary,NSW,647
2022,India,202 Global Special,Humanitarian,VIC,519
2016,NZ,500 Student,Student,QLD,217
2021,Vietnam,190 Skilled Nom,Skilled,NSW,174
2022,Sri Lanka,482 Temp Skill,Temporary,QLD,81
2022,Bangladesh,143 Parent,Family,NSW,153
2023,China,485 Temp Graduate,Temporary,WA,665
2018,India,482 Temp Skill,Temporary,NSW,394
2016,Nepal,485 Temp Graduate,Temporary,VIC,257
2017,Germany,500 Student,Student,QLD,705
2018,China,482 Temp Skill,Temporary,WA,69
2015,UK,485 Temp Graduate,Temporary,WA,307
2022,China,482 Temp Skill,Temporary,NSW,34
2015,China,500 Student,Student,QLD,686
2015,India,400 Temp Work,Temporary,WA,456
2024,USA,491 Skilled Regional,Skilled,NSW,105
2023,India,485 Temp Graduate,Temporary,VIC,38
2017,UK,485 Temp Graduate,Temporary,VIC,606
2018,UK,500 Student,Student,NSW,386
2023,India,190 Skilled Nom,Skilled,QLD,665
2021,India,143 Parent,Family,QLD,422
2017,China,801 Partner Perm,Family,QLD,609
2019,Malaysia,482 Temp Skill,Temporary,VIC,551
2023,South Korea,189 Skilled Indep,Skilled,SA,269
2015,China,200 Refugee,Humanitarian,QLD,207
2024,Germany,190 Skilled Nom,Skilled,QLD,649
2021,NZ,500 Student,Student,VIC,526
2016,Vietnam,820 Partner Temp,Family,NSW,691
2023,India,485 Temp Graduate,Temporary,VIC,272
2015,India,202 Global Special,Humanitarian,NSW,321
2018,China,485 Temp Graduate,Temporary,NSW,32
2021,India,202 Global Special,Humanitarian,WA,482
2017,Indonesia,500 Student,Student,QLD,382
2023,Philippines,500 Student,Student,NSW,557
2022,Malaysia,482 Temp Skill,Temporary,VIC,80
2016,Nepal,189 Skilled Indep,Skilled,QLD,729
2016,Nepal,400 Temp Work,Temporary,NSW,517
2015,India,485 Temp Graduate,Temporary,VIC,135
2021,China,820 Partner Temp,Family,VIC,458
2016,UK,500 Student,Student,WA,174
2020,UK,500 Student,Student,VIC,237
2023,China,500 Student,Student,QLD,316
2023,India,200 Refugee,Humanitarian,TAS,164
2016,China,200 Refugee,Humanitarian,VIC,578
2018,Vietnam,482 Temp Skill,Temporary,NSW,561
2018,Sri Lanka,143 Parent,Family,NSW,496
2018,Vietnam,189 Skilled Indep,Skilled,QLD,47
2018,Sri Lanka,485 Temp Graduate,Temporary,NSW,386
2019,Nepal,143 Parent,Family,QLD,45
2022,India,202 Global Special,Humanitarian,QLD,452
2018,India,400 Temp Work,Temporary,WA,487
2018,Pakistan,491 Skilled Regional,Skilled,QLD,463
2018,China,482 Temp Skill,Temporary,VIC,637
2016,India,485 Temp Graduate,Temporary,VIC,470
2021,Sri Lanka,500 Student,Student,NSW,263
2018,Vietnam,500 Student,Student,QLD,668
2023,China,491 Skilled Regional,Skilled,NSW,418
2023,India,400 Temp Work,Temporary,NSW,527
2017,Nepal,801 Partner Perm,Family,VIC,366
2017,India,482 Temp Skill,Temporary,VIC,89
2022,Philippines,200 Refugee,Humanitarian,VIC,234
2020,Germany,485 Temp Graduate,Temporary,NSW,56
2015,Sri Lanka,482 Temp Skill,Temporary,SA,714
2021,China,500 Student,Student,QLD,664
2018,China,482 Temp Skill,Temporary,WA,715
2022,Sri Lanka,400 Temp Work,Temporary,ACT,630
2022,Malaysia,820 Partner Temp,Family,ACT,391
2024,Philippines,500 Student,Student,VIC,627
2022,China,190 Skilled Nom,Skilled,QLD,719
2023,Germany,189 Skilled Indep,Skilled,VIC,485
2017,Bangladesh,485 Temp Graduate,Temporary,VIC,62
2018,Vietnam,400 Temp Work,Temporary,VIC,389
2015,Vietnam,485 Temp Graduate,Temporary,NSW,68
2023,Philippines,500 Student,Student,VIC,295
2016,UK,143 Parent,Family,QLD,157
2020,China,801 Partner Perm,Family,NSW,407
2020,Philippines,189 Skilled Indep,Skilled,VIC,123
2023,UK,820 Partner Temp,Family,QLD,517
2018,UK,482 Temp Skill,Temporary,VIC,527
2016,Sri Lanka,500 Student,Student,QLD,141
2018,Pakistan,143 Parent,Family,QLD,39
2015,India,500 Student,Student,NSW,728
2018,Philippines,801 Partner Perm,Family,WA,187
2021,Vietnam,485 Temp Graduate,Temporary,QLD,519
2015,Philippines,190 Skilled Nom,Skilled,WA,536
2024,Nepal,482 Temp Skill,Temporary,VIC,286
2020,Philippines,482 Temp Skill,Temporary,VIC,201
2018,China,485 Temp Graduate,Temporary,NSW,725
2023,Germany,491 Skilled Regional,Skilled,WA,118
2016,Vietnam,801 Partner Perm,Family,NSW,330
2018,Indonesia,189 Skilled Indep,Skilled,SA,126
2024,Philippines,485 Temp Graduate,Temporary,NSW,35
2017,UK,485 Temp Graduate,Temporary,VIC,150
2022,Pakistan,500 Student,Student,WA,356
2015,Nepal,485 Temp Graduate,Temporary,QLD,323
2020,Nepal,400 Temp Work,Temporary,NSW,631
2021,Vietnam,500 Student,Student,SA,90
2017,UK,820 Partner Temp,Family,VIC,585
2018,South Korea,500 Student,Student,WA,395
2020,India,500 Student,Student,NSW,223
2021,Sri Lanka,500 Student,Student,QLD,537
2016,India,500 Student,Student,VIC,303
2018,Sri Lanka,190 Skilled Nom,Skilled,NSW,655
2024,Sri Lanka,482 Temp Skill,Temporary,VIC,464
2018,Philippines,500 Student,Student,SA,136
2022,India,820 Partner Temp,Family,VIC,348
2017,Malaysia,482 Temp Skill,Temporary,VIC,394
2019,India,500 Student,Student,VIC,472
2020,Pakistan,820 Partner Temp,Family,ACT,370
2021,India,491 Skilled Regional,Skilled,NSW,82
2022,Sri Lanka,801 Partner Perm,Family,NSW,701
2022,China,485 Temp Graduate,Temporary,QLD,665
2022,Germany,485 Temp Graduate,Temporary,VIC,601
2023,India,400 Temp Work,Temporary,QLD,70
2023,USA,485 Temp Graduate,Temporary,SA,709
2018,UK,200 Refugee,Humanitarian,NSW,389
2023,India,485 Temp Graduate,Temporary,SA,364
2020,India,485 Temp Graduate,Temporary,VIC,42
2017,India,485 Temp Graduate,Temporary,QLD,273
2016,Bangladesh,485 Temp Graduate,Temporary,QLD,554
2022,Vietnam,801 Partner Perm,Family,VIC,467
2021,NZ,485 Temp Graduate,Temporary,VIC,464
2015,Nepal,190 Skilled Nom,Skilled,VIC,562
2021,USA,820 Partner Temp,Family,QLD,387
2015,Pakistan,485 Temp Graduate,Temporary,QLD,324
2018,China,485 Temp Graduate,Temporary,WA,352
2021,India,200 Refugee,Humanitarian,NSW,224
2021,India,143 Parent,Family,NSW,340
2016,Vietnam,500 Student,Student,VIC,484
2015,China,485 Temp Graduate,Temporary,VIC,293
2021,India,500 Student,Student,ACT,421
2023,China,202 Global Special,Humanitarian,ACT,727
2022,Vietnam,189 Skilled Indep,Skilled,NSW,565
2018,Bangladesh,500 Student,Student,VIC,74
2021,USA,200 Refugee,Humanitarian,VIC,449
2022,Sri Lanka,485 Temp Graduate,Temporary,NSW,63
2023,Pakistan,500 Student,Student,VIC,155
2019,Germany,801 Partner Perm,Family,NSW,50
2023,Germany,400 Temp Work,Temporary,NSW,640
2018,China,500 Student,Student,NSW,172
2017,China,190 Skilled Nom,Skilled,TAS,104
2017,Bangladesh,200 Refugee,Humanitarian,VIC,92
2022,India,485 Temp Graduate,Temporary,WA,401
2023,Bangladesh,482 Temp Skill,Temporary,NSW,159
2019,India,820 Partner Temp,Family,SA,152
2022,Nepal,485 Temp Graduate,Temporary,ACT,75
2016,India,491 Skilled Regional,Skilled,VIC,235
2020,India,189 Skilled Indep,Skilled,VIC,63
2019,China,485 Temp Graduate,Temporary,VIC,710
2019,Philippines,485 Temp Graduate,Temporary,QLD,386
2016,India,189 Skilled Indep,Skilled,NSW,104
2021,NZ,485 Temp Graduate,Temporary,NSW,645
2022,Malaysia,485 Temp Graduate,Temporary,WA,193
2021,China,189 Skilled Indep,Skilled,VIC,697
2022,Bangladesh,485 Temp Graduate,Temporary,VIC,249
2019,Germany,190 Skilled Nom,Skilled,QLD,302
2023,China,485 Temp Graduate,Temporary,VIC,721
2021,Pakistan,500 Student,Student,ACT,89
2023,China,500 Student,Student,VIC,215
2018,Sri Lanka,189 Skilled Indep,Skilled,QLD,184
2022,India,500 Student,Student,SA,159
2017,South Korea,190 Skilled Nom,Skilled,VIC,107
2015,India,482 Temp Skill,Temporary,ACT,107
2024,India,202 Global Special,Humanitarian,QLD,130
2018,Germany,200 Refugee,Humanitarian,VIC,411
2015,Malaysia,491 Skilled Regional,Skilled,NSW,142
2021,USA,500 Student,Student,NSW,710
2024,India,485 Temp Graduate,Temporary,WA,556
2022,Nepal,485 Temp Graduate,Temporary,WA,460
2024,Vietnam,485 Temp Graduate,Temporary,QLD,443
2024,Nepal,143 Parent,Family,SA,484
2019,Pakistan,190 Skilled Nom,Skilled,WA,378
2017,Malaysia,190 Skilled Nom,Skilled,NSW,672
2015,China,190 Skilled Nom,Skilled,VIC,502
2017,Sri Lanka,190 Skilled Nom,Skilled,SA,103
2021,India,485 Temp Graduate,Temporary,VIC,709
2023,Vietnam,485 Temp Graduate,Temporary,WA,626
2015,Indonesia,485 Temp Graduate,Temporary,WA,43
2023,China,143 Parent,Family,WA,415
2022,Sri Lanka,485 Temp Graduate,Temporary,VIC,240
2022,Philippines,485 Temp Graduate,Temporary,NSW,149
2016,India,482 Temp Skill,Temporary,WA,455
2015,India,485 Temp Graduate,Temporary,VIC,665
2022,India,190 Skilled Nom,Skilled,VIC,398
2021,Nepal,500 Student,Student,VIC,414
2018,Vietnam,801 Partner Perm,Family,SA,104
2018,India,482 Temp Skill,Temporary,QLD,675
2015,India,500 Student,Student,NSW,500
2024,Malaysia,143 Parent,Family,VIC,98
2023,Germany,485 Temp Graduate,Temporary,ACT,407
2024,UK,143 Parent,Family,VIC,48
2023,China,482 Temp Skill,Temporary,VIC,220
2019,Nepal,200 Refugee,Humanitarian,QLD,458
2023,Nepal,143 Parent,Family,WA,42
2017,India,482 Temp Skill,Temporary,NSW,456
2022,Vietnam,482 Temp Skill,Temporary,VIC,503
2017,China,485 Temp Graduate,Temporary,NSW,278
2018,India,485 Temp Graduate,Temporary,QLD,158
2023,India,485 Temp Graduate,Temporary,NSW,118
2019,Vietnam,500 Student,Student,NSW,147
2023,South Korea,143 Parent,Family,NSW,90
2021,Vietnam,500 Student,Student,VIC,352
2017,South Korea,500 Student,Student,NSW,617
2017,NZ,189 Skilled Indep,Skilled,NSW,103
2015,India,143 Parent,Family,NSW,127
2021,Nepal,801 Partner Perm,Family,SA,292
2023,UK,190 Skilled Nom,Skilled,NSW,336
2017,India,500 Student,Student,QLD,93
2019,China,400 Temp Work,Temporary,SA,64
2024,China,820 Partner Temp,Family,VIC,584
2018,Bangladesh,482 Temp Skill,Temporary,SA,643
2024,China,190 Skilled Nom,Skilled,VIC,476
2023,India,482 Temp Skill,Temporary,WA,601
2019,Nepal,143 Parent,Family,QLD,60
2021,South Korea,500 Student,Student,VIC,700
2015,India,500 Student,Student,QLD,345
2020,China,500 Student,Student,NSW,237
2022,Sri Lanka,190 Skilled Nom,Skilled,WA,67
2017,China,482 Temp Skill,Temporary,ACT,586
2015,China,485 Temp Graduate,Temporary,NSW,97
2015,Germany,189 Skilled Indep,Skilled,NSW,662
2016,China,189 Skilled Indep,Skilled,VIC,497
2017,Philippines,143 Parent,Family,QLD,283
2023,India,485 Temp Graduate,Temporary,NSW,127
2019,China,485 Temp Graduate,Temporary,VIC,590
2020,Philippines,500 Student,Student,VIC,369
2018,Sri Lanka,485 Temp Graduate,Temporary,NSW,477
2017,Malaysia,485 Temp Graduate,Temporary,WA,497
2020,India,820 Partner Temp,Family,WA,71
2022,Germany,820 Partner Temp,Family,VIC,326
2016,India,500 Student,Student,NSW,611
2019,Bangladesh,482 Temp Skill,Temporary,VIC,477
2021,Bangladesh,500 Student,Student,VIC,112
2024,Sri Lanka,400 Temp Work,Temporary,NSW,547
2017,Sri Lanka,485 Temp Graduate,Temporary,WA,412
2018,Nepal,820 Partner Temp,Family,TAS,57
2021,China,200 Refugee,Humanitarian,WA,274
2016,India,500 Student,Student,NSW,177
2021,Pakistan,485 Temp Graduate,Temporary,NSW,647
2024,South Korea,485 Temp Graduate,Temporary,VIC,63
2017,Philippines,820 Partner Temp,Family,WA,516
2019,India,500 Student,Student,NSW,594
2016,UK,485 Temp Graduate,Temporary,SA,268
2020,India,482 Temp Skill,Temporary,QLD,665
2024,USA,500 Student,Student,VIC,221
2020,China,491 Skilled Regional,Skilled,VIC,440
2017,UK,500 Student,Student,QLD,636
2018,Vietnam,500 Student,Student,QLD,699
2021,Malaysia,485 Temp Graduate,Temporary,VIC,677
2023,Vietnam,202 Global Special,Humanitarian,VIC,243
2019,Bangladesh,200 Refugee,Humanitarian,SA,378
2019,India,482 Temp Skill,Temporary,NSW,430
2023,Vietnam,400 Temp Work,Temporary,VIC,360
2016,Nepal,189 Skilled Indep,Skilled,VIC,462
2024,Philippines,482 Temp Skill,Temporary,QLD,496
2019,China,500 Student,Student,QLD,240
2018,India,485 Temp Graduate,Temporary,SA,225
2022,India,143 Parent,Family,NSW,569
2017,UK,400 Temp Work,Temporary,QLD,611
2016,India,485 Temp Graduate,Temporary,QLD,353
2017,Sri Lanka,801 Partner Perm,Family,WA,227
2022,India,485 Temp Graduate,Temporary,VIC,226
2016,Nepal,482 Temp Skill,Temporary,VIC,409
2019,Sri Lanka,500 Student,Student,VIC,61
2017,China,190 Skilled Nom,Skilled,WA,290
2020,Bangladesh,500 Student,Student,QLD,197
2016,Germany,190 Skilled Nom,Skilled,NSW,559
2022,China,482 Temp Skill,Temporary,NSW,274
2024,India,143 Parent,Family,VIC,539
2018,India,485 Temp Graduate,Temporary,NSW,615
2018,India,500 Student,Student,VIC,222
2021,China,482 Temp Skill,Temporary,NSW,538
2022,Germany,485 Temp Graduate,Temporary,QLD,721
2015,Indonesia,500 Student,Student,NSW,598
2022,China,485 Temp Graduate,Temporary,NSW,356
2023,UK,200 Refugee,Humanitarian,QLD,295
2022,UK,190 Skilled Nom,Skilled,QLD,565
2019,India,485 Temp Graduate,Temporary,ACT,87
2023,UK,485 Temp Graduate,Temporary,VIC,446
2020,Philippines,820 Partner Temp,Family,VIC,369
2016,India,801 Partner Perm,Family,NSW,401
2017,India,820 Partner Temp,Family,NSW,617
2021,Nepal,500 Student,Student,WA,453
2020,Germany,482 Temp Skill,Temporary,WA,275
2023,India,801 Partner Perm,Family,WA,308
2022,Philippines,491 Skilled Regional,Skilled,VIC,323
2017,India,202 Global Special,Humanitarian,NSW,548
2018,China,190 Skilled Nom,Skilled,NSW,496
2022,Bangladesh,485 Temp Graduate,Temporary,NSW,375
2019,Pakistan,485 Temp Graduate,Temporary,QLD,611
2017,China,189 Skilled Indep,Skilled,QLD,345
2024,India,200 Refugee,Humanitarian,NSW,502
2019,Bangladesh,820 Partner Temp,Family,VIC,391
2018,USA,482 Temp Skill,Temporary,NSW,566
2020,Philippines,500 Student,Student,QLD,390
2018,Vietnam,801 Partner Perm,Family,QLD,704
2017,Pakistan,200 Refugee,Humanitarian,NSW,515
2021,Nepal,485 Temp Graduate,Temporary,WA,642
2022,Philippines,190 Skilled Nom,Skilled,VIC,262
2018,India,491 Skilled Regional,Skilled,NSW,703
2016,India,189 Skilled Indep,Skilled,QLD,571
2019,China,500 Student,Student,NSW,228
2018,China,500 Student,Student,NSW,411
2019,Philippines,482 Temp Skill,Temporary,WA,113
2017,India,500 Student,Student,TAS,535
2022,Pakistan,500 Student,Student,VIC,629
2017,India,500 Student,Student,QLD,721
2015,China,485 Temp Graduate,Temporary,NSW,646
2022,Pakistan,485 Temp Graduate,Temporary,NSW,63
2022,Vietnam,400 Temp Work,Temporary,TAS,449
2017,Malaysia,189 Skilled Indep,Skilled,QLD,722
2016,China,500 Student,Student,WA,586
2021,Bangladesh,491 Skilled Regional,Skilled,VIC,549
2023,India,500 Student,Student,NSW,309
2017,China,485 Temp Graduate,Temporary,NSW,307
2020,Philippines,482 Temp Skill,Temporary,WA,606
2017,India,485 Temp Graduate,Temporary,QLD,522
2022,China,500 Student,Student,TAS,485
2019,India,482 Temp Skill,Temporary,NSW,712
2018,India,482 Temp Skill,Temporary,NSW,87
2021,Sri Lanka,485 Temp Graduate,Temporary,VIC,514
2020,China,482 Temp Skill,Temporary,QLD,423
2017,China,820 Partner Temp,Family,VIC,525
2018,China,190 Skilled Nom,Skilled,WA,610
2024,Indonesia,491 Skilled Regional,Skilled,VIC,635
2023,UK,190 Skilled Nom,Skilled,VIC,338
2020,Nepal,482 Temp Skill,Temporary,WA,131
2021,Vietnam,500 Student,Student,VIC,219
2016,China,190 Skilled Nom,Skilled,VIC,305
2018,China,801 Partner Perm,Family,VIC,119
2023,China,482 Temp Skill,Temporary,NSW,448
2016,South Korea,491 Skilled Regional,Skilled,NSW,139
2024,Malaysia,485 Temp Graduate,Temporary,VIC,182
2023,Germany,143 Parent,Family,SA,44
2022,Sri Lanka,190 Skilled Nom,Skilled,QLD,594
2018,Nepal,190 Skilled Nom,Skilled,NSW,484
2016,China,143 Parent,Family,VIC,125
2017,China,801 Partner Perm,Family,VIC,171
2022,Philippines,500 Student,Student,VIC,489
2019,India,485 Temp Graduate,Temporary,VIC,143
2023,China,500 Student,Student,VIC,339
2017,Pakistan,500 Student,Student,ACT,355
2023,China,485 Temp Graduate,Temporary,VIC,428
2023,USA,190 Skilled Nom,Skilled,NSW,270
2022,Philippines,485 Temp Graduate,Temporary,WA,313
2017,China,485 Temp Graduate,Temporary,NSW,69
2017,Sri Lanka,485 Temp Graduate,Temporary,VIC,527
2015,Nepal,190 Skilled Nom,Skilled,TAS,657
2015,South Korea,491 Skilled Regional,Skilled,QLD,282
2022,China,202 Global Special,Humanitarian,VIC,584
2019,UK,491 Skilled Regional,Skilled,VIC,563
2022,China,189 Skilled Indep,Skilled,VIC,203
2017,Vietnam,485 Temp Graduate,Temporary,ACT,504
2018,Nepal,482 Temp Skill,Temporary,QLD,200
2023,China,801 Partner Perm,Family,QLD,389
2024,China,482 Temp Skill,Temporary,NSW,67
2016,Pakistan,500 Student,Student,WA,563
2022,Philippines,820 Partner Temp,Family,NSW,519
2020,China,500 Student,Student,TAS,153
2015,Philippines,200 Refugee,Humanitarian,TAS,432
2021,Bangladesh,820 Partner Temp,Family,NSW,357
2017,India,485 Temp Graduate,Temporary,NSW,500
2018,Vietnam,482 Temp Skill,Temporary,VIC,359
2024,China,400 Temp Work,Temporary,NSW,267
2022,Sri Lanka,500 Student,Student,QLD,403
2015,Bangladesh,202 Global Special,Humanitarian,NSW,710
2022,Philippines,500 Student,Student,SA,401
2015,India,482 Temp Skill,Temporary,VIC,302
2023,Philippines,500 Student,Student,NSW,183
2021,Philippines,485 Temp Graduate,Temporary,NSW,74
2021,NZ,485 Temp Graduate,Temporary,NSW,52
2015,Sri Lanka,485 Temp Graduate,Temporary,SA,594
2015,China,482 Temp Skill,Temporary,NSW,155
2020,Philippines,190 Skilled Nom,Skilled,QLD,406
2018,China,200 Refugee,Humanitarian,NSW,375
2023,India,200 Refugee,Humanitarian,QLD,458
2017,Philippines,500 Student,Student,VIC,581
2018,Sri Lanka,500 Student,Student,WA,427
2016,China,485 Temp Graduate,Temporary,WA,82
2020,China,190 Skilled Nom,Skilled,QLD,50
2024,NZ,500 Student,Student,VIC,31
2017,India,189 Skilled Indep,Skilled,NSW,180
2022,China,491 Skilled Regional,Skilled,VIC,587
2016,India,820 Partner Temp,Family,VIC,122
2023,UK,500 Student,Student,QLD,209
2020,Philippines,485 Temp Graduate,Temporary,NSW,566
2016,China,820 Partner Temp,Family,VIC,690
2022,Philippines,500 Student,Student,WA,412
2023,China,491 Skilled Regional,Skilled,QLD,197
2016,Vietnam,500 Student,Student,VIC,106
2016,Germany,482 Temp Skill,Temporary,WA,383
2017,Pakistan,482 Temp Skill,Temporary,VIC,412
2020,China,485 Temp Graduate,Temporary,QLD,40
2024,India,482 Temp Skill,Temporary,VIC,228
2023,UK,500 Student,Student,VIC,169
2018,Germany,189 Skilled Indep,Skilled,NSW,60
2015,India,500 Student,Student,QLD,425
2021,Bangladesh,485 Temp Graduate,Temporary,WA,63
2021,India,500 Student,Student,NSW,583
2017,Nepal,189 Skilled Indep,Skilled,VIC,437
2021,China,189 Skilled Indep,Skilled,VIC,568
2024,India,482 Temp Skill,Temporary,TAS,39
2016,China,482 Temp Skill,Temporary,VIC,439
2018,Philippines,400 Temp Work,Temporary,NSW,105
2023,UK,482 Temp Skill,Temporary,WA,349
2016,China,400 Temp Work,Temporary,QLD,718
2016,UK,482 Temp Skill,Temporary,VIC,144
2016,Pakistan,482 Temp Skill,Temporary,QLD,91
2022,UK,200 Refugee,Humanitarian,VIC,379
2016,Sri Lanka,491 Skilled Regional,Skilled,TAS,677
2016,Pakistan,500 Student,Student,SA,206
2021,Sri Lanka,189 Skilled Indep,Skilled,VIC,624
2022,India,491 Skilled Regional,Skilled,NSW,294
2022,India,143 Parent,Family,NSW,66
2019,Bangladesh,400 Temp Work,Temporary,WA,654
2023,Vietnam,202 Global Special,Humanitarian,WA,357
2016,India,500 Student,Student,VIC,553
2019,China,143 Parent,Family,NSW,103
2018,India,482 Temp Skill,Temporary,SA,173
2020,Philippines,202 Global Special,Humanitarian,VIC,398
2017,Nepal,400 Temp Work,Temporary,VIC,470
2016,UK,190 Skilled Nom,Skilled,VIC,671
2024,Nepal,189 Skilled Indep,Skilled,NSW,628
2018,China,200 Refugee,Humanitarian,SA,234
2019,Philippines,200 Refugee,Humanitarian,SA,415
2023,India,143 Parent,Family,WA,141
2018,India,820 Partner Temp,Family,VIC,289
2018,NZ,189 Skilled Indep,Skilled,WA,702
2021,India,400 Temp Work,Temporary,QLD,96
2015,India,190 Skilled Nom,Skilled,QLD,642
2015,USA,500 Student,Student,VIC,59
2021,Nepal,500 Student,Student,VIC,597
2018,Germany,485 Temp Graduate,Temporary,WA,584
2015,Philippines,500 Student,Student,VIC,474
2017,UK,189 Skilled Indep,Skilled,NSW,211
2022,Nepal,491 Skilled Regional,Skilled,SA,247
2022,India,500 Student,Student,QLD,626
2020,Nepal,801 Partner Perm,Family,NSW,425
2017,Nepal,190 Skilled Nom,Skilled,VIC,329
2023,India,485 Temp Graduate,Temporary,VIC,461
2017,UK,202 Global Special,Humanitarian,SA,480
2022,India,400 Temp Work,Temporary,VIC,39
2016,India,482 Temp Skill,Temporary,NSW,321
2024,Pakistan,801 Partner Perm,Family,NSW,225
2022,India,485 Temp Graduate,Temporary,SA,201
2020,India,200 Refugee,Humanitarian,ACT,719
2019,India,801 Partner Perm,Family,QLD,384
2021,Nepal,801 Partner Perm,Family,VIC,590
2021,India,143 Parent,Family,NSW,152
2020,China,482 Temp Skill,Temporary,VIC,554
2022,India,500 Student,Student,NSW,612
2015,China,485 Temp Graduate,Temporary,NSW,75
2018,China,485 Temp Graduate,Temporary,VIC,162
2022,India,500 Student,Student,NSW,510
2019,UK,189 Skilled Indep,Skilled,NSW,341
2024,China,485 Temp Graduate,Temporary,VIC,198
2020,China,482 Temp Skill,Temporary,NSW,377
2018,Bangladesh,190 Skilled Nom,Skilled,VIC,219
2023,India,500 Student,Student,QLD,349
2019,Pakistan,500 Student,Student,SA,691
2020,India,485 Temp Graduate,Temporary,NSW,250
2021,Nepal,189 Skilled Indep,Skilled,NSW,312
2023,Indonesia,500 Student,Student,NSW,302
2017,China,801 Partner Perm,Family,QLD,526
2023,Malaysia,482 Temp Skill,Temporary,NSW,617
2021,China,485 Temp Graduate,Temporary,NSW,235
2018,Nepal,400 Temp Work,Temporary,QLD,508
2018,India,482 Temp Skill,Temporary,VIC,621
2024,South Korea,485 Temp Graduate,Temporary,QLD,391
2024,South Korea,143 Parent,Family,VIC,603
2020,Vietnam,143 Parent,Family,TAS,239
2018,Nepal,143 Parent,Family,QLD,254
2024,Indonesia,500 Student,Student,VIC,214
2015,China,143 Parent,Family,WA,714
2015,Sri Lanka,485 Temp Graduate,Temporary,VIC,354
2019,South Korea,801 Partner Perm,Family,WA,718
2021,Nepal,485 Temp Graduate,Temporary,NSW,693
2015,India,485 Temp Graduate,Temporary,VIC,74
2016,UK,485 Temp Graduate,Temporary,NSW,100
2015,Philippines,500 Student,Student,NSW,328
2017,Bangladesh,500 Student,Student,VIC,49
2016,Germany,500 Student,Student,WA,96
2016,India,190 Skilled Nom,Skilled,VIC,658
2016,UK,202 Global Special,Humanitarian,VIC,639
2018,Vietnam,801 Partner Perm,Family,VIC,513
2016,UK,500 Student,Student,ACT,65
2022,India,801 Partner Perm,Family,QLD,142
2018,Sri Lanka,500 Student,Student,WA,582
2016,India,482 Temp Skill,Temporary,QLD,265
2021,Malaysia,485 Temp Graduate,Temporary,NSW,368
2022,Pakistan,482 Temp Skill,Temporary,NSW,224
2018,India,485 Temp Graduate,Temporary,TAS,480
2015,Nepal,500 Student,Student,SA,336
2021,Pakistan,801 Partner Perm,Family,NSW,48
2022,Nepal,482 Temp Skill,Temporary,VIC,521
2023,Nepal,200 Refugee,Humanitarian,ACT,544
2022,India,500 Student,Student,SA,672
2021,Nepal,491 Skilled Regional,Skilled,QLD,620
2018,Nepal,491 Skilled Regional,Skilled,WA,333
2017,India,491 Skilled Regional,Skilled,VIC,487
2015,China,482 Temp Skill,Temporary,VIC,704
2023,Sri Lanka,482 Temp Skill,Temporary,VIC,702
2021,Nepal,485 Temp Graduate,Temporary,VIC,658
2017,China,801 Partner Perm,Family,VIC,412
2016,India,485 Temp Graduate,Temporary,QLD,53
2017,China,189 Skilled Indep,Skilled,VIC,246
2022,Sri Lanka,500 Student,Student,QLD,279
2017,China,485 Temp Graduate,Temporary,VIC,79
2015,Indonesia,485 Temp Graduate,Temporary,NSW,43
2018,China,820 Partner Temp,Family,VIC,283
2018,India,143 Parent,Family,NSW,153
2022,Philippines,500 Student,Student,NSW,476
2020,Indonesia,143 Parent,Family,VIC,95
2019,Germany,500 Student,Student,VIC,472
2024,China,482 Temp Skill,Temporary,NSW,715
2023,India,200 Refugee,Humanitarian,WA,69
2016,Philippines,500 Student,Student,QLD,205
2017,China,190 Skilled Nom,Skilled,VIC,142
2018,Germany,500 Student,Student,QLD,568
2015,Germany,801 Partner Perm,Family,QLD,619
2022,UK,485 Temp Graduate,Temporary,NSW,238
2022,Vietnam,500 Student,Student,SA,594
2017,Sri Lanka,190 Skilled Nom,Skilled,VIC,450
2023,Sri Lanka,801 Partner Perm,Family,WA,399
2020,Indonesia,500 Student,Student,QLD,388
2017,UK,820 Partner Temp,Family,WA,162
2021,Pakistan,482 Temp Skill,Temporary,NSW,463
2022,China,189 Skilled Indep,Skilled,QLD,673
2022,UK,482 Temp Skill,Temporary,NSW,543
2024,USA,820 Partner Temp,Family,QLD,254
2023,India,485 Temp Graduate,Temporary,QLD,726
2018,Germany,190 Skilled Nom,Skilled,VIC,512
2019,India,491 Skilled Regional,Skilled,NSW,642
2015,Pakistan,485 Temp Graduate,Temporary,QLD,696
2018,NZ,491 Skilled Regional,Skilled,QLD,712
2016,Germany,500 Student,Student,NSW,53
2016,China,400 Temp Work,Temporary,NSW,372
2023,Philippines,482 Temp Skill,Temporary,VIC,63
2015,China,820 Partner Temp,Family,QLD,263
2016,India,820 Partner Temp,Family,VIC,626
2021,Vietnam,491 Skilled Regional,Skilled,VIC,71
2021,China,485 Temp Graduate,Temporary,VIC,166
2019,UK,491 Skilled Regional,Skilled,NSW,188
2023,India,482 Temp Skill,Temporary,NSW,532
2017,India,482 Temp Skill,Temporary,QLD,639
2017,Bangladesh,485 Temp Graduate,Temporary,QLD,514
2020,Vietnam,801 Partner Perm,Family,WA,150
2016,Bangladesh,485 Temp Graduate,Temporary,SA,715
2022,South Korea,200 Refugee,Humanitarian,VIC,507
2024,Philippines,482 Temp Skill,Temporary,VIC,142
2023,Indonesia,202 Global Special,Humanitarian,QLD,51
2023,Philippines,400 Temp Work,Temporary,VIC,52
2015,China,190 Skilled Nom,Skilled,TAS,651
2019,China,500 Student,Student,NSW,288
2023,UK,500 Student,Student,WA,462
2023,Nepal,143 Parent,Family,VIC,50
2021,China,485 Temp Graduate,Temporary,NSW,566
2021,China,482 Temp Skill,Temporary,NSW,418
2017,China,491 Skilled Regional,Skilled,NSW,307
2017,India,500 Student,Student,ACT,66
2015,Malaysia,482 Temp Skill,Temporary,QLD,412
2023,Nepal,500 Student,Student,VIC,696
2017,Indonesia,189 Skilled Indep,Skilled,NSW,236
2024,China,500 Student,Student,VIC,174
2015,India,485 Temp Graduate,Temporary,QLD,117
2022,Nepal,482 Temp Skill,Temporary,NSW,617
2020,NZ,500 Student,Student,WA,462
2015,India,485 Temp Graduate,Temporary,NSW,408
2021,NZ,801 Partner Perm,Family,VIC,623
2022,Nepal,482 Temp Skill,Temporary,VIC,655
2022,China,801 Partner Perm,Family,SA,494
2022,Indonesia,482 Temp Skill,Temporary,VIC,502
2022,China,482 Temp Skill,Temporary,VIC,425
2022,China,820 Partner Temp,Family,VIC,120
2018,South Korea,485 Temp Graduate,Temporary,ACT,301
2024,Bangladesh,200 Refugee,Humanitarian,NSW,497
2019,Philippines,801 Partner Perm,Family,NSW,469
2017,Sri Lanka,485 Temp Graduate,Temporary,VIC,297
2024,Philippines,482 Temp Skill,Temporary,QLD,218
2017,Indonesia,820 Partner Temp,Family,WA,322
2019,Philippines,482 Temp Skill,Temporary,NSW,82
2022,China,190 Skilled Nom,Skilled,VIC,199
2022,India,482 Temp Skill,Temporary,VIC,599
2018,South Korea,485 Temp Graduate,Temporary,NSW,45
2015,South Korea,482 Temp Skill,Temporary,ACT,649
2021,China,482 Temp Skill,Temporary,SA,648
2021,USA,801 Partner Perm,Family,VIC,44
2022,China,801 Partner Perm,Family,NSW,143
2017,China,200 Refugee,Humanitarian,SA,395
2023,Bangladesh,801 Partner Perm,Family,SA,350
2022,India,485 Temp Graduate,Temporary,NSW,456
2023,Sri Lanka,482 Temp Skill,Temporary,QLD,313
2022,UK,820 Partner Temp,Family,VIC,390
2022,China,820 Partner Temp,Family,WA,412
2020,India,190 Skilled Nom,Skilled,NSW,645
2023,USA,491 Skilled Regional,Skilled,VIC,439
2017,UK,200 Refugee,Humanitarian,ACT,69
2021,Vietnam,500 Student,Student,VIC,425
2022,China,190 Skilled Nom,Skilled,VIC,469
2022,India,400 Temp Work,Temporary,NSW,149
2016,China,485 Temp Graduate,Temporary,QLD,439
2018,China,189 Skilled Indep,Skilled,VIC,537
2024,India,482 Temp Skill,Temporary,WA,152
2022,UK,200 Refugee,Humanitarian,ACT,683
2016,China,485 Temp Graduate,Temporary,QLD,508
2019,Pakistan,482 Temp Skill,Temporary,VIC,114
2023,India,801 Partner Perm,Family,SA,74
2023,China,482 Temp Skill,Temporary,SA,668
2020,India,485 Temp Graduate,Temporary,SA,577
2016,Indonesia,500 Student,Student,VIC,629
2017,Pakistan,820 Partner Temp,Family,VIC,34
2015,Philippines,189 Skilled Indep,Skilled,VIC,173
2016,Pakistan,400 Temp Work,Temporary,NSW,277
2015,Vietnam,189 Skilled Indep,Skilled,VIC,692
2022,NZ,485 Temp Graduate,Temporary,NSW,250
2022,Vietnam,482 Temp Skill,Temporary,VIC,688
2019,Philippines,485 Temp Graduate,Temporary,NSW,351
2023,Nepal,482 Temp Skill,Temporary,NSW,339
2016,Nepal,500 Student,Student,NSW,257
2017,China,500 Student,Student,QLD,191
2021,Nepal,485 Temp Graduate,Temporary,VIC,488
2020,Philippines,189 Skilled Indep,Skilled,VIC,610
2016,UK,500 Student,Student,QLD,123
2023,Malaysia,200 Refugee,Humanitarian,VIC,214
2021,Malaysia,202 Global Special,Humanitarian,VIC,711
2021,Sri Lanka,202 Global Special,Humanitarian,NSW,560
2018,UK,190 Skilled Nom,Skilled,WA,456
2021,Philippines,485 Temp Graduate,Temporary,WA,507
2015,Vietnam,820 Partner Temp,Family,QLD,463
2018,Germany,482 Temp Skill,Temporary,VIC,44
2021,India,801 Partner Perm,Family,VIC,678
2021,Philippines,485 Temp Graduate,Temporary,QLD,128
2020,Germany,143 Parent,Family,VIC,160
2015,India,482 Temp Skill,Temporary,NSW,281
2018,Nepal,491 Skilled Regional,Skilled,WA,325
2024,Sri Lanka,143 Parent,Family,QLD,497
2024,NZ,500 Student,Student,SA,370
2023,Pakistan,801 Partner Perm,Family,ACT,284
2015,India,482 Temp Skill,Temporary,NSW,390
2015,India,500 Student,Student,WA,114
2017,Nepal,200 Refugee,Humanitarian,NSW,719
2023,UK,190 Skilled Nom,Skilled,VIC,463
2017,India,491 Skilled Regional,Skilled,NSW,128
2017,India,485 Temp Graduate,Temporary,QLD,236
2017,India,190 Skilled Nom,Skilled,VIC,361
2022,Nepal,485 Temp Graduate,Temporary,SA,596
2020,Vietnam,500 Student,Student,WA,378
2023,Nepal,820 Partner Temp,Family,WA,410
2015,China,801 Partner Perm,Family,VIC,490
2015,Indonesia,482 Temp Skill,Temporary,QLD,127
2023,China,189 Skilled Indep,Skilled,VIC,218
2016,China,190 Skilled Nom,Skilled,VIC,246
2022,USA,202 Global Special,Humanitarian,VIC,681
2021,Indonesia,485 Temp Graduate,Temporary,NSW,40
2017,Philippines,500 Student,Student,NSW,678
2017,China,485 Temp Graduate,Temporary,SA,202
2022,China,143 Parent,Family,NSW,585
2015,India,485 Temp Graduate,Temporary,VIC,458
2024,India,482 Temp Skill,Temporary,ACT,466
2015,India,190 Skilled Nom,Skilled,NSW,38
2016,Nepal,189 Skilled Indep,Skilled,VIC,355
2021,India,200 Refugee,Humanitarian,SA,470
2016,India,485 Temp Graduate,Temporary,VIC,621
2024,UK,143 Parent,Family,VIC,535
2019,China,500 Student,Student,VIC,400
2015,Nepal,485 Temp Graduate,Temporary,SA,385
2016,South Korea,482 Temp Skill,Temporary,TAS,652
2020,Pakistan,491 Skilled Regional,Skilled,NSW,71
2023,China,485 Temp Graduate,Temporary,NSW,248
2017,Vietnam,485 Temp Graduate,Temporary,QLD,203
2018,China,801 Partner Perm,Family,VIC,360
2021,NZ,500 Student,Student,WA,411
2021,China,482 Temp Skill,Temporary,VIC,203
2022,China,485 Temp Graduate,Temporary,VIC,108
2018,Philippines,491 Skilled Regional,Skilled,NSW,545
2018,China,500 Student,Student,VIC,234
2023,USA,500 Student,Student,SA,284
2023,Bangladesh,500 Student,Student,NSW,660
2018,China,189 Skilled Indep,Skilled,NSW,556
2024,Nepal,500 Student,Student,NSW,580
2016,Nepal,482 Temp Skill,Temporary,VIC,678
2023,Philippines,801 Partner Perm,Family,QLD,50
2023,Pakistan,482 Temp Skill,Temporary,VIC,380
2021,Philippines,500 Student,Student,VIC,72
2022,India,189 Skilled Indep,Skilled,QLD,632
2015,Pakistan,202 Global Special,Humanitarian,VIC,142
2023,Sri Lanka,500 Student,Student,NSW,462
2022,Sri Lanka,500 Student,Student,NSW,279
2021,Philippines,485 Temp Graduate,Temporary,WA,50
2021,China,482 Temp Skill,Temporary,SA,664
2016,India,485 Temp Graduate,Temporary,ACT,326
2023,Bangladesh,801 Partner Perm,Family,QLD,470
2020,China,200 Refugee,Humanitarian,NSW,424
2021,Pakistan,485 Temp Graduate,Temporary,NSW,204
2016,India,820 Partner Temp,Family,NSW,198
2021,India,500 Student,Student,VIC,173
2017,Vietnam,500 Student,Student,NSW,347
2022,Bangladesh,189 Skilled Indep,Skilled,VIC,642
2015,Pakistan,485 Temp Graduate,Temporary,VIC,518
2016,Pakistan,485 Temp Graduate,Temporary,VIC,73
2017,Germany,500 Student,Student,NSW,634
2018,India,190 Skilled Nom,Skilled,NSW,153
2023,China,189 Skilled Indep,Skilled,VIC,239
2015,Philippines,820 Partner Temp,Family,NSW,485
2020,USA,482 Temp Skill,Temporary,QLD,313
2015,India,500 Student,Student,SA,118
2018,Pakistan,482 Temp Skill,Temporary,QLD,362
2017,India,143 Parent,Family,VIC,42
2016,India,485 Temp Graduate,Temporary,WA,67
2019,Philippines,200 Refugee,Humanitarian,ACT,215
2018,Sri Lanka,400 Temp Work,Temporary,ACT,100
2017,China,491 Skilled Regional,Skilled,NSW,511
2021,India,190 Skilled Nom,Skilled,QLD,253
2017,China,500 Student,Student,VIC,328
2024,Vietnam,143 Parent,Family,WA,203
2017,USA,500 Student,Student,VIC,498
2024,Bangladesh,482 Temp Skill,Temporary,SA,700
2016,Nepal,820 Partner Temp,Family,NSW,653
2024,Pakistan,400 Temp Work,Temporary,NSW,103
2015,India,485 Temp Graduate,Temporary,TAS,584
2015,China,491 Skilled Regional,Skilled,QLD,670
2016,NZ,500 Student,Student,TAS,414
2022,Indonesia,820 Partner Temp,Family,VIC,610
2017,Pakistan,500 Student,Student,QLD,36
2017,Nepal,482 Temp Skill,Temporary,VIC,643
2022,Germany,500 Student,Student,SA,71
2015,China,820 Partner Temp,Family,NSW,237
2020,China,482 Temp Skill,Temporary,VIC,477
2018,India,500 Student,Student,VIC,207
2016,Nepal,500 Student,Student,SA,681
2023,India,190 Skilled Nom,Skilled,NSW,79
2018,China,500 Student,Student,NSW,172
2017,Pakistan,485 Temp Graduate,Temporary,WA,360
2022,China,500 Student,Student,QLD,420
2023,UK,820 Partner Temp,Family,VIC,438
2017,Philippines,485 Temp Graduate,Temporary,VIC,259
2016,Nepal,482 Temp Skill,Temporary,WA,629
2024,Nepal,189 Skilled Indep,Skilled,QLD,357
2019,India,189 Skilled Indep,Skilled,VIC,202
2020,Malaysia,189 Skilled Indep,Skilled,VIC,419
2019,India,202 Global Special,Humanitarian,QLD,180
2023,Vietnam,485 Temp Graduate,Temporary,VIC,37
2019,China,202 Global Special,Humanitarian,NSW,454
2022,India,500 Student,Student,NSW,554
2020,China,500 Student,Student,VIC,563
2015,India,202 Global Special,Humanitarian,VIC,127
2020,Nepal,500 Student,Student,SA,645
2023,Malaysia,482 Temp Skill,Temporary,QLD,346
2020,Pakistan,500 Student,Student,VIC,236
2018,China,801 Partner Perm,Family,TAS,148
2015,NZ,189 Skilled Indep,Skilled,ACT,88
2022,China,189 Skilled Indep,Skilled,NSW,405
2018,India,190 Skilled Nom,Skilled,VIC,586
2018,Nepal,200 Refugee,Humanitarian,VIC,240
2018,Bangladesh,200 Refugee,Humanitarian,WA,454
2018,China,482 Temp Skill,Temporary,NSW,338
2018,Germany,801 Partner Perm,Family,VIC,64
2017,China,190 Skilled Nom,Skilled,WA,218
2019,Vietnam,189 Skilled Indep,Skilled,NSW,129
2015,Philippines,500 Student,Student,SA,498
2017,India,801 Partner Perm,Family,VIC,364
2019,Germany,491 Skilled Regional,Skilled,VIC,298
2023,Sri Lanka,200 Refugee,Humanitarian,VIC,116
2019,China,482 Temp Skill,Temporary,VIC,539
2020,China,190 Skilled Nom,Skilled,VIC,696
2023,China,482 Temp Skill,Temporary,TAS,72
2023,Sri Lanka,485 Temp Graduate,Temporary,WA,277
2022,Pakistan,491 Skilled Regional,Skilled,NSW,482
2021,Malaysia,202 Global Special,Humanitarian,QLD,384
2021,China,820 Partner Temp,Family,QLD,708
2017,China,801 Partner Perm,Family,QLD,308
2016,China,190 Skilled Nom,Skilled,NSW,626
2015,UK,190 Skilled Nom,Skilled,QLD,161
2016,Nepal,820 Partner Temp,Family,VIC,601
2021,China,801 Partner Perm,Family,VIC,172
2021,Philippines,500 Student,Student,VIC,131
2015,India,500 Student,Student,NSW,688
2023,Indonesia,189 Skilled Indep,Skilled,NSW,158
2019,Nepal,202 Global Special,Humanitarian,NSW,241
2020,Philippines,482 Temp Skill,Temporary,SA,567
2015,China,500 Student,Student,VIC,514
2023,Bangladesh,200 Refugee,Humanitarian,NSW,100
2015,Indonesia,482 Temp Skill,Temporary,VIC,51
2017,India,143 Parent,Family,VIC,190
2019,India,485 Temp Graduate,Temporary,SA,289
2019,Pakistan,500 Student,Student,QLD,624
2020,Pakistan,485 Temp Graduate,Temporary,NSW,238
2024,South Korea,189 Skilled Indep,Skilled,WA,715
2015,Philippines,400 Temp Work,Temporary,QLD,34
2022,China,500 Student,Student,QLD,355
2019,Philippines,500 Student,Student,VIC,652
2023,Bangladesh,801 Partner Perm,Family,WA,216
2021,Philippines,500 Student,Student,QLD,376
2023,Philippines,200 Refugee,Humanitarian,WA,361
2023,Philippines,500 Student,Student,SA,215
2022,Nepal,500 Student,Student,SA,551
2016,South Korea,190 Skilled Nom,Skilled,NSW,411
2020,Pakistan,190 Skilled Nom,Skilled,WA,514
2022,India,485 Temp Graduate,Temporary,VIC,192
2022,China,500 Student,Student,QLD,463
2024,India,202 Global Special,Humanitarian,NSW,383
2018,China,190 Skilled Nom,Skilled,NSW,265
2015,Indonesia,485 Temp Graduate,Temporary,VIC,256
2022,China,491 Skilled Regional,Skilled,NSW,654
2017,Philippines,500 Student,Student,VIC,427
2021,China,200 Refugee,Humanitarian,VIC,115
2015,Philippines,820 Partner Temp,Family,VIC,640
2018,Sri Lanka,820 Partner Temp,Family,WA,698
2021,Germany,485 Temp Graduate,Temporary,QLD,140
2016,Nepal,500 Student,Student,NSW,517
2018,USA,820 Partner Temp,Family,WA,266
2016,India,189 Skilled Indep,Skilled,SA,304
2023,NZ,485 Temp Graduate,Temporary,NSW,389
2022,India,200 Refugee,Humanitarian,VIC,509
2021,China,485 Temp Graduate,Temporary,NSW,506
2020,China,820 Partner Temp,Family,QLD,418
2024,Nepal,500 Student,Student,VIC,243
2017,UK,202 Global Special,Humanitarian,QLD,725
2022,USA,482 Temp Skill,Temporary,VIC,609
2015,South Korea,190 Skilled Nom,Skilled,VIC,214
2021,UK,482 Temp Skill,Temporary,NSW,234
2017,China,189 Skilled Indep,Skilled,VIC,715
2015,India,801 Partner Perm,Family,ACT,271
2023,China,801 Partner Perm,Family,VIC,534
2017,China,500 Student,Student,WA,527
2024,Philippines,400 Temp Work,Temporary,WA,498
2022,UK,200 Refugee,Humanitarian,VIC,423
2022,China,485 Temp Graduate,Temporary,VIC,468
2022,India,820 Partner Temp,Family,ACT,412
2024,Malaysia,200 Refugee,Humanitarian,NSW,297
2017,India,500 Student,Student,NSW,164
2024,Nepal,500 Student,Student,VIC,331
2018,UK,189 Skilled Indep,Skilled,QLD,41
2016,Vietnam,500 Student,Student,VIC,408
2024,China,820 Partner Temp,Family,VIC,701
2016,Philippines,485 Temp Graduate,Temporary,VIC,32
2019,Vietnam,500 Student,Student,NSW,99
2023,China,500 Student,Student,NSW,709
2017,Pakistan,500 Student,Student,QLD,90
2022,Philippines,801 Partner Perm,Family,VIC,347
2021,India,482 Temp Skill,Temporary,NSW,497
2022,Philippines,143 Parent,Family,NSW,566
2016,Vietnam,820 Partner Temp,Family,ACT,691
2022,Philippines,482 Temp Skill,Temporary,SA,78
2023,UK,189 Skilled Indep,Skilled,QLD,654
2016,India,485 Temp Graduate,Temporary,QLD,213
2024,India,491 Skilled Regional,Skilled,VIC,235
2024,Vietnam,485 Temp Graduate,Temporary,SA,492
2018,Bangladesh,500 Student,Student,VIC,278
2024,India,143 Parent,Family,NSW,32
2024,Sri Lanka,485 Temp Graduate,Temporary,VIC,646
2016,UK,200 Refugee,Humanitarian,NSW,323
2022,China,820 Partner Temp,Family,QLD,676
2024,Nepal,190 Skilled Nom,Skilled,TAS,265
2023,India,485 Temp Graduate,Temporary,WA,251
2016,China,500 Student,Student,VIC,517
2018,USA,202 Global Special,Humanitarian,WA,30
2021,UK,190 Skilled Nom,Skilled,TAS,301
2018,UK,820 Partner Temp,Family,QLD,448
2018,Pakistan,485 Temp Graduate,Temporary,WA,674
2016,Philippines,202 Global Special,Humanitarian,VIC,438
2015,Germany,485 Temp Graduate,Temporary,VIC,185
2018,Philippines,482 Temp Skill,Temporary,VIC,502
2019,Philippines,482 Temp Skill,Temporary,VIC,508
2021,China,189 Skilled Indep,Skilled,VIC,288
2024,UK,801 Partner Perm,Family,QLD,669
2015,China,400 Temp Work,Temporary,NSW,75
2018,Philippines,500 Student,Student,VIC,53
2023,India,482 Temp Skill,Temporary,NSW,264
2023,Philippines,820 Partner Temp,Family,VIC,510
2016,India,485 Temp Graduate,Temporary,WA,722
2022,Indonesia,189 Skilled Indep,Skilled,VIC,237
2015,China,202 Global Special,Humanitarian,NSW,500
2024,Indonesia,820 Partner Temp,Family,SA,217
2017,China,500 Student,Student,SA,59
2021,Nepal,485 Temp Graduate,Temporary,NSW,447
2019,Malaysia,500 Student,Student,QLD,299
2020,China,500 Student,Student,ACT,312
2017,Nepal,190 Skilled Nom,Skilled,QLD,38
2018,Philippines,820 Partner Temp,Family,WA,332
2017,USA,485 Temp Graduate,Temporary,WA,58
2021,Philippines,190 Skilled Nom,Skilled,NSW,341
2019,South Korea,500 Student,Student,VIC,241
2021,South Korea,189 Skilled Indep,Skilled,VIC,390
2020,USA,500 Student,Student,VIC,702
2021,UK,485 Temp Graduate,Temporary,VIC,39
2024,India,485 Temp Graduate,Temporary,SA,372
2020,India,485 Temp Graduate,Temporary,NSW,497
2020,USA,482 Temp Skill,Temporary,VIC,203
2021,Indonesia,500 Student,Student,VIC,407
2020,Philippines,485 Temp Graduate,Temporary,QLD,693
2018,India,500 Student,Student,NSW,594
2017,Vietnam,482 Temp Skill,Temporary,VIC,481
2020,Philippines,485 Temp Graduate,Temporary,NSW,368
2017,China,482 Temp Skill,Temporary,QLD,579
2021,Germany,500 Student,Student,VIC,174
2023,Nepal,485 Temp Graduate,Temporary,WA,61
2023,India,482 Temp Skill,Temporary,NSW,531
2022,India,200 Refugee,Humanitarian,VIC,300
2017,USA,485 Temp Graduate,Temporary,ACT,506
2015,Philippines,491 Skilled Regional,Skilled,VIC,537
2017,India,491 Skilled Regional,Skilled,VIC,168
2021,Philippines,801 Partner Perm,Family,VIC,465
2016,Malaysia,190 Skilled Nom,Skilled,QLD,358
2016,Nepal,801 Partner Perm,Family,ACT,400
2024,India,200 Refugee,Humanitarian,ACT,520
2018,Pakistan,189 Skilled Indep,Skilled,SA,455
2015,Malaysia,485 Temp Graduate,Temporary,WA,634
2020,Germany,189 Skilled Indep,Skilled,VIC,454
2022,India,500 Student,Student,NSW,68
2019,China,491 Skilled Regional,Skilled,TAS,473
2016,Pakistan,491 Skilled Regional,Skilled,VIC,213
2020,China,189 Skilled Indep,Skilled,SA,423
2015,NZ,500 Student,Student,NSW,571
2022,Malaysia,485 Temp Graduate,Temporary,VIC,548
2024,Bangladesh,500 Student,Student,NSW,659
2015,Nepal,485 Temp Graduate,Temporary,WA,361
2021,India,190 Skilled Nom,Skilled,VIC,92
2023,Nepal,820 Partner Temp,Family,SA,413
2021,India,500 Student,Student,NSW,602
2016,Philippines,200 Refugee,Humanitarian,QLD,95
2015,Sri Lanka,820 Partner Temp,Family,VIC,581
2019,Sri Lanka,820 Partner Temp,Family,ACT,56
2015,China,190 Skilled Nom,Skilled,VIC,203
2023,South Korea,500 Student,Student,NSW,293
2020,Sri Lanka,500 Student,Student,NSW,519
2018,Philippines,500 Student,Student,VIC,54
2022,China,190 Skilled Nom,Skilled,SA,236
2017,Philippines,500 Student,Student,VIC,338
2020,UK,190 Skilled Nom,Skilled,VIC,64
2020,Germany,491 Skilled Regional,Skilled,QLD,498
2016,India,491 Skilled Regional,Skilled,QLD,499
2023,Indonesia,400 Temp Work,Temporary,SA,550
2022,Bangladesh,189 Skilled Indep,Skilled,QLD,712
2017,Nepal,189 Skilled Indep,Skilled,WA,318
2019,India,143 Parent,Family,TAS,704
2018,India,820 Partner Temp,Family,NSW,374
2024,Vietnam,200 Refugee,Humanitarian,VIC,683
2021,Nepal,485 Temp Graduate,Temporary,NSW,470
2024,Philippines,143 Parent,Family,QLD,253
2022,UK,820 Partner Temp,Family,QLD,301
2022,China,500 Student,Student,QLD,40
2018,China,482 Temp Skill,Temporary,NSW,316
2023,UK,485 Temp Graduate,Temporary,VIC,143
2018,South Korea,189 Skilled Indep,Skilled,WA,625
2023,Germany,482 Temp Skill,Temporary,ACT,707
2022,Germany,500 Student,Student,NSW,686
2020,Sri Lanka,500 Student,Student,WA,563
2016,Malaysia,485 Temp Graduate,Temporary,VIC,198
2021,India,500 Student,Student,QLD,598
2021,USA,500 Student,Student,QLD,489
2022,India,500 Student,Student,WA,407
2015,Vietnam,190 Skilled Nom,Skilled,NSW,594
2017,Nepal,189 Skilled Indep,Skilled,QLD,686
2021,Pakistan,500 Student,Student,ACT,310
2023,UK,500 Student,Student,QLD,227
2017,Vietnam,820 Partner Temp,Family,QLD,441
2023,India,189 Skilled Indep,Skilled,VIC,194
2024,UK,400 Temp Work,Temporary,VIC,593
2015,China,820 Partner Temp,Family,QLD,500
2022,South Korea,820 Partner Temp,Family,NSW,81
2018,Pakistan,820 Partner Temp,Family,WA,489
2016,Philippines,500 Student,Student,NSW,684
2017,Philippines,200 Refugee,Humanitarian,VIC,286
2018,India,500 Student,Student,SA,88
2015,Germany,482 Temp Skill,Temporary,WA,338
2022,China,485 Temp Graduate,Temporary,VIC,622
2019,India,190 Skilled Nom,Skilled,SA,270
2018,Pakistan,820 Partner Temp,Family,VIC,306
2023,India,190 Skilled Nom,Skilled,VIC,115
2024,USA,485 Temp Graduate,Temporary,VIC,220
2019,Malaysia,482 Temp Skill,Temporary,VIC,477
2018,UK,485 Temp Graduate,Temporary,NSW,292
2021,Philippines,801 Partner Perm,Family,SA,701
2018,India,485 Temp Graduate,Temporary,VIC,89
2023,India,485 Temp Graduate,Temporary,NSW,643
2017,India,485 Temp Graduate,Temporary,VIC,261
2016,India,202 Global Special,Humanitarian,VIC,390
2015,Sri Lanka,820 Partner Temp,Family,SA,32
2016,India,143 Parent,Family,WA,440
2016,India,500 Student,Student,SA,672
2023,Pakistan,500 Student,Student,NSW,129
2022,Nepal,200 Refugee,Humanitarian,WA,440
2021,Philippines,820 Partner Temp,Family,QLD,113
2024,Nepal,485 Temp Graduate,Temporary,QLD,193
2021,India,500 Student,Student,VIC,653
2022,Pakistan,189 Skilled Indep,Skilled,WA,356
2016,India,482 Temp Skill,Temporary,NSW,687
2017,Nepal,200 Refugee,Humanitarian,NSW,647
2021,India,820 Partner Temp,Family,WA,679
2023,Malaysia,500 Student,Student,QLD,371
2017,Philippines,202 Global Special,Humanitarian,VIC,155
2019,South Korea,190 Skilled Nom,Skilled,VIC,613
2017,India,485 Temp Graduate,Temporary,WA,150
2017,Indonesia,500 Student,Student,VIC,217
2021,China,500 Student,Student,VIC,327
2023,Germany,485 Temp Graduate,Temporary,VIC,713
2024,Bangladesh,482 Temp Skill,Temporary,VIC,214
2021,China,500 Student,Student,VIC,366
2015,India,200 Refugee,Humanitarian,WA,247
2017,China,482 Temp Skill,Temporary,NSW,487
2021,China,189 Skilled Indep,Skilled,NSW,537
2024,China,143 Parent,Family,WA,216
2016,Germany,485 Temp Graduate,Temporary,NSW,281
2023,Pakistan,485 Temp Graduate,Temporary,VIC,297
2023,Vietnam,189 Skilled Indep,Skilled,QLD,669
2015,Nepal,189 Skilled Indep,Skilled,VIC,355
2023,Nepal,820 Partner Temp,Family,QLD,647
2021,India,500 Student,Student,VIC,54
2023,Pakistan,485 Temp Graduate,Temporary,VIC,388
2022,Bangladesh,485 Temp Graduate,Temporary,VIC,543
2022,Philippines,189 Skilled Indep,Skilled,ACT,176
2023,Bangladesh,189 Skilled Indep,Skilled,WA,222
2022,Philippines,500 Student,Student,SA,253
2018,Pakistan,189 Skilled Indep,Skilled,NSW,345
2018,India,820 Partner Temp,Family,VIC,452
2024,Sri Lanka,485 Temp Graduate,Temporary,ACT,543
2017,South Korea,482 Temp Skill,Temporary,VIC,718
2018,Vietnam,485 Temp Graduate,Temporary,VIC,643
2016,Malaysia,485 Temp Graduate,Temporary,QLD,337
2018,Philippines,500 Student,Student,NSW,602
2021,Germany,485 Temp Graduate,Temporary,VIC,572
2017,China,482 Temp Skill,Temporary,NSW,326
2019,South Korea,482 Temp Skill,Temporary,VIC,541
2021,Pakistan,189 Skilled Indep,Skilled,WA,635
2018,Germany,500 Student,Student,VIC,64
2022,Nepal,485 Temp Graduate,Temporary,QLD,315
2020,Nepal,190 Skilled Nom,Skilled,NSW,290
2018,China,482 Temp Skill,Temporary,WA,316
2022,Philippines,491 Skilled Regional,Skilled,NSW,360
2020,Germany,500 Student,Student,VIC,222
2019,Sri Lanka,801 Partner Perm,Family,VIC,639
2016,UK,202 Global Special,Humanitarian,NSW,178
2024,Germany,500 Student,Student,NSW,725
2016,UK,820 Partner Temp,Family,NSW,189
2018,India,500 Student,Student,VIC,35
2021,India,801 Partner Perm,Family,SA,246
2024,India,485 Temp Graduate,Temporary,NSW,120
2018,USA,485 Temp Graduate,Temporary,NSW,415
2016,Malaysia,200 Refugee,Humanitarian,VIC,217
2022,USA,190 Skilled Nom,Skilled,VIC,260
2024,India,500 Student,Student,NSW,222
2019,South Korea,820 Partner Temp,Family,VIC,282
2024,China,143 Parent,Family,VIC,598
2018,India,485 Temp Graduate,Temporary,VIC,700
2023,Philippines,189 Skilled Indep,Skilled,QLD,707
2015,India,482 Temp Skill,Temporary,WA,342
2022,China,820 Partner Temp,Family,VIC,617
2023,India,500 Student,Student,VIC,105
2017,Philippines,500 Student,Student,NSW,197
2023,China,500 Student,Student,SA,400
2021,Nepal,400 Temp Work,Temporary,SA,272
2018,India,482 Temp Skill,Temporary,NSW,317
2015,NZ,485 Temp Graduate,Temporary,WA,410
2021,NZ,190 Skilled Nom,Skilled,VIC,518
2018,India,482 Temp Skill,Temporary,NSW,600
2020,Malaysia,482 Temp Skill,Temporary,NSW,280
2017,India,190 Skilled Nom,Skilled,QLD,32
2015,India,200 Refugee,Humanitarian,WA,397
2016,Philippines,500 Student,Student,NSW,259
2021,Germany,189 Skilled Indep,Skilled,VIC,493
2016,China,482 Temp Skill,Temporary,NSW,715
2017,Pakistan,820 Partner Temp,Family,QLD,288
2021,China,485 Temp Graduate,Temporary,WA,235
2017,Indonesia,143 Parent,Family,VIC,74
2019,China,500 Student,Student,QLD,160
2018,China,485 Temp Graduate,Temporary,VIC,65
2022,UK,200 Refugee,Humanitarian,NSW,44
2018,China,500 Student,Student,VIC,59
2017,China,801 Partner Perm,Family,NSW,546
2024,India,200 Refugee,Humanitarian,VIC,540
2016,Nepal,482 Temp Skill,Temporary,WA,87
2021,UK,485 Temp Graduate,Temporary,NSW,407
2021,Philippines,500 Student,Student,NSW,669
2018,Malaysia,500 Student,Student,NSW,110
2022,China,500 Student,Student,QLD,118
2022,UK,202 Global Special,Humanitarian,VIC,186
2019,Pakistan,820 Partner Temp,Family,NSW,496
2018,Pakistan,190 Skilled Nom,Skilled,NSW,213
2016,China,485 Temp Graduate,Temporary,VIC,84
2023,Vietnam,820 Partner Temp,Family,NSW,632
2024,UK,482 Temp Skill,Temporary,NSW,577
2017,Germany,482 Temp Skill,Temporary,VIC,252
2018,Sri Lanka,200 Refugee,Humanitarian,VIC,72
2021,China,485 Temp Graduate,Temporary,QLD,471
2022,India,500 Student,Student,NSW,174
2023,Pakistan,500 Student,Student,QLD,482
2022,Germany,190 Skilled Nom,Skilled,NSW,269
2022,India,801 Partner Perm,Family,VIC,593
2021,China,820 Partner Temp,Family,VIC,284
2015,India,485 Temp Graduate,Temporary,VIC,52
2019,India,190 Skilled Nom,Skilled,VIC,318
2022,India,491 Skilled Regional,Skilled,QLD,660
2018,China,500 Student,Student,SA,225
2017,India,500 Student,Student,NSW,218
2018,India,482 Temp Skill,Temporary,WA,117
2020,India,485 Temp Graduate,Temporary,VIC,122
2015,UK,200 Refugee,Humanitarian,SA,369
2022,China,485 Temp Graduate,Temporary,NSW,45
2022,India,500 Student,Student,VIC,699
2017,Bangladesh,200 Refugee,Humanitarian,NSW,75
2017,Philippines,485 Temp Graduate,Temporary,QLD,491
2016,Germany,485 Temp Graduate,Temporary,VIC,544
2018,Sri Lanka,801 Partner Perm,Family,NSW,698
2024,China,485 Temp Graduate,Temporary,QLD,371
2018,Philippines,485 Temp Graduate,Temporary,NSW,277
2024,Nepal,500 Student,Student,VIC,505
2016,Pakistan,500 Student,Student,WA,527
2017,South Korea,801 Partner Perm,Family,WA,282
2020,India,500 Student,Student,VIC,44
2016,USA,189 Skilled Indep,Skilled,NSW,282
2016,India,485 Temp Graduate,Temporary,VIC,278
2022,Vietnam,482 Temp Skill,Temporary,SA,185
2018,NZ,491 Skilled Regional,Skilled,VIC,362
2022,India,500 Student,Student,SA,521
2017,USA,485 Temp Graduate,Temporary,VIC,421
2017,Sri Lanka,482 Temp Skill,Temporary,NSW,204
2023,Nepal,143 Parent,Family,NSW,60
2021,UK,500 Student,Student,WA,150
2016,China,143 Parent,Family,NSW,543
2019,Pakistan,143 Parent,Family,QLD,68
2016,Nepal,500 Student,Student,QLD,30
2015,Vietnam,500 Student,Student,QLD,622
2021,Nepal,500 Student,Student,WA,539
2016,India,801 Partner Perm,Family,SA,311
2017,UK,200 Refugee,Humanitarian,VIC,276
2015,UK,491 Skilled Regional,Skilled,VIC,693
2016,China,801 Partner Perm,Family,VIC,184
2019,Philippines,482 Temp Skill,Temporary,QLD,409
2016,India,202 Global Special,Humanitarian,ACT,650
2018,Germany,190 Skilled Nom,Skilled,QLD,284
2019,India,500 Student,Student,SA,410
2017,Philippines,485 Temp Graduate,Temporary,WA,493
2016,UK,189 Skilled Indep,Skilled,WA,529
2016,UK,190 Skilled Nom,Skilled,VIC,99
2024,Nepal,189 Skilled Indep,Skilled,WA,540
2018,Pakistan,143 Parent,Family,SA,228
2019,UK,482 Temp Skill,Temporary,VIC,600
2022,UK,200 Refugee,Humanitarian,NSW,662
2022,Philippines,491 Skilled Regional,Skilled,VIC,566
2022,Pakistan,482 Temp Skill,Temporary,SA,145
2023,Germany,189 Skilled Indep,Skilled,WA,249
2020,Malaysia,500 Student,Student,VIC,195
2016,India,400 Temp Work,Temporary,SA,243
2021,Philippines,801 Partner Perm,Family,QLD,167
2019,Philippines,500 Student,Student,NSW,612
2023,India,500 Student,Student,VIC,281
2017,NZ,189 Skilled Indep,Skilled,NSW,178
2022,India,190 Skilled Nom,Skilled,WA,487
2015,India,801 Partner Perm,Family,VIC,651
2018,Pakistan,820 Partner Temp,Family,QLD,269
2018,China,500 Student,Student,NSW,244
2016,India,485 Temp Graduate,Temporary,SA,404
2023,UK,143 Parent,Family,VIC,277
2023,Bangladesh,500 Student,Student,WA,718
2017,China,189 Skilled Indep,Skilled,NSW,434
2022,Indonesia,482 Temp Skill,Temporary,NSW,52
2023,China,500 Student,Student,VIC,238
2021,India,400 Temp Work,Temporary,NSW,426
2018,Sri Lanka,202 Global Special,Humanitarian,NSW,676
2022,Philippines,485 Temp Graduate,Temporary,VIC,346
2018,Malaysia,190 Skilled Nom,Skilled,SA,601
2021,Philippines,500 Student,Student,QLD,176
2021,India,500 Student,Student,VIC,287
2017,India,500 Student,Student,NSW,374
2021,India,189 Skilled Indep,Skilled,QLD,273
2020,UK,485 Temp Graduate,Temporary,SA,145
2021,India,189 Skilled Indep,Skilled,NSW,162
2017,NZ,500 Student,Student,NSW,210
2022,Nepal,500 Student,Student,SA,266
2016,China,500 Student,Student,VIC,286
2019,Nepal,500 Student,Student,WA,187
2020,UK,801 Partner Perm,Family,WA,266
2015,China,485 Temp Graduate,Temporary,QLD,728
2022,USA,200 Refugee,Humanitarian,WA,112
2020,India,190 Skilled Nom,Skilled,NSW,357
2015,India,500 Student,Student,QLD,700
2023,Pakistan,200 Refugee,Humanitarian,TAS,485
2022,Sri Lanka,485 Temp Graduate,Temporary,VIC,470
2023,Philippines,143 Parent,Family,NSW,468
2022,Nepal,491 Skilled Regional,Skilled,WA,139
2020,Philippines,485 Temp Graduate,Temporary,QLD,602
2022,China,485 Temp Graduate,Temporary,ACT,238
2018,South Korea,485 Temp Graduate,Temporary,NSW,354
2019,Malaysia,143 Parent,Family,WA,301
2018,China,143 Parent,Family,VIC,81
2018,Germany,143 Parent,Family,WA,595
2024,Pakistan,189 Skilled Indep,Skilled,VIC,707
2020,China,200 Refugee,Humanitarian,VIC,293
2020,Vietnam,485 Temp Graduate,Temporary,VIC,437
2018,Germany,482 Temp Skill,Temporary,NSW,655
2018,Nepal,485 Temp Graduate,Temporary,QLD,35
2017,Germany,189 Skilled Indep,Skilled,NSW,335
2024,USA,485 Temp Graduate,Temporary,VIC,419
2022,Nepal,482 Temp Skill,Temporary,QLD,533
2019,India,500 Student,Student,VIC,169
2021,Philippines,189 Skilled Indep,Skilled,VIC,345
2023,Nepal,500 Student,Student,NSW,600
2018,India,801 Partner Perm,Family,VIC,125
2017,India,482 Temp Skill,Temporary,VIC,189
2019,India,500 Student,Student,NSW,273
2019,India,202 Global Special,Humanitarian,NSW,193
2023,Germany,200 Refugee,Humanitarian,VIC,515
2023,Indonesia,482 Temp Skill,Temporary,NSW,406
2023,India,820 Partner Temp,Family,QLD,173
2022,Sri Lanka,485 Temp Graduate,Temporary,VIC,301
2020,Philippines,202 Global Special,Humanitarian,SA,317
2016,India,500 Student,Student,VIC,117
2024,Bangladesh,190 Skilled Nom,Skilled,QLD,421
2023,UK,482 Temp Skill,Temporary,QLD,286
2020,Vietnam,500 Student,Student,NSW,247
2022,India,190 Skilled Nom,Skilled,NSW,707
2023,Nepal,189 Skilled Indep,Skilled,QLD,612
2018,Vietnam,200 Refugee,Humanitarian,VIC,705
2021,Sri Lanka,500 Student,Student,VIC,510
2024,NZ,485 Temp Graduate,Temporary,NSW,30
2017,UK,820 Partner Temp,Family,NSW,350
2016,India,820 Partner Temp,Family,SA,135
2024,India,485 Temp Graduate,Temporary,WA,309
2023,Sri Lanka,482 Temp Skill,Temporary,VIC,287
2015,Pakistan,500 Student,Student,VIC,726
2021,South Korea,482 Temp Skill,Temporary,VIC,367
2021,Pakistan,482 Temp Skill,Temporary,NSW,237
2022,UK,482 Temp Skill,Temporary,VIC,441
2021,USA,820 Partner Temp,Family,NSW,239
2021,India,189 Skilled Indep,Skilled,NSW,517
2021,India,482 Temp Skill,Temporary,WA,108
2021,Germany,200 Refugee,Humanitarian,NSW,584
2016,Sri Lanka,482 Temp Skill,Temporary,VIC,401
2016,China,801 Partner Perm,Family,TAS,312
2017,Pakistan,189 Skilled Indep,Skilled,SA,138
2024,UK,820 Partner Temp,Family,VIC,147
2019,India,485 Temp Graduate,Temporary,VIC,52
2021,Bangladesh,485 Temp Graduate,Temporary,QLD,373
2024,India,189 Skilled Indep,Skilled,VIC,669
2016,Malaysia,500 Student,Student,QLD,223
2017,India,500 Student,Student,NSW,656
2017,China,485 Temp Graduate,Temporary,NSW,35
2023,China,200 Refugee,Humanitarian,VIC,605
2022,Sri Lanka,202 Global Special,Humanitarian,WA,293
2016,Pakistan,500 Student,Student,VIC,702
2015,Malaysia,485 Temp Graduate,Temporary,NSW,273
2016,China,200 Refugee,Humanitarian,QLD,196
2023,India,485 Temp Graduate,Temporary,VIC,223
2019,Vietnam,189 Skilled Indep,Skilled,WA,619
2023,Germany,500 Student,Student,NSW,560
2023,NZ,400 Temp Work,Temporary,VIC,340
2024,India,500 Student,Student,VIC,152
2020,Nepal,400 Temp Work,Temporary,WA,665
2017,India,482 Temp Skill,Temporary,NSW,293
2020,Indonesia,485 Temp Graduate,Temporary,VIC,96
2023,China,189 Skilled Indep,Skilled,QLD,326
2024,China,500 Student,Student,WA,344
2018,Pakistan,500 Student,Student,NSW,129
2019,India,485 Temp Graduate,Temporary,QLD,727
2022,Vietnam,820 Partner Temp,Family,WA,215
2018,India,491 Skilled Regional,Skilled,WA,135
2017,India,200 Refugee,Humanitarian,NSW,308
2017,China,482 Temp Skill,Temporary,QLD,665
2019,India,801 Partner Perm,Family,SA,61
2017,Pakistan,202 Global Special,Humanitarian,ACT,331
2022,Pakistan,190 Skilled Nom,Skilled,QLD,223
2021,India,500 Student,Student,VIC,84
2024,India,500 Student,Student,VIC,98
2022,Pakistan,500 Student,Student,VIC,721
2019,Sri Lanka,143 Parent,Family,NSW,59
2016,Philippines,202 Global Special,Humanitarian,WA,265
2017,UK,485 Temp Graduate,Temporary,VIC,544
2023,Philippines,500 Student,Student,VIC,586
2021,South Korea,500 Student,Student,NSW,712
2016,Nepal,820 Partner Temp,Family,QLD,215
2019,Philippines,482 Temp Skill,Temporary,NSW,719
2022,Sri Lanka,820 Partner Temp,Family,NSW,666
2023,China,500 Student,Student,SA,438
2023,South Korea,400 Temp Work,Temporary,QLD,180
2023,Philippines,500 Student,Student,NSW,45
2019,China,482 Temp Skill,Temporary,QLD,593
2021,Philippines,500 Student,Student,VIC,522
2015,Pakistan,482 Temp Skill,Temporary,WA,222
2021,UK,485 Temp Graduate,Temporary,QLD,192
2020,China,143 Parent,Family,SA,222
2017,Nepal,200 Refugee,Humanitarian,QLD,709
2017,Pakistan,202 Global Special,Humanitarian,NSW,107
2022,Nepal,485 Temp Graduate,Temporary,WA,51
2017,India,485 Temp Graduate,Temporary,NSW,447
2018,India,500 Student,Student,NSW,408
2018,Sri Lanka,500 Student,Student,SA,104
2022,India,485 Temp Graduate,Temporary,WA,222
2017,India,190 Skilled Nom,Skilled,QLD,177
2015,Nepal,189 Skilled Indep,Skilled,WA,191
2016,Vietnam,485 Temp Graduate,Temporary,SA,96
2022,China,820 Partner Temp,Family,NSW,165
2015,Pakistan,500 Student,Student,NSW,723
2020,India,485 Temp Graduate,Temporary,NSW,151
2020,India,143 Parent,Family,WA,343
2018,USA,485 Temp Graduate,Temporary,VIC,179
2018,UK,820 Partner Temp,Family,VIC,608
2020,Vietnam,820 Partner Temp,Family,QLD,253
2015,Nepal,485 Temp Graduate,Temporary,VIC,36
2018,China,485 Temp Graduate,Temporary,QLD,555
2018,Philippines,485 Temp Graduate,Temporary,SA,155
2016,Philippines,500 Student,Student,WA,403
2020,India,485 Temp Graduate,Temporary,NSW,160
2018,Pakistan,801 Partner Perm,Family,WA,403
2015,China,801 Partner Perm,Family,SA,319
2016,Nepal,500 Student,Student,QLD,154
2018,Germany,500 Student,Student,QLD,392
2021,Vietnam,190 Skilled Nom,Skilled,SA,146
2023,NZ,189 Skilled Indep,Skilled,VIC,179
2019,Philippines,500 Student,Student,WA,202
2015,Philippines,189 Skilled Indep,Skilled,QLD,206
2021,Indonesia,400 Temp Work,Temporary,WA,524
2023,Germany,491 Skilled Regional,Skilled,VIC,499
2015,India,820 Partner Temp,Family,NSW,675
2018,Nepal,500 Student,Student,NSW,609
2015,Malaysia,485 Temp Graduate,Temporary,QLD,443
2021,Vietnam,485 Temp Graduate,Temporary,QLD,563
2016,UK,820 Partner Temp,Family,QLD,199
2024,UK,482 Temp Skill,Temporary,QLD,65
2018,Philippines,500 Student,Student,VIC,207
2021,UK,801 Partner Perm,Family,NSW,667
2018,India,482 Temp Skill,Temporary,VIC,215
2018,India,491 Skilled Regional,Skilled,QLD,225
2015,India,500 Student,Student,NSW,281
2023,India,143 Parent,Family,WA,408
2017,Vietnam,482 Temp Skill,Temporary,NSW,426
2017,NZ,801 Partner Perm,Family,QLD,683
2018,India,482 Temp Skill,Temporary,VIC,156
2016,Vietnam,500 Student,Student,QLD,165
2018,India,485 Temp Graduate,Temporary,SA,534
2017,China,189 Skilled Indep,Skilled,TAS,485
2024,South Korea,801 Partner Perm,Family,NSW,710
2023,Bangladesh,482 Temp Skill,Temporary,NSW,630
2017,China,485 Temp Graduate,Temporary,VIC,644
2023,India,202 Global Special,Humanitarian,NSW,612
2015,Malaysia,485 Temp Graduate,Temporary,VIC,592
2021,Germany,500 Student,Student,VIC,307
2023,Philippines,485 Temp Graduate,Temporary,QLD,240
2017,India,500 Student,Student,QLD,83
2016,Philippines,801 Partner Perm,Family,QLD,461
2022,India,200 Refugee,Humanitarian,NSW,455
2021,India,500 Student,Student,NSW,725
2024,Bangladesh,485 Temp Graduate,Temporary,WA,370
2016,India,190 Skilled Nom,Skilled,NSW,500
2016,Bangladesh,202 Global Special,Humanitarian,VIC,707
2015,India,482 Temp Skill,Temporary,NSW,608
2018,Germany,482 Temp Skill,Temporary,QLD,292
2015,China,491 Skilled Regional,Skilled,WA,137
2021,India,820 Partner Temp,Family,NSW,311
2015,India,491 Skilled Regional,Skilled,VIC,158
2019,China,482 Temp Skill,Temporary,SA,616
2020,Pakistan,200 Refugee,Humanitarian,NSW,220
2015,India,400 Temp Work,Temporary,VIC,502
2022,India,189 Skilled Indep,Skilled,WA,696
2024,China,500 Student,Student,WA,206
2018,India,500 Student,Student,WA,562
2020,Sri Lanka,491 Skilled Regional,Skilled,NSW,426
2018,India,482 Temp Skill,Temporary,QLD,42
2024,Indonesia,485 Temp Graduate,Temporary,VIC,514
2023,Bangladesh,189 Skilled Indep,Skilled,VIC,383
2024,UK,485 Temp Graduate,Temporary,VIC,552
2018,Germany,820 Partner Temp,Family,VIC,693
2018,UK,500 Student,Student,VIC,694
2015,Sri Lanka,801 Partner Perm,Family,VIC,500
2015,India,189 Skilled Indep,Skilled,VIC,170
2024,USA,190 Skilled Nom,Skilled,SA,255
2021,China,820 Partner Temp,Family,WA,428
2019,Philippines,189 Skilled Indep,Skilled,SA,272
2016,NZ,400 Temp Work,Temporary,SA,376
2024,South Korea,500 Student,Student,VIC,555
2015,Nepal,500 Student,Student,VIC,183
2021,India,500 Student,Student,NSW,488
2021,Bangladesh,485 Temp Graduate,Temporary,QLD,686
2022,India,491 Skilled Regional,Skilled,VIC,424
2022,Bangladesh,482 Temp Skill,Temporary,NSW,658
2022,Sri Lanka,189 Skilled Indep,Skilled,VIC,662
2020,South Korea,491 Skilled Regional,Skilled,QLD,723
2019,India,482 Temp Skill,Temporary,WA,141
2023,Malaysia,190 Skilled Nom,Skilled,NSW,136
2016,Philippines,400 Temp Work,Temporary,QLD,557
2017,USA,801 Partner Perm,Family,VIC,208
2022,UK,189 Skilled Indep,Skilled,VIC,491
2023,Germany,500 Student,Student,QLD,660
2021,USA,500 Student,Student,SA,207
2015,India,400 Temp Work,Temporary,WA,298
2023,Nepal,500 Student,Student,VIC,491
2024,Pakistan,482 Temp Skill,Temporary,VIC,615
2019,Germany,200 Refugee,Humanitarian,QLD,312
2018,Malaysia,482 Temp Skill,Temporary,VIC,209
2018,Pakistan,820 Partner Temp,Family,QLD,570
2021,USA,143 Parent,Family,NSW,85
2016,Germany,482 Temp Skill,Temporary,QLD,674
2016,South Korea,485 Temp Graduate,Temporary,SA,290
2024,India,801 Partner Perm,Family,NSW,163
2020,India,189 Skilled Indep,Skilled,VIC,631
2020,Philippines,500 Student,Student,SA,214
2018,Philippines,485 Temp Graduate,Temporary,VIC,669
2015,Pakistan,500 Student,Student,NSW,297
2015,China,189 Skilled Indep,Skilled,WA,679
2015,China,820 Partner Temp,Family,NSW,328
2022,Nepal,500 Student,Student,VIC,447
2022,India,820 Partner Temp,Family,QLD,250
2024,Philippines,820 Partner Temp,Family,WA,424
2024,Philippines,485 Temp Graduate,Temporary,NSW,323
2016,India,190 Skilled Nom,Skilled,NSW,376
2015,India,500 Student,Student,QLD,161
2022,India,189 Skilled Indep,Skilled,NSW,394
2017,India,482 Temp Skill,Temporary,VIC,530
2024,China,482 Temp Skill,Temporary,NSW,401
2019,Pakistan,200 Refugee,Humanitarian,VIC,518
2019,Vietnam,190 Skilled Nom,Skilled,SA,89
2019,UK,500 Student,Student,VIC,650
2018,Nepal,485 Temp Graduate,Temporary,QLD,451
2021,Philippines,400 Temp Work,Temporary,SA,149
2016,NZ,190 Skilled Nom,Skilled,NSW,295
2024,Malaysia,820 Partner Temp,Family,VIC,326
2023,India,485 Temp Graduate,Temporary,SA,524
2023,Nepal,491 Skilled Regional,Skilled,VIC,30
2024,Philippines,491 Skilled Regional,Skilled,VIC,396
2022,Germany,500 Student,Student,WA,556
2023,UK,820 Partner Temp,Family,VIC,485
2022,Nepal,189 Skilled Indep,Skilled,VIC,133
2019,India,485 Temp Graduate,Temporary,VIC,533
2015,Germany,820 Partner Temp,Family,VIC,135
2020,India,482 Temp Skill,Temporary,QLD,224
2020,Pakistan,485 Temp Graduate,Temporary,QLD,640
2022,India,485 Temp Graduate,Temporary,VIC,240
2023,India,820 Partner Temp,Family,ACT,349
2021,China,820 Partner Temp,Family,NSW,206
2015,Germany,482 Temp Skill,Temporary,SA,128
2016,UK,485 Temp Graduate,Temporary,WA,434
2023,UK,820 Partner Temp,Family,WA,355
2023,India,485 Temp Graduate,Temporary,QLD,729
2018,Vietnam,820 Partner Temp,Family,NSW,413
2015,Pakistan,820 Partner Temp,Family,VIC,373
2016,Vietnam,482 Temp Skill,Temporary,WA,235
2016,UK,400 Temp Work,Temporary,QLD,213
2023,Nepal,500 Student,Student,VIC,562
2018,India,189 Skilled Indep,Skilled,NSW,582
2019,Philippines,189 Skilled Indep,Skilled,VIC,607
2023,Philippines,202 Global Special,Humanitarian,NSW,346
2017,Vietnam,482 Temp Skill,Temporary,WA,255
2020,China,485 Temp Graduate,Temporary,NSW,379
2021,South Korea,820 Partner Temp,Family,NSW,704
2018,Vietnam,200 Refugee,Humanitarian,VIC,383
2016,India,202 Global Special,Humanitarian,VIC,704
2019,India,500 Student,Student,VIC,254
2016,UK,482 Temp Skill,Temporary,VIC,318
2018,Philippines,500 Student,Student,VIC,664
2018,Sri Lanka,482 Temp Skill,Temporary,NSW,542
2017,India,482 Temp Skill,Temporary,VIC,464
2024,Sri Lanka,190 Skilled Nom,Skilled,NSW,162
2022,India,189 Skilled Indep,Skilled,NSW,607
2024,India,500 Student,Student,TAS,470
2024,NZ,200 Refugee,Humanitarian,VIC,663
2017,NZ,202 Global Special,Humanitarian,VIC,697
2016,Pakistan,485 Temp Graduate,Temporary,WA,701
2024,Germany,500 Student,Student,VIC,713
2020,Germany,189 Skilled Indep,Skilled,WA,606
2022,Sri Lanka,202 Global Special,Humanitarian,VIC,591
2023,Sri Lanka,143 Parent,Family,VIC,338
2018,Sri Lanka,485 Temp Graduate,Temporary,NSW,617
2021,UK,190 Skilled Nom,Skilled,VIC,562
2017,India,485 Temp Graduate,Temporary,QLD,541
2017,NZ,500 Student,Student,NSW,131
2015,Sri Lanka,189 Skilled Indep,Skilled,WA,151
2017,China,190 Skilled Nom,Skilled,QLD,600
2017,Malaysia,143 Parent,Family,NSW,211
2022,UK,485 Temp Graduate,Temporary,QLD,39
2020,India,400 Temp Work,Temporary,VIC,282
2022,India,482 Temp Skill,Temporary,VIC,473
2017,UK,485 Temp Graduate,Temporary,VIC,324
2017,China,485 Temp Graduate,Temporary,SA,723
2021,India,500 Student,Student,QLD,110
2017,India,485 Temp Graduate,Temporary,QLD,372
2022,Pakistan,500 Student,Student,QLD,296
2018,NZ,200 Refugee,Humanitarian,SA,214
2017,Germany,820 Partner Temp,Family,TAS,309
2022,India,190 Skilled Nom,Skilled,VIC,536
2016,China,190 Skilled Nom,Skilled,VIC,178
2022,China,500 Student,Student,WA,87
2018,Nepal,500 Student,Student,WA,71
2015,India,189 Skilled Indep,Skilled,VIC,625
2021,Germany,200 Refugee,Humanitarian,NSW,304
2021,India,500 Student,Student,QLD,236
2016,Nepal,500 Student,Student,VIC,219
2019,Germany,190 Skilled Nom,Skilled,VIC,59
2019,Pakistan,500 Student,Student,NSW,551
2022,Nepal,189 Skilled Indep,Skilled,SA,44
2017,Philippines,190 Skilled Nom,Skilled,VIC,105
2020,Sri Lanka,200 Refugee,Humanitarian,VIC,353
2024,Pakistan,200 Refugee,Humanitarian,SA,116
2015,Vietnam,500 Student,Student,SA,436
2022,Sri Lanka,190 Skilled Nom,Skilled,VIC,178
2018,Sri Lanka,190 Skilled Nom,Skilled,QLD,364
2019,Pakistan,189 Skilled Indep,Skilled,QLD,52
2017,Germany,190 Skilled Nom,Skilled,SA,540
2019,China,500 Student,Student,SA,497
2019,Philippines,482 Temp Skill,Temporary,NSW,678
2023,India,189 Skilled Indep,Skilled,VIC,428
2023,UK,500 Student,Student,QLD,599
2024,Germany,485 Temp Graduate,Temporary,ACT,130
2024,Sri Lanka,820 Partner Temp,Family,VIC,98
2018,China,500 Student,Student,NSW,159
2022,Malaysia,485 Temp Graduate,Temporary,VIC,507
2023,India,500 Student,Student,VIC,185
2016,Vietnam,820 Partner Temp,Family,QLD,81
2022,Nepal,482 Temp Skill,Temporary,VIC,344
2021,India,500 Student,Student,SA,359
2017,India,202 Global Special,Humanitarian,VIC,686
2021,India,143 Parent,Family,NSW,81
2022,Bangladesh,500 Student,Student,QLD,443
2021,India,801 Partner Perm,Family,NSW,342
2015,Philippines,400 Temp Work,Temporary,NSW,664
2024,Nepal,500 Student,Student,QLD,624
2018,China,485 Temp Graduate,Temporary,ACT,75
2023,India,202 Global Special,Humanitarian,QLD,389
2016,India,801 Partner Perm,Family,NSW,263
2021,Vietnam,400 Temp Work,Temporary,NSW,232
2015,India,190 Skilled Nom,Skilled,WA,458
2020,Indonesia,482 Temp Skill,Temporary,VIC,617
2021,South Korea,500 Student,Student,ACT,512
2018,India,485 Temp Graduate,Temporary,VIC,124
2022,India,190 Skilled Nom,Skilled,QLD,624
2019,Nepal,820 Partner Temp,Family,VIC,720
2015,India,482 Temp Skill,Temporary,NSW,112
2015,Pakistan,143 Parent,Family,NSW,330
2015,India,485 Temp Graduate,Temporary,VIC,171
2018,Germany,190 Skilled Nom,Skilled,VIC,170
2024,South Korea,500 Student,Student,NSW,177
2018,India,801 Partner Perm,Family,QLD,683
2023,India,482 Temp Skill,Temporary,WA,728
2021,Nepal,482 Temp Skill,Temporary,NSW,169
2022,China,485 Temp Graduate,Temporary,NSW,729
2021,Philippines,801 Partner Perm,Family,NSW,490
2017,Malaysia,190 Skilled Nom,Skilled,QLD,56
2023,South Korea,491 Skilled Regional,Skilled,WA,145
2018,India,482 Temp Skill,Temporary,VIC,652
2024,China,485 Temp Graduate,Temporary,VIC,280
2015,Bangladesh,482 Temp Skill,Temporary,ACT,473
2016,Nepal,500 Student,Student,VIC,47
2016,Nepal,500 Student,Student,NSW,451
2022,Pakistan,200 Refugee,Humanitarian,VIC,499
2016,Vietnam,485 Temp Graduate,Temporary,VIC,617
2019,India,485 Temp Graduate,Temporary,SA,354
2020,China,500 Student,Student,VIC,74
2020,India,190 Skilled Nom,Skilled,NSW,691
2017,UK,820 Partner Temp,Family,WA,581
2023,Pakistan,485 Temp Graduate,Temporary,QLD,346
2019,India,500 Student,Student,WA,372
2016,India,801 Partner Perm,Family,QLD,710
2020,India,202 Global Special,Humanitarian,VIC,372
2016,Germany,485 Temp Graduate,Temporary,VIC,420
2021,India,485 Temp Graduate,Temporary,NSW,79
2016,China,500 Student,Student,NSW,617
2023,NZ,820 Partner Temp,Family,VIC,516
2015,Germany,400 Temp Work,Temporary,VIC,363
2018,India,400 Temp Work,Temporary,NSW,693
2017,Sri Lanka,143 Parent,Family,NSW,554
2021,China,200 Refugee,Humanitarian,NSW,347
2018,India,820 Partner Temp,Family,SA,237
2019,India,189 Skilled Indep,Skilled,QLD,301
2019,China,190 Skilled Nom,Skilled,NSW,522
2021,India,500 Student,Student,QLD,601
2017,Malaysia,500 Student,Student,QLD,450
2018,NZ,482 Temp Skill,Temporary,VIC,139
2017,South Korea,500 Student,Student,VIC,228
2016,India,190 Skilled Nom,Skilled,NSW,240
2021,Malaysia,801 Partner Perm,Family,WA,190
2024,Nepal,485 Temp Graduate,Temporary,QLD,717
2023,India,485 Temp Graduate,Temporary,VIC,127
2024,Pakistan,500 Student,Student,WA,512
2016,Philippines,485 Temp Graduate,Temporary,QLD,457
2022,Nepal,500 Student,Student,TAS,572
2015,India,189 Skilled Indep,Skilled,VIC,475
2023,NZ,190 Skilled Nom,Skilled,VIC,90
2023,Malaysia,482 Temp Skill,Temporary,NSW,541
2019,South Korea,143 Parent,Family,QLD,699
2024,India,500 Student,Student,VIC,682
2019,India,482 Temp Skill,Temporary,ACT,506
2020,UK,485 Temp Graduate,Temporary,NSW,556
2018,South Korea,485 Temp Graduate,Temporary,VIC,382
2023,Philippines,482 Temp Skill,Temporary,ACT,703
2021,NZ,190 Skilled Nom,Skilled,QLD,258
2020,Nepal,482 Temp Skill,Temporary,NSW,148
2019,Pakistan,189 Skilled Indep,Skilled,NSW,87
2022,Philippines,189 Skilled Indep,Skilled,VIC,290
2015,Philippines,202 Global Special,Humanitarian,VIC,214
2021,Germany,485 Temp Graduate,Temporary,WA,516
2015,India,190 Skilled Nom,Skilled,NSW,107
2017,India,190 Skilled Nom,Skilled,VIC,84
2015,Nepal,820 Partner Temp,Family,VIC,148
2020,India,482 Temp Skill,Temporary,SA,375
2024,India,482 Temp Skill,Temporary,VIC,123
2017,Vietnam,820 Partner Temp,Family,VIC,357
2016,Philippines,485 Temp Graduate,Temporary,VIC,356
2020,South Korea,820 Partner Temp,Family,TAS,163
2015,Vietnam,200 Refugee,Humanitarian,NSW,134
2018,Nepal,500 Student,Student,VIC,293
2019,Nepal,482 Temp Skill,Temporary,NSW,248
2015,China,189 Skilled Indep,Skilled,WA,47
2023,Vietnam,202 Global Special,Humanitarian,NSW,345
2018,India,801 Partner Perm,Family,SA,83
2021,Sri Lanka,482 Temp Skill,Temporary,QLD,339
2016,China,190 Skilled Nom,Skilled,QLD,80
2024,India,485 Temp Graduate,Temporary,NSW,53
2016,Philippines,482 Temp Skill,Temporary,VIC,213
2019,Philippines,400 Temp Work,Temporary,VIC,140
2015,Pakistan,500 Student,Student,NSW,111
2016,India,143 Parent,Family,WA,352
2016,Nepal,500 Student,Student,NSW,714
2018,Philippines,500 Student,Student,VIC,558
2015,Philippines,485 Temp Graduate,Temporary,QLD,252
2019,China,500 Student,Student,QLD,551
2021,NZ,500 Student,Student,NSW,289
2017,China,190 Skilled Nom,Skilled,NSW,360
2022,India,482 Temp Skill,Temporary,VIC,488
2015,Nepal,189 Skilled Indep,Skilled,QLD,46
2021,India,491 Skilled Regional,Skilled,NSW,468
2023,Indonesia,500 Student,Student,QLD,56
2021,China,820 Partner Temp,Family,NSW,562
2015,India,500 Student,Student,SA,41
2015,UK,482 Temp Skill,Temporary,VIC,518
2015,India,500 Student,Student,SA,74
2016,Pakistan,500 Student,Student,WA,170
2020,Bangladesh,143 Parent,Family,QLD,579
2024,South Korea,482 Temp Skill,Temporary,NSW,569
2018,India,500 Student,Student,NSW,112
2022,India,189 Skilled Indep,Skilled,VIC,548
2017,China,485 Temp Graduate,Temporary,VIC,126
2024,Philippines,482 Temp Skill,Temporary,QLD,35
2018,Sri Lanka,482 Temp Skill,Temporary,WA,58
2017,Vietnam,482 Temp Skill,Temporary,NSW,563
2017,India,801 Partner Perm,Family,NSW,335
2016,China,482 Temp Skill,Temporary,NSW,354
2015,Pakistan,500 Student,Student,QLD,462
2024,Sri Lanka,485 Temp Graduate,Temporary,VIC,533
2022,UK,485 Temp Graduate,Temporary,QLD,347
2016,China,500 Student,Student,VIC,96
2021,Nepal,400 Temp Work,Temporary,VIC,279
2019,Philippines,500 Student,Student,WA,44
2015,India,200 Refugee,Humanitarian,NSW,515
2024,India,400 Temp Work,Temporary,WA,34
2017,Pakistan,482 Temp Skill,Temporary,WA,515
2021,Malaysia,143 Parent,Family,SA,37
2018,China,485 Temp Graduate,Temporary,NSW,521
2019,China,801 Partner Perm,Family,QLD,64
2024,India,482 Temp Skill,Temporary,VIC,543
2022,Malaysia,485 Temp Graduate,Temporary,QLD,343
2017,India,491 Skilled Regional,Skilled,TAS,512
2022,India,200 Refugee,Humanitarian,QLD,232
2019,Indonesia,485 Temp Graduate,Temporary,QLD,668
2017,China,485 Temp Graduate,Temporary,NSW,688
2020,Philippines,485 Temp Graduate,Temporary,QLD,218
2017,China,190 Skilled Nom,Skilled,VIC,280
2023,India,801 Partner Perm,Family,NSW,442
2017,China,189 Skilled Indep,Skilled,NSW,514
2016,Vietnam,500 Student,Student,QLD,360
2023,Philippines,400 Temp Work,Temporary,VIC,114
2016,India,500 Student,Student,NSW,221
2022,Sri Lanka,189 Skilled Indep,Skilled,VIC,572
2023,India,485 Temp Graduate,Temporary,NSW,253
2022,China,801 Partner Perm,Family,SA,160
2024,Philippines,500 Student,Student,QLD,397
2017,Philippines,485 Temp Graduate,Temporary,QLD,393
2018,Germany,189 Skilled Indep,Skilled,NSW,326
2021,Indonesia,485 Temp Graduate,Temporary,ACT,72
2016,UK,485 Temp Graduate,Temporary,ACT,584
2024,China,400 Temp Work,Temporary,VIC,675
2021,Sri Lanka,485 Temp Graduate,Temporary,QLD,628
2022,Nepal,500 Student,Student,QLD,520
2021,Germany,801 Partner Perm,Family,NSW,571
2020,India,143 Parent,Family,QLD,185
2017,Sri Lanka,500 Student,Student,NSW,426
2016,UK,482 Temp Skill,Temporary,VIC,198
2017,India,482 Temp Skill,Temporary,QLD,497
2015,India,491 Skilled Regional,Skilled,QLD,331
2021,India,500 Student,Student,VIC,310
2016,Indonesia,143 Parent,Family,VIC,39
2024,Nepal,485 Temp Graduate,Temporary,WA,628
2016,China,500 Student,Student,QLD,425
2018,UK,485 Temp Graduate,Temporary,QLD,531
2023,South Korea,500 Student,Student,ACT,340
2021,India,143 Parent,Family,VIC,169
2018,Pakistan,189 Skilled Indep,Skilled,VIC,597
2022,Pakistan,820 Partner Temp,Family,VIC,433
2018,Philippines,189 Skilled Indep,Skilled,VIC,726
2016,India,143 Parent,Family,VIC,206
2024,Bangladesh,482 Temp Skill,Temporary,QLD,332
2023,India,189 Skilled Indep,Skilled,VIC,69
2022,Bangladesh,200 Refugee,Humanitarian,NSW,280
2017,Nepal,485 Temp Graduate,Temporary,NSW,342
2020,UK,500 Student,Student,WA,579
2015,Philippines,485 Temp Graduate,Temporary,SA,448
2015,Philippines,485 Temp Graduate,Temporary,VIC,50
2024,India,500 Student,Student,WA,268
2018,China,500 Student,Student,QLD,295
2017,China,400 Temp Work,Temporary,WA,511
2022,China,189 Skilled Indep,Skilled,ACT,295
2020,India,482 Temp Skill,Temporary,VIC,430
2021,Indonesia,500 Student,Student,QLD,504
2016,India,801 Partner Perm,Family,NSW,606
2019,India,485 Temp Graduate,Temporary,VIC,383
2018,China,820 Partner Temp,Family,VIC,492
2017,Philippines,482 Temp Skill,Temporary,VIC,211
2016,Philippines,500 Student,Student,QLD,519
2023,Sri Lanka,820 Partner Temp,Family,QLD,196
2022,Philippines,482 Temp Skill,Temporary,QLD,208
2021,Pakistan,485 Temp Graduate,Temporary,QLD,342
2017,UK,143 Parent,Family,VIC,200
2021,Bangladesh,482 Temp Skill,Temporary,NSW,136
2018,China,189 Skilled Indep,Skilled,WA,674
2015,India,482 Temp Skill,Temporary,QLD,591
2021,India,482 Temp Skill,Temporary,QLD,295
2021,Malaysia,820 Partner Temp,Family,WA,178
2024,Nepal,820 Partner Temp,Family,NSW,580
2023,India,400 Temp Work,Temporary,VIC,54
2015,South Korea,143 Parent,Family,QLD,56
2018,India,820 Partner Temp,Family,NSW,444
2015,China,801 Partner Perm,Family,WA,653
2015,India,485 Temp Graduate,Temporary,QLD,585
2019,Nepal,801 Partner Perm,Family,NSW,97
2017,Sri Lanka,801 Partner Perm,Family,VIC,47
2015,Sri Lanka,190 Skilled Nom,Skilled,VIC,399
2021,UK,190 Skilled Nom,Skilled,VIC,442
2024,Vietnam,482 Temp Skill,Temporary,VIC,358
2023,China,485 Temp Graduate,Temporary,QLD,131
2015,India,189 Skilled Indep,Skilled,NSW,494
2017,Pakistan,485 Temp Graduate,Temporary,SA,187
2015,India,820 Partner Temp,Family,NSW,703
2019,Germany,200 Refugee,Humanitarian,VIC,334
2024,Bangladesh,485 Temp Graduate,Temporary,NSW,353
2017,Philippines,202 Global Special,Humanitarian,WA,201
2022,Pakistan,482 Temp Skill,Temporary,WA,498
2019,Vietnam,500 Student,Student,QLD,717
2020,Pakistan,500 Student,Student,VIC,107
2023,Bangladesh,485 Temp Graduate,Temporary,QLD,507
2018,Germany,482 Temp Skill,Temporary,VIC,159
2018,Pakistan,485 Temp Graduate,Temporary,VIC,545
2022,Philippines,143 Parent,Family,VIC,115
2016,Philippines,500 Student,Student,WA,418
2016,India,485 Temp Graduate,Temporary,VIC,657
2018,Bangladesh,482 Temp Skill,Temporary,VIC,627
2018,UK,485 Temp Graduate,Temporary,TAS,408
2018,India,491 Skilled Regional,Skilled,QLD,423
2017,India,485 Temp Graduate,Temporary,QLD,84
2023,China,190 Skilled Nom,Skilled,ACT,147
2018,Malaysia,485 Temp Graduate,Temporary,NSW,329
2018,Germany,482 Temp Skill,Temporary,QLD,719
2022,Germany,485 Temp Graduate,Temporary,SA,709
2023,Philippines,485 Temp Graduate,Temporary,NSW,78
2022,Philippines,500 Student,Student,QLD,439
2024,South Korea,485 Temp Graduate,Temporary,VIC,131
2016,Philippines,482 Temp Skill,Temporary,NSW,61
2019,Sri Lanka,801 Partner Perm,Family,SA,489
2023,India,190 Skilled Nom,Skilled,SA,492
2024,Pakistan,500 Student,Student,QLD,629
2017,USA,482 Temp Skill,Temporary,NSW,163
2022,Germany,482 Temp Skill,Temporary,WA,110
2017,NZ,485 Temp Graduate,Temporary,QLD,653
2018,India,485 Temp Graduate,Temporary,VIC,659
2022,India,801 Partner Perm,Family,WA,623
2022,China,485 Temp Graduate,Temporary,NSW,522
2015,Nepal,500 Student,Student,VIC,686
2017,Bangladesh,500 Student,Student,NSW,444
2024,India,189 Skilled Indep,Skilled,NSW,406
2021,China,801 Partner Perm,Family,VIC,363
2021,UK,491 Skilled Regional,Skilled,NSW,190
2017,India,485 Temp Graduate,Temporary,WA,221
2019,India,485 Temp Graduate,Temporary,VIC,683
2017,Bangladesh,202 Global Special,Humanitarian,VIC,596
2016,India,485 Temp Graduate,Temporary,SA,278
2017,Nepal,820 Partner Temp,Family,NSW,262
2020,NZ,485 Temp Graduate,Temporary,QLD,295
2020,Philippines,500 Student,Student,VIC,526
2020,Vietnam,482 Temp Skill,Temporary,VIC,333
2018,Vietnam,485 Temp Graduate,Temporary,VIC,547
2019,Sri Lanka,485 Temp Graduate,Temporary,VIC,396
2023,Indonesia,820 Partner Temp,Family,SA,608
2023,Pakistan,820 Partner Temp,Family,VIC,80
2023,UK,482 Temp Skill,Temporary,VIC,434
2017,China,482 Temp Skill,Temporary,SA,341
2021,Pakistan,485 Temp Graduate,Temporary,QLD,129
2022,Malaysia,202 Global Special,Humanitarian,SA,263
2018,Bangladesh,189 Skilled Indep,Skilled,VIC,289
2019,China,143 Parent,Family,SA,197
2023,UK,202 Global Special,Humanitarian,VIC,524
2022,China,200 Refugee,Humanitarian,WA,397
2022,Pakistan,400 Temp Work,Temporary,VIC,174
2015,Nepal,485 Temp Graduate,Temporary,VIC,211
2015,Germany,143 Parent,Family,NSW,68
2022,India,820 Partner Temp,Family,NSW,382
2021,South Korea,202 Global Special,Humanitarian,VIC,114
2016,Nepal,491 Skilled Regional,Skilled,NSW,403
2015,China,801 Partner Perm,Family,NSW,383
2017,Pakistan,491 Skilled Regional,Skilled,WA,670
2021,Malaysia,190 Skilled Nom,Skilled,QLD,423
2018,South Korea,500 Student,Student,VIC,377
2021,India,801 Partner Perm,Family,NSW,249
2016,USA,189 Skilled Indep,Skilled,SA,526
2021,Philippines,482 Temp Skill,Temporary,VIC,471
2016,India,500 Student,Student,QLD,606
2023,UK,202 Global Special,Humanitarian,WA,639
2017,Pakistan,801 Partner Perm,Family,QLD,84
2015,USA,500 Student,Student,SA,587
2023,China,482 Temp Skill,Temporary,NSW,320
2018,India,485 Temp Graduate,Temporary,QLD,561
2018,India,189 Skilled Indep,Skilled,NSW,258
2016,Philippines,820 Partner Temp,Family,VIC,459
2017,Nepal,500 Student,Student,NSW,697
2018,UK,482 Temp Skill,Temporary,QLD,700
2017,Pakistan,482 Temp Skill,Temporary,VIC,279
2020,India,820 Partner Temp,Family,QLD,499
2017,India,801 Partner Perm,Family,SA,489
2019,Philippines,485 Temp Graduate,Temporary,SA,669
2015,Philippines,202 Global Special,Humanitarian,VIC,414
2020,India,143 Parent,Family,NSW,650
2021,India,189 Skilled Indep,Skilled,VIC,578
2023,UK,801 Partner Perm,Family,QLD,109
2022,UK,143 Parent,Family,QLD,114
2015,NZ,500 Student,Student,QLD,386
2018,China,801 Partner Perm,Family,VIC,166
2022,China,801 Partner Perm,Family,QLD,563
2022,India,482 Temp Skill,Temporary,VIC,428
2015,USA,189 Skilled Indep,Skilled,VIC,199
2015,UK,500 Student,Student,VIC,322
2019,UK,500 Student,Student,VIC,119
2019,Philippines,500 Student,Student,VIC,427
2016,India,482 Temp Skill,Temporary,VIC,711
2017,USA,491 Skilled Regional,Skilled,VIC,477
2018,Nepal,485 Temp Graduate,Temporary,QLD,158
2022,Germany,491 Skilled Regional,Skilled,VIC,230
2017,China,485 Temp Graduate,Temporary,SA,350
2023,South Korea,190 Skilled Nom,Skilled,NSW,379
2023,Philippines,482 Temp Skill,Temporary,QLD,335
2017,Nepal,485 Temp Graduate,Temporary,ACT,291
2023,Philippines,400 Temp Work,Temporary,VIC,282
2015,China,190 Skilled Nom,Skilled,QLD,47
2018,China,500 Student,Student,VIC,648
2016,Germany,801 Partner Perm,Family,VIC,48
2018,Bangladesh,801 Partner Perm,Family,NSW,333
2017,Germany,485 Temp Graduate,Temporary,NSW,703
2022,China,500 Student,Student,VIC,361
2023,India,400 Temp Work,Temporary,NSW,483
2018,Vietnam,485 Temp Graduate,Temporary,VIC,463
2018,India,143 Parent,Family,WA,169
2024,Philippines,485 Temp Graduate,Temporary,NSW,47
2016,South Korea,143 Parent,Family,VIC,368
2019,Pakistan,190 Skilled Nom,Skilled,VIC,434
2021,NZ,200 Refugee,Humanitarian,VIC,700
2021,China,500 Student,Student,VIC,624
2016,China,485 Temp Graduate,Temporary,WA,183
2018,Bangladesh,801 Partner Perm,Family,NSW,716
2016,Nepal,189 Skilled Indep,Skilled,QLD,566
2022,China,485 Temp Graduate,Temporary,VIC,96
2022,Philippines,482 Temp Skill,Temporary,WA,79
2023,Sri Lanka,500 Student,Student,WA,344
2019,UK,500 Student,Student,TAS,152
2015,India,801 Partner Perm,Family,VIC,34
2023,Germany,190 Skilled Nom,Skilled,VIC,657
2016,Bangladesh,189 Skilled Indep,Skilled,VIC,286
2017,Philippines,400 Temp Work,Temporary,NSW,644
2015,India,820 Partner Temp,Family,NSW,144
2018,Malaysia,189 Skilled Indep,Skilled,VIC,123
2022,Philippines,485 Temp Graduate,Temporary,NSW,390
2024,Pakistan,189 Skilled Indep,Skilled,SA,690
2020,India,190 Skilled Nom,Skilled,NSW,416
2015,India,485 Temp Graduate,Temporary,VIC,598
2023,China,189 Skilled Indep,Skilled,NSW,43
2016,Sri Lanka,485 Temp Graduate,Temporary,VIC,721
2017,South Korea,482 Temp Skill,Temporary,VIC,266
2017,Philippines,801 Partner Perm,Family,SA,533
2023,Sri Lanka,500 Student,Student,VIC,491
2018,UK,485 Temp Graduate,Temporary,NSW,645
2023,UK,482 Temp Skill,Temporary,WA,619
2020,India,482 Temp Skill,Temporary,QLD,188
2019,NZ,400 Temp Work,Temporary,VIC,548
2022,China,202 Global Special,Humanitarian,VIC,256
2017,NZ,189 Skilled Indep,Skilled,NSW,540
2017,Sri Lanka,202 Global Special,Humanitarian,NSW,179
2023,Malaysia,190 Skilled Nom,Skilled,NSW,400
2021,India,400 Temp Work,Temporary,WA,326
2018,China,491 Skilled Regional,Skilled,SA,296
2021,Indonesia,801 Partner Perm,Family,NSW,716
2022,India,189 Skilled Indep,Skilled,NSW,519
2022,UK,482 Temp Skill,Temporary,NSW,31
2020,India,485 Temp Graduate,Temporary,NSW,273
2021,India,482 Temp Skill,Temporary,NSW,409
2017,China,485 Temp Graduate,Temporary,QLD,725
2019,Philippines,485 Temp Graduate,Temporary,NSW,198
2023,Malaysia,482 Temp Skill,Temporary,WA,232
2023,Philippines,400 Temp Work,Temporary,QLD,200
2015,China,500 Student,Student,WA,86
2017,Nepal,482 Temp Skill,Temporary,NSW,674
2017,India,200 Refugee,Humanitarian,NSW,278
2018,India,485 Temp Graduate,Temporary,NSW,377
2018,USA,500 Student,Student,QLD,195
2017,Vietnam,143 Parent,Family,QLD,278
2019,Germany,500 Student,Student,SA,344
2017,India,500 Student,Student,NSW,136
2022,USA,491 Skilled Regional,Skilled,VIC,626
2015,NZ,189 Skilled Indep,Skilled,NSW,277
2024,Pakistan,190 Skilled Nom,Skilled,VIC,601
2016,Germany,500 Student,Student,VIC,289
2023,Germany,485 Temp Graduate,Temporary,NSW,546
2022,Malaysia,500 Student,Student,WA,418
2023,India,500 Student,Student,SA,257
2019,Nepal,189 Skilled Indep,Skilled,QLD,437
2018,Indonesia,202 Global Special,Humanitarian,WA,54
2021,China,189 Skilled Indep,Skilled,QLD,338
2017,Vietnam,200 Refugee,Humanitarian,VIC,435
2019,Pakistan,801 Partner Perm,Family,VIC,270
2020,Pakistan,189 Skilled Indep,Skilled,QLD,626
2016,Pakistan,189 Skilled Indep,Skilled,QLD,132
2023,India,801 Partner Perm,Family,VIC,125
2019,India,500 Student,Student,TAS,149
2020,China,500 Student,Student,NSW,693
2022,NZ,202 Global Special,Humanitarian,NSW,122
2023,India,500 Student,Student,QLD,364
2016,India,820 Partner Temp,Family,VIC,81
2017,China,820 Partner Temp,Family,VIC,73
2016,UK,500 Student,Student,NSW,371
2024,China,801 Partner Perm,Family,QLD,36
2019,Sri Lanka,491 Skilled Regional,Skilled,NSW,600
2022,South Korea,485 Temp Graduate,Temporary,NSW,317
2016,Philippines,485 Temp Graduate,Temporary,NSW,613
2024,South Korea,491 Skilled Regional,Skilled,VIC,295
2016,China,485 Temp Graduate,Temporary,QLD,130
2022,Philippines,500 Student,Student,WA,570
2015,Indonesia,482 Temp Skill,Temporary,QLD,139
2023,Sri Lanka,143 Parent,Family,NSW,299
2018,South Korea,482 Temp Skill,Temporary,VIC,180
2021,Germany,485 Temp Graduate,Temporary,VIC,61
2021,Philippines,189 Skilled Indep,Skilled,VIC,511
2017,India,190 Skilled Nom,Skilled,NSW,137
2019,UK,500 Student,Student,SA,373
2015,Philippines,482 Temp Skill,Temporary,WA,146
2022,Malaysia,820 Partner Temp,Family,QLD,433
2019,Germany,482 Temp Skill,Temporary,QLD,88
2017,Nepal,491 Skilled Regional,Skilled,WA,450
2018,Germany,485 Temp Graduate,Temporary,QLD,115
2018,Philippines,820 Partner Temp,Family,QLD,605
2016,NZ,190 Skilled Nom,Skilled,QLD,488
2018,NZ,500 Student,Student,NSW,649
2022,South Korea,491 Skilled Regional,Skilled,VIC,525
2020,Nepal,485 Temp Graduate,Temporary,VIC,311
2024,Germany,485 Temp Graduate,Temporary,NSW,473
2022,UK,143 Parent,Family,VIC,89
2023,India,190 Skilled Nom,Skilled,WA,374
2016,India,202 Global Special,Humanitarian,WA,439
2020,Philippines,491 Skilled Regional,Skilled,QLD,108
2017,Philippines,801 Partner Perm,Family,VIC,210
2017,Sri Lanka,200 Refugee,Humanitarian,VIC,43
2018,NZ,485 Temp Graduate,Temporary,VIC,444
2021,China,820 Partner Temp,Family,NSW,293
2018,Pakistan,482 Temp Skill,Temporary,VIC,79
2018,China,485 Temp Graduate,Temporary,QLD,170
2018,India,200 Refugee,Humanitarian,VIC,476
2024,Nepal,500 Student,Student,VIC,479
2019,Pakistan,189 Skilled Indep,Skilled,NSW,307
2023,Pakistan,500 Student,Student,NSW,230
2024,India,820 Partner Temp,Family,VIC,709
2021,Indonesia,500 Student,Student,QLD,206
2024,Vietnam,400 Temp Work,Temporary,NSW,404
2024,USA,482 Temp Skill,Temporary,NSW,704
2023,Germany,485 Temp Graduate,Temporary,QLD,39
2022,India,485 Temp Graduate,Temporary,QLD,165
2017,Pakistan,500 Student,Student,WA,206
2016,India,485 Temp Graduate,Temporary,NSW,589
2015,Pakistan,189 Skilled Indep,Skilled,NSW,634
2017,USA,400 Temp Work,Temporary,NSW,729
2020,Pakistan,143 Parent,Family,WA,726
2019,India,189 Skilled Indep,Skilled,QLD,619
2022,UK,482 Temp Skill,Temporary,VIC,313
2018,Indonesia,482 Temp Skill,Temporary,ACT,365
2021,Bangladesh,190 Skilled Nom,Skilled,SA,456
2018,Indonesia,482 Temp Skill,Temporary,WA,553
2017,India,400 Temp Work,Temporary,QLD,597
2022,Malaysia,485 Temp Graduate,Temporary,NSW,104
2017,Philippines,485 Temp Graduate,Temporary,NSW,664
2020,India,143 Parent,Family,QLD,277
2017,Philippines,485 Temp Graduate,Temporary,VIC,626
2021,India,485 Temp Graduate,Temporary,ACT,610
2016,China,482 Temp Skill,Temporary,QLD,389
2015,Nepal,143 Parent,Family,WA,414
2021,India,190 Skilled Nom,Skilled,QLD,598
2019,India,500 Student,Student,NSW,142
2021,India,500 Student,Student,NSW,282
2015,Sri Lanka,400 Temp Work,Temporary,SA,494
2022,South Korea,491 Skilled Regional,Skilled,QLD,592
2015,Nepal,190 Skilled Nom,Skilled,WA,82
2024,Malaysia,189 Skilled Indep,Skilled,VIC,555
2024,India,491 Skilled Regional,Skilled,SA,406
2023,USA,500 Student,Student,NSW,604
2018,South Korea,801 Partner Perm,Family,VIC,389
2021,India,500 Student,Student,NSW,300
2024,China,500 Student,Student,NSW,484
2022,China,200 Refugee,Humanitarian,NSW,477
2021,China,500 Student,Student,NSW,702
2015,NZ,400 Temp Work,Temporary,VIC,270
2015,India,500 Student,Student,VIC,126
2021,China,190 Skilled Nom,Skilled,WA,38
2019,India,200 Refugee,Humanitarian,NSW,683
2019,Pakistan,143 Parent,Family,WA,365
2017,Nepal,485 Temp Graduate,Temporary,VIC,170
2018,NZ,482 Temp Skill,Temporary,QLD,214
2023,South Korea,500 Student,Student,QLD,460
2018,USA,190 Skilled Nom,Skilled,VIC,164
2024,Philippines,485 Temp Graduate,Temporary,NSW,469
2016,China,400 Temp Work,Temporary,NSW,198
2020,UK,491 Skilled Regional,Skilled,QLD,466
2021,India,801 Partner Perm,Family,NSW,608
2022,India,491 Skilled Regional,Skilled,VIC,670
2023,NZ,202 Global Special,Humanitarian,NSW,480
2022,Sri Lanka,500 Student,Student,NSW,124
2023,India,200 Refugee,Humanitarian,QLD,268
2015,India,482 Temp Skill,Temporary,TAS,584
2015,Indonesia,482 Temp Skill,Temporary,NSW,212
2016,Indonesia,189 Skilled Indep,Skilled,NSW,408
2017,Malaysia,482 Temp Skill,Temporary,WA,360
2022,Vietnam,485 Temp Graduate,Temporary,NSW,435
2020,China,485 Temp Graduate,Temporary,QLD,568
2022,UK,190 Skilled Nom,Skilled,NSW,236
2021,India,801 Partner Perm,Family,QLD,600
2020,Nepal,820 Partner Temp,Family,QLD,710
2016,China,500 Student,Student,QLD,509
2023,UK,190 Skilled Nom,Skilled,QLD,479
2022,India,500 Student,Student,VIC,70
2022,India,143 Parent,Family,VIC,658
2024,India,200 Refugee,Humanitarian,QLD,274
2018,India,482 Temp Skill,Temporary,VIC,168
2019,UK,400 Temp Work,Temporary,SA,331
2019,Germany,500 Student,Student,WA,208
2018,Bangladesh,482 Temp Skill,Temporary,VIC,266
2020,Philippines,485 Temp Graduate,Temporary,NSW,512
2021,Bangladesh,143 Parent,Family,NSW,453
2021,Philippines,190 Skilled Nom,Skilled,VIC,377
2016,Philippines,485 Temp Graduate,Temporary,QLD,533
2022,India,500 Student,Student,QLD,574
2015,Nepal,500 Student,Student,QLD,159
2017,UK,500 Student,Student,WA,700
2018,China,482 Temp Skill,Temporary,VIC,317
2023,India,400 Temp Work,Temporary,NSW,728
2017,India,485 Temp Graduate,Temporary,NSW,180
2023,Germany,202 Global Special,Humanitarian,WA,626
2021,China,820 Partner Temp,Family,QLD,30
2022,Malaysia,485 Temp Graduate,Temporary,NSW,712
2017,Philippines,820 Partner Temp,Family,VIC,363
2024,China,491 Skilled Regional,Skilled,WA,123
2021,Bangladesh,500 Student,Student,NSW,81
2015,India,500 Student,Student,NSW,372
2023,Nepal,485 Temp Graduate,Temporary,VIC,555
2019,Philippines,500 Student,Student,VIC,189
2023,Germany,500 Student,Student,NSW,339
2022,Pakistan,200 Refugee,Humanitarian,SA,201
2024,Sri Lanka,143 Parent,Family,SA,547
2023,India,190 Skilled Nom,Skilled,VIC,322
2021,China,820 Partner Temp,Family,VIC,96
2022,Philippines,190 Skilled Nom,Skilled,WA,692
2015,India,482 Temp Skill,Temporary,VIC,492
2022,Vietnam,491 Skilled Regional,Skilled,QLD,112
2022,Indonesia,500 Student,Student,VIC,160
2024,South Korea,500 Student,Student,QLD,574
2022,Sri Lanka,189 Skilled Indep,Skilled,NSW,337
2021,China,485 Temp Graduate,Temporary,VIC,63
2022,China,500 Student,Student,WA,715
2021,India,190 Skilled Nom,Skilled,VIC,180
2019,India,500 Student,Student,VIC,429
2024,India,200 Refugee,Humanitarian,NSW,533
2019,Nepal,500 Student,Student,NSW,231
2016,China,500 Student,Student,SA,81
2015,Nepal,485 Temp Graduate,Temporary,VIC,651
2018,India,485 Temp Graduate,Temporary,NSW,246
2019,South Korea,485 Temp Graduate,Temporary,SA,322
2020,India,202 Global Special,Humanitarian,TAS,557
2015,Sri Lanka,485 Temp Graduate,Temporary,QLD,36
2020,India,820 Partner Temp,Family,SA,118
2024,China,400 Temp Work,Temporary,WA,139
2022,India,482 Temp Skill,Temporary,TAS,266
2022,China,500 Student,Student,NSW,719
2020,Bangladesh,500 Student,Student,NSW,568
2023,UK,482 Temp Skill,Temporary,QLD,168
2016,China,801 Partner Perm,Family,WA,626
2022,Malaysia,485 Temp Graduate,Temporary,TAS,593
2022,India,500 Student,Student,VIC,192
2018,China,200 Refugee,Humanitarian,VIC,199
2019,China,500 Student,Student,VIC,107
2016,India,820 Partner Temp,Family,VIC,43
2015,India,500 Student,Student,VIC,386
2018,India,485 Temp Graduate,Temporary,WA,420
2018,NZ,190 Skilled Nom,Skilled,WA,30
2020,India,820 Partner Temp,Family,QLD,537
2018,USA,202 Global Special,Humanitarian,VIC,149
2023,Pakistan,500 Student,Student,WA,215
2016,China,500 Student,Student,NSW,273
2023,India,500 Student,Student,QLD,404
2020,Germany,491 Skilled Regional,Skilled,VIC,160
2017,NZ,820 Partner Temp,Family,SA,328
2023,Pakistan,485 Temp Graduate,Temporary,NSW,129
2020,Germany,482 Temp Skill,Temporary,NSW,260
2016,China,189 Skilled Indep,Skilled,NSW,349
2023,China,189 Skilled Indep,Skilled,NSW,637
2017,India,200 Refugee,Humanitarian,NSW,128
2021,UK,801 Partner Perm,Family,ACT,195
2022,India,190 Skilled Nom,Skilled,SA,727
2022,Germany,500 Student,Student,QLD,558
2022,India,500 Student,Student,SA,112
2023,Pakistan,500 Student,Student,SA,89
2022,Philippines,200 Refugee,Humanitarian,NSW,524
2016,UK,143 Parent,Family,QLD,36
2020,India,485 Temp Graduate,Temporary,NSW,297
2019,India,820 Partner Temp,Family,SA,521
2016,India,400 Temp Work,Temporary,VIC,620
2019,China,400 Temp Work,Temporary,NSW,703
2022,Pakistan,500 Student,Student,NSW,414
2019,Sri Lanka,485 Temp Graduate,Temporary,NSW,684
2018,UK,820 Partner Temp,Family,NSW,224
2019,UK,500 Student,Student,VIC,359
2021,China,500 Student,Student,VIC,504
2022,Bangladesh,482 Temp Skill,Temporary,NSW,420
2023,Philippines,189 Skilled Indep,Skilled,WA,290
2017,Pakistan,482 Temp Skill,Temporary,QLD,91
2017,India,482 Temp Skill,Temporary,QLD,186
2018,Nepal,190 Skilled Nom,Skilled,QLD,196
2023,India,189 Skilled Indep,Skilled,NSW,447
2023,India,801 Partner Perm,Family,NSW,142
2018,Germany,500 Student,Student,QLD,102
2023,Philippines,189 Skilled Indep,Skilled,WA,708
2020,NZ,485 Temp Graduate,Temporary,WA,394
2024,India,202 Global Special,Humanitarian,NSW,408
2021,Pakistan,485 Temp Graduate,Temporary,VIC,533
2023,India,500 Student,Student,NSW,711
2020,India,143 Parent,Family,QLD,328
2018,India,500 Student,Student,VIC,79
2023,South Korea,190 Skilled Nom,Skilled,QLD,42
2018,Sri Lanka,482 Temp Skill,Temporary,QLD,563
2022,India,485 Temp Graduate,Temporary,QLD,229
2020,Malaysia,485 Temp Graduate,Temporary,VIC,231
2018,China,482 Temp Skill,Temporary,VIC,360
2019,Philippines,482 Temp Skill,Temporary,VIC,236
2023,India,485 Temp Graduate,Temporary,VIC,209
2017,Pakistan,482 Temp Skill,Temporary,WA,470
2015,India,485 Temp Graduate,Temporary,NSW,402
2023,Germany,190 Skilled Nom,Skilled,NSW,203
2016,India,500 Student,Student,WA,335
2017,China,500 Student,Student,NSW,356
2019,India,500 Student,Student,VIC,478
2022,India,820 Partner Temp,Family,NSW,657
2024,Pakistan,485 Temp Graduate,Temporary,NSW,304
2016,Nepal,801 Partner Perm,Family,NSW,615
2017,UK,485 Temp Graduate,Temporary,VIC,516
2024,Philippines,143 Parent,Family,WA,83
2021,India,482 Temp Skill,Temporary,QLD,110
2023,UK,189 Skilled Indep,Skilled,QLD,630
2018,Pakistan,500 Student,Student,NSW,490
2017,Pakistan,485 Temp Graduate,Temporary,NSW,558
2023,India,482 Temp Skill,Temporary,QLD,588
2017,India,485 Temp Graduate,Temporary,NSW,139
2017,Pakistan,200 Refugee,Humanitarian,WA,508
2018,UK,485 Temp Graduate,Temporary,QLD,415
2018,Nepal,189 Skilled Indep,Skilled,NSW,394
2016,Philippines,400 Temp Work,Temporary,VIC,290
2017,Bangladesh,500 Student,Student,NSW,656
2016,Germany,485 Temp Graduate,Temporary,NSW,538
2020,China,485 Temp Graduate,Temporary,NSW,151
2022,India,482 Temp Skill,Temporary,QLD,296
2020,Germany,400 Temp Work,Temporary,VIC,237
2015,India,482 Temp Skill,Temporary,VIC,35
2021,India,200 Refugee,Humanitarian,VIC,38
2022,Pakistan,190 Skilled Nom,Skilled,VIC,431
2016,UK,482 Temp Skill,Temporary,QLD,610
2019,Philippines,820 Partner Temp,Family,WA,285
2024,Nepal,485 Temp Graduate,Temporary,VIC,332
2023,China,801 Partner Perm,Family,NSW,73
2019,China,801 Partner Perm,Family,TAS,431
2017,Pakistan,485 Temp Graduate,Temporary,NSW,464
2016,Bangladesh,482 Temp Skill,Temporary,NSW,699
2015,India,400 Temp Work,Temporary,NSW,255
2017,China,400 Temp Work,Temporary,VIC,583
2019,China,485 Temp Graduate,Temporary,VIC,232
2019,China,482 Temp Skill,Temporary,VIC,645
2016,UK,482 Temp Skill,Temporary,VIC,489
2019,India,202 Global Special,Humanitarian,WA,621
2019,Pakistan,500 Student,Student,NSW,477
2023,Pakistan,820 Partner Temp,Family,VIC,46
2024,India,485 Temp Graduate,Temporary,WA,591
2024,China,485 Temp Graduate,Temporary,VIC,115
2019,Pakistan,485 Temp Graduate,Temporary,WA,614
2023,Pakistan,400 Temp Work,Temporary,VIC,291
2021,India,485 Temp Graduate,Temporary,VIC,147
2016,China,485 Temp Graduate,Temporary,QLD,452
2015,China,189 Skilled Indep,Skilled,VIC,166
2021,Pakistan,485 Temp Graduate,Temporary,VIC,543
2022,India,500 Student,Student,NSW,429
2021,Nepal,485 Temp Graduate,Temporary,NSW,309
2019,Philippines,500 Student,Student,VIC,534
2021,South Korea,400 Temp Work,Temporary,VIC,54
2021,USA,485 Temp Graduate,Temporary,QLD,381
2022,Pakistan,485 Temp Graduate,Temporary,SA,564
2016,UK,500 Student,Student,ACT,559
2019,India,200 Refugee,Humanitarian,QLD,300
2018,China,485 Temp Graduate,Temporary,VIC,658
2019,India,485 Temp Graduate,Temporary,WA,636
2018,India,400 Temp Work,Temporary,QLD,562
2015,India,143 Parent,Family,WA,48
2022,Pakistan,820 Partner Temp,Family,NSW,575
2020,Indonesia,820 Partner Temp,Family,WA,320
2023,USA,482 Temp Skill,Temporary,VIC,710
2015,Philippines,485 Temp Graduate,Temporary,VIC,231
2016,UK,482 Temp Skill,Temporary,VIC,559
2016,UK,485 Temp Graduate,Temporary,NSW,265
2023,Vietnam,190 Skilled Nom,Skilled,VIC,703
2020,China,500 Student,Student,TAS,436
2022,India,500 Student,Student,VIC,445
2015,Nepal,482 Temp Skill,Temporary,QLD,716
2022,India,189 Skilled Indep,Skilled,NSW,269
2015,USA,485 Temp Graduate,Temporary,NSW,701
2023,India,190 Skilled Nom,Skilled,VIC,504
2020,Philippines,485 Temp Graduate,Temporary,VIC,378
2024,Germany,500 Student,Student,NSW,241
2021,Philippines,485 Temp Graduate,Temporary,VIC,94
2021,India,189 Skilled Indep,Skilled,VIC,637
2016,UK,485 Temp Graduate,Temporary,QLD,606
2021,Sri Lanka,482 Temp Skill,Temporary,TAS,639
2022,India,801 Partner Perm,Family,VIC,691
2021,Sri Lanka,482 Temp Skill,Temporary,SA,115
2022,Vietnam,189 Skilled Indep,Skilled,VIC,706
2023,India,820 Partner Temp,Family,NSW,534
2022,India,500 Student,Student,WA,34
2021,China,482 Temp Skill,Temporary,NSW,690
2020,Nepal,820 Partner Temp,Family,SA,660
2019,NZ,190 Skilled Nom,Skilled,SA,468
2022,India,491 Skilled Regional,Skilled,VIC,384
2023,Nepal,202 Global Special,Humanitarian,NSW,320
2022,India,189 Skilled Indep,Skilled,NSW,521
2016,Pakistan,500 Student,Student,WA,680
2017,Germany,200 Refugee,Humanitarian,VIC,256
2021,India,500 Student,Student,NSW,102
2021,USA,485 Temp Graduate,Temporary,NSW,196
2023,Pakistan,190 Skilled Nom,Skilled,WA,56
2024,China,500 Student,Student,NSW,133
2023,Nepal,143 Parent,Family,NSW,284
2021,South Korea,485 Temp Graduate,Temporary,NSW,449
2022,India,491 Skilled Regional,Skilled,VIC,671
2023,Malaysia,400 Temp Work,Temporary,VIC,672
2016,Pakistan,820 Partner Temp,Family,NSW,381
2018,China,491 Skilled Regional,Skilled,VIC,277
2015,India,482 Temp Skill,Temporary,NSW,112
2021,India,482 Temp Skill,Temporary,NSW,354
2023,India,482 Temp Skill,Temporary,VIC,656
2015,Philippines,485 Temp Graduate,Temporary,VIC,378
2016,USA,202 Global Special,Humanitarian,VIC,394
2017,China,485 Temp Graduate,Temporary,VIC,600
2022,Pakistan,820 Partner Temp,Family,NSW,371
2018,Sri Lanka,500 Student,Student,QLD,556
2017,China,801 Partner Perm,Family,NSW,328
2018,Vietnam,500 Student,Student,WA,254
2017,Vietnam,500 Student,Student,NSW,220
2017,Vietnam,801 Partner Perm,Family,VIC,232
2021,Sri Lanka,202 Global Special,Humanitarian,NSW,132
2022,UK,482 Temp Skill,Temporary,WA,471
2017,China,400 Temp Work,Temporary,QLD,137
2020,India,500 Student,Student,SA,249
2015,Germany,500 Student,Student,WA,710
2024,USA,190 Skilled Nom,Skilled,VIC,594
2016,India,190 Skilled Nom,Skilled,SA,471
2020,India,485 Temp Graduate,Temporary,QLD,623
2024,South Korea,801 Partner Perm,Family,QLD,208
2018,China,482 Temp Skill,Temporary,VIC,586
2017,UK,400 Temp Work,Temporary,QLD,679
2022,Nepal,500 Student,Student,NSW,193
2019,India,491 Skilled Regional,Skilled,WA,582
2017,Sri Lanka,500 Student,Student,WA,327
2021,India,500 Student,Student,VIC,437
2023,India,189 Skilled Indep,Skilled,NSW,452
2021,India,485 Temp Graduate,Temporary,VIC,665
2017,China,482 Temp Skill,Temporary,QLD,553
2021,Philippines,482 Temp Skill,Temporary,SA,619
2024,China,482 Temp Skill,Temporary,NSW,66
2017,India,485 Temp Graduate,Temporary,NSW,121
2021,Indonesia,190 Skilled Nom,Skilled,NSW,216
2019,Philippines,189 Skilled Indep,Skilled,NSW,282
2021,UK,485 Temp Graduate,Temporary,NSW,163
2016,India,500 Student,Student,VIC,374
2017,China,500 Student,Student,WA,519
2018,India,500 Student,Student,QLD,689
2023,Philippines,500 Student,Student,VIC,215
2018,Philippines,190 Skilled Nom,Skilled,VIC,641
2018,Pakistan,200 Refugee,Humanitarian,NSW,369
2022,China,485 Temp Graduate,Temporary,VIC,442
2016,Germany,801 Partner Perm,Family,SA,717
2018,Germany,202 Global Special,Humanitarian,NSW,51
2020,Pakistan,500 Student,Student,QLD,132
2018,Bangladesh,500 Student,Student,NSW,166
2021,Nepal,500 Student,Student,VIC,88
2021,UK,482 Temp Skill,Temporary,NSW,279
2016,China,202 Global Special,Humanitarian,VIC,630
2016,Bangladesh,482 Temp Skill,Temporary,SA,42
2022,India,485 Temp Graduate,Temporary,NSW,554
2018,Pakistan,500 Student,Student,VIC,52
2016,India,500 Student,Student,SA,559
2015,Germany,189 Skilled Indep,Skilled,NSW,230
2018,Bangladesh,485 Temp Graduate,Temporary,NSW,128
2023,China,190 Skilled Nom,Skilled,NSW,349
2017,India,485 Temp Graduate,Temporary,VIC,727
2024,Philippines,500 Student,Student,VIC,206
2015,USA,189 Skilled Indep,Skilled,NSW,553
2021,China,485 Temp Graduate,Temporary,WA,156
2022,India,485 Temp Graduate,Temporary,TAS,194
2020,India,500 Student,Student,ACT,156
2017,India,491 Skilled Regional,Skilled,QLD,644
2018,India,482 Temp Skill,Temporary,SA,265
2020,China,190 Skilled Nom,Skilled,VIC,522
2023,Pakistan,500 Student,Student,VIC,97
2018,India,482 Temp Skill,Temporary,ACT,258
2018,China,485 Temp Graduate,Temporary,WA,127
2018,China,485 Temp Graduate,Temporary,QLD,664
2024,India,143 Parent,Family,VIC,34
2017,NZ,482 Temp Skill,Temporary,NSW,720
2016,Pakistan,400 Temp Work,Temporary,WA,643
2023,Philippines,400 Temp Work,Temporary,TAS,459
2016,China,820 Partner Temp,Family,WA,466
2023,China,500 Student,Student,SA,689
2021,Nepal,500 Student,Student,ACT,304
2024,India,400 Temp Work,Temporary,NSW,656
2018,Pakistan,189 Skilled Indep,Skilled,VIC,224
2023,India,485 Temp Graduate,Temporary,WA,292
2015,Philippines,189 Skilled Indep,Skilled,SA,463
2022,Nepal,485 Temp Graduate,Temporary,NSW,502
2018,Philippines,801 Partner Perm,Family,VIC,498
2019,South Korea,200 Refugee,Humanitarian,QLD,470
2022,Philippines,485 Temp Graduate,Temporary,VIC,259
2021,Indonesia,190 Skilled Nom,Skilled,NSW,176
2019,China,820 Partner Temp,Family,WA,342
2017,UK,485 Temp Graduate,Temporary,NSW,54
2022,India,482 Temp Skill,Temporary,NSW,675
2019,Philippines,143 Parent,Family,QLD,296
2017,Nepal,482 Temp Skill,Temporary,VIC,234
2018,Nepal,482 Temp Skill,Temporary,NSW,197
2022,Philippines,482 Temp Skill,Temporary,NSW,388
2015,India,500 Student,Student,VIC,219
2018,UK,190 Skilled Nom,Skilled,NSW,431
2022,India,500 Student,Student,QLD,663
2021,USA,482 Temp Skill,Temporary,NSW,284
2019,China,491 Skilled Regional,Skilled,QLD,502
2016,China,491 Skilled Regional,Skilled,VIC,475
2015,Philippines,143 Parent,Family,VIC,684
2018,Nepal,190 Skilled Nom,Skilled,VIC,60
2022,India,400 Temp Work,Temporary,NSW,432
2017,Germany,190 Skilled Nom,Skilled,WA,709
2023,NZ,485 Temp Graduate,Temporary,VIC,413
2021,UK,482 Temp Skill,Temporary,WA,325
2019,China,200 Refugee,Humanitarian,QLD,461
2022,China,500 Student,Student,VIC,566
2017,India,491 Skilled Regional,Skilled,QLD,229
2023,Germany,189 Skilled Indep,Skilled,WA,212
2018,India,485 Temp Graduate,Temporary,NSW,565
2015,China,485 Temp Graduate,Temporary,NSW,512
2024,Philippines,485 Temp Graduate,Temporary,VIC,367
2019,USA,500 Student,Student,ACT,487
2023,UK,189 Skilled Indep,Skilled,QLD,665
2016,India,485 Temp Graduate,Temporary,NSW,52
2017,China,190 Skilled Nom,Skilled,WA,498
2019,South Korea,485 Temp Graduate,Temporary,SA,534
2023,Sri Lanka,500 Student,Student,NSW,602
2016,China,143 Parent,Family,VIC,371
2020,Pakistan,482 Temp Skill,Temporary,SA,401
2022,Pakistan,485 Temp Graduate,Temporary,VIC,227
2018,China,189 Skilled Indep,Skilled,NSW,415
2019,Malaysia,485 Temp Graduate,Temporary,QLD,503
2024,Sri Lanka,482 Temp Skill,Temporary,WA,437
2020,NZ,482 Temp Skill,Temporary,WA,55
2022,Indonesia,500 Student,Student,VIC,83
2022,Sri Lanka,491 Skilled Regional,Skilled,WA,109
2023,Philippines,491 Skilled Regional,Skilled,WA,330
2018,Germany,485 Temp Graduate,Temporary,VIC,726
2020,Sri Lanka,189 Skilled Indep,Skilled,NSW,685
2017,Vietnam,500 Student,Student,SA,66
2018,Pakistan,485 Temp Graduate,Temporary,VIC,418
2023,China,143 Parent,Family,SA,727
2024,Nepal,820 Partner Temp,Family,VIC,608
2018,India,485 Temp Graduate,Temporary,QLD,407
2022,Indonesia,500 Student,Student,VIC,591
2020,China,820 Partner Temp,Family,NSW,473
2022,India,500 Student,Student,NSW,142
2018,India,500 Student,Student,ACT,82
2018,China,820 Partner Temp,Family,NSW,391
2017,India,189 Skilled Indep,Skilled,VIC,415
2020,India,500 Student,Student,QLD,691
2015,India,190 Skilled Nom,Skilled,QLD,392
2023,Pakistan,485 Temp Graduate,Temporary,QLD,188
2017,China,190 Skilled Nom,Skilled,WA,321
2021,Sri Lanka,500 Student,Student,QLD,411
2020,India,190 Skilled Nom,Skilled,NSW,283
2018,Germany,400 Temp Work,Temporary,NSW,65
2024,Philippines,190 Skilled Nom,Skilled,VIC,569
2023,China,482 Temp Skill,Temporary,VIC,242
2022,Pakistan,485 Temp Graduate,Temporary,SA,308
2016,Bangladesh,482 Temp Skill,Temporary,VIC,648
2019,India,400 Temp Work,Temporary,NSW,225
2021,China,400 Temp Work,Temporary,VIC,464
2016,India,200 Refugee,Humanitarian,NSW,536
2022,South Korea,485 Temp Graduate,Temporary,QLD,642
2023,Pakistan,491 Skilled Regional,Skilled,ACT,80
2024,NZ,143 Parent,Family,SA,153
2020,Vietnam,482 Temp Skill,Temporary,QLD,89
2015,India,482 Temp Skill,Temporary,VIC,304
2017,South Korea,190 Skilled Nom,Skilled,NSW,245
2023,Germany,500 Student,Student,TAS,265
2016,India,820 Partner Temp,Family,NSW,434
2021,Sri Lanka,482 Temp Skill,Temporary,VIC,221
2021,Nepal,485 Temp Graduate,Temporary,TAS,181
2019,India,143 Parent,Family,NSW,637
2022,India,485 Temp Graduate,Temporary,VIC,690
2016,USA,801 Partner Perm,Family,VIC,345
2021,Nepal,485 Temp Graduate,Temporary,VIC,365
2018,Nepal,500 Student,Student,NSW,553
2023,Nepal,482 Temp Skill,Temporary,VIC,414
2018,India,801 Partner Perm,Family,NSW,94
2016,India,500 Student,Student,WA,393
2018,China,400 Temp Work,Temporary,VIC,182
2020,Nepal,500 Student,Student,VIC,508
2015,Nepal,190 Skilled Nom,Skilled,VIC,97
2023,Philippines,190 Skilled Nom,Skilled,NSW,278
2021,India,485 Temp Graduate,Temporary,QLD,384
2018,Nepal,820 Partner Temp,Family,NSW,413
2021,India,485 Temp Graduate,Temporary,NSW,316
2024,China,200 Refugee,Humanitarian,NSW,80
2021,India,143 Parent,Family,VIC,559
2018,Nepal,400 Temp Work,Temporary,NSW,533
2022,Vietnam,485 Temp Graduate,Temporary,QLD,152
2022,Pakistan,143 Parent,Family,VIC,689
2022,Nepal,190 Skilled Nom,Skilled,WA,251
2017,Germany,801 Partner Perm,Family,QLD,413
2015,South Korea,500 Student,Student,WA,627
2018,Nepal,482 Temp Skill,Temporary,VIC,706
2019,China,500 Student,Student,WA,240
2023,China,500 Student,Student,QLD,308
2015,India,202 Global Special,Humanitarian,NSW,515
2023,China,482 Temp Skill,Temporary,QLD,229
2015,China,400 Temp Work,Temporary,VIC,636
2018,Bangladesh,500 Student,Student,WA,515
2018,UK,482 Temp Skill,Temporary,ACT,439
2024,India,485 Temp Graduate,Temporary,QLD,381
2024,Malaysia,500 Student,Student,VIC,537
2015,India,190 Skilled Nom,Skilled,QLD,626
2017,Germany,500 Student,Student,NSW,259
2019,Philippines,482 Temp Skill,Temporary,SA,394
2017,India,500 Student,Student,WA,689
2024,Nepal,491 Skilled Regional,Skilled,NSW,404
2021,UK,482 Temp Skill,Temporary,VIC,41
2018,India,500 Student,Student,QLD,532
2021,Sri Lanka,485 Temp Graduate,Temporary,VIC,718
2022,China,200 Refugee,Humanitarian,VIC,264
2023,Philippines,485 Temp Graduate,Temporary,NSW,200
2023,Germany,485 Temp Graduate,Temporary,NSW,423
2019,UK,491 Skilled Regional,Skilled,VIC,492
2022,Philippines,200 Refugee,Humanitarian,NSW,380
2024,USA,500 Student,Student,QLD,301
2020,China,500 Student,Student,QLD,130
2022,Vietnam,820 Partner Temp,Family,VIC,463
2019,China,500 Student,Student,VIC,541
2018,NZ,485 Temp Graduate,Temporary,WA,190
2017,UK,820 Partner Temp,Family,NSW,567
2016,Philippines,485 Temp Graduate,Temporary,QLD,444
2018,USA,801 Partner Perm,Family,VIC,376
2018,Nepal,190 Skilled Nom,Skilled,NSW,453
2021,India,189 Skilled Indep,Skilled,WA,136
2022,China,500 Student,Student,VIC,639
2022,India,491 Skilled Regional,Skilled,NSW,691
2022,Pakistan,143 Parent,Family,NSW,232
2021,UK,801 Partner Perm,Family,VIC,263
2020,Malaysia,485 Temp Graduate,Temporary,QLD,704
2021,UK,189 Skilled Indep,Skilled,VIC,121
2022,Pakistan,143 Parent,Family,NSW,263
2023,Bangladesh,485 Temp Graduate,Temporary,QLD,570
2017,Bangladesh,485 Temp Graduate,Temporary,NSW,526
2023,India,485 Temp Graduate,Temporary,VIC,559
2017,Germany,482 Temp Skill,Temporary,VIC,104
2015,Nepal,482 Temp Skill,Temporary,NSW,241
2022,UK,482 Temp Skill,Temporary,SA,315
2017,Nepal,500 Student,Student,VIC,559
2023,Nepal,485 Temp Graduate,Temporary,VIC,193
2018,India,500 Student,Student,ACT,176
2018,Pakistan,500 Student,Student,NSW,431
2023,Philippines,202 Global Special,Humanitarian,NSW,559
2022,South Korea,190 Skilled Nom,Skilled,VIC,281
2015,India,801 Partner Perm,Family,VIC,280
2024,South Korea,202 Global Special,Humanitarian,VIC,194
2017,Philippines,485 Temp Graduate,Temporary,VIC,222
2021,Vietnam,190 Skilled Nom,Skilled,QLD,433
2024,South Korea,820 Partner Temp,Family,VIC,669
2023,Pakistan,485 Temp Graduate,Temporary,QLD,260
2019,South Korea,485 Temp Graduate,Temporary,VIC,147
2024,UK,801 Partner Perm,Family,VIC,86
2022,Nepal,485 Temp Graduate,Temporary,NSW,257
2017,China,820 Partner Temp,Family,NSW,372
2024,Philippines,801 Partner Perm,Family,TAS,330
2021,Indonesia,500 Student,Student,NSW,53
2018,China,190 Skilled Nom,Skilled,NSW,484
2019,South Korea,801 Partner Perm,Family,QLD,579
2017,China,482 Temp Skill,Temporary,NSW,663
2021,UK,482 Temp Skill,Temporary,VIC,145
2021,India,500 Student,Student,SA,299
2016,Sri Lanka,485 Temp Graduate,Temporary,VIC,88
2018,Vietnam,500 Student,Student,ACT,486
2017,South Korea,143 Parent,Family,NSW,618
2023,Pakistan,143 Parent,Family,NSW,490
2017,NZ,485 Temp Graduate,Temporary,QLD,570
2021,Nepal,500 Student,Student,ACT,328
2021,India,200 Refugee,Humanitarian,WA,58
2021,India,485 Temp Graduate,Temporary,ACT,476
2018,Sri Lanka,820 Partner Temp,Family,VIC,138
2017,Nepal,485 Temp Graduate,Temporary,VIC,154
2015,China,500 Student,Student,QLD,629
2017,Indonesia,189 Skilled Indep,Skilled,QLD,106
2023,Nepal,143 Parent,Family,NSW,567
2017,NZ,482 Temp Skill,Temporary,VIC,560
2020,UK,485 Temp Graduate,Temporary,TAS,453
2017,UK,500 Student,Student,VIC,393
2015,UK,482 Temp Skill,Temporary,QLD,463
2019,NZ,189 Skilled Indep,Skilled,VIC,515
2024,China,491 Skilled Regional,Skilled,QLD,140
2018,India,202 Global Special,Humanitarian,VIC,31
2018,UK,500 Student,Student,VIC,532
2021,Pakistan,143 Parent,Family,NSW,193
2018,Germany,801 Partner Perm,Family,QLD,565
2017,China,500 Student,Student,QLD,440
2018,China,485 Temp Graduate,Temporary,VIC,306
2023,China,500 Student,Student,NSW,420
2016,Philippines,801 Partner Perm,Family,VIC,529
2016,China,485 Temp Graduate,Temporary,NSW,93
2022,China,485 Temp Graduate,Temporary,WA,728
2016,Bangladesh,500 Student,Student,NSW,368
2016,Sri Lanka,400 Temp Work,Temporary,QLD,701
2017,Pakistan,500 Student,Student,VIC,268
2023,India,400 Temp Work,Temporary,NSW,657
2024,China,500 Student,Student,WA,308
2024,Nepal,189 Skilled Indep,Skilled,QLD,464
2018,China,500 Student,Student,QLD,527
2023,NZ,202 Global Special,Humanitarian,VIC,325
2015,Vietnam,820 Partner Temp,Family,WA,428
2019,UK,400 Temp Work,Temporary,NSW,163
2020,UK,482 Temp Skill,Temporary,NSW,236
2019,China,820 Partner Temp,Family,VIC,554
2024,Vietnam,482 Temp Skill,Temporary,WA,282
2022,Pakistan,482 Temp Skill,Temporary,SA,106
2019,Nepal,482 Temp Skill,Temporary,VIC,695
2022,Nepal,143 Parent,Family,QLD,132
2022,India,202 Global Special,Humanitarian,VIC,272
2016,Philippines,500 Student,Student,NSW,620
2018,Indonesia,190 Skilled Nom,Skilled,QLD,328
2018,Malaysia,485 Temp Graduate,Temporary,NSW,313
2024,India,485 Temp Graduate,Temporary,NSW,724
2023,NZ,820 Partner Temp,Family,SA,490
2018,South Korea,189 Skilled Indep,Skilled,NSW,220
2024,Philippines,500 Student,Student,VIC,439
2015,NZ,482 Temp Skill,Temporary,WA,54
2018,UK,485 Temp Graduate,Temporary,QLD,116
2017,Nepal,801 Partner Perm,Family,VIC,436
2020,Philippines,491 Skilled Regional,Skilled,VIC,322
2023,NZ,500 Student,Student,NSW,401
2022,Nepal,482 Temp Skill,Temporary,WA,55
2015,India,190 Skilled Nom,Skilled,NSW,538
2017,Nepal,485 Temp Graduate,Temporary,NSW,334
2022,Indonesia,820 Partner Temp,Family,WA,343
2017,China,485 Temp Graduate,Temporary,VIC,537
2023,China,190 Skilled Nom,Skilled,SA,477
2021,Vietnam,202 Global Special,Humanitarian,VIC,360
2022,Germany,482 Temp Skill,Temporary,NSW,703
2022,Germany,200 Refugee,Humanitarian,QLD,246
2021,India,820 Partner Temp,Family,QLD,96
2016,India,202 Global Special,Humanitarian,QLD,186
2023,Malaysia,482 Temp Skill,Temporary,VIC,350
2021,UK,482 Temp Skill,Temporary,WA,417
2022,India,500 Student,Student,WA,718
2015,South Korea,143 Parent,Family,NSW,692
2016,Pakistan,485 Temp Graduate,Temporary,QLD,504
2021,India,190 Skilled Nom,Skilled,QLD,166
2023,China,189 Skilled Indep,Skilled,QLD,424
2018,Philippines,820 Partner Temp,Family,NSW,116
2022,China,202 Global Special,Humanitarian,WA,138
2015,India,820 Partner Temp,Family,VIC,167
2015,India,500 Student,Student,SA,309
2022,Germany,400 Temp Work,Temporary,ACT,447
2024,China,801 Partner Perm,Family,VIC,206
2018,India,491 Skilled Regional,Skilled,NSW,516
2018,Indonesia,189 Skilled Indep,Skilled,SA,414
2018,India,485 Temp Graduate,Temporary,NSW,697
2021,Germany,485 Temp Graduate,Temporary,NSW,616
2018,India,485 Temp Graduate,Temporary,QLD,547
2018,Philippines,190 Skilled Nom,Skilled,VIC,161
2022,Malaysia,500 Student,Student,VIC,453
2015,Vietnam,400 Temp Work,Temporary,VIC,523
2023,Nepal,482 Temp Skill,Temporary,VIC,367
2022,Nepal,500 Student,Student,NSW,292
2024,Philippines,491 Skilled Regional,Skilled,NSW,558
2023,Philippines,200 Refugee,Humanitarian,NSW,270
2022,USA,485 Temp Graduate,Temporary,VIC,495
2017,India,491 Skilled Regional,Skilled,WA,232
2022,India,485 Temp Graduate,Temporary,NSW,108
2021,India,820 Partner Temp,Family,SA,250
2018,Pakistan,500 Student,Student,WA,607
2023,India,189 Skilled Indep,Skilled,ACT,204
2019,UK,485 Temp Graduate,Temporary,NSW,446
2024,Vietnam,801 Partner Perm,Family,WA,663
2022,Sri Lanka,400 Temp Work,Temporary,WA,524
2023,Nepal,189 Skilled Indep,Skilled,VIC,631
2023,Philippines,485 Temp Graduate,Temporary,QLD,665
2021,India,500 Student,Student,VIC,81
2023,India,500 Student,Student,NSW,405
2021,Bangladesh,500 Student,Student,NSW,395
2020,India,820 Partner Temp,Family,ACT,282
2024,India,190 Skilled Nom,Skilled,WA,104
2022,India,400 Temp Work,Temporary,QLD,636
2022,Sri Lanka,200 Refugee,Humanitarian,WA,603
2024,India,500 Student,Student,NSW,714
2021,China,820 Partner Temp,Family,ACT,215
2015,India,485 Temp Graduate,Temporary,NSW,126
2022,China,482 Temp Skill,Temporary,QLD,442
2021,Philippines,500 Student,Student,VIC,283
2022,India,485 Temp Graduate,Temporary,QLD,503
2024,NZ,482 Temp Skill,Temporary,NSW,508
2022,Vietnam,482 Temp Skill,Temporary,NSW,227
2024,Philippines,200 Refugee,Humanitarian,QLD,477
2022,Nepal,202 Global Special,Humanitarian,SA,616
2024,China,190 Skilled Nom,Skilled,WA,210
2019,China,485 Temp Graduate,Temporary,ACT,723
2017,Germany,485 Temp Graduate,Temporary,NSW,713
2020,UK,485 Temp Graduate,Temporary,SA,301
2023,NZ,202 Global Special,Humanitarian,VIC,61
2023,China,190 Skilled Nom,Skilled,WA,237
2021,India,189 Skilled Indep,Skilled,VIC,602
2018,India,190 Skilled Nom,Skilled,NSW,101
2017,Pakistan,143 Parent,Family,WA,576
2015,India,143 Parent,Family,QLD,38
2018,Vietnam,482 Temp Skill,Temporary,VIC,619
2020,NZ,485 Temp Graduate,Temporary,NSW,370
2024,South Korea,200 Refugee,Humanitarian,VIC,43
2021,Philippines,485 Temp Graduate,Temporary,VIC,294
2021,Vietnam,500 Student,Student,QLD,522
2019,Sri Lanka,400 Temp Work,Temporary,VIC,236
2015,South Korea,485 Temp Graduate,Temporary,SA,394
2017,Bangladesh,190 Skilled Nom,Skilled,VIC,719
2021,China,801 Partner Perm,Family,SA,353
2022,Philippines,485 Temp Graduate,Temporary,VIC,662
2024,China,500 Student,Student,NSW,314
2019,Philippines,189 Skilled Indep,Skilled,VIC,699
2022,Germany,482 Temp Skill,Temporary,VIC,109
2022,India,143 Parent,Family,VIC,150
2022,India,485 Temp Graduate,Temporary,NSW,510
2016,Nepal,500 Student,Student,NSW,698
2023,India,189 Skilled Indep,Skilled,QLD,395
2022,China,485 Temp Graduate,Temporary,WA,464
2021,India,500 Student,Student,ACT,71
2016,Nepal,482 Temp Skill,Temporary,NSW,125
2024,Pakistan,143 Parent,Family,VIC,621
2022,Sri Lanka,485 Temp Graduate,Temporary,NSW,279
2017,India,500 Student,Student,QLD,701
2021,Germany,200 Refugee,Humanitarian,NSW,532
2016,Germany,500 Student,Student,SA,285
2015,China,500 Student,Student,VIC,597
2022,India,820 Partner Temp,Family,VIC,411
2022,Indonesia,189 Skilled Indep,Skilled,VIC,484
2020,Nepal,189 Skilled Indep,Skilled,VIC,591
2016,Vietnam,500 Student,Student,NSW,216
2018,Pakistan,801 Partner Perm,Family,QLD,365
2016,China,500 Student,Student,NSW,253
2017,Philippines,202 Global Special,Humanitarian,NSW,160
2015,UK,820 Partner Temp,Family,NSW,507
2021,Philippines,189 Skilled Indep,Skilled,NSW,276
2022,South Korea,482 Temp Skill,Temporary,NSW,177
2020,India,190 Skilled Nom,Skilled,VIC,377
2021,Malaysia,500 Student,Student,VIC,605
2016,China,190 Skilled Nom,Skilled,QLD,268
2023,India,485 Temp Graduate,Temporary,NSW,85
2021,Nepal,500 Student,Student,WA,346
2016,China,500 Student,Student,VIC,658
2020,USA,485 Temp Graduate,Temporary,VIC,338
2019,Pakistan,491 Skilled Regional,Skilled,SA,335
2023,Germany,500 Student,Student,VIC,607
2022,Philippines,820 Partner Temp,Family,NSW,684
2016,Nepal,485 Temp Graduate,Temporary,SA,123
2021,Pakistan,485 Temp Graduate,Temporary,QLD,641
2015,Indonesia,485 Temp Graduate,Temporary,VIC,294
2019,China,500 Student,Student,NSW,432
2023,NZ,189 Skilled Indep,Skilled,VIC,656
2016,Nepal,482 Temp Skill,Temporary,WA,591
2021,NZ,500 Student,Student,QLD,402
2018,China,500 Student,Student,QLD,56
2016,China,482 Temp Skill,Temporary,WA,48
2023,India,143 Parent,Family,VIC,302
2022,Philippines,482 Temp Skill,Temporary,VIC,198
2017,Nepal,189 Skilled Indep,Skilled,NSW,547
2017,Germany,189 Skilled Indep,Skilled,NSW,353
2018,Sri Lanka,500 Student,Student,ACT,540
2022,India,189 Skilled Indep,Skilled,NSW,717
2023,Vietnam,482 Temp Skill,Temporary,QLD,433
2020,Nepal,500 Student,Student,VIC,485
2015,India,500 Student,Student,NSW,525
2015,Pakistan,482 Temp Skill,Temporary,ACT,606
2017,Nepal,482 Temp Skill,Temporary,VIC,552
2022,India,820 Partner Temp,Family,VIC,452
2016,Nepal,500 Student,Student,NSW,40
2021,Germany,485 Temp Graduate,Temporary,QLD,443
2015,Philippines,485 Temp Graduate,Temporary,TAS,554
2018,China,485 Temp Graduate,Temporary,VIC,79
2021,Germany,500 Student,Student,ACT,155
2022,India,189 Skilled Indep,Skilled,QLD,323
2015,China,400 Temp Work,Temporary,NSW,221
2016,Philippines,482 Temp Skill,Temporary,TAS,317
2017,India,485 Temp Graduate,Temporary,NSW,447
2017,Philippines,500 Student,Student,QLD,320
2018,China,482 Temp Skill,Temporary,VIC,276
2022,Bangladesh,485 Temp Graduate,Temporary,NSW,598
2016,China,500 Student,Student,NSW,577
2017,China,482 Temp Skill,Temporary,VIC,632
2019,China,189 Skilled Indep,Skilled,QLD,536
2022,India,820 Partner Temp,Family,VIC,336
2022,Philippines,500 Student,Student,QLD,337
2016,NZ,482 Temp Skill,Temporary,QLD,431
2020,India,820 Partner Temp,Family,VIC,260
2021,India,485 Temp Graduate,Temporary,NSW,91
2019,Germany,820 Partner Temp,Family,VIC,86
2023,India,485 Temp Graduate,Temporary,VIC,558
2016,China,485 Temp Graduate,Temporary,ACT,393
2021,Germany,482 Temp Skill,Temporary,ACT,472
2022,Malaysia,485 Temp Graduate,Temporary,TAS,38
2024,Philippines,200 Refugee,Humanitarian,SA,537
2015,Sri Lanka,820 Partner Temp,Family,VIC,329
2022,Nepal,485 Temp Graduate,Temporary,VIC,124
2018,South Korea,491 Skilled Regional,Skilled,VIC,291
2022,Philippines,190 Skilled Nom,Skilled,NSW,97
2020,UK,482 Temp Skill,Temporary,QLD,529
2022,India,500 Student,Student,SA,30
2016,India,820 Partner Temp,Family,QLD,283
2023,Philippines,143 Parent,Family,VIC,505
2018,Nepal,190 Skilled Nom,Skilled,VIC,717
2023,Pakistan,482 Temp Skill,Temporary,QLD,475
2017,Vietnam,485 Temp Graduate,Temporary,VIC,433
2016,India,482 Temp Skill,Temporary,VIC,303
2018,Sri Lanka,500 Student,Student,WA,625
2022,UK,485 Temp Graduate,Temporary,NSW,387
2023,Philippines,189 Skilled Indep,Skilled,NSW,498
2019,Nepal,500 Student,Student,VIC,484
2018,Nepal,820 Partner Temp,Family,VIC,42
2024,Nepal,820 Partner Temp,Family,QLD,219
2022,Vietnam,482 Temp Skill,Temporary,VIC,199
2019,India,500 Student,Student,NSW,690
2021,South Korea,400 Temp Work,Temporary,VIC,504
2017,Pakistan,190 Skilled Nom,Skilled,NSW,582
2019,Germany,202 Global Special,Humanitarian,QLD,282
2018,China,485 Temp Graduate,Temporary,ACT,360
2017,Philippines,482 Temp Skill,Temporary,NSW,254
2015,China,485 Temp Graduate,Temporary,WA,463
2017,Pakistan,485 Temp Graduate,Temporary,NSW,679
2022,Germany,801 Partner Perm,Family,VIC,420
2022,India,801 Partner Perm,Family,VIC,328
2019,Sri Lanka,500 Student,Student,VIC,123
2023,Philippines,482 Temp Skill,Temporary,VIC,234
2016,India,820 Partner Temp,Family,QLD,492
2022,Pakistan,189 Skilled Indep,Skilled,VIC,358
2022,Sri Lanka,485 Temp Graduate,Temporary,NSW,574
2015,China,820 Partner Temp,Family,NSW,354
2023,China,485 Temp Graduate,Temporary,NSW,476
2022,India,482 Temp Skill,Temporary,VIC,277
2019,Nepal,500 Student,Student,NSW,168
2019,India,482 Temp Skill,Temporary,NSW,67
2021,South Korea,482 Temp Skill,Temporary,NSW,586
2019,China,202 Global Special,Humanitarian,WA,607
2015,USA,482 Temp Skill,Temporary,NSW,301
2019,India,190 Skilled Nom,Skilled,WA,493
2023,India,500 Student,Student,VIC,702
2020,India,190 Skilled Nom,Skilled,NSW,223
2017,China,485 Temp Graduate,Temporary,NSW,368
2023,India,482 Temp Skill,Temporary,ACT,137
2019,Nepal,482 Temp Skill,Temporary,NSW,426
2016,Philippines,200 Refugee,Humanitarian,SA,365
2021,Philippines,820 Partner Temp,Family,VIC,268
2016,NZ,500 Student,Student,VIC,242
2021,Indonesia,189 Skilled Indep,Skilled,ACT,218
2022,UK,491 Skilled Regional,Skilled,NSW,81
2017,China,202 Global Special,Humanitarian,VIC,450
2018,Pakistan,500 Student,Student,QLD,376
2021,Pakistan,820 Partner Temp,Family,VIC,400
2017,Philippines,500 Student,Student,VIC,433
2023,UK,491 Skilled Regional,Skilled,NSW,407
2022,Vietnam,485 Temp Graduate,Temporary,WA,164
2016,India,189 Skilled Indep,Skilled,VIC,45
2021,India,482 Temp Skill,Temporary,VIC,417
2021,USA,400 Temp Work,Temporary,QLD,304
2018,Nepal,482 Temp Skill,Temporary,VIC,497
2021,Sri Lanka,482 Temp Skill,Temporary,WA,102
2019,Sri Lanka,500 Student,Student,VIC,104
2019,Nepal,485 Temp Graduate,Temporary,WA,65
2018,India,491 Skilled Regional,Skilled,VIC,628
2021,Vietnam,801 Partner Perm,Family,WA,703
2015,Bangladesh,202 Global Special,Humanitarian,QLD,637
2021,India,200 Refugee,Humanitarian,VIC,137
2016,India,485 Temp Graduate,Temporary,QLD,182
2017,USA,500 Student,Student,VIC,568
2023,India,190 Skilled Nom,Skilled,NSW,79
2017,Philippines,485 Temp Graduate,Temporary,VIC,398
2021,India,491 Skilled Regional,Skilled,VIC,590
2017,India,491 Skilled Regional,Skilled,ACT,501
2024,India,500 Student,Student,WA,145
2024,China,485 Temp Graduate,Temporary,QLD,118
2018,India,485 Temp Graduate,Temporary,SA,248
2023,USA,820 Partner Temp,Family,VIC,705
2023,South Korea,500 Student,Student,NSW,632
2017,USA,482 Temp Skill,Temporary,NSW,616
2018,UK,500 Student,Student,VIC,317
2016,South Korea,485 Temp Graduate,Temporary,NSW,313
2017,UK,485 Temp Graduate,Temporary,NSW,131
2020,India,485 Temp Graduate,Temporary,QLD,277
2020,Nepal,801 Partner Perm,Family,VIC,522
2019,India,500 Student,Student,TAS,271
2017,Pakistan,485 Temp Graduate,Temporary,VIC,199
2020,India,482 Temp Skill,Temporary,NSW,241
2024,India,190 Skilled Nom,Skilled,VIC,520
2018,Philippines,200 Refugee,Humanitarian,VIC,33
2022,China,491 Skilled Regional,Skilled,VIC,485
2017,NZ,202 Global Special,Humanitarian,VIC,658
2022,Pakistan,482 Temp Skill,Temporary,VIC,334
2021,India,485 Temp Graduate,Temporary,VIC,242
2023,Philippines,500 Student,Student,QLD,401
2015,South Korea,485 Temp Graduate,Temporary,VIC,637
2021,Indonesia,500 Student,Student,WA,60
2019,India,491 Skilled Regional,Skilled,WA,649
2018,Philippines,190 Skilled Nom,Skilled,VIC,578
2018,China,801 Partner Perm,Family,NSW,624
2023,UK,485 Temp Graduate,Temporary,WA,603
2017,Philippines,400 Temp Work,Temporary,NSW,325
2021,Malaysia,400 Temp Work,Temporary,NSW,259
2015,UK,485 Temp Graduate,Temporary,WA,294
2024,India,801 Partner Perm,Family,ACT,270
2023,India,491 Skilled Regional,Skilled,VIC,415
2022,Bangladesh,801 Partner Perm,Family,VIC,225
2020,India,400 Temp Work,Temporary,VIC,161
2018,Sri Lanka,189 Skilled Indep,Skilled,TAS,344
2019,Nepal,190 Skilled Nom,Skilled,NSW,530
2021,Germany,485 Temp Graduate,Temporary,NSW,69
2020,India,202 Global Special,Humanitarian,VIC,580
2023,Philippines,500 Student,Student,NSW,653
2018,China,500 Student,Student,VIC,713
2023,Philippines,485 Temp Graduate,Temporary,WA,168
2018,China,143 Parent,Family,NSW,316
2016,Malaysia,500 Student,Student,SA,116
2016,Philippines,500 Student,Student,NSW,669
2017,Pakistan,485 Temp Graduate,Temporary,VIC,349
2023,Pakistan,200 Refugee,Humanitarian,WA,647
2023,Sri Lanka,485 Temp Graduate,Temporary,QLD,611
2022,NZ,485 Temp Graduate,Temporary,QLD,267
2018,India,482 Temp Skill,Temporary,NSW,642
2017,China,189 Skilled Indep,Skilled,VIC,103
2018,China,189 Skilled Indep,Skilled,VIC,309
2021,Philippines,143 Parent,Family,NSW,374
2016,Nepal,500 Student,Student,SA,523
2020,South Korea,190 Skilled Nom,Skilled,NSW,611
2018,Nepal,202 Global Special,Humanitarian,VIC,462
2022,South Korea,482 Temp Skill,Temporary,QLD,74
2021,Nepal,500 Student,Student,VIC,244
2016,Indonesia,190 Skilled Nom,Skilled,NSW,344
2018,China,482 Temp Skill,Temporary,QLD,467
2023,India,491 Skilled Regional,Skilled,VIC,729
2023,China,801 Partner Perm,Family,VIC,496
2020,UK,491 Skilled Regional,Skilled,NSW,486
2023,Sri Lanka,801 Partner Perm,Family,QLD,435
2017,South Korea,801 Partner Perm,Family,VIC,444
2018,Nepal,485 Temp Graduate,Temporary,SA,323
2021,UK,485 Temp Graduate,Temporary,QLD,650
2015,China,500 Student,Student,NSW,241
2020,Vietnam,500 Student,Student,VIC,365
2023,India,189 Skilled Indep,Skilled,ACT,491
2017,USA,482 Temp Skill,Temporary,SA,683
2015,Vietnam,801 Partner Perm,Family,QLD,653
2021,Vietnam,801 Partner Perm,Family,VIC,83
2021,Pakistan,500 Student,Student,WA,315
2017,Germany,482 Temp Skill,Temporary,QLD,451
2018,NZ,400 Temp Work,Temporary,NSW,392
2018,Nepal,500 Student,Student,NSW,80
2015,South Korea,820 Partner Temp,Family,VIC,602
2022,India,500 Student,Student,QLD,136
2017,Nepal,482 Temp Skill,Temporary,QLD,299
2022,Pakistan,485 Temp Graduate,Temporary,QLD,620
2021,UK,485 Temp Graduate,Temporary,SA,576
2016,UK,200 Refugee,Humanitarian,VIC,715
2022,India,400 Temp Work,Temporary,NSW,134
2016,Philippines,190 Skilled Nom,Skilled,QLD,539
2021,Sri Lanka,485 Temp Graduate,Temporary,QLD,312
2015,Nepal,482 Temp Skill,Temporary,WA,361
2021,Germany,202 Global Special,Humanitarian,QLD,494
2019,Bangladesh,500 Student,Student,SA,638
2020,Germany,500 Student,Student,VIC,241
2022,Sri Lanka,482 Temp Skill,Temporary,QLD,542
2022,India,485 Temp Graduate,Temporary,NSW,432
2015,Nepal,500 Student,Student,NSW,461
2016,China,820 Partner Temp,Family,NSW,526
2024,UK,200 Refugee,Humanitarian,QLD,464
2019,India,143 Parent,Family,VIC,297
2023,Nepal,820 Partner Temp,Family,VIC,331
2020,Philippines,485 Temp Graduate,Temporary,QLD,168
2022,China,485 Temp Graduate,Temporary,VIC,42
2015,Nepal,485 Temp Graduate,Temporary,SA,220
2020,China,189 Skilled Indep,Skilled,VIC,232
2022,India,491 Skilled Regional,Skilled,NSW,659
2018,India,491 Skilled Regional,Skilled,QLD,108
2022,Indonesia,200 Refugee,Humanitarian,SA,66
2023,China,500 Student,Student,VIC,418
2023,China,143 Parent,Family,SA,355
2017,China,500 Student,Student,NSW,600
2023,China,485 Temp Graduate,Temporary,VIC,332
2021,Malaysia,485 Temp Graduate,Temporary,VIC,193
2016,Vietnam,189 Skilled Indep,Skilled,QLD,222
2022,Philippines,482 Temp Skill,Temporary,QLD,144
2017,NZ,482 Temp Skill,Temporary,QLD,289
2018,Nepal,801 Partner Perm,Family,NSW,144
2018,China,500 Student,Student,NSW,359
2020,China,500 Student,Student,NSW,663
2016,UK,500 Student,Student,NSW,299
2023,USA,485 Temp Graduate,Temporary,NSW,225
2023,Sri Lanka,190 Skilled Nom,Skilled,WA,86
2018,India,189 Skilled Indep,Skilled,ACT,329
2024,India,485 Temp Graduate,Temporary,NSW,136
2015,Philippines,202 Global Special,Humanitarian,QLD,702
2016,India,485 Temp Graduate,Temporary,NSW,275
2022,India,820 Partner Temp,Family,NSW,266
2017,India,500 Student,Student,NSW,91
2017,Philippines,482 Temp Skill,Temporary,WA,148
2015,India,820 Partner Temp,Family,WA,485
2018,UK,485 Temp Graduate,Temporary,VIC,705
2015,China,482 Temp Skill,Temporary,NSW,202
2021,Nepal,190 Skilled Nom,Skilled,NSW,337
2015,Indonesia,801 Partner Perm,Family,VIC,727
2019,Vietnam,189 Skilled Indep,Skilled,QLD,433
2023,Vietnam,143 Parent,Family,VIC,238
2021,China,189 Skilled Indep,Skilled,QLD,497
2018,China,820 Partner Temp,Family,VIC,484
2016,China,485 Temp Graduate,Temporary,NSW,160
2024,China,143 Parent,Family,VIC,636
2015,Sri Lanka,143 Parent,Family,NSW,64
2019,UK,820 Partner Temp,Family,SA,309
2018,Philippines,801 Partner Perm,Family,NSW,150
2022,Pakistan,482 Temp Skill,Temporary,SA,158
2021,NZ,482 Temp Skill,Temporary,NSW,84
2024,Nepal,190 Skilled Nom,Skilled,NSW,616
2024,India,491 Skilled Regional,Skilled,NSW,126
2022,China,482 Temp Skill,Temporary,NSW,572
2019,Philippines,491 Skilled Regional,Skilled,WA,504
2020,Sri Lanka,189 Skilled Indep,Skilled,SA,435
2023,India,500 Student,Student,QLD,712
2022,India,500 Student,Student,ACT,429
2022,India,500 Student,Student,SA,390
2024,India,500 Student,Student,NSW,561
2018,Bangladesh,500 Student,Student,NSW,250
2023,UK,485 Temp Graduate,Temporary,QLD,86
2022,China,190 Skilled Nom,Skilled,NSW,391
2018,NZ,189 Skilled Indep,Skilled,VIC,724
2022,China,143 Parent,Family,VIC,163
2016,UK,143 Parent,Family,VIC,670
2015,Vietnam,820 Partner Temp,Family,NSW,581
2023,Pakistan,482 Temp Skill,Temporary,NSW,607
2024,Pakistan,482 Temp Skill,Temporary,WA,445
2019,South Korea,190 Skilled Nom,Skilled,VIC,401
2018,Philippines,820 Partner Temp,Family,VIC,585
2017,India,820 Partner Temp,Family,NSW,512
2024,China,485 Temp Graduate,Temporary,NSW,697
2017,India,485 Temp Graduate,Temporary,WA,603
2021,Sri Lanka,482 Temp Skill,Temporary,VIC,331
2023,China,190 Skilled Nom,Skilled,NSW,130
2019,NZ,485 Temp Graduate,Temporary,QLD,202
2024,Malaysia,143 Parent,Family,NSW,649
2018,China,500 Student,Student,NSW,344
2022,China,820 Partner Temp,Family,QLD,103
2017,China,189 Skilled Indep,Skilled,SA,277
2019,Germany,485 Temp Graduate,Temporary,VIC,462
2022,Pakistan,200 Refugee,Humanitarian,VIC,637
2017,Vietnam,485 Temp Graduate,Temporary,SA,44
2023,Pakistan,482 Temp Skill,Temporary,NSW,543
2024,Pakistan,190 Skilled Nom,Skilled,NSW,218
2017,India,485 Temp Graduate,Temporary,VIC,700
2019,India,801 Partner Perm,Family,NSW,416
2015,South Korea,482 Temp Skill,Temporary,SA,203
2018,Pakistan,189 Skilled Indep,Skilled,NSW,52
2021,Pakistan,820 Partner Temp,Family,NSW,500
2016,India,500 Student,Student,VIC,312
2024,Nepal,482 Temp Skill,Temporary,VIC,631
2016,UK,485 Temp Graduate,Temporary,VIC,436
2020,India,485 Temp Graduate,Temporary,NSW,47
2015,India,400 Temp Work,Temporary,NSW,154
2017,Nepal,482 Temp Skill,Temporary,SA,650
2023,Nepal,820 Partner Temp,Family,VIC,356
2018,China,485 Temp Graduate,Temporary,VIC,467
2023,Pakistan,189 Skilled Indep,Skilled,VIC,158
2023,Germany,485 Temp Graduate,Temporary,ACT,371
2019,Vietnam,485 Temp Graduate,Temporary,WA,525
2016,Malaysia,485 Temp Graduate,Temporary,WA,345
2023,India,485 Temp Graduate,Temporary,QLD,483
2024,Philippines,485 Temp Graduate,Temporary,QLD,256
2017,Nepal,485 Temp Graduate,Temporary,NSW,67
2015,Vietnam,491 Skilled Regional,Skilled,QLD,679
2023,NZ,500 Student,Student,VIC,582
2021,India,500 Student,Student,QLD,308
2017,China,820 Partner Temp,Family,QLD,362
2016,India,801 Partner Perm,Family,NSW,118
2019,India,500 Student,Student,VIC,602
2024,Nepal,202 Global Special,Humanitarian,QLD,327
2016,Nepal,482 Temp Skill,Temporary,VIC,57
2022,China,482 Temp Skill,Temporary,WA,179
2017,China,820 Partner Temp,Family,ACT,242
2021,India,189 Skilled Indep,Skilled,VIC,405
2019,China,189 Skilled Indep,Skilled,VIC,624
2021,Nepal,500 Student,Student,VIC,80
2016,Sri Lanka,500 Student,Student,NSW,132
2023,USA,485 Temp Graduate,Temporary,VIC,310
2024,Philippines,801 Partner Perm,Family,NSW,268
2019,Philippines,820 Partner Temp,Family,WA,456
2018,Germany,482 Temp Skill,Temporary,NSW,690
2022,Indonesia,189 Skilled Indep,Skilled,VIC,495
2016,NZ,189 Skilled Indep,Skilled,NSW,343
2015,China,820 Partner Temp,Family,VIC,197
2022,India,400 Temp Work,Temporary,QLD,94
2020,India,500 Student,Student,VIC,90
2021,Philippines,801 Partner Perm,Family,VIC,298
2015,South Korea,485 Temp Graduate,Temporary,VIC,619
2023,Nepal,143 Parent,Family,VIC,500
2021,India,485 Temp Graduate,Temporary,NSW,301
2016,South Korea,202 Global Special,Humanitarian,ACT,592
2021,India,820 Partner Temp,Family,SA,412
2024,India,485 Temp Graduate,Temporary,VIC,176
2017,India,482 Temp Skill,Temporary,VIC,491
2024,India,485 Temp Graduate,Temporary,TAS,507
2024,Pakistan,500 Student,Student,NSW,330
2023,India,500 Student,Student,VIC,307
2019,Nepal,482 Temp Skill,Temporary,SA,501
2019,USA,200 Refugee,Humanitarian,WA,271
2018,NZ,482 Temp Skill,Temporary,SA,86
2022,Nepal,485 Temp Graduate,Temporary,VIC,114
2016,China,143 Parent,Family,SA,651
2020,India,485 Temp Graduate,Temporary,WA,652
2020,Malaysia,820 Partner Temp,Family,ACT,54
2024,China,482 Temp Skill,Temporary,VIC,533
2023,UK,143 Parent,Family,NSW,601
2019,Malaysia,189 Skilled Indep,Skilled,NSW,215
2021,Bangladesh,485 Temp Graduate,Temporary,VIC,116
2022,Pakistan,801 Partner Perm,Family,QLD,607
2020,Philippines,202 Global Special,Humanitarian,NSW,575
2017,UK,189 Skilled Indep,Skilled,WA,288
2016,China,485 Temp Graduate,Temporary,NSW,484
2021,South Korea,820 Partner Temp,Family,NSW,438
2019,Pakistan,200 Refugee,Humanitarian,SA,676
2017,India,500 Student,Student,WA,122
2018,China,485 Temp Graduate,Temporary,WA,511
2015,Nepal,500 Student,Student,QLD,154
2020,Philippines,491 Skilled Regional,Skilled,SA,505
2015,Sri Lanka,485 Temp Graduate,Temporary,VIC,716
2016,Sri Lanka,491 Skilled Regional,Skilled,QLD,351
2022,NZ,143 Parent,Family,VIC,593
2016,Pakistan,202 Global Special,Humanitarian,SA,355
2022,USA,820 Partner Temp,Family,VIC,303
2019,UK,482 Temp Skill,Temporary,NSW,567
2017,Indonesia,400 Temp Work,Temporary,VIC,129
2021,NZ,190 Skilled Nom,Skilled,SA,295
2020,Philippines,500 Student,Student,NSW,600
2023,Indonesia,485 Temp Graduate,Temporary,SA,148
2024,Vietnam,190 Skilled Nom,Skilled,NSW,702
2019,Malaysia,482 Temp Skill,Temporary,QLD,191
2018,Sri Lanka,189 Skilled Indep,Skilled,NSW,405
2021,India,820 Partner Temp,Family,VIC,170
2016,Germany,482 Temp Skill,Temporary,WA,163
2020,India,200 Refugee,Humanitarian,VIC,728
2016,India,482 Temp Skill,Temporary,QLD,564
2017,India,482 Temp Skill,Temporary,ACT,513
2022,Nepal,485 Temp Graduate,Temporary,QLD,597
2022,Philippines,485 Temp Graduate,Temporary,SA,672
2019,Vietnam,491 Skilled Regional,Skilled,NSW,637
2024,UK,485 Temp Graduate,Temporary,NSW,397
2016,Germany,500 Student,Student,ACT,486
2018,India,482 Temp Skill,Temporary,NSW,661
2021,China,485 Temp Graduate,Temporary,VIC,293
2019,USA,491 Skilled Regional,Skilled,NSW,147
2021,UK,485 Temp Graduate,Temporary,NSW,558
2015,China,485 Temp Graduate,Temporary,VIC,555
2022,South Korea,500 Student,Student,QLD,513
2016,Nepal,500 Student,Student,QLD,372
2017,India,190 Skilled Nom,Skilled,ACT,496
2016,India,482 Temp Skill,Temporary,WA,381
2022,South Korea,482 Temp Skill,Temporary,NSW,634
2015,India,482 Temp Skill,Temporary,VIC,336
2024,Philippines,482 Temp Skill,Temporary,NSW,650
2018,China,190 Skilled Nom,Skilled,WA,297
2017,Sri Lanka,801 Partner Perm,Family,VIC,216
2018,Vietnam,189 Skilled Indep,Skilled,NSW,522
2019,China,400 Temp Work,Temporary,NSW,106
2017,China,801 Partner Perm,Family,VIC,170
2022,India,482 Temp Skill,Temporary,NSW,566
2022,China,202 Global Special,Humanitarian,WA,66
2021,China,485 Temp Graduate,Temporary,VIC,400
2023,India,482 Temp Skill,Temporary,QLD,563
2022,India,143 Parent,Family,NSW,603
2016,China,400 Temp Work,Temporary,NSW,255
2017,Philippines,485 Temp Graduate,Temporary,NSW,201
2019,UK,500 Student,Student,VIC,407
2018,Malaysia,482 Temp Skill,Temporary,VIC,499
2018,Nepal,482 Temp Skill,Temporary,VIC,236
2019,UK,400 Temp Work,Temporary,QLD,697
2022,NZ,485 Temp Graduate,Temporary,VIC,452
2020,China,491 Skilled Regional,Skilled,SA,260
2023,NZ,485 Temp Graduate,Temporary,NSW,51
2021,China,482 Temp Skill,Temporary,VIC,106
2015,Indonesia,485 Temp Graduate,Temporary,NSW,197
2024,Vietnam,500 Student,Student,VIC,589
2016,China,190 Skilled Nom,Skilled,VIC,669
2018,Philippines,200 Refugee,Humanitarian,NSW,412
2015,India,143 Parent,Family,NSW,495
2020,India,500 Student,Student,VIC,569
2022,China,500 Student,Student,NSW,128
2017,Bangladesh,500 Student,Student,NSW,539
2024,NZ,485 Temp Graduate,Temporary,VIC,669
2016,NZ,400 Temp Work,Temporary,NSW,243
2024,India,500 Student,Student,VIC,524
2022,NZ,485 Temp Graduate,Temporary,VIC,128
2016,China,200 Refugee,Humanitarian,VIC,117
2016,China,820 Partner Temp,Family,NSW,81
2015,China,482 Temp Skill,Temporary,QLD,172
2021,Philippines,202 Global Special,Humanitarian,QLD,538
2017,Indonesia,482 Temp Skill,Temporary,VIC,300
2024,Pakistan,482 Temp Skill,Temporary,QLD,407
2016,India,143 Parent,Family,VIC,591
2023,China,400 Temp Work,Temporary,QLD,687
2018,UK,500 Student,Student,NSW,661
2015,India,202 Global Special,Humanitarian,VIC,221
2022,India,820 Partner Temp,Family,NSW,105
2021,Sri Lanka,485 Temp Graduate,Temporary,NSW,639
2017,Philippines,500 Student,Student,NSW,138
2018,Nepal,190 Skilled Nom,Skilled,SA,611
2016,Nepal,485 Temp Graduate,Temporary,VIC,322
2016,Pakistan,189 Skilled Indep,Skilled,VIC,155
2021,Nepal,500 Student,Student,QLD,489
2020,India,190 Skilled Nom,Skilled,VIC,185
2017,Indonesia,485 Temp Graduate,Temporary,NSW,436
2017,UK,491 Skilled Regional,Skilled,WA,176
2024,Bangladesh,820 Partner Temp,Family,WA,146
2018,India,500 Student,Student,VIC,497
2019,Pakistan,801 Partner Perm,Family,WA,235
2016,Nepal,190 Skilled Nom,Skilled,WA,389
2015,India,500 Student,Student,VIC,414
2021,Philippines,482 Temp Skill,Temporary,VIC,372
2017,Nepal,801 Partner Perm,Family,WA,699
2022,Malaysia,190 Skilled Nom,Skilled,VIC,336
2017,India,500 Student,Student,QLD,406
2018,UK,200 Refugee,Humanitarian,QLD,439
2021,Vietnam,200 Refugee,Humanitarian,VIC,717
2022,USA,500 Student,Student,WA,174
2018,NZ,482 Temp Skill,Temporary,VIC,544
2022,India,485 Temp Graduate,Temporary,NSW,211
2021,India,500 Student,Student,TAS,545
2023,India,482 Temp Skill,Temporary,NSW,602
2022,India,200 Refugee,Humanitarian,NSW,650
2023,China,485 Temp Graduate,Temporary,WA,39
2017,Sri Lanka,485 Temp Graduate,Temporary,QLD,548
2015,Philippines,820 Partner Temp,Family,VIC,443
2015,India,485 Temp Graduate,Temporary,NSW,119
2018,Nepal,400 Temp Work,Temporary,SA,353
2018,Sri Lanka,500 Student,Student,NSW,285
2017,China,202 Global Special,Humanitarian,VIC,477
2016,UK,189 Skilled Indep,Skilled,VIC,690
2019,India,485 Temp Graduate,Temporary,VIC,149
2018,Philippines,482 Temp Skill,Temporary,WA,175
2015,Philippines,482 Temp Skill,Temporary,WA,592
2023,China,190 Skilled Nom,Skilled,NSW,384
2020,Nepal,820 Partner Temp,Family,WA,595
2016,Malaysia,482 Temp Skill,Temporary,VIC,291
2018,Pakistan,482 Temp Skill,Temporary,QLD,303
2021,India,400 Temp Work,Temporary,SA,697
2016,India,801 Partner Perm,Family,NSW,111
2020,China,189 Skilled Indep,Skilled,QLD,46
2022,India,482 Temp Skill,Temporary,NSW,378
2016,India,202 Global Special,Humanitarian,QLD,260
2020,China,485 Temp Graduate,Temporary,NSW,48
2023,India,820 Partner Temp,Family,NSW,203
2022,India,190 Skilled Nom,Skilled,VIC,664
2019,Pakistan,482 Temp Skill,Temporary,TAS,259
2015,India,202 Global Special,Humanitarian,VIC,476
2024,South Korea,482 Temp Skill,Temporary,VIC,220
2024,NZ,189 Skilled Indep,Skilled,NSW,328
2022,India,482 Temp Skill,Temporary,QLD,142
2017,Nepal,202 Global Special,Humanitarian,WA,725
2021,NZ,801 Partner Perm,Family,QLD,295
2023,Sri Lanka,485 Temp Graduate,Temporary,NSW,646
2020,Germany,482 Temp Skill,Temporary,QLD,669
2024,Vietnam,202 Global Special,Humanitarian,QLD,526
2021,India,500 Student,Student,WA,550
2015,UK,500 Student,Student,QLD,231
2017,Philippines,820 Partner Temp,Family,VIC,576
2024,Nepal,801 Partner Perm,Family,QLD,296
2024,UK,491 Skilled Regional,Skilled,VIC,306
2024,USA,801 Partner Perm,Family,QLD,566
2017,Pakistan,500 Student,Student,QLD,314
2017,Pakistan,801 Partner Perm,Family,ACT,395
2021,China,482 Temp Skill,Temporary,NSW,508
2015,Bangladesh,190 Skilled Nom,Skilled,VIC,607
2023,India,482 Temp Skill,Temporary,SA,364
2019,UK,143 Parent,Family,NSW,297
2022,India,500 Student,Student,NSW,396
2021,Nepal,500 Student,Student,VIC,61
2018,China,190 Skilled Nom,Skilled,QLD,606
2023,Nepal,190 Skilled Nom,Skilled,NSW,460
2017,Vietnam,485 Temp Graduate,Temporary,WA,443
2020,India,189 Skilled Indep,Skilled,VIC,645
2019,India,485 Temp Graduate,Temporary,WA,613
2022,China,491 Skilled Regional,Skilled,NSW,613
2022,China,485 Temp Graduate,Temporary,VIC,322
2019,India,485 Temp Graduate,Temporary,NSW,721
2018,Philippines,500 Student,Student,VIC,700
2017,Vietnam,485 Temp Graduate,Temporary,NSW,682
2015,China,143 Parent,Family,NSW,252
2019,China,485 Temp Graduate,Temporary,NSW,696
2015,Bangladesh,500 Student,Student,NSW,226
2018,India,485 Temp Graduate,Temporary,NSW,49
2024,Bangladesh,190 Skilled Nom,Skilled,VIC,695
2021,China,143 Parent,Family,VIC,73
2018,Malaysia,482 Temp Skill,Temporary,VIC,126
2024,China,820 Partner Temp,Family,NSW,543
2024,China,400 Temp Work,Temporary,VIC,415
2022,Sri Lanka,189 Skilled Indep,Skilled,NSW,87
2018,India,485 Temp Graduate,Temporary,NSW,481
2023,NZ,190 Skilled Nom,Skilled,NSW,376
2022,Sri Lanka,482 Temp Skill,Temporary,VIC,667
2021,Vietnam,500 Student,Student,NSW,48
2019,India,500 Student,Student,NSW,578
2017,Pakistan,500 Student,Student,NSW,295
2017,Philippines,801 Partner Perm,Family,SA,577
2020,India,500 Student,Student,NSW,36
2020,India,190 Skilled Nom,Skilled,QLD,187
2019,Philippines,500 Student,Student,NSW,505
2022,Malaysia,500 Student,Student,QLD,580
2017,Sri Lanka,820 Partner Temp,Family,NSW,85
2016,India,491 Skilled Regional,Skilled,NSW,457
2016,UK,485 Temp Graduate,Temporary,QLD,355
2021,Vietnam,202 Global Special,Humanitarian,VIC,649
2015,India,485 Temp Graduate,Temporary,VIC,411
2018,India,189 Skilled Indep,Skilled,WA,108
2016,Philippines,143 Parent,Family,VIC,427
2015,Vietnam,482 Temp Skill,Temporary,NSW,319
2024,India,820 Partner Temp,Family,SA,224
2018,China,485 Temp Graduate,Temporary,NSW,334
2023,India,202 Global Special,Humanitarian,VIC,559
2019,India,189 Skilled Indep,Skilled,ACT,202
2024,India,485 Temp Graduate,Temporary,ACT,519
2016,China,500 Student,Student,QLD,79
2018,South Korea,482 Temp Skill,Temporary,VIC,51
2017,India,485 Temp Graduate,Temporary,ACT,587
2022,Nepal,820 Partner Temp,Family,WA,621
2017,Indonesia,485 Temp Graduate,Temporary,VIC,471
2020,India,500 Student,Student,QLD,30
2016,Philippines,491 Skilled Regional,Skilled,NSW,442
2015,Malaysia,820 Partner Temp,Family,VIC,325
2023,Vietnam,190 Skilled Nom,Skilled,SA,390
2022,Vietnam,801 Partner Perm,Family,VIC,698
2022,Germany,189 Skilled Indep,Skilled,QLD,396
2024,Philippines,200 Refugee,Humanitarian,VIC,107
2023,Philippines,500 Student,Student,VIC,154
2015,China,801 Partner Perm,Family,NSW,114
2017,Pakistan,143 Parent,Family,VIC,71
2018,China,500 Student,Student,VIC,246
2024,Vietnam,143 Parent,Family,SA,527
2015,Pakistan,820 Partner Temp,Family,VIC,720
2022,Germany,491 Skilled Regional,Skilled,NSW,648
2015,Sri Lanka,500 Student,Student,QLD,92
2016,UK,820 Partner Temp,Family,WA,389
2017,Pakistan,500 Student,Student,QLD,494
2019,India,189 Skilled Indep,Skilled,VIC,659
2023,Philippines,482 Temp Skill,Temporary,NSW,515
2023,UK,482 Temp Skill,Temporary,VIC,479
2018,Philippines,485 Temp Graduate,Temporary,NSW,374
2024,South Korea,485 Temp Graduate,Temporary,QLD,93
2015,UK,485 Temp Graduate,Temporary,VIC,676
2015,Germany,801 Partner Perm,Family,WA,63
2019,South Korea,143 Parent,Family,VIC,261
2018,Sri Lanka,801 Partner Perm,Family,WA,711
2023,South Korea,482 Temp Skill,Temporary,WA,120
2015,India,801 Partner Perm,Family,QLD,423
2023,Philippines,189 Skilled Indep,Skilled,VIC,425
2017,China,482 Temp Skill,Temporary,QLD,231
2022,Sri Lanka,485 Temp Graduate,Temporary,QLD,156
2015,Pakistan,485 Temp Graduate,Temporary,NSW,211
2023,Sri Lanka,189 Skilled Indep,Skilled,TAS,77
2023,Nepal,500 Student,Student,VIC,315
2021,Indonesia,482 Temp Skill,Temporary,TAS,508
2023,Philippines,500 Student,Student,WA,663
2023,China,491 Skilled Regional,Skilled,QLD,254
2023,China,485 Temp Graduate,Temporary,QLD,350
2022,UK,500 Student,Student,VIC,256
2024,UK,820 Partner Temp,Family,VIC,214
2021,China,485 Temp Graduate,Temporary,VIC,144
2022,Nepal,190 Skilled Nom,Skilled,WA,406
2019,China,190 Skilled Nom,Skilled,VIC,617
2024,UK,189 Skilled Indep,Skilled,ACT,43
2015,Nepal,200 Refugee,Humanitarian,QLD,451
2022,UK,190 Skilled Nom,Skilled,NSW,478
2017,NZ,485 Temp Graduate,Temporary,NSW,656
2022,Philippines,482 Temp Skill,Temporary,QLD,706
2016,China,485 Temp Graduate,Temporary,VIC,315
2018,Nepal,190 Skilled Nom,Skilled,VIC,700
2022,China,491 Skilled Regional,Skilled,VIC,262
2018,UK,500 Student,Student,VIC,72
2021,China,189 Skilled Indep,Skilled,VIC,724
2021,China,485 Temp Graduate,Temporary,QLD,630
2016,NZ,190 Skilled Nom,Skilled,VIC,495
2022,Sri Lanka,500 Student,Student,VIC,662
2017,USA,189 Skilled Indep,Skilled,QLD,487
2019,Pakistan,500 Student,Student,WA,725
2020,Germany,485 Temp Graduate,Temporary,NSW,536
2018,Nepal,500 Student,Student,WA,414
2017,Indonesia,189 Skilled Indep,Skilled,QLD,110
2016,Bangladesh,491 Skilled Regional,Skilled,NSW,726
2021,India,190 Skilled Nom,Skilled,VIC,161
2022,Vietnam,801 Partner Perm,Family,VIC,116
2017,China,820 Partner Temp,Family,QLD,551
2021,China,820 Partner Temp,Family,NSW,307
2016,Nepal,200 Refugee,Humanitarian,VIC,102
2021,China,190 Skilled Nom,Skilled,QLD,684
2017,India,485 Temp Graduate,Temporary,NSW,227
2018,India,820 Partner Temp,Family,NSW,88
2022,India,189 Skilled Indep,Skilled,VIC,271
2019,Germany,189 Skilled Indep,Skilled,VIC,218
2019,Philippines,482 Temp Skill,Temporary,NSW,377
2018,China,485 Temp Graduate,Temporary,QLD,537
2023,Indonesia,500 Student,Student,QLD,671
2018,UK,143 Parent,Family,VIC,729
2021,Pakistan,500 Student,Student,TAS,688
2015,Pakistan,482 Temp Skill,Temporary,WA,623
2023,China,500 Student,Student,SA,513
2024,Pakistan,202 Global Special,Humanitarian,VIC,469
2016,China,491 Skilled Regional,Skilled,NSW,358
2019,Bangladesh,189 Skilled Indep,Skilled,VIC,364
2016,India,500 Student,Student,NSW,617
2018,India,189 Skilled Indep,Skilled,QLD,436
2023,India,820 Partner Temp,Family,WA,94
2021,India,500 Student,Student,QLD,250
2016,Sri Lanka,801 Partner Perm,Family,WA,316
2024,India,482 Temp Skill,Temporary,VIC,400
2020,India,190 Skilled Nom,Skilled,VIC,210
2015,India,485 Temp Graduate,Temporary,VIC,271
2018,Germany,491 Skilled Regional,Skilled,VIC,715
2016,China,400 Temp Work,Temporary,VIC,91
2023,South Korea,500 Student,Student,NSW,555
2018,NZ,482 Temp Skill,Temporary,QLD,566
2019,India,820 Partner Temp,Family,WA,401
2023,Philippines,485 Temp Graduate,Temporary,QLD,492
2021,Sri Lanka,482 Temp Skill,Temporary,NSW,603
2015,India,190 Skilled Nom,Skilled,NSW,598
2015,UK,500 Student,Student,NSW,197
2016,China,485 Temp Graduate,Temporary,VIC,636
2022,UK,190 Skilled Nom,Skilled,QLD,601
2021,NZ,143 Parent,Family,WA,462
2018,South Korea,820 Partner Temp,Family,NSW,345
2018,NZ,820 Partner Temp,Family,WA,343
2015,Philippines,820 Partner Temp,Family,WA,579
2015,Nepal,482 Temp Skill,Temporary,WA,211
2021,Sri Lanka,500 Student,Student,VIC,144
2022,Vietnam,485 Temp Graduate,Temporary,QLD,271
2020,Malaysia,500 Student,Student,NSW,266
2022,UK,491 Skilled Regional,Skilled,NSW,580
2019,Sri Lanka,485 Temp Graduate,Temporary,NSW,483
2015,China,485 Temp Graduate,Temporary,NSW,265
2015,Germany,500 Student,Student,VIC,76
2023,China,820 Partner Temp,Family,WA,698
2023,India,190 Skilled Nom,Skilled,NSW,138
2024,Vietnam,200 Refugee,Humanitarian,NSW,264
2018,India,202 Global Special,Humanitarian,WA,400
2022,Vietnam,500 Student,Student,SA,180
2022,Nepal,491 Skilled Regional,Skilled,QLD,667
2021,China,485 Temp Graduate,Temporary,VIC,214
2023,Nepal,485 Temp Graduate,Temporary,VIC,415
2024,Germany,400 Temp Work,Temporary,NSW,249
2017,South Korea,500 Student,Student,NSW,100
2022,South Korea,202 Global Special,Humanitarian,WA,92
2018,China,500 Student,Student,VIC,223
2023,China,485 Temp Graduate,Temporary,VIC,74
2023,Pakistan,143 Parent,Family,VIC,194
2024,Vietnam,189 Skilled Indep,Skilled,NSW,254
2022,Nepal,485 Temp Graduate,Temporary,NSW,462
2023,China,820 Partner Temp,Family,WA,614
2016,India,500 Student,Student,VIC,198
2016,India,143 Parent,Family,QLD,342
2018,Nepal,200 Refugee,Humanitarian,QLD,537
2022,Nepal,485 Temp Graduate,Temporary,QLD,352
2023,Bangladesh,500 Student,Student,NSW,580
2023,India,485 Temp Graduate,Temporary,WA,558
2016,Pakistan,500 Student,Student,QLD,394
2022,Indonesia,482 Temp Skill,Temporary,TAS,679
2020,India,200 Refugee,Humanitarian,WA,397
2016,Philippines,143 Parent,Family,NSW,406
2019,Bangladesh,482 Temp Skill,Temporary,NSW,512
2022,Philippines,200 Refugee,Humanitarian,QLD,624
2016,India,500 Student,Student,WA,317
2023,China,820 Partner Temp,Family,VIC,185
2016,India,500 Student,Student,NSW,420
2015,Germany,500 Student,Student,QLD,148
2018,Pakistan,801 Partner Perm,Family,WA,492
2022,Philippines,485 Temp Graduate,Temporary,NSW,408
2022,Pakistan,202 Global Special,Humanitarian,VIC,601
2023,Nepal,500 Student,Student,WA,151
2016,India,190 Skilled Nom,Skilled,SA,585
2017,Germany,485 Temp Graduate,Temporary,QLD,337
2017,UK,189 Skilled Indep,Skilled,QLD,446
2017,USA,500 Student,Student,WA,616
2019,India,485 Temp Graduate,Temporary,VIC,445
2024,Bangladesh,485 Temp Graduate,Temporary,VIC,394
2022,Vietnam,500 Student,Student,VIC,631
2018,China,500 Student,Student,NSW,148
2024,Nepal,482 Temp Skill,Temporary,NSW,524
2021,China,500 Student,Student,VIC,653
2015,Philippines,400 Temp Work,Temporary,VIC,629
2015,Germany,189 Skilled Indep,Skilled,SA,400
2020,China,820 Partner Temp,Family,NSW,555
2017,Sri Lanka,143 Parent,Family,NSW,204
2017,Bangladesh,500 Student,Student,QLD,156
2018,China,485 Temp Graduate,Temporary,QLD,542
2021,Pakistan,820 Partner Temp,Family,WA,547
2024,Germany,485 Temp Graduate,Temporary,QLD,385
2015,Vietnam,400 Temp Work,Temporary,NSW,578
2024,Vietnam,200 Refugee,Humanitarian,NSW,217
2019,India,500 Student,Student,QLD,498
2018,Nepal,482 Temp Skill,Temporary,QLD,649
2017,China,200 Refugee,Humanitarian,VIC,277
2018,China,500 Student,Student,VIC,542
2019,China,482 Temp Skill,Temporary,QLD,338
2018,China,482 Temp Skill,Temporary,VIC,360
2023,Philippines,143 Parent,Family,VIC,96
2018,Nepal,801 Partner Perm,Family,NSW,655
2017,China,491 Skilled Regional,Skilled,QLD,302
2024,India,485 Temp Graduate,Temporary,VIC,411
2022,Malaysia,189 Skilled Indep,Skilled,NSW,668
2015,Malaysia,485 Temp Graduate,Temporary,NSW,279
2020,UK,143 Parent,Family,NSW,258
2021,Pakistan,500 Student,Student,QLD,679
2016,Germany,500 Student,Student,NSW,324
2018,India,500 Student,Student,SA,359
2016,Bangladesh,482 Temp Skill,Temporary,VIC,517
2015,India,482 Temp Skill,Temporary,WA,601
2020,India,485 Temp Graduate,Temporary,QLD,149
2015,India,500 Student,Student,VIC,292
2019,Sri Lanka,801 Partner Perm,Family,NSW,557
2019,Sri Lanka,190 Skilled Nom,Skilled,SA,640
2021,India,820 Partner Temp,Family,QLD,212
2023,Nepal,190 Skilled Nom,Skilled,QLD,136
2015,China,820 Partner Temp,Family,VIC,648
2016,Pakistan,500 Student,Student,WA,135
2021,Pakistan,190 Skilled Nom,Skilled,NSW,168
2019,Malaysia,820 Partner Temp,Family,NSW,83
2016,China,189 Skilled Indep,Skilled,TAS,707
2016,Sri Lanka,485 Temp Graduate,Temporary,ACT,348
2016,Nepal,500 Student,Student,QLD,150
2024,Philippines,485 Temp Graduate,Temporary,VIC,451
2018,Sri Lanka,482 Temp Skill,Temporary,VIC,693
2021,China,801 Partner Perm,Family,VIC,113
2021,India,190 Skilled Nom,Skilled,NSW,280
2022,Sri Lanka,500 Student,Student,VIC,451
2019,Philippines,500 Student,Student,QLD,337
2018,Philippines,820 Partner Temp,Family,WA,533
2022,China,189 Skilled Indep,Skilled,QLD,381
2018,Philippines,482 Temp Skill,Temporary,VIC,631
2016,China,482 Temp Skill,Temporary,SA,507
2024,India,189 Skilled Indep,Skilled,WA,176
2024,UK,202 Global Special,Humanitarian,NSW,79
2019,Sri Lanka,482 Temp Skill,Temporary,VIC,315
2022,Pakistan,482 Temp Skill,Temporary,VIC,182
2023,India,801 Partner Perm,Family,WA,663
2018,Germany,190 Skilled Nom,Skilled,VIC,390
2016,NZ,500 Student,Student,NSW,409
2016,Nepal,500 Student,Student,VIC,321
2023,Malaysia,485 Temp Graduate,Temporary,QLD,591
2024,China,485 Temp Graduate,Temporary,NSW,728
2019,Bangladesh,491 Skilled Regional,Skilled,QLD,35
2024,Philippines,189 Skilled Indep,Skilled,VIC,695
2019,Vietnam,189 Skilled Indep,Skilled,VIC,381
2019,Germany,400 Temp Work,Temporary,VIC,474
2017,Malaysia,189 Skilled Indep,Skilled,WA,640
2021,UK,200 Refugee,Humanitarian,VIC,245
2018,Sri Lanka,143 Parent,Family,NSW,558
2023,Sri Lanka,801 Partner Perm,Family,QLD,238
2024,Pakistan,491 Skilled Regional,Skilled,NSW,205
2022,India,491 Skilled Regional,Skilled,QLD,540
2019,China,200 Refugee,Humanitarian,QLD,721
2018,India,400 Temp Work,Temporary,VIC,583
2024,Germany,485 Temp Graduate,Temporary,NSW,675
2022,Vietnam,485 Temp Graduate,Temporary,VIC,106
2021,Germany,400 Temp Work,Temporary,NSW,72
2015,Nepal,500 Student,Student,NSW,424
2024,India,143 Parent,Family,QLD,372
2018,Philippines,485 Temp Graduate,Temporary,ACT,655
2020,Pakistan,500 Student,Student,VIC,48
2016,South Korea,500 Student,Student,NSW,707
2024,Nepal,482 Temp Skill,Temporary,NSW,476
2023,China,500 Student,Student,ACT,297
2018,Bangladesh,820 Partner Temp,Family,NSW,451
2022,China,500 Student,Student,TAS,91
2024,UK,485 Temp Graduate,Temporary,VIC,184
2023,Pakistan,485 Temp Graduate,Temporary,VIC,689
2016,Bangladesh,820 Partner Temp,Family,VIC,315
2015,China,500 Student,Student,VIC,269
2018,India,500 Student,Student,VIC,633
2019,Philippines,482 Temp Skill,Temporary,VIC,318
2017,South Korea,189 Skilled Indep,Skilled,NSW,112
2016,Germany,482 Temp Skill,Temporary,VIC,213
2017,Nepal,485 Temp Graduate,Temporary,NSW,89
2024,China,190 Skilled Nom,Skilled,VIC,712
2023,Philippines,482 Temp Skill,Temporary,NSW,470
2016,South Korea,500 Student,Student,VIC,355
2019,Nepal,491 Skilled Regional,Skilled,VIC,581
2023,Bangladesh,200 Refugee,Humanitarian,QLD,195
2017,Philippines,485 Temp Graduate,Temporary,QLD,589
2020,USA,200 Refugee,Humanitarian,NSW,617
2017,India,500 Student,Student,VIC,279
2024,UK,189 Skilled Indep,Skilled,VIC,248
2020,UK,801 Partner Perm,Family,WA,458
2018,Nepal,500 Student,Student,WA,38
2022,India,485 Temp Graduate,Temporary,QLD,34
2017,China,189 Skilled Indep,Skilled,SA,477
2017,China,820 Partner Temp,Family,WA,711
2024,South Korea,485 Temp Graduate,Temporary,NSW,270
2023,Nepal,482 Temp Skill,Temporary,NSW,526
2016,China,491 Skilled Regional,Skilled,NSW,262
2016,India,482 Temp Skill,Temporary,VIC,179
2023,India,190 Skilled Nom,Skilled,NSW,385
2019,Philippines,482 Temp Skill,Temporary,NSW,521
2022,India,801 Partner Perm,Family,VIC,102
2018,Philippines,190 Skilled Nom,Skilled,QLD,180
2015,Nepal,482 Temp Skill,Temporary,VIC,196
2016,China,801 Partner Perm,Family,NSW,173
2019,India,485 Temp Graduate,Temporary,VIC,104
2022,Sri Lanka,820 Partner Temp,Family,QLD,126
2023,Bangladesh,485 Temp Graduate,Temporary,QLD,480
2018,Nepal,485 Temp Graduate,Temporary,VIC,688
2019,Sri Lanka,500 Student,Student,NSW,61
2022,China,485 Temp Graduate,Temporary,QLD,628
2022,Nepal,500 Student,Student,NSW,288
2022,India,820 Partner Temp,Family,NSW,384
2022,Nepal,485 Temp Graduate,Temporary,VIC,652
2020,Malaysia,491 Skilled Regional,Skilled,NSW,127
2022,Nepal,500 Student,Student,NSW,238
2019,Philippines,500 Student,Student,VIC,351
2022,Philippines,485 Temp Graduate,Temporary,WA,391
2019,Nepal,190 Skilled Nom,Skilled,VIC,191
2016,Sri Lanka,190 Skilled Nom,Skilled,VIC,628
2023,Vietnam,485 Temp Graduate,Temporary,VIC,577
2016,Philippines,143 Parent,Family,NSW,159
2020,Pakistan,189 Skilled Indep,Skilled,NSW,415
2022,Malaysia,485 Temp Graduate,Temporary,QLD,349
2021,Bangladesh,189 Skilled Indep,Skilled,NSW,572
2021,India,482 Temp Skill,Temporary,NSW,327
2024,Malaysia,482 Temp Skill,Temporary,WA,292
2017,UK,500 Student,Student,WA,408
2020,Malaysia,482 Temp Skill,Temporary,NSW,492
2022,Malaysia,482 Temp Skill,Temporary,QLD,247
2024,India,189 Skilled Indep,Skilled,SA,221
2017,South Korea,820 Partner Temp,Family,VIC,618
2015,Nepal,500 Student,Student,VIC,700
2023,India,400 Temp Work,Temporary,NSW,525
2021,Nepal,500 Student,Student,QLD,622
2019,UK,400 Temp Work,Temporary,WA,462
2023,UK,820 Partner Temp,Family,NSW,601
2024,Nepal,189 Skilled Indep,Skilled,NSW,199
2018,Sri Lanka,189 Skilled Indep,Skilled,QLD,203
2019,Nepal,200 Refugee,Humanitarian,ACT,159
2021,China,801 Partner Perm,Family,VIC,675
2018,Indonesia,500 Student,Student,ACT,394
2019,Vietnam,485 Temp Graduate,Temporary,WA,374
2017,Bangladesh,500 Student,Student,VIC,276
2023,Pakistan,500 Student,Student,NSW,30
2019,Philippines,500 Student,Student,NSW,52
2023,Pakistan,485 Temp Graduate,Temporary,VIC,212
2023,Nepal,190 Skilled Nom,Skilled,NSW,357
2019,China,189 Skilled Indep,Skilled,NSW,126
2017,India,482 Temp Skill,Temporary,SA,161
2015,Philippines,190 Skilled Nom,Skilled,VIC,554
2017,India,500 Student,Student,NSW,516
2023,Pakistan,482 Temp Skill,Temporary,QLD,442
2020,Nepal,190 Skilled Nom,Skilled,VIC,346
2022,China,500 Student,Student,WA,574
2016,India,500 Student,Student,QLD,404
2022,UK,500 Student,Student,WA,523
2024,South Korea,500 Student,Student,QLD,319
2015,China,500 Student,Student,NSW,610
2016,India,189 Skilled Indep,Skilled,VIC,501
2023,Vietnam,500 Student,Student,VIC,365
2018,China,482 Temp Skill,Temporary,NSW,712
2018,China,482 Temp Skill,Temporary,SA,393
2023,India,801 Partner Perm,Family,WA,340
2023,China,143 Parent,Family,ACT,645
2024,South Korea,500 Student,Student,VIC,176
2017,India,500 Student,Student,NSW,295
2021,Vietnam,485 Temp Graduate,Temporary,QLD,526
2016,China,801 Partner Perm,Family,QLD,35
2020,UK,820 Partner Temp,Family,NSW,600
2023,Vietnam,500 Student,Student,VIC,348
2018,Philippines,485 Temp Graduate,Temporary,NSW,438
2020,India,143 Parent,Family,WA,379
2021,Sri Lanka,491 Skilled Regional,Skilled,WA,444
2015,China,400 Temp Work,Temporary,QLD,30
2017,Germany,190 Skilled Nom,Skilled,NSW,389
2018,China,482 Temp Skill,Temporary,NSW,574
2023,Philippines,189 Skilled Indep,Skilled,QLD,312
2022,China,482 Temp Skill,Temporary,QLD,686
2021,USA,500 Student,Student,NSW,593
2017,Philippines,820 Partner Temp,Family,NSW,155
2023,Germany,482 Temp Skill,Temporary,WA,155
2017,Nepal,485 Temp Graduate,Temporary,NSW,263
2022,Nepal,485 Temp Graduate,Temporary,QLD,625
2017,Nepal,500 Student,Student,QLD,252
2024,India,189 Skilled Indep,Skilled,VIC,346
2015,Pakistan,190 Skilled Nom,Skilled,NSW,344
2016,India,820 Partner Temp,Family,TAS,590
2023,Bangladesh,189 Skilled Indep,Skilled,VIC,446
2016,India,189 Skilled Indep,Skilled,NSW,491
2021,China,820 Partner Temp,Family,NSW,469
2018,Philippines,500 Student,Student,NSW,227
2021,China,500 Student,Student,NSW,297
2021,Nepal,500 Student,Student,VIC,62
2019,China,189 Skilled Indep,Skilled,NSW,137
2019,India,189 Skilled Indep,Skilled,WA,446
2022,India,820 Partner Temp,Family,QLD,394
2016,Nepal,500 Student,Student,NSW,41
2022,Malaysia,491 Skilled Regional,Skilled,QLD,244
2015,Bangladesh,190 Skilled Nom,Skilled,QLD,72
2022,South Korea,801 Partner Perm,Family,QLD,331
2018,India,500 Student,Student,QLD,723
2022,India,143 Parent,Family,SA,651
2016,Vietnam,190 Skilled Nom,Skilled,NSW,273
2024,Philippines,485 Temp Graduate,Temporary,VIC,41
2024,UK,485 Temp Graduate,Temporary,NSW,719
2023,Malaysia,482 Temp Skill,Temporary,NSW,47
2023,UK,482 Temp Skill,Temporary,QLD,718
2022,India,189 Skilled Indep,Skilled,SA,205
2015,India,500 Student,Student,WA,303
2019,USA,200 Refugee,Humanitarian,VIC,271
2017,China,189 Skilled Indep,Skilled,TAS,674
2015,China,500 Student,Student,VIC,121
2022,South Korea,500 Student,Student,WA,652
2024,Nepal,500 Student,Student,SA,441
2024,Philippines,143 Parent,Family,WA,156
2018,Malaysia,500 Student,Student,VIC,260
2017,Sri Lanka,500 Student,Student,ACT,58
2021,India,482 Temp Skill,Temporary,NSW,505
2016,India,485 Temp Graduate,Temporary,NSW,167
2023,South Korea,500 Student,Student,QLD,213
2023,Pakistan,482 Temp Skill,Temporary,VIC,301
2021,India,500 Student,Student,VIC,672
2023,Pakistan,189 Skilled Indep,Skilled,WA,340
2017,India,200 Refugee,Humanitarian,VIC,118
2023,India,801 Partner Perm,Family,VIC,430
2018,China,482 Temp Skill,Temporary,VIC,535
2020,China,485 Temp Graduate,Temporary,ACT,248
2024,China,202 Global Special,Humanitarian,VIC,467
2020,South Korea,202 Global Special,Humanitarian,NSW,285
2023,Sri Lanka,482 Temp Skill,Temporary,QLD,672
2017,Philippines,820 Partner Temp,Family,VIC,305
2015,UK,801 Partner Perm,Family,NSW,201
2024,China,820 Partner Temp,Family,QLD,533
2023,Bangladesh,820 Partner Temp,Family,VIC,697
2022,India,482 Temp Skill,Temporary,ACT,369
2019,China,485 Temp Graduate,Temporary,VIC,525
2017,India,485 Temp Graduate,Temporary,NSW,191
2015,Vietnam,200 Refugee,Humanitarian,SA,377
2023,India,485 Temp Graduate,Temporary,WA,391
2023,Bangladesh,500 Student,Student,QLD,46
2017,China,500 Student,Student,NSW,91
2021,Vietnam,189 Skilled Indep,Skilled,SA,97
2020,Indonesia,485 Temp Graduate,Temporary,NSW,218
2019,China,801 Partner Perm,Family,WA,181
2019,India,500 Student,Student,NSW,647
2020,Bangladesh,485 Temp Graduate,Temporary,SA,107
2015,Malaysia,485 Temp Graduate,Temporary,QLD,722
2017,UK,491 Skilled Regional,Skilled,WA,286
2017,Philippines,202 Global Special,Humanitarian,SA,351
2018,China,485 Temp Graduate,Temporary,VIC,34
2018,Philippines,482 Temp Skill,Temporary,NSW,683
2024,China,190 Skilled Nom,Skilled,QLD,695
2024,China,801 Partner Perm,Family,VIC,301
2022,Sri Lanka,189 Skilled Indep,Skilled,QLD,401
2018,Germany,482 Temp Skill,Temporary,WA,228
2021,India,500 Student,Student,QLD,352
2019,Nepal,189 Skilled Indep,Skilled,VIC,433
2018,China,500 Student,Student,QLD,128
2023,Sri Lanka,482 Temp Skill,Temporary,QLD,64
2022,India,482 Temp Skill,Temporary,NSW,348
2022,USA,485 Temp Graduate,Temporary,VIC,139
2018,South Korea,820 Partner Temp,Family,ACT,623
2018,China,820 Partner Temp,Family,SA,401
2018,Germany,482 Temp Skill,Temporary,SA,142
2022,South Korea,482 Temp Skill,Temporary,NSW,628
2022,Nepal,500 Student,Student,VIC,622
2023,Philippines,801 Partner Perm,Family,QLD,362
2021,China,400 Temp Work,Temporary,VIC,121
2017,Philippines,189 Skilled Indep,Skilled,NSW,434
2023,Philippines,189 Skilled Indep,Skilled,NSW,286
2021,Vietnam,482 Temp Skill,Temporary,VIC,411
2024,Nepal,482 Temp Skill,Temporary,QLD,267
2018,China,190 Skilled Nom,Skilled,VIC,564
2016,India,500 Student,Student,NSW,706
2023,India,801 Partner Perm,Family,VIC,326
2015,Pakistan,189 Skilled Indep,Skilled,NSW,114
2016,Pakistan,485 Temp Graduate,Temporary,VIC,118
2021,India,820 Partner Temp,Family,NSW,666
2022,UK,482 Temp Skill,Temporary,VIC,686
2017,NZ,801 Partner Perm,Family,SA,318
2015,China,485 Temp Graduate,Temporary,VIC,725
2020,China,500 Student,Student,VIC,399
2022,Malaysia,485 Temp Graduate,Temporary,NSW,604
2024,China,491 Skilled Regional,Skilled,QLD,163
2018,UK,485 Temp Graduate,Temporary,QLD,338
2018,Philippines,500 Student,Student,WA,445
2022,UK,500 Student,Student,WA,619
2022,Philippines,200 Refugee,Humanitarian,VIC,691
2017,India,801 Partner Perm,Family,WA,402
2016,Sri Lanka,500 Student,Student,QLD,433
2017,UK,200 Refugee,Humanitarian,VIC,618
2017,Philippines,189 Skilled Indep,Skilled,WA,407
2020,China,482 Temp Skill,Temporary,VIC,158
2017,Philippines,485 Temp Graduate,Temporary,NSW,585
2015,India,200 Refugee,Humanitarian,VIC,465
2024,China,200 Refugee,Humanitarian,NSW,64
2021,China,500 Student,Student,NSW,625
2015,Pakistan,485 Temp Graduate,Temporary,VIC,397
2022,Sri Lanka,500 Student,Student,VIC,158
2016,Malaysia,485 Temp Graduate,Temporary,NSW,231
2018,Nepal,485 Temp Graduate,Temporary,WA,684
2020,China,500 Student,Student,NSW,227
2022,Philippines,200 Refugee,Humanitarian,QLD,256
2024,Nepal,482 Temp Skill,Temporary,VIC,365
2017,China,485 Temp Graduate,Temporary,QLD,688
2015,India,482 Temp Skill,Temporary,WA,625
2017,India,482 Temp Skill,Temporary,QLD,593
2018,Nepal,200 Refugee,Humanitarian,NSW,625
2017,India,189 Skilled Indep,Skilled,VIC,310
2019,India,143 Parent,Family,NSW,331
2019,Philippines,189 Skilled Indep,Skilled,NSW,107
2024,South Korea,485 Temp Graduate,Temporary,NSW,389
2024,Nepal,143 Parent,Family,VIC,287
2019,China,485 Temp Graduate,Temporary,QLD,513
2018,Vietnam,500 Student,Student,VIC,628
2023,Pakistan,202 Global Special,Humanitarian,WA,104
2022,UK,801 Partner Perm,Family,VIC,530
2023,Philippines,500 Student,Student,NSW,185
2019,Vietnam,485 Temp Graduate,Temporary,VIC,615
2015,Malaysia,482 Temp Skill,Temporary,QLD,454
2017,Germany,485 Temp Graduate,Temporary,VIC,382
2017,China,189 Skilled Indep,Skilled,QLD,115
2021,Pakistan,190 Skilled Nom,Skilled,VIC,227
2021,China,500 Student,Student,QLD,312
2016,Vietnam,500 Student,Student,QLD,165
2023,Indonesia,143 Parent,Family,WA,339
2022,China,500 Student,Student,VIC,501
2018,India,482 Temp Skill,Temporary,NSW,526
2019,Sri Lanka,200 Refugee,Humanitarian,ACT,652
2019,Bangladesh,801 Partner Perm,Family,NSW,645
2022,Germany,400 Temp Work,Temporary,VIC,483
2019,India,482 Temp Skill,Temporary,QLD,619
2023,India,801 Partner Perm,Family,WA,269
2021,Germany,801 Partner Perm,Family,VIC,335
2018,UK,202 Global Special,Humanitarian,QLD,178
2022,Nepal,500 Student,Student,VIC,186
2021,India,485 Temp Graduate,Temporary,WA,674
2016,USA,485 Temp Graduate,Temporary,NSW,501
2021,NZ,482 Temp Skill,Temporary,VIC,429
2023,Nepal,482 Temp Skill,Temporary,TAS,241
2019,Bangladesh,189 Skilled Indep,Skilled,NSW,142
2021,Pakistan,143 Parent,Family,TAS,582
2015,Nepal,500 Student,Student,VIC,656
2015,Vietnam,190 Skilled Nom,Skilled,NSW,429
2017,Nepal,482 Temp Skill,Temporary,VIC,98
2024,Pakistan,820 Partner Temp,Family,WA,318
2016,India,482 Temp Skill,Temporary,ACT,32
2018,India,189 Skilled Indep,Skilled,NSW,627
2021,Pakistan,143 Parent,Family,NSW,685
2023,China,485 Temp Graduate,Temporary,ACT,93
2024,UK,500 Student,Student,QLD,116
2021,Pakistan,482 Temp Skill,Temporary,TAS,647
2015,Nepal,485 Temp Graduate,Temporary,QLD,594
2019,India,189 Skilled Indep,Skilled,NSW,52
2023,China,400 Temp Work,Temporary,VIC,125
2018,India,482 Temp Skill,Temporary,WA,604
2015,China,491 Skilled Regional,Skilled,VIC,681
2024,Malaysia,190 Skilled Nom,Skilled,NSW,685
2023,China,500 Student,Student,VIC,725
2022,China,491 Skilled Regional,Skilled,TAS,292
2016,NZ,485 Temp Graduate,Temporary,NSW,636
2022,Bangladesh,485 Temp Graduate,Temporary,QLD,70
2016,India,500 Student,Student,VIC,413
2017,South Korea,500 Student,Student,VIC,676
2015,China,500 Student,Student,NSW,648
2017,Bangladesh,482 Temp Skill,Temporary,VIC,290
2023,Nepal,400 Temp Work,Temporary,NSW,340
2022,China,820 Partner Temp,Family,VIC,670
2022,India,190 Skilled Nom,Skilled,QLD,250
2021,India,820 Partner Temp,Family,VIC,298
2017,India,143 Parent,Family,VIC,189
2015,Sri Lanka,491 Skilled Regional,Skilled,ACT,68
2017,Philippines,500 Student,Student,SA,423
2023,Nepal,482 Temp Skill,Temporary,WA,323
2020,Germany,200 Refugee,Humanitarian,VIC,39
2015,Philippines,500 Student,Student,SA,294
2017,China,820 Partner Temp,Family,NSW,254
2019,NZ,189 Skilled Indep,Skilled,VIC,125
2016,Nepal,200 Refugee,Humanitarian,NSW,720
2016,India,190 Skilled Nom,Skilled,NSW,549
2019,Pakistan,190 Skilled Nom,Skilled,TAS,289
2023,UK,500 Student,Student,VIC,129
2017,China,485 Temp Graduate,Temporary,VIC,729
2019,India,485 Temp Graduate,Temporary,NSW,421
2022,Indonesia,400 Temp Work,Temporary,NSW,67
2021,Pakistan,190 Skilled Nom,Skilled,SA,387
2021,Philippines,485 Temp Graduate,Temporary,VIC,168
2022,India,820 Partner Temp,Family,TAS,547
2023,Sri Lanka,820 Partner Temp,Family,QLD,264
2015,Sri Lanka,820 Partner Temp,Family,QLD,401
2021,Philippines,820 Partner Temp,Family,NSW,359
2015,Indonesia,820 Partner Temp,Family,WA,627
2016,China,500 Student,Student,VIC,598
2015,Nepal,801 Partner Perm,Family,VIC,301
2016,China,482 Temp Skill,Temporary,WA,702
2023,India,482 Temp Skill,Temporary,VIC,517
2016,USA,500 Student,Student,NSW,322
2015,Philippines,202 Global Special,Humanitarian,WA,684
2017,Philippines,190 Skilled Nom,Skilled,SA,187
2022,China,485 Temp Graduate,Temporary,QLD,202
2020,India,482 Temp Skill,Temporary,VIC,211
2020,Nepal,801 Partner Perm,Family,SA,365
2021,Nepal,485 Temp Graduate,Temporary,NSW,368
2018,China,400 Temp Work,Temporary,QLD,729
2022,China,200 Refugee,Humanitarian,ACT,96
2019,South Korea,500 Student,Student,QLD,470
2018,Germany,189 Skilled Indep,Skilled,NSW,478
2017,Bangladesh,500 Student,Student,QLD,688
2024,South Korea,189 Skilled Indep,Skilled,VIC,508
2022,India,500 Student,Student,WA,553
2020,Bangladesh,491 Skilled Regional,Skilled,VIC,431
2020,Philippines,482 Temp Skill,Temporary,VIC,445
2021,UK,485 Temp Graduate,Temporary,QLD,456
2015,Philippines,491 Skilled Regional,Skilled,VIC,74
2015,China,143 Parent,Family,VIC,144
2021,Indonesia,801 Partner Perm,Family,QLD,354
2022,India,500 Student,Student,NSW,277
2023,India,189 Skilled Indep,Skilled,VIC,193
2021,India,200 Refugee,Humanitarian,QLD,679
2022,Vietnam,200 Refugee,Humanitarian,NSW,703
2021,India,189 Skilled Indep,Skilled,VIC,541
2018,Nepal,491 Skilled Regional,Skilled,QLD,519
2019,UK,500 Student,Student,VIC,114
2024,India,485 Temp Graduate,Temporary,NSW,459
2024,India,485 Temp Graduate,Temporary,NSW,235
2023,Sri Lanka,500 Student,Student,VIC,334
2021,China,500 Student,Student,VIC,702
2017,India,200 Refugee,Humanitarian,QLD,532
2015,India,500 Student,Student,VIC,401
2023,UK,500 Student,Student,VIC,468
2016,China,143 Parent,Family,VIC,626
2018,China,820 Partner Temp,Family,VIC,257
2023,India,190 Skilled Nom,Skilled,NSW,645
2017,China,500 Student,Student,ACT,277
2022,Nepal,500 Student,Student,NSW,130
2017,Nepal,500 Student,Student,NSW,232
2022,Germany,485 Temp Graduate,Temporary,VIC,74
2022,Pakistan,485 Temp Graduate,Temporary,VIC,599
2017,Sri Lanka,500 Student,Student,NSW,539
2018,Nepal,500 Student,Student,NSW,324
2018,Philippines,500 Student,Student,SA,171
2021,China,485 Temp Graduate,Temporary,NSW,118
2023,China,500 Student,Student,NSW,492
2020,Sri Lanka,202 Global Special,Humanitarian,NSW,247
2018,India,202 Global Special,Humanitarian,ACT,694
2018,Pakistan,485 Temp Graduate,Temporary,NSW,236
2016,Philippines,190 Skilled Nom,Skilled,NSW,445
2021,Nepal,491 Skilled Regional,Skilled,NSW,720
2019,India,400 Temp Work,Temporary,NSW,235
2023,UK,190 Skilled Nom,Skilled,ACT,521
2020,Pakistan,500 Student,Student,NSW,673
2024,Germany,482 Temp Skill,Temporary,NSW,319
2019,Malaysia,482 Temp Skill,Temporary,WA,502
2020,South Korea,500 Student,Student,VIC,621
2016,India,500 Student,Student,VIC,727
2022,UK,482 Temp Skill,Temporary,WA,85
2015,India,190 Skilled Nom,Skilled,QLD,460
2016,UK,485 Temp Graduate,Temporary,NSW,85
2018,Germany,485 Temp Graduate,Temporary,NSW,702
2023,India,500 Student,Student,NSW,615
2021,Philippines,500 Student,Student,VIC,189
2018,Sri Lanka,400 Temp Work,Temporary,NSW,261
2023,Germany,820 Partner Temp,Family,WA,653
2023,India,485 Temp Graduate,Temporary,VIC,495
2015,Vietnam,189 Skilled Indep,Skilled,QLD,503
2017,India,500 Student,Student,VIC,134
2022,Germany,500 Student,Student,QLD,367
2023,India,482 Temp Skill,Temporary,VIC,617
2022,China,482 Temp Skill,Temporary,QLD,651
2023,China,500 Student,Student,WA,426
2016,India,820 Partner Temp,Family,NSW,548
2015,India,485 Temp Graduate,Temporary,NSW,554
2019,Philippines,500 Student,Student,VIC,33
2015,Bangladesh,801 Partner Perm,Family,VIC,438
2021,China,482 Temp Skill,Temporary,NSW,479
2023,China,485 Temp Graduate,Temporary,QLD,398
2018,Sri Lanka,482 Temp Skill,Temporary,QLD,169
2021,Nepal,485 Temp Graduate,Temporary,QLD,189
2018,Philippines,482 Temp Skill,Temporary,ACT,543
2016,Sri Lanka,500 Student,Student,VIC,686
2016,Philippines,189 Skilled Indep,Skilled,VIC,292
2022,Bangladesh,400 Temp Work,Temporary,VIC,356
2023,Germany,500 Student,Student,NSW,662
2018,South Korea,189 Skilled Indep,Skilled,NSW,604
2016,India,801 Partner Perm,Family,ACT,166
2023,Sri Lanka,190 Skilled Nom,Skilled,SA,695
2017,Nepal,485 Temp Graduate,Temporary,QLD,479
2022,Philippines,485 Temp Graduate,Temporary,WA,409
2021,Germany,820 Partner Temp,Family,TAS,399
2018,Indonesia,500 Student,Student,TAS,252
2020,India,491 Skilled Regional,Skilled,QLD,341
2018,China,500 Student,Student,VIC,462
2016,India,482 Temp Skill,Temporary,WA,519
2017,Pakistan,485 Temp Graduate,Temporary,NSW,585
2021,India,500 Student,Student,QLD,349
2022,Germany,491 Skilled Regional,Skilled,QLD,112
2016,Philippines,820 Partner Temp,Family,SA,356
2017,India,820 Partner Temp,Family,QLD,574
2015,UK,485 Temp Graduate,Temporary,VIC,147
2024,Nepal,485 Temp Graduate,Temporary,SA,449
2016,Germany,485 Temp Graduate,Temporary,VIC,107
2018,UK,491 Skilled Regional,Skilled,VIC,373
2015,Pakistan,801 Partner Perm,Family,VIC,151
2020,China,485 Temp Graduate,Temporary,VIC,718
2021,Philippines,200 Refugee,Humanitarian,VIC,535
2020,India,485 Temp Graduate,Temporary,NSW,393
2022,India,491 Skilled Regional,Skilled,VIC,608
2017,Pakistan,801 Partner Perm,Family,QLD,253
2023,India,500 Student,Student,SA,715
2022,USA,500 Student,Student,VIC,646
2016,China,500 Student,Student,QLD,202
2019,Germany,500 Student,Student,QLD,703
2015,India,202 Global Special,Humanitarian,VIC,703
2023,Nepal,482 Temp Skill,Temporary,VIC,659
2023,India,500 Student,Student,NSW,292
2020,India,500 Student,Student,QLD,323
2018,India,500 Student,Student,NSW,157
2022,China,820 Partner Temp,Family,VIC,97
2018,South Korea,482 Temp Skill,Temporary,NSW,487
2015,Bangladesh,500 Student,Student,NSW,358
2021,China,820 Partner Temp,Family,WA,487
2018,India,190 Skilled Nom,Skilled,WA,277
2024,Vietnam,500 Student,Student,QLD,360
2020,Pakistan,820 Partner Temp,Family,ACT,382
2016,China,801 Partner Perm,Family,NSW,293
2022,Philippines,202 Global Special,Humanitarian,WA,714
2024,Philippines,482 Temp Skill,Temporary,SA,211
2016,Pakistan,485 Temp Graduate,Temporary,VIC,522
2018,Pakistan,500 Student,Student,NSW,235
2019,India,485 Temp Graduate,Temporary,WA,107
2022,Nepal,200 Refugee,Humanitarian,QLD,36
2022,Germany,485 Temp Graduate,Temporary,VIC,243
2021,India,485 Temp Graduate,Temporary,WA,195
2023,Nepal,801 Partner Perm,Family,VIC,43
2022,China,482 Temp Skill,Temporary,QLD,728
2015,Philippines,485 Temp Graduate,Temporary,VIC,297
2024,Pakistan,491 Skilled Regional,Skilled,QLD,161
2023,Vietnam,143 Parent,Family,WA,261
2022,Nepal,500 Student,Student,VIC,36
2022,China,820 Partner Temp,Family,VIC,399
2023,Malaysia,189 Skilled Indep,Skilled,NSW,389
2015,Germany,500 Student,Student,VIC,164
2021,Vietnam,143 Parent,Family,VIC,479
2016,Philippines,500 Student,Student,TAS,401
2017,Pakistan,820 Partner Temp,Family,VIC,578
2023,Nepal,189 Skilled Indep,Skilled,VIC,692
2020,Germany,482 Temp Skill,Temporary,VIC,43
2018,NZ,485 Temp Graduate,Temporary,NSW,239
2017,UK,485 Temp Graduate,Temporary,VIC,532
2019,Germany,189 Skilled Indep,Skilled,WA,104
2016,India,400 Temp Work,Temporary,NSW,215
2018,Philippines,500 Student,Student,VIC,221
2023,China,801 Partner Perm,Family,QLD,171
2018,Nepal,189 Skilled Indep,Skilled,SA,240
2020,Nepal,491 Skilled Regional,Skilled,VIC,580
2024,India,190 Skilled Nom,Skilled,NSW,542
2018,India,500 Student,Student,NSW,567
2017,Pakistan,485 Temp Graduate,Temporary,NSW,156
2018,Nepal,143 Parent,Family,QLD,271
2018,Philippines,491 Skilled Regional,Skilled,NSW,185
2024,Pakistan,189 Skilled Indep,Skilled,VIC,694
2015,Sri Lanka,485 Temp Graduate,Temporary,QLD,178
2016,India,485 Temp Graduate,Temporary,WA,349
2022,India,400 Temp Work,Temporary,NSW,625
2015,NZ,482 Temp Skill,Temporary,SA,564
2019,USA,143 Parent,Family,VIC,422
2022,Sri Lanka,500 Student,Student,NSW,92
2015,China,500 Student,Student,NSW,710
2018,Philippines,143 Parent,Family,NSW,621
2017,India,500 Student,Student,QLD,115
2020,Nepal,200 Refugee,Humanitarian,VIC,520
2021,Nepal,189 Skilled Indep,Skilled,WA,478
2022,Pakistan,200 Refugee,Humanitarian,VIC,223
2016,Malaysia,500 Student,Student,SA,167
2017,Vietnam,143 Parent,Family,SA,550
2022,China,485 Temp Graduate,Temporary,SA,74
2023,India,482 Temp Skill,Temporary,NSW,535
2018,Pakistan,801 Partner Perm,Family,VIC,37
2015,India,482 Temp Skill,Temporary,NSW,204
2016,Nepal,482 Temp Skill,Temporary,VIC,99
2022,India,200 Refugee,Humanitarian,VIC,443
2016,Nepal,500 Student,Student,NSW,633
2017,Germany,200 Refugee,Humanitarian,WA,512
2017,Nepal,202 Global Special,Humanitarian,QLD,266
2018,Philippines,801 Partner Perm,Family,ACT,374
2021,Vietnam,400 Temp Work,Temporary,NSW,638
2016,China,143 Parent,Family,NSW,67
2019,Philippines,482 Temp Skill,Temporary,QLD,285
2024,Germany,400 Temp Work,Temporary,NSW,518
2019,India,189 Skilled Indep,Skilled,ACT,295
2019,Vietnam,482 Temp Skill,Temporary,WA,159
2022,India,482 Temp Skill,Temporary,VIC,152
2020,USA,482 Temp Skill,Temporary,QLD,512
2019,India,200 Refugee,Humanitarian,QLD,482
2023,Pakistan,202 Global Special,Humanitarian,QLD,95
2016,India,485 Temp Graduate,Temporary,VIC,171
2017,Sri Lanka,485 Temp Graduate,Temporary,WA,162
2024,Germany,485 Temp Graduate,Temporary,NSW,98
2017,USA,485 Temp Graduate,Temporary,SA,372
2015,South Korea,801 Partner Perm,Family,VIC,606
2016,UK,491 Skilled Regional,Skilled,SA,62
2024,China,500 Student,Student,VIC,599
2016,India,500 Student,Student,VIC,657
2020,UK,801 Partner Perm,Family,NSW,443
2022,Philippines,190 Skilled Nom,Skilled,WA,235
2015,Philippines,500 Student,Student,VIC,128
2017,India,482 Temp Skill,Temporary,WA,242
2022,India,200 Refugee,Humanitarian,NSW,728
2017,Philippines,500 Student,Student,QLD,174
2018,China,190 Skilled Nom,Skilled,QLD,607
2021,Malaysia,202 Global Special,Humanitarian,NSW,457
2023,China,485 Temp Graduate,Temporary,VIC,278
2018,Sri Lanka,820 Partner Temp,Family,NSW,422
2016,Pakistan,482 Temp Skill,Temporary,QLD,561
2015,Nepal,190 Skilled Nom,Skilled,VIC,102
2017,Nepal,491 Skilled Regional,Skilled,VIC,128
2021,Malaysia,485 Temp Graduate,Temporary,WA,250
2023,China,189 Skilled Indep,Skilled,VIC,64
2020,UK,500 Student,Student,NSW,126
2016,Vietnam,820 Partner Temp,Family,VIC,139
2021,Bangladesh,189 Skilled Indep,Skilled,VIC,96
2016,Germany,482 Temp Skill,Temporary,VIC,529
2016,UK,143 Parent,Family,NSW,214
2016,South Korea,485 Temp Graduate,Temporary,NSW,386
2024,South Korea,485 Temp Graduate,Temporary,VIC,537
2021,China,491 Skilled Regional,Skilled,NSW,84
2015,South Korea,500 Student,Student,VIC,338
2024,India,200 Refugee,Humanitarian,VIC,439
2018,China,482 Temp Skill,Temporary,TAS,443
2016,India,500 Student,Student,WA,639
2022,Vietnam,482 Temp Skill,Temporary,VIC,331
2020,Malaysia,482 Temp Skill,Temporary,QLD,591
2021,India,485 Temp Graduate,Temporary,QLD,139
2019,China,189 Skilled Indep,Skilled,QLD,725
2017,Nepal,500 Student,Student,VIC,685
2015,India,190 Skilled Nom,Skilled,QLD,215
2021,Philippines,485 Temp Graduate,Temporary,QLD,147
2019,China,189 Skilled Indep,Skilled,VIC,171
2019,India,500 Student,Student,QLD,282
2021,Pakistan,820 Partner Temp,Family,NSW,282
2019,Nepal,500 Student,Student,QLD,424
2023,South Korea,820 Partner Temp,Family,VIC,538
2022,China,400 Temp Work,Temporary,VIC,646
2024,China,801 Partner Perm,Family,NSW,351
2017,UK,189 Skilled Indep,Skilled,NSW,516
2021,USA,485 Temp Graduate,Temporary,TAS,548
2023,China,190 Skilled Nom,Skilled,WA,436
2022,China,820 Partner Temp,Family,VIC,30
2018,India,820 Partner Temp,Family,SA,645
2022,South Korea,485 Temp Graduate,Temporary,VIC,42
2021,India,500 Student,Student,VIC,713
2017,South Korea,485 Temp Graduate,Temporary,NSW,616
2022,China,801 Partner Perm,Family,QLD,325
2016,India,491 Skilled Regional,Skilled,NSW,618
2016,India,485 Temp Graduate,Temporary,VIC,663
2017,Philippines,189 Skilled Indep,Skilled,VIC,642
2016,Germany,485 Temp Graduate,Temporary,QLD,297
2023,China,485 Temp Graduate,Temporary,QLD,208
2017,Nepal,500 Student,Student,VIC,656
2024,India,500 Student,Student,QLD,298
2015,Indonesia,500 Student,Student,NSW,265
2015,Philippines,482 Temp Skill,Temporary,QLD,660
2019,China,200 Refugee,Humanitarian,QLD,702
2021,Vietnam,500 Student,Student,NSW,597
2021,Nepal,485 Temp Graduate,Temporary,NSW,485
2016,India,485 Temp Graduate,Temporary,VIC,545
2020,China,491 Skilled Regional,Skilled,QLD,167
2016,South Korea,189 Skilled Indep,Skilled,VIC,479
2017,India,143 Parent,Family,QLD,378
2017,Pakistan,485 Temp Graduate,Temporary,NSW,351
2017,India,500 Student,Student,QLD,369
2023,China,820 Partner Temp,Family,SA,672
2023,China,143 Parent,Family,NSW,470
2016,NZ,482 Temp Skill,Temporary,NSW,603
2022,Germany,482 Temp Skill,Temporary,SA,461
2017,Vietnam,202 Global Special,Humanitarian,NSW,111
2015,UK,482 Temp Skill,Temporary,NSW,193
2015,China,200 Refugee,Humanitarian,QLD,597
2022,Germany,189 Skilled Indep,Skilled,NSW,635
2022,Malaysia,482 Temp Skill,Temporary,VIC,482
2020,China,482 Temp Skill,Temporary,QLD,478
2016,Nepal,500 Student,Student,QLD,334
2023,Philippines,500 Student,Student,VIC,307
2020,India,491 Skilled Regional,Skilled,QLD,83
2021,Sri Lanka,485 Temp Graduate,Temporary,QLD,291
2023,NZ,143 Parent,Family,VIC,190
2018,India,189 Skilled Indep,Skilled,VIC,573
2018,India,500 Student,Student,WA,37
2016,Germany,491 Skilled Regional,Skilled,SA,210
2018,Bangladesh,801 Partner Perm,Family,NSW,574
2023,India,485 Temp Graduate,Temporary,VIC,644
2021,NZ,500 Student,Student,SA,331
2017,China,143 Parent,Family,NSW,584
2017,Germany,801 Partner Perm,Family,NSW,345
2021,China,200 Refugee,Humanitarian,VIC,529
2023,UK,500 Student,Student,NSW,580
2018,India,482 Temp Skill,Temporary,ACT,252
2015,China,500 Student,Student,ACT,521
2024,Sri Lanka,485 Temp Graduate,Temporary,QLD,268
2023,Pakistan,485 Temp Graduate,Temporary,QLD,358
2021,NZ,482 Temp Skill,Temporary,NSW,36
2015,South Korea,482 Temp Skill,Temporary,NSW,420
2019,Nepal,143 Parent,Family,QLD,597
2017,India,500 Student,Student,QLD,449
2015,UK,485 Temp Graduate,Temporary,QLD,116
2018,Vietnam,801 Partner Perm,Family,NSW,80
2020,UK,485 Temp Graduate,Temporary,VIC,124
2020,China,500 Student,Student,WA,461
2017,India,189 Skilled Indep,Skilled,NSW,64
2017,India,482 Temp Skill,Temporary,VIC,455
2023,India,500 Student,Student,VIC,52
2016,India,482 Temp Skill,Temporary,SA,370
2020,Indonesia,485 Temp Graduate,Temporary,VIC,62
2020,India,500 Student,Student,NSW,495
2016,China,482 Temp Skill,Temporary,VIC,141
2015,Vietnam,820 Partner Temp,Family,VIC,672
2020,China,500 Student,Student,WA,322
2020,China,801 Partner Perm,Family,WA,241
2016,UK,820 Partner Temp,Family,NSW,547
2015,India,482 Temp Skill,Temporary,ACT,524
2020,China,482 Temp Skill,Temporary,WA,268
2015,Vietnam,500 Student,Student,VIC,138
2018,UK,820 Partner Temp,Family,VIC,150
2022,South Korea,491 Skilled Regional,Skilled,NSW,509
2023,Pakistan,820 Partner Temp,Family,NSW,181
2021,Sri Lanka,202 Global Special,Humanitarian,NSW,251
2021,South Korea,500 Student,Student,VIC,546
2016,South Korea,482 Temp Skill,Temporary,VIC,488
2020,India,801 Partner Perm,Family,NSW,49
2017,South Korea,190 Skilled Nom,Skilled,NSW,541
2023,UK,482 Temp Skill,Temporary,SA,308
2018,India,485 Temp Graduate,Temporary,QLD,247
2021,China,482 Temp Skill,Temporary,ACT,541
2022,Sri Lanka,485 Temp Graduate,Temporary,WA,321
2019,Sri Lanka,485 Temp Graduate,Temporary,QLD,584
2024,Nepal,500 Student,Student,NSW,51
2020,Vietnam,143 Parent,Family,QLD,266
2017,South Korea,820 Partner Temp,Family,WA,617
2023,India,820 Partner Temp,Family,NSW,523
2021,Pakistan,482 Temp Skill,Temporary,VIC,490
2015,India,485 Temp Graduate,Temporary,QLD,559
2017,Philippines,482 Temp Skill,Temporary,VIC,87
2022,Vietnam,491 Skilled Regional,Skilled,VIC,286
2021,Indonesia,400 Temp Work,Temporary,QLD,309
2019,Germany,500 Student,Student,NSW,557
2024,India,485 Temp Graduate,Temporary,WA,476
2018,Philippines,801 Partner Perm,Family,VIC,419
2022,Pakistan,500 Student,Student,SA,364
2018,China,485 Temp Graduate,Temporary,NSW,635
2017,Sri Lanka,820 Partner Temp,Family,NSW,195
2017,Philippines,202 Global Special,Humanitarian,VIC,265
2015,China,485 Temp Graduate,Temporary,VIC,707
2016,Philippines,801 Partner Perm,Family,VIC,254
2016,China,482 Temp Skill,Temporary,NSW,719
2017,China,500 Student,Student,NSW,280
2024,China,485 Temp Graduate,Temporary,VIC,443
2016,India,143 Parent,Family,NSW,473
2019,Sri Lanka,491 Skilled Regional,Skilled,VIC,604
2017,Philippines,400 Temp Work,Temporary,VIC,230
2019,Philippines,400 Temp Work,Temporary,SA,676
2015,Philippines,482 Temp Skill,Temporary,NSW,386
2017,Germany,485 Temp Graduate,Temporary,VIC,123
2017,NZ,482 Temp Skill,Temporary,NSW,673
2020,India,820 Partner Temp,Family,QLD,426
2015,NZ,189 Skilled Indep,Skilled,VIC,344
2019,USA,189 Skilled Indep,Skilled,SA,295
2015,Nepal,482 Temp Skill,Temporary,SA,594
2023,China,485 Temp Graduate,Temporary,SA,33
2019,Germany,202 Global Special,Humanitarian,ACT,589
2022,China,202 Global Special,Humanitarian,NSW,50
2023,Indonesia,500 Student,Student,NSW,550
2018,Bangladesh,485 Temp Graduate,Temporary,VIC,721
2023,India,485 Temp Graduate,Temporary,VIC,405
2020,Nepal,190 Skilled Nom,Skilled,VIC,231
2023,India,500 Student,Student,VIC,55
2023,Pakistan,500 Student,Student,SA,500
2016,India,482 Temp Skill,Temporary,NSW,216
2021,NZ,190 Skilled Nom,Skilled,NSW,527
2018,Philippines,200 Refugee,Humanitarian,WA,444
2015,India,189 Skilled Indep,Skilled,WA,632
2017,India,482 Temp Skill,Temporary,VIC,236
2017,India,485 Temp Graduate,Temporary,WA,350
2020,India,485 Temp Graduate,Temporary,SA,659
2018,Bangladesh,820 Partner Temp,Family,VIC,724
2016,India,485 Temp Graduate,Temporary,VIC,231
2022,Sri Lanka,485 Temp Graduate,Temporary,NSW,344
2016,Malaysia,143 Parent,Family,WA,83
2022,Sri Lanka,500 Student,Student,QLD,527
2022,India,202 Global Special,Humanitarian,WA,728
2016,Nepal,500 Student,Student,NSW,130
2022,China,189 Skilled Indep,Skilled,NSW,447
2022,Pakistan,189 Skilled Indep,Skilled,VIC,93
2022,Malaysia,202 Global Special,Humanitarian,VIC,101
2024,China,500 Student,Student,NSW,62
2024,Pakistan,820 Partner Temp,Family,WA,506
2019,India,485 Temp Graduate,Temporary,NSW,545
2018,Sri Lanka,485 Temp Graduate,Temporary,NSW,130
2016,India,485 Temp Graduate,Temporary,WA,51
2018,China,500 Student,Student,NSW,490
2021,South Korea,485 Temp Graduate,Temporary,NSW,669
2023,South Korea,485 Temp Graduate,Temporary,WA,196
2016,Philippines,482 Temp Skill,Temporary,NSW,54
2020,UK,485 Temp Graduate,Temporary,VIC,293
2016,UK,482 Temp Skill,Temporary,QLD,192
2023,India,801 Partner Perm,Family,NSW,442
2023,India,485 Temp Graduate,Temporary,WA,93
2015,China,500 Student,Student,VIC,423
2015,Nepal,202 Global Special,Humanitarian,NSW,394
2023,Germany,485 Temp Graduate,Temporary,WA,348
2019,South Korea,482 Temp Skill,Temporary,VIC,121
2018,China,820 Partner Temp,Family,VIC,554
2024,India,500 Student,Student,NSW,230
2023,Philippines,189 Skilled Indep,Skilled,VIC,380
2017,Philippines,400 Temp Work,Temporary,SA,583
2017,India,482 Temp Skill,Temporary,WA,556
2024,Vietnam,190 Skilled Nom,Skilled,WA,186
2024,China,500 Student,Student,NSW,256
2019,Malaysia,400 Temp Work,Temporary,VIC,636
2018,UK,189 Skilled Indep,Skilled,TAS,303
2022,Philippines,485 Temp Graduate,Temporary,NSW,520
2016,Malaysia,200 Refugee,Humanitarian,VIC,614
2018,India,190 Skilled Nom,Skilled,NSW,124
2015,India,482 Temp Skill,Temporary,VIC,533
2016,Sri Lanka,143 Parent,Family,NSW,405
2016,India,485 Temp Graduate,Temporary,VIC,202
2018,Vietnam,485 Temp Graduate,Temporary,VIC,625
2022,Philippines,485 Temp Graduate,Temporary,NSW,229
2024,China,202 Global Special,Humanitarian,ACT,572
2017,China,189 Skilled Indep,Skilled,NSW,592
2016,Germany,202 Global Special,Humanitarian,NSW,662
2020,India,485 Temp Graduate,Temporary,SA,684
2021,Philippines,500 Student,Student,QLD,474
2022,Indonesia,482 Temp Skill,Temporary,NSW,55
2020,India,190 Skilled Nom,Skilled,WA,631
2023,Indonesia,400 Temp Work,Temporary,WA,184
2016,Sri Lanka,190 Skilled Nom,Skilled,QLD,671
2019,India,500 Student,Student,QLD,675
2016,Pakistan,482 Temp Skill,Temporary,SA,364
2024,China,190 Skilled Nom,Skilled,VIC,80
2024,China,485 Temp Graduate,Temporary,VIC,144
2021,Vietnam,491 Skilled Regional,Skilled,VIC,433
2023,UK,189 Skilled Indep,Skilled,WA,475
2021,China,482 Temp Skill,Temporary,NSW,130
2024,Vietnam,500 Student,Student,VIC,33
2022,Sri Lanka,200 Refugee,Humanitarian,QLD,669
2020,Malaysia,190 Skilled Nom,Skilled,VIC,622
2019,Philippines,189 Skilled Indep,Skilled,NSW,115
2022,Pakistan,190 Skilled Nom,Skilled,TAS,679
2016,UK,143 Parent,Family,QLD,79
2018,Vietnam,485 Temp Graduate,Temporary,VIC,241
2015,UK,500 Student,Student,VIC,174
2018,India,485 Temp Graduate,Temporary,VIC,93
2023,India,500 Student,Student,NSW,193
2020,Pakistan,189 Skilled Indep,Skilled,NSW,412
2022,Germany,500 Student,Student,ACT,667
2015,NZ,190 Skilled Nom,Skilled,NSW,637
2015,UK,500 Student,Student,QLD,496
2017,Bangladesh,485 Temp Graduate,Temporary,VIC,361
2022,UK,190 Skilled Nom,Skilled,WA,246
2017,Nepal,400 Temp Work,Temporary,NSW,544
2016,India,202 Global Special,Humanitarian,WA,341
2022,UK,485 Temp Graduate,Temporary,VIC,298
2021,China,500 Student,Student,NSW,95
2016,India,190 Skilled Nom,Skilled,SA,592
2020,UK,820 Partner Temp,Family,SA,178
2017,India,482 Temp Skill,Temporary,NSW,340
2018,Vietnam,189 Skilled Indep,Skilled,NSW,210
2020,UK,485 Temp Graduate,Temporary,VIC,148
2024,Nepal,482 Temp Skill,Temporary,VIC,619
2018,India,500 Student,Student,NSW,203
2016,UK,500 Student,Student,VIC,79
2021,NZ,485 Temp Graduate,Temporary,SA,536
2023,India,482 Temp Skill,Temporary,NSW,704
2023,South Korea,485 Temp Graduate,Temporary,WA,143
2017,India,500 Student,Student,NSW,189
2023,Malaysia,491 Skilled Regional,Skilled,VIC,371
2016,China,500 Student,Student,VIC,49
2016,Pakistan,190 Skilled Nom,Skilled,QLD,351
2022,Philippines,482 Temp Skill,Temporary,VIC,34
2022,UK,482 Temp Skill,Temporary,NSW,651
2020,India,143 Parent,Family,SA,234
2022,UK,143 Parent,Family,WA,125
2017,UK,143 Parent,Family,NSW,603
2024,Philippines,143 Parent,Family,SA,130
2018,China,202 Global Special,Humanitarian,WA,173
2022,China,500 Student,Student,NSW,284
2023,Bangladesh,500 Student,Student,ACT,422
2020,Sri Lanka,200 Refugee,Humanitarian,VIC,231
2015,China,485 Temp Graduate,Temporary,QLD,672
2022,Germany,143 Parent,Family,VIC,469
2024,Philippines,482 Temp Skill,Temporary,NSW,293
2017,India,491 Skilled Regional,Skilled,VIC,638
2024,India,500 Student,Student,WA,419
2015,China,500 Student,Student,NSW,572
2022,India,190 Skilled Nom,Skilled,SA,547
2023,USA,491 Skilled Regional,Skilled,WA,612
2024,China,482 Temp Skill,Temporary,QLD,257
2015,China,500 Student,Student,QLD,306
2024,Pakistan,820 Partner Temp,Family,NSW,471
2022,China,189 Skilled Indep,Skilled,NSW,600
2023,China,801 Partner Perm,Family,VIC,615
2021,India,500 Student,Student,QLD,580
2017,Nepal,482 Temp Skill,Temporary,WA,539
2021,India,500 Student,Student,VIC,287
2022,Germany,820 Partner Temp,Family,VIC,235
2017,Bangladesh,482 Temp Skill,Temporary,NSW,431
2020,Nepal,500 Student,Student,QLD,473
2023,NZ,190 Skilled Nom,Skilled,VIC,452
2022,Nepal,400 Temp Work,Temporary,WA,685
2018,China,500 Student,Student,NSW,663
2022,Nepal,485 Temp Graduate,Temporary,VIC,478
2023,Germany,500 Student,Student,NSW,51
2023,Philippines,485 Temp Graduate,Temporary,NSW,146
2015,Philippines,485 Temp Graduate,Temporary,QLD,582
2018,India,189 Skilled Indep,Skilled,VIC,233
2017,UK,500 Student,Student,QLD,324
2019,Germany,820 Partner Temp,Family,VIC,137
2017,Pakistan,200 Refugee,Humanitarian,VIC,134
2016,South Korea,189 Skilled Indep,Skilled,WA,159
2022,Indonesia,400 Temp Work,Temporary,QLD,460
2019,India,482 Temp Skill,Temporary,NSW,231
2017,Germany,482 Temp Skill,Temporary,VIC,714
2016,Vietnam,190 Skilled Nom,Skilled,NSW,164
2018,China,190 Skilled Nom,Skilled,QLD,400
2023,China,500 Student,Student,NSW,651
2021,Indonesia,485 Temp Graduate,Temporary,QLD,303
2023,Malaysia,485 Temp Graduate,Temporary,VIC,497
2022,Vietnam,190 Skilled Nom,Skilled,TAS,70
2024,South Korea,485 Temp Graduate,Temporary,NSW,552
2015,NZ,485 Temp Graduate,Temporary,VIC,697
2022,India,491 Skilled Regional,Skilled,NSW,390
2017,Philippines,189 Skilled Indep,Skilled,QLD,298
2017,India,485 Temp Graduate,Temporary,WA,151
2015,Indonesia,485 Temp Graduate,Temporary,NSW,458
2022,India,820 Partner Temp,Family,QLD,573
2015,Malaysia,482 Temp Skill,Temporary,NSW,321
2021,Nepal,485 Temp Graduate,Temporary,VIC,717
2016,India,500 Student,Student,NSW,686
2022,Bangladesh,485 Temp Graduate,Temporary,NSW,182
2018,Pakistan,500 Student,Student,WA,223
2015,Nepal,485 Temp Graduate,Temporary,VIC,407
2024,China,491 Skilled Regional,Skilled,QLD,232
2017,Philippines,820 Partner Temp,Family,WA,267
2018,Malaysia,500 Student,Student,QLD,131
2016,Philippines,189 Skilled Indep,Skilled,QLD,202
2017,China,500 Student,Student,NSW,266
2019,China,485 Temp Graduate,Temporary,QLD,264
2015,Germany,202 Global Special,Humanitarian,VIC,556
2015,Pakistan,500 Student,Student,VIC,170
2021,Nepal,820 Partner Temp,Family,NSW,700
2018,Germany,500 Student,Student,VIC,84
2024,Germany,500 Student,Student,VIC,157
2024,India,801 Partner Perm,Family,QLD,164
2015,Philippines,189 Skilled Indep,Skilled,WA,526
2021,South Korea,482 Temp Skill,Temporary,TAS,531
2017,Nepal,190 Skilled Nom,Skilled,NSW,513
2015,Pakistan,491 Skilled Regional,Skilled,NSW,119
2022,China,400 Temp Work,Temporary,QLD,247
2018,UK,500 Student,Student,SA,270
2017,Sri Lanka,190 Skilled Nom,Skilled,WA,706
2019,Nepal,801 Partner Perm,Family,NSW,719
2016,Sri Lanka,801 Partner Perm,Family,NSW,242
2021,Philippines,189 Skilled Indep,Skilled,VIC,157
2018,Sri Lanka,190 Skilled Nom,Skilled,WA,45
2024,UK,500 Student,Student,QLD,279
2021,NZ,820 Partner Temp,Family,VIC,517
2023,UK,485 Temp Graduate,Temporary,TAS,154
2024,Nepal,820 Partner Temp,Family,NSW,677
2015,China,482 Temp Skill,Temporary,WA,274
2022,Pakistan,482 Temp Skill,Temporary,NSW,401
2018,India,485 Temp Graduate,Temporary,NSW,52
2019,India,485 Temp Graduate,Temporary,NSW,363
2021,Philippines,801 Partner Perm,Family,ACT,73
2021,Vietnam,189 Skilled Indep,Skilled,WA,687
2023,Bangladesh,820 Partner Temp,Family,NSW,336
2017,Malaysia,820 Partner Temp,Family,QLD,494
2021,Nepal,485 Temp Graduate,Temporary,VIC,575
2022,Bangladesh,190 Skilled Nom,Skilled,QLD,518
2018,China,500 Student,Student,VIC,144
2016,China,200 Refugee,Humanitarian,NSW,524
2023,Sri Lanka,189 Skilled Indep,Skilled,NSW,31
2015,India,820 Partner Temp,Family,QLD,522
2021,Germany,189 Skilled Indep,Skilled,WA,369
2021,China,190 Skilled Nom,Skilled,SA,211
2021,Malaysia,500 Student,Student,QLD,425
2024,India,500 Student,Student,QLD,663
2024,South Korea,485 Temp Graduate,Temporary,NSW,512
2017,Pakistan,485 Temp Graduate,Temporary,VIC,55
2022,Vietnam,485 Temp Graduate,Temporary,VIC,344
2022,Philippines,202 Global Special,Humanitarian,NSW,605
2019,Philippines,482 Temp Skill,Temporary,VIC,340
2022,Philippines,485 Temp Graduate,Temporary,NSW,348
2015,India,200 Refugee,Humanitarian,VIC,331
2019,Nepal,400 Temp Work,Temporary,NSW,628
2019,Indonesia,485 Temp Graduate,Temporary,VIC,583
2022,Philippines,485 Temp Graduate,Temporary,NSW,536
2017,Philippines,190 Skilled Nom,Skilled,VIC,106
2023,India,491 Skilled Regional,Skilled,VIC,314
2022,China,491 Skilled Regional,Skilled,NSW,396
2022,India,190 Skilled Nom,Skilled,WA,588
2024,Nepal,400 Temp Work,Temporary,NSW,45
2020,Sri Lanka,202 Global Special,Humanitarian,NSW,641
2020,NZ,500 Student,Student,NSW,32
2015,South Korea,482 Temp Skill,Temporary,VIC,512
2015,Nepal,482 Temp Skill,Temporary,WA,172
2022,Malaysia,500 Student,Student,VIC,92
2021,UK,500 Student,Student,SA,197
2022,South Korea,202 Global Special,Humanitarian,VIC,337
2019,India,500 Student,Student,WA,345
2016,Philippines,400 Temp Work,Temporary,WA,373
2016,UK,485 Temp Graduate,Temporary,VIC,675
2024,Philippines,482 Temp Skill,Temporary,VIC,703
2022,India,143 Parent,Family,VIC,355
2016,Nepal,801 Partner Perm,Family,VIC,233
2017,Bangladesh,190 Skilled Nom,Skilled,NSW,98
2016,Vietnam,500 Student,Student,VIC,177
2018,India,500 Student,Student,VIC,299
2021,Philippines,189 Skilled Indep,Skilled,WA,334
2018,India,485 Temp Graduate,Temporary,NSW,459
2023,Philippines,485 Temp Graduate,Temporary,VIC,217
2015,Philippines,500 Student,Student,NSW,532
2015,India,202 Global Special,Humanitarian,VIC,483
2022,Vietnam,482 Temp Skill,Temporary,QLD,82
2023,India,500 Student,Student,NSW,450
2021,India,485 Temp Graduate,Temporary,VIC,447
2017,UK,820 Partner Temp,Family,VIC,132
2021,Nepal,801 Partner Perm,Family,NSW,303
2015,China,500 Student,Student,NSW,273
2020,UK,500 Student,Student,VIC,292
2019,India,200 Refugee,Humanitarian,VIC,598
2015,UK,801 Partner Perm,Family,QLD,401
2022,USA,500 Student,Student,NSW,246
2024,Germany,485 Temp Graduate,Temporary,QLD,499
2016,Bangladesh,820 Partner Temp,Family,VIC,331
2023,Pakistan,500 Student,Student,NSW,55
2015,Malaysia,500 Student,Student,VIC,656
2022,China,143 Parent,Family,QLD,539
2023,Indonesia,500 Student,Student,VIC,542
2020,Pakistan,482 Temp Skill,Temporary,VIC,333
2023,Philippines,491 Skilled Regional,Skilled,VIC,511
2024,USA,143 Parent,Family,NSW,250
2020,UK,482 Temp Skill,Temporary,VIC,449
2021,UK,500 Student,Student,VIC,252
2024,Philippines,190 Skilled Nom,Skilled,QLD,392
2017,India,820 Partner Temp,Family,NSW,404
2022,China,485 Temp Graduate,Temporary,VIC,398
2022,Nepal,485 Temp Graduate,Temporary,VIC,492
2021,India,801 Partner Perm,Family,NSW,570
2021,India,485 Temp Graduate,Temporary,VIC,511
2017,Sri Lanka,500 Student,Student,NSW,49
2023,China,190 Skilled Nom,Skilled,VIC,537
2021,Nepal,801 Partner Perm,Family,QLD,610
2018,Germany,190 Skilled Nom,Skilled,NSW,196
2017,Malaysia,485 Temp Graduate,Temporary,VIC,456
2022,Pakistan,485 Temp Graduate,Temporary,NSW,216
2015,UK,485 Temp Graduate,Temporary,NSW,219
2020,China,820 Partner Temp,Family,NSW,114
2017,China,491 Skilled Regional,Skilled,VIC,386
2023,India,482 Temp Skill,Temporary,VIC,654
2022,Pakistan,482 Temp Skill,Temporary,NSW,650
2019,India,500 Student,Student,VIC,130
2021,Philippines,820 Partner Temp,Family,WA,292
2019,India,400 Temp Work,Temporary,ACT,48
2015,Sri Lanka,820 Partner Temp,Family,VIC,73
2019,China,482 Temp Skill,Temporary,VIC,613
2021,China,500 Student,Student,NSW,200
2020,Sri Lanka,400 Temp Work,Temporary,NSW,345
2024,India,482 Temp Skill,Temporary,NSW,325
2018,India,500 Student,Student,QLD,577
2020,China,801 Partner Perm,Family,SA,435
2018,China,820 Partner Temp,Family,QLD,550
2023,USA,485 Temp Graduate,Temporary,SA,398
2023,India,491 Skilled Regional,Skilled,VIC,320
2019,China,485 Temp Graduate,Temporary,NSW,657
2016,UK,500 Student,Student,WA,413
2019,Philippines,500 Student,Student,NSW,645
2023,India,202 Global Special,Humanitarian,NSW,511
2018,Nepal,491 Skilled Regional,Skilled,VIC,435
2023,South Korea,189 Skilled Indep,Skilled,NSW,423
2023,Malaysia,485 Temp Graduate,Temporary,VIC,350
2016,China,500 Student,Student,NSW,183
2020,Philippines,189 Skilled Indep,Skilled,VIC,176
2023,China,485 Temp Graduate,Temporary,VIC,613
2024,Sri Lanka,143 Parent,Family,VIC,40
2016,UK,500 Student,Student,VIC,446
2016,Vietnam,189 Skilled Indep,Skilled,VIC,466
2019,Bangladesh,801 Partner Perm,Family,QLD,533
2020,Germany,143 Parent,Family,TAS,37
2017,South Korea,190 Skilled Nom,Skilled,VIC,446
2023,India,820 Partner Temp,Family,NSW,42
2017,India,200 Refugee,Humanitarian,VIC,186
2022,India,801 Partner Perm,Family,SA,156
2022,India,500 Student,Student,WA,48
2015,Indonesia,143 Parent,Family,VIC,633
2015,Vietnam,202 Global Special,Humanitarian,NSW,382
2021,India,190 Skilled Nom,Skilled,WA,146
2016,Malaysia,202 Global Special,Humanitarian,NSW,706
2016,Philippines,189 Skilled Indep,Skilled,ACT,672
2023,UK,400 Temp Work,Temporary,SA,500
2019,Nepal,500 Student,Student,VIC,562
2018,NZ,801 Partner Perm,Family,NSW,683
2024,Pakistan,400 Temp Work,Temporary,QLD,683
2019,China,500 Student,Student,NSW,711
2017,UK,485 Temp Graduate,Temporary,SA,80
2019,India,190 Skilled Nom,Skilled,VIC,288
2019,Pakistan,143 Parent,Family,WA,134
2023,Nepal,500 Student,Student,SA,679
2023,China,485 Temp Graduate,Temporary,NSW,299
2017,Philippines,482 Temp Skill,Temporary,NSW,317
2019,Bangladesh,491 Skilled Regional,Skilled,NSW,584
2024,Sri Lanka,202 Global Special,Humanitarian,QLD,204
2017,India,400 Temp Work,Temporary,SA,329
2017,China,202 Global Special,Humanitarian,VIC,123
2018,NZ,200 Refugee,Humanitarian,VIC,374
2023,Sri Lanka,482 Temp Skill,Temporary,NSW,440
2018,Bangladesh,485 Temp Graduate,Temporary,NSW,450
2020,China,801 Partner Perm,Family,QLD,502
2017,Indonesia,190 Skilled Nom,Skilled,VIC,316
2016,Germany,143 Parent,Family,QLD,602
2018,India,190 Skilled Nom,Skilled,TAS,162
2019,South Korea,500 Student,Student,VIC,605
2022,China,485 Temp Graduate,Temporary,QLD,155
2019,China,500 Student,Student,VIC,315
2022,Vietnam,491 Skilled Regional,Skilled,NSW,424
2024,UK,485 Temp Graduate,Temporary,VIC,681
2016,Philippines,482 Temp Skill,Temporary,VIC,144
2022,Bangladesh,485 Temp Graduate,Temporary,WA,241
2017,Malaysia,400 Temp Work,Temporary,WA,482
2018,NZ,143 Parent,Family,NSW,154
2016,South Korea,189 Skilled Indep,Skilled,SA,293
2021,India,485 Temp Graduate,Temporary,VIC,85
2023,India,500 Student,Student,QLD,632
2018,Philippines,491 Skilled Regional,Skilled,NSW,718
2022,China,485 Temp Graduate,Temporary,VIC,396
2023,India,482 Temp Skill,Temporary,VIC,530
2019,Sri Lanka,189 Skilled Indep,Skilled,ACT,224
2017,UK,500 Student,Student,NSW,340
2016,USA,482 Temp Skill,Temporary,QLD,396
2024,Germany,500 Student,Student,WA,386
2018,Bangladesh,500 Student,Student,VIC,510
2022,Sri Lanka,485 Temp Graduate,Temporary,NSW,192
2019,Philippines,189 Skilled Indep,Skilled,WA,444
2023,India,820 Partner Temp,Family,NSW,235
2018,Nepal,500 Student,Student,WA,610
2023,Indonesia,143 Parent,Family,NSW,102
2023,China,500 Student,Student,WA,297
2023,Pakistan,485 Temp Graduate,Temporary,NSW,319
2018,Philippines,202 Global Special,Humanitarian,NSW,60
2018,Vietnam,500 Student,Student,QLD,167
2019,Pakistan,190 Skilled Nom,Skilled,NSW,504
2022,India,485 Temp Graduate,Temporary,VIC,90
2021,Nepal,202 Global Special,Humanitarian,VIC,544
2017,Nepal,190 Skilled Nom,Skilled,VIC,127
2019,Philippines,482 Temp Skill,Temporary,VIC,301
2017,UK,485 Temp Graduate,Temporary,NSW,219
2023,China,500 Student,Student,VIC,463
2023,Pakistan,189 Skilled Indep,Skilled,VIC,525
2018,China,491 Skilled Regional,Skilled,NSW,314
2024,Philippines,200 Refugee,Humanitarian,WA,483
2020,Philippines,500 Student,Student,NSW,229
2018,Pakistan,820 Partner Temp,Family,WA,362
2015,India,143 Parent,Family,NSW,681
2018,Pakistan,189 Skilled Indep,Skilled,NSW,408
2023,India,143 Parent,Family,QLD,292
2022,UK,200 Refugee,Humanitarian,VIC,570
2024,Sri Lanka,500 Student,Student,NSW,429
2015,India,500 Student,Student,NSW,245
2022,Malaysia,143 Parent,Family,NSW,607
2020,India,189 Skilled Indep,Skilled,VIC,449
2024,Philippines,400 Temp Work,Temporary,VIC,36
2022,Philippines,485 Temp Graduate,Temporary,VIC,232
2020,India,500 Student,Student,WA,364
2021,NZ,485 Temp Graduate,Temporary,VIC,603
2024,India,190 Skilled Nom,Skilled,NSW,257
2015,India,482 Temp Skill,Temporary,NSW,505
2017,Nepal,482 Temp Skill,Temporary,QLD,540
2018,UK,189 Skilled Indep,Skilled,VIC,472
2018,Nepal,500 Student,Student,VIC,304
2020,Germany,485 Temp Graduate,Temporary,NSW,631
2021,Nepal,820 Partner Temp,Family,VIC,158
2022,Germany,500 Student,Student,NSW,174
2015,India,189 Skilled Indep,Skilled,VIC,311
2023,Pakistan,820 Partner Temp,Family,VIC,590
2017,Philippines,190 Skilled Nom,Skilled,QLD,343
2015,Philippines,820 Partner Temp,Family,VIC,141
2023,Philippines,485 Temp Graduate,Temporary,NSW,298
2017,Sri Lanka,500 Student,Student,VIC,293
2017,India,485 Temp Graduate,Temporary,NSW,615
2018,China,500 Student,Student,VIC,256
2017,Pakistan,801 Partner Perm,Family,NSW,109
2022,Philippines,200 Refugee,Humanitarian,QLD,502
2016,China,190 Skilled Nom,Skilled,VIC,542
2023,South Korea,801 Partner Perm,Family,QLD,207
2020,Sri Lanka,190 Skilled Nom,Skilled,VIC,570
2022,NZ,200 Refugee,Humanitarian,ACT,643
2023,UK,482 Temp Skill,Temporary,VIC,448
2023,China,190 Skilled Nom,Skilled,QLD,435
2021,Sri Lanka,202 Global Special,Humanitarian,WA,331
2022,NZ,202 Global Special,Humanitarian,VIC,691
2017,China,820 Partner Temp,Family,QLD,34
2018,Pakistan,500 Student,Student,VIC,248
2019,Vietnam,482 Temp Skill,Temporary,NSW,394
2018,Nepal,485 Temp Graduate,Temporary,NSW,227
2019,China,143 Parent,Family,VIC,360
2019,Pakistan,482 Temp Skill,Temporary,SA,52
2019,Germany,485 Temp Graduate,Temporary,VIC,423
2018,Vietnam,190 Skilled Nom,Skilled,NSW,316
2017,India,143 Parent,Family,QLD,41
2022,South Korea,400 Temp Work,Temporary,TAS,398
2017,India,500 Student,Student,SA,715
2016,UK,500 Student,Student,SA,647
2017,Pakistan,500 Student,Student,WA,388
2020,Nepal,202 Global Special,Humanitarian,QLD,481
2015,UK,482 Temp Skill,Temporary,NSW,397
2021,UK,491 Skilled Regional,Skilled,VIC,109
2018,China,485 Temp Graduate,Temporary,NSW,196
2017,Indonesia,482 Temp Skill,Temporary,VIC,325
2021,India,190 Skilled Nom,Skilled,VIC,91
2022,India,190 Skilled Nom,Skilled,VIC,51
2016,Pakistan,189 Skilled Indep,Skilled,NSW,116
2021,UK,190 Skilled Nom,Skilled,VIC,259
2015,India,143 Parent,Family,VIC,126
2024,Vietnam,820 Partner Temp,Family,QLD,70
2017,Sri Lanka,189 Skilled Indep,Skilled,VIC,448
2018,China,482 Temp Skill,Temporary,NSW,695
2019,Nepal,500 Student,Student,VIC,286
2018,Malaysia,190 Skilled Nom,Skilled,VIC,177
2023,India,190 Skilled Nom,Skilled,NSW,237
2024,Nepal,500 Student,Student,WA,708
2016,India,485 Temp Graduate,Temporary,NSW,454
2016,China,500 Student,Student,NSW,566
2017,India,500 Student,Student,NSW,487
2018,Bangladesh,485 Temp Graduate,Temporary,VIC,381
2015,Philippines,500 Student,Student,QLD,686
2018,Indonesia,485 Temp Graduate,Temporary,ACT,419
2021,USA,189 Skilled Indep,Skilled,VIC,409
2016,India,482 Temp Skill,Temporary,NSW,106
2017,India,482 Temp Skill,Temporary,VIC,540
2019,Nepal,500 Student,Student,QLD,311
2019,China,820 Partner Temp,Family,VIC,136
2021,Nepal,485 Temp Graduate,Temporary,VIC,377
2016,Nepal,202 Global Special,Humanitarian,VIC,139
2020,Sri Lanka,500 Student,Student,TAS,85
2022,India,500 Student,Student,QLD,74
2024,India,202 Global Special,Humanitarian,NSW,722
2020,Vietnam,491 Skilled Regional,Skilled,NSW,497
2024,South Korea,190 Skilled Nom,Skilled,NSW,32
2019,Malaysia,820 Partner Temp,Family,VIC,541
2023,NZ,500 Student,Student,SA,455
2022,India,482 Temp Skill,Temporary,TAS,245
2018,Germany,200 Refugee,Humanitarian,NSW,354
2015,Sri Lanka,500 Student,Student,VIC,553
2017,Philippines,189 Skilled Indep,Skilled,WA,627
2016,Philippines,500 Student,Student,VIC,573
2018,Germany,485 Temp Graduate,Temporary,VIC,623
2022,China,485 Temp Graduate,Temporary,WA,558
2020,Vietnam,801 Partner Perm,Family,QLD,580
2020,UK,801 Partner Perm,Family,NSW,338
2022,Nepal,482 Temp Skill,Temporary,VIC,249
2023,Bangladesh,801 Partner Perm,Family,QLD,470
2022,China,189 Skilled Indep,Skilled,QLD,407
2022,Pakistan,143 Parent,Family,NSW,162
2018,India,143 Parent,Family,VIC,624
2017,China,400 Temp Work,Temporary,VIC,293
2020,Nepal,491 Skilled Regional,Skilled,NSW,288
2016,India,482 Temp Skill,Temporary,NSW,190
2015,USA,820 Partner Temp,Family,QLD,430
2016,India,500 Student,Student,QLD,700
2022,India,485 Temp Graduate,Temporary,QLD,156
2024,India,801 Partner Perm,Family,WA,291
2021,Germany,482 Temp Skill,Temporary,VIC,380
2022,Nepal,485 Temp Graduate,Temporary,QLD,348
2015,Nepal,189 Skilled Indep,Skilled,SA,433
2018,Nepal,801 Partner Perm,Family,WA,195
2021,China,189 Skilled Indep,Skilled,NSW,469
2019,China,491 Skilled Regional,Skilled,NSW,676
2018,India,202 Global Special,Humanitarian,SA,496
2024,Pakistan,482 Temp Skill,Temporary,QLD,337
2017,Indonesia,202 Global Special,Humanitarian,VIC,359
2022,Germany,500 Student,Student,QLD,670
2019,China,485 Temp Graduate,Temporary,VIC,136
2024,NZ,801 Partner Perm,Family,NSW,140
2015,India,500 Student,Student,SA,157
2021,India,820 Partner Temp,Family,QLD,471
2023,China,491 Skilled Regional,Skilled,QLD,638
2022,South Korea,200 Refugee,Humanitarian,QLD,296
2015,China,482 Temp Skill,Temporary,VIC,722
2018,Nepal,500 Student,Student,NSW,514
2019,UK,143 Parent,Family,QLD,558
2018,South Korea,189 Skilled Indep,Skilled,VIC,35
2017,Philippines,189 Skilled Indep,Skilled,NSW,723
2015,Nepal,500 Student,Student,NSW,500
2021,China,820 Partner Temp,Family,NSW,612
2024,China,500 Student,Student,NSW,376
2020,India,143 Parent,Family,NSW,124
2017,Philippines,485 Temp Graduate,Temporary,QLD,570
2016,India,190 Skilled Nom,Skilled,VIC,130
2024,China,491 Skilled Regional,Skilled,QLD,457
2023,Sri Lanka,482 Temp Skill,Temporary,VIC,518
2015,NZ,189 Skilled Indep,Skilled,NSW,200
2023,Philippines,202 Global Special,Humanitarian,WA,488
2022,South Korea,485 Temp Graduate,Temporary,WA,258
2018,Sri Lanka,400 Temp Work,Temporary,NSW,459
2020,India,482 Temp Skill,Temporary,VIC,154
2018,Philippines,801 Partner Perm,Family,WA,69
2018,India,500 Student,Student,ACT,270
2020,India,500 Student,Student,NSW,388
2023,Philippines,500 Student,Student,NSW,658
2018,Philippines,820 Partner Temp,Family,QLD,77
2016,South Korea,485 Temp Graduate,Temporary,SA,673
2023,India,482 Temp Skill,Temporary,QLD,496
2018,Sri Lanka,491 Skilled Regional,Skilled,VIC,44
2017,India,189 Skilled Indep,Skilled,VIC,569
2023,South Korea,500 Student,Student,NSW,283
2019,China,143 Parent,Family,WA,280
2023,Nepal,189 Skilled Indep,Skilled,NSW,342
2024,NZ,189 Skilled Indep,Skilled,QLD,277
2016,Malaysia,400 Temp Work,Temporary,VIC,39
2022,China,190 Skilled Nom,Skilled,NSW,398
2018,China,190 Skilled Nom,Skilled,VIC,141
2018,India,200 Refugee,Humanitarian,SA,311
2018,China,500 Student,Student,NSW,528
2020,India,189 Skilled Indep,Skilled,VIC,111
2022,China,491 Skilled Regional,Skilled,SA,134
2016,Bangladesh,801 Partner Perm,Family,VIC,650
2018,Nepal,190 Skilled Nom,Skilled,WA,487
2017,Germany,482 Temp Skill,Temporary,VIC,570
2016,Germany,190 Skilled Nom,Skilled,QLD,474
2015,Pakistan,820 Partner Temp,Family,NSW,549
2024,Philippines,485 Temp Graduate,Temporary,SA,639
2018,China,500 Student,Student,VIC,661
2019,Vietnam,485 Temp Graduate,Temporary,NSW,459
2017,Nepal,189 Skilled Indep,Skilled,VIC,176
2019,Pakistan,189 Skilled Indep,Skilled,QLD,547
2015,Nepal,482 Temp Skill,Temporary,QLD,249
2020,Nepal,202 Global Special,Humanitarian,SA,509
2017,South Korea,801 Partner Perm,Family,WA,216
2018,India,801 Partner Perm,Family,TAS,410
2016,India,485 Temp Graduate,Temporary,VIC,173
2022,China,485 Temp Graduate,Temporary,VIC,414
2015,India,500 Student,Student,WA,336
2015,Philippines,400 Temp Work,Temporary,NSW,602
2023,India,500 Student,Student,QLD,145
2021,South Korea,491 Skilled Regional,Skilled,WA,499
2018,India,482 Temp Skill,Temporary,NSW,198
2022,India,485 Temp Graduate,Temporary,VIC,41
2019,Pakistan,500 Student,Student,VIC,655
2018,China,500 Student,Student,VIC,158
2016,USA,485 Temp Graduate,Temporary,QLD,690
2018,China,485 Temp Graduate,Temporary,QLD,154
2022,China,485 Temp Graduate,Temporary,VIC,314
2016,India,400 Temp Work,Temporary,VIC,463
2015,Sri Lanka,820 Partner Temp,Family,TAS,300
2023,Nepal,820 Partner Temp,Family,WA,560
2021,China,482 Temp Skill,Temporary,VIC,260
2016,China,485 Temp Graduate,Temporary,QLD,403
2017,Philippines,485 Temp Graduate,Temporary,VIC,278
2023,China,482 Temp Skill,Temporary,QLD,467
2018,USA,189 Skilled Indep,Skilled,WA,299
2023,India,482 Temp Skill,Temporary,VIC,68
2021,Pakistan,200 Refugee,Humanitarian,NSW,365
2016,UK,400 Temp Work,Temporary,QLD,79
2017,Germany,485 Temp Graduate,Temporary,VIC,140
2018,India,801 Partner Perm,Family,NSW,520
2016,India,485 Temp Graduate,Temporary,QLD,704
2023,Vietnam,400 Temp Work,Temporary,NSW,359
2023,India,143 Parent,Family,QLD,665
2022,China,491 Skilled Regional,Skilled,VIC,422
2024,Vietnam,189 Skilled Indep,Skilled,SA,262
2018,Nepal,189 Skilled Indep,Skilled,NSW,510
2015,Philippines,801 Partner Perm,Family,NSW,219
2023,South Korea,485 Temp Graduate,Temporary,QLD,353
2023,Philippines,189 Skilled Indep,Skilled,NSW,100
2018,UK,485 Temp Graduate,Temporary,NSW,648
2017,India,485 Temp Graduate,Temporary,VIC,129
2023,Nepal,485 Temp Graduate,Temporary,VIC,93
2018,India,820 Partner Temp,Family,NSW,298
2016,Vietnam,500 Student,Student,WA,512
2017,India,189 Skilled Indep,Skilled,QLD,60
2022,India,820 Partner Temp,Family,VIC,676
2021,China,500 Student,Student,NSW,130
2016,Pakistan,189 Skilled Indep,Skilled,SA,271
2016,UK,485 Temp Graduate,Temporary,NSW,309
2019,India,485 Temp Graduate,Temporary,VIC,280
2019,Nepal,491 Skilled Regional,Skilled,WA,630
2015,Vietnam,400 Temp Work,Temporary,WA,430
2016,China,482 Temp Skill,Temporary,SA,271
2023,India,200 Refugee,Humanitarian,WA,574
2019,Nepal,491 Skilled Regional,Skilled,WA,572
2015,India,189 Skilled Indep,Skilled,QLD,207
2022,India,485 Temp Graduate,Temporary,VIC,380
2021,Vietnam,500 Student,Student,VIC,617
2022,China,491 Skilled Regional,Skilled,VIC,516
2022,India,485 Temp Graduate,Temporary,VIC,231
2016,Nepal,190 Skilled Nom,Skilled,QLD,118
2019,Nepal,500 Student,Student,VIC,112
2017,Vietnam,500 Student,Student,NSW,354
2019,China,820 Partner Temp,Family,VIC,70
2016,China,801 Partner Perm,Family,NSW,721
2023,India,143 Parent,Family,NSW,512
2023,UK,500 Student,Student,NSW,355
2021,Sri Lanka,202 Global Special,Humanitarian,SA,582
2020,Philippines,202 Global Special,Humanitarian,VIC,443
2024,Indonesia,190 Skilled Nom,Skilled,VIC,402
2022,India,485 Temp Graduate,Temporary,WA,484
2019,Nepal,500 Student,Student,QLD,334
2018,Nepal,485 Temp Graduate,Temporary,NSW,110
2021,India,500 Student,Student,NSW,257
2022,Germany,500 Student,Student,VIC,308
2023,Sri Lanka,801 Partner Perm,Family,VIC,503
2024,Malaysia,485 Temp Graduate,Temporary,WA,111
2022,China,500 Student,Student,WA,248
2023,China,200 Refugee,Humanitarian,QLD,370
2019,South Korea,400 Temp Work,Temporary,QLD,319
2022,India,200 Refugee,Humanitarian,WA,472
2016,Malaysia,500 Student,Student,VIC,674
2023,India,485 Temp Graduate,Temporary,NSW,721
2016,Malaysia,143 Parent,Family,SA,559
2016,Vietnam,202 Global Special,Humanitarian,SA,455
2021,Sri Lanka,189 Skilled Indep,Skilled,VIC,322
2019,Sri Lanka,801 Partner Perm,Family,NSW,84
2021,NZ,500 Student,Student,WA,435
2016,Vietnam,482 Temp Skill,Temporary,WA,657
2022,South Korea,189 Skilled Indep,Skilled,WA,196
2018,Nepal,189 Skilled Indep,Skilled,QLD,184
2022,Pakistan,801 Partner Perm,Family,VIC,578
2024,Philippines,801 Partner Perm,Family,NSW,486
2016,China,820 Partner Temp,Family,SA,285
2017,Pakistan,189 Skilled Indep,Skilled,NSW,307
2023,India,820 Partner Temp,Family,NSW,280
2017,Indonesia,485 Temp Graduate,Temporary,SA,68
2018,Sri Lanka,485 Temp Graduate,Temporary,VIC,338
2018,Nepal,190 Skilled Nom,Skilled,VIC,337
2015,South Korea,200 Refugee,Humanitarian,VIC,175
2017,India,482 Temp Skill,Temporary,ACT,266
2016,India,482 Temp Skill,Temporary,VIC,255
2023,Indonesia,485 Temp Graduate,Temporary,WA,147
2021,Vietnam,485 Temp Graduate,Temporary,SA,407
2015,Nepal,190 Skilled Nom,Skilled,QLD,728
2023,India,190 Skilled Nom,Skilled,VIC,654
2021,UK,485 Temp Graduate,Temporary,NSW,393
2017,Germany,143 Parent,Family,NSW,198
2019,India,189 Skilled Indep,Skilled,WA,31
2024,South Korea,485 Temp Graduate,Temporary,QLD,592
2015,South Korea,500 Student,Student,QLD,41
2017,USA,482 Temp Skill,Temporary,QLD,168
2015,Germany,143 Parent,Family,VIC,332
2024,India,190 Skilled Nom,Skilled,QLD,592
2018,Pakistan,485 Temp Graduate,Temporary,QLD,379
2023,Nepal,485 Temp Graduate,Temporary,NSW,320
2018,India,189 Skilled Indep,Skilled,SA,460
2023,Philippines,485 Temp Graduate,Temporary,QLD,99
2018,China,482 Temp Skill,Temporary,NSW,104
2019,Bangladesh,491 Skilled Regional,Skilled,VIC,296
2019,Nepal,485 Temp Graduate,Temporary,QLD,389
2020,China,491 Skilled Regional,Skilled,QLD,157
2019,Pakistan,500 Student,Student,NSW,99
2017,China,485 Temp Graduate,Temporary,VIC,378
2015,Nepal,500 Student,Student,NSW,224
2015,Sri Lanka,485 Temp Graduate,Temporary,VIC,350
2021,USA,500 Student,Student,VIC,109
2023,India,485 Temp Graduate,Temporary,ACT,606
2023,India,500 Student,Student,QLD,154
2021,Pakistan,189 Skilled Indep,Skilled,NSW,464
2024,Malaysia,189 Skilled Indep,Skilled,NSW,494
2021,China,801 Partner Perm,Family,NSW,392
2021,South Korea,500 Student,Student,VIC,494
2024,Malaysia,485 Temp Graduate,Temporary,QLD,453
2021,Philippines,485 Temp Graduate,Temporary,NSW,373
2017,India,482 Temp Skill,Temporary,VIC,716
2021,India,485 Temp Graduate,Temporary,NSW,712
2018,India,500 Student,Student,NSW,319
2022,Nepal,485 Temp Graduate,Temporary,VIC,239
2020,India,485 Temp Graduate,Temporary,QLD,728
2024,Malaysia,485 Temp Graduate,Temporary,NSW,339
2022,India,189 Skilled Indep,Skilled,VIC,636
2021,Philippines,500 Student,Student,QLD,328
2016,USA,485 Temp Graduate,Temporary,NSW,431
2024,India,820 Partner Temp,Family,QLD,404
2016,Pakistan,500 Student,Student,QLD,457
2022,UK,500 Student,Student,WA,694
2023,Pakistan,801 Partner Perm,Family,VIC,205
2017,Nepal,500 Student,Student,NSW,714
2015,India,190 Skilled Nom,Skilled,WA,95
2015,South Korea,485 Temp Graduate,Temporary,WA,54
2017,India,143 Parent,Family,SA,686
2016,Germany,482 Temp Skill,Temporary,VIC,511
2016,South Korea,485 Temp Graduate,Temporary,TAS,110
2024,NZ,143 Parent,Family,VIC,701
2015,Malaysia,190 Skilled Nom,Skilled,VIC,145
2018,China,482 Temp Skill,Temporary,QLD,55
2016,China,143 Parent,Family,WA,316
2022,China,143 Parent,Family,WA,540
2015,India,189 Skilled Indep,Skilled,NSW,579
2020,Pakistan,500 Student,Student,NSW,423
2021,UK,500 Student,Student,SA,64
2018,India,190 Skilled Nom,Skilled,VIC,151
2018,Pakistan,190 Skilled Nom,Skilled,VIC,364
2023,South Korea,189 Skilled Indep,Skilled,VIC,432
2021,Germany,482 Temp Skill,Temporary,VIC,73
2023,Indonesia,485 Temp Graduate,Temporary,VIC,120
2015,South Korea,820 Partner Temp,Family,SA,103
2015,China,485 Temp Graduate,Temporary,VIC,38
2015,Sri Lanka,485 Temp Graduate,Temporary,SA,355
2023,Nepal,820 Partner Temp,Family,NSW,726
2021,India,189 Skilled Indep,Skilled,ACT,360
2018,China,801 Partner Perm,Family,NSW,151
2019,South Korea,190 Skilled Nom,Skilled,VIC,398
2018,India,200 Refugee,Humanitarian,VIC,603
2017,India,189 Skilled Indep,Skilled,NSW,383
2021,UK,801 Partner Perm,Family,VIC,147
2018,Pakistan,400 Temp Work,Temporary,NSW,476
2022,NZ,500 Student,Student,QLD,497
2019,India,820 Partner Temp,Family,TAS,713
2023,South Korea,485 Temp Graduate,Temporary,NSW,103
2024,India,491 Skilled Regional,Skilled,ACT,495
2023,Germany,491 Skilled Regional,Skilled,VIC,538
2019,Nepal,485 Temp Graduate,Temporary,VIC,710
2024,Philippines,482 Temp Skill,Temporary,NSW,574
2020,China,190 Skilled Nom,Skilled,VIC,150
2021,India,189 Skilled Indep,Skilled,QLD,382
2015,USA,482 Temp Skill,Temporary,NSW,564
2023,South Korea,482 Temp Skill,Temporary,QLD,298
2022,India,485 Temp Graduate,Temporary,WA,317
2022,Nepal,190 Skilled Nom,Skilled,NSW,338
2015,India,500 Student,Student,VIC,56
2016,India,485 Temp Graduate,Temporary,SA,276
2015,India,482 Temp Skill,Temporary,VIC,360
2022,Bangladesh,485 Temp Graduate,Temporary,NSW,367
2023,Pakistan,189 Skilled Indep,Skilled,VIC,297
2021,India,200 Refugee,Humanitarian,VIC,669
2022,India,491 Skilled Regional,Skilled,QLD,213
2023,India,801 Partner Perm,Family,NSW,233
2024,Nepal,485 Temp Graduate,Temporary,VIC,449
2018,China,143 Parent,Family,WA,427
2019,India,189 Skilled Indep,Skilled,VIC,463
2016,Philippines,485 Temp Graduate,Temporary,QLD,604
2019,Pakistan,485 Temp Graduate,Temporary,VIC,461
2018,India,500 Student,Student,VIC,371
2016,Pakistan,485 Temp Graduate,Temporary,VIC,263
2016,NZ,820 Partner Temp,Family,NSW,353
2017,India,400 Temp Work,Temporary,WA,604
2019,India,801 Partner Perm,Family,VIC,688
2022,India,485 Temp Graduate,Temporary,WA,271
2017,China,500 Student,Student,NSW,158
2023,NZ,482 Temp Skill,Temporary,SA,531
2021,China,820 Partner Temp,Family,VIC,76
2021,India,190 Skilled Nom,Skilled,VIC,124
2022,Vietnam,400 Temp Work,Temporary,QLD,333
2018,Pakistan,491 Skilled Regional,Skilled,WA,577
2024,Sri Lanka,485 Temp Graduate,Temporary,QLD,246
2015,Germany,500 Student,Student,VIC,183
2015,NZ,190 Skilled Nom,Skilled,WA,145
2021,Sri Lanka,500 Student,Student,NSW,272
2023,India,820 Partner Temp,Family,SA,284
2018,USA,190 Skilled Nom,Skilled,WA,672
2021,Sri Lanka,485 Temp Graduate,Temporary,QLD,390
2023,China,190 Skilled Nom,Skilled,VIC,388
2019,Malaysia,500 Student,Student,NSW,387
2020,India,500 Student,Student,QLD,570
2023,China,482 Temp Skill,Temporary,VIC,86
2023,Philippines,801 Partner Perm,Family,NSW,298
2018,Germany,801 Partner Perm,Family,VIC,236
2016,India,485 Temp Graduate,Temporary,NSW,418
2019,Germany,143 Parent,Family,NSW,365
2018,Nepal,485 Temp Graduate,Temporary,QLD,335
2023,China,500 Student,Student,VIC,371
2017,Sri Lanka,485 Temp Graduate,Temporary,NSW,356
2020,USA,500 Student,Student,SA,281
2022,India,485 Temp Graduate,Temporary,VIC,370
2024,Germany,485 Temp Graduate,Temporary,QLD,176
2020,NZ,500 Student,Student,WA,626
2018,India,202 Global Special,Humanitarian,NSW,627
2019,Malaysia,190 Skilled Nom,Skilled,NSW,123
2020,China,801 Partner Perm,Family,NSW,87
2023,China,482 Temp Skill,Temporary,VIC,223
2017,Philippines,485 Temp Graduate,Temporary,WA,677
2024,Philippines,189 Skilled Indep,Skilled,VIC,442
2023,Pakistan,200 Refugee,Humanitarian,NSW,40
2016,Sri Lanka,200 Refugee,Humanitarian,WA,583
2015,Nepal,482 Temp Skill,Temporary,NSW,670
2015,South Korea,485 Temp Graduate,Temporary,QLD,604
2023,Philippines,189 Skilled Indep,Skilled,VIC,294
2015,India,482 Temp Skill,Temporary,QLD,627
2017,India,189 Skilled Indep,Skilled,QLD,706
2022,Pakistan,190 Skilled Nom,Skilled,VIC,512
2024,China,500 Student,Student,VIC,674
2016,South Korea,820 Partner Temp,Family,VIC,262
2019,China,189 Skilled Indep,Skilled,NSW,469
2022,Pakistan,500 Student,Student,VIC,39
2022,India,485 Temp Graduate,Temporary,QLD,481
2018,South Korea,482 Temp Skill,Temporary,NSW,110
2020,Nepal,485 Temp Graduate,Temporary,VIC,115
2023,China,820 Partner Temp,Family,QLD,170
2024,UK,189 Skilled Indep,Skilled,NSW,522
2019,Philippines,189 Skilled Indep,Skilled,QLD,146
2022,Malaysia,820 Partner Temp,Family,WA,445
2022,Sri Lanka,143 Parent,Family,NSW,495
2020,Germany,485 Temp Graduate,Temporary,WA,640
2019,Indonesia,400 Temp Work,Temporary,ACT,421
2023,India,200 Refugee,Humanitarian,QLD,288
2021,China,485 Temp Graduate,Temporary,VIC,301
2022,India,491 Skilled Regional,Skilled,WA,276
2021,China,189 Skilled Indep,Skilled,QLD,209
2015,Pakistan,189 Skilled Indep,Skilled,NSW,248
2018,India,485 Temp Graduate,Temporary,WA,63
2018,China,200 Refugee,Humanitarian,WA,338
2015,India,482 Temp Skill,Temporary,NSW,82
2022,India,500 Student,Student,QLD,355
2022,South Korea,190 Skilled Nom,Skilled,WA,632
2020,India,202 Global Special,Humanitarian,QLD,170
2022,India,143 Parent,Family,NSW,471
2018,Pakistan,482 Temp Skill,Temporary,WA,54
2022,Indonesia,500 Student,Student,NSW,513
2020,Sri Lanka,190 Skilled Nom,Skilled,NSW,512
2015,India,485 Temp Graduate,Temporary,SA,203
2022,USA,820 Partner Temp,Family,WA,552
2020,India,189 Skilled Indep,Skilled,VIC,380
2019,Malaysia,482 Temp Skill,Temporary,SA,341
2018,Philippines,202 Global Special,Humanitarian,NSW,634
2024,India,491 Skilled Regional,Skilled,SA,581
2017,India,500 Student,Student,NSW,626
2020,Indonesia,500 Student,Student,SA,235
2016,India,189 Skilled Indep,Skilled,VIC,458
2016,China,482 Temp Skill,Temporary,WA,125
2017,Bangladesh,500 Student,Student,SA,154
2023,Nepal,500 Student,Student,VIC,340
2017,Malaysia,485 Temp Graduate,Temporary,VIC,327
2023,India,500 Student,Student,VIC,535
2019,Germany,485 Temp Graduate,Temporary,NSW,399
2019,Nepal,143 Parent,Family,VIC,166
2017,Philippines,400 Temp Work,Temporary,SA,522
2018,India,485 Temp Graduate,Temporary,QLD,372
2017,China,143 Parent,Family,NSW,691
2022,USA,482 Temp Skill,Temporary,NSW,672
2018,India,491 Skilled Regional,Skilled,SA,411
2024,China,820 Partner Temp,Family,SA,323
2015,India,801 Partner Perm,Family,TAS,544
2015,China,200 Refugee,Humanitarian,SA,654
2020,China,482 Temp Skill,Temporary,WA,114
2022,Nepal,485 Temp Graduate,Temporary,ACT,68
2016,UK,482 Temp Skill,Temporary,VIC,412
2021,India,482 Temp Skill,Temporary,VIC,575
2023,India,820 Partner Temp,Family,NSW,206
2022,Germany,200 Refugee,Humanitarian,VIC,251
2024,Germany,485 Temp Graduate,Temporary,NSW,621
2019,UK,485 Temp Graduate,Temporary,NSW,535
2019,Bangladesh,202 Global Special,Humanitarian,NSW,120
2016,India,189 Skilled Indep,Skilled,VIC,615
2017,UK,500 Student,Student,NSW,82
2023,Pakistan,485 Temp Graduate,Temporary,ACT,623
2021,Philippines,491 Skilled Regional,Skilled,VIC,713
2022,China,202 Global Special,Humanitarian,WA,126
2017,India,820 Partner Temp,Family,VIC,452
2017,NZ,143 Parent,Family,NSW,357
2015,China,482 Temp Skill,Temporary,NSW,295
2019,Nepal,190 Skilled Nom,Skilled,NSW,315
2016,Nepal,500 Student,Student,SA,400
2018,India,485 Temp Graduate,Temporary,VIC,386
2021,China,500 Student,Student,SA,44
2023,Philippines,801 Partner Perm,Family,VIC,67
2023,India,189 Skilled Indep,Skilled,QLD,720
2021,Malaysia,400 Temp Work,Temporary,VIC,437
2015,India,500 Student,Student,VIC,593
2022,Sri Lanka,801 Partner Perm,Family,NSW,154
2020,China,482 Temp Skill,Temporary,NSW,541
2018,Nepal,485 Temp Graduate,Temporary,SA,469
2023,Malaysia,482 Temp Skill,Temporary,ACT,267
2018,Germany,500 Student,Student,VIC,536
2023,USA,189 Skilled Indep,Skilled,QLD,268
2023,Philippines,485 Temp Graduate,Temporary,VIC,299
2018,Sri Lanka,202 Global Special,Humanitarian,NSW,301
2021,Vietnam,491 Skilled Regional,Skilled,QLD,554
2022,India,190 Skilled Nom,Skilled,VIC,300
2018,UK,485 Temp Graduate,Temporary,VIC,591
2018,Pakistan,200 Refugee,Humanitarian,WA,148
2022,China,190 Skilled Nom,Skilled,WA,244
2022,China,820 Partner Temp,Family,WA,41
2022,China,801 Partner Perm,Family,NSW,585
2018,Nepal,500 Student,Student,QLD,383
2017,Indonesia,500 Student,Student,NSW,629
2018,Philippines,801 Partner Perm,Family,WA,575
2024,South Korea,500 Student,Student,SA,158
2021,Nepal,801 Partner Perm,Family,VIC,286
2022,Nepal,189 Skilled Indep,Skilled,VIC,138
2017,Philippines,500 Student,Student,NSW,462
2022,India,485 Temp Graduate,Temporary,VIC,31
2023,Germany,190 Skilled Nom,Skilled,VIC,537
2023,China,500 Student,Student,QLD,293
2018,China,500 Student,Student,NSW,86
2017,India,500 Student,Student,SA,155
2021,NZ,190 Skilled Nom,Skilled,TAS,628
2021,China,500 Student,Student,VIC,148
2016,Pakistan,485 Temp Graduate,Temporary,VIC,634
2015,Malaysia,485 Temp Graduate,Temporary,NSW,52
2023,China,500 Student,Student,QLD,697
2023,Sri Lanka,189 Skilled Indep,Skilled,WA,156
2019,India,485 Temp Graduate,Temporary,QLD,447
2015,Vietnam,500 Student,Student,QLD,627
2020,Germany,485 Temp Graduate,Temporary,WA,244
2019,South Korea,491 Skilled Regional,Skilled,TAS,57
2021,Pakistan,485 Temp Graduate,Temporary,NSW,321
2017,NZ,801 Partner Perm,Family,VIC,263
2018,Nepal,500 Student,Student,QLD,365
2021,China,189 Skilled Indep,Skilled,NSW,721
2022,India,200 Refugee,Humanitarian,QLD,504
2017,UK,190 Skilled Nom,Skilled,WA,179
2018,Philippines,500 Student,Student,WA,470
2022,India,200 Refugee,Humanitarian,VIC,120
2021,India,482 Temp Skill,Temporary,SA,669
2016,China,491 Skilled Regional,Skilled,VIC,367
2018,Pakistan,190 Skilled Nom,Skilled,NSW,582
2022,Nepal,500 Student,Student,NSW,249
2015,NZ,200 Refugee,Humanitarian,NSW,463
2024,South Korea,400 Temp Work,Temporary,NSW,495
2022,China,190 Skilled Nom,Skilled,NSW,60
2018,USA,482 Temp Skill,Temporary,NSW,136
2015,Pakistan,190 Skilled Nom,Skilled,NSW,692
2023,China,500 Student,Student,NSW,524
2016,Nepal,500 Student,Student,NSW,212
2021,Germany,500 Student,Student,NSW,308
2022,Malaysia,200 Refugee,Humanitarian,ACT,491
2015,Vietnam,189 Skilled Indep,Skilled,VIC,439
2023,Malaysia,500 Student,Student,SA,103
2015,Nepal,801 Partner Perm,Family,WA,571
2024,Malaysia,189 Skilled Indep,Skilled,VIC,634
2020,India,482 Temp Skill,Temporary,QLD,663
2021,India,801 Partner Perm,Family,NSW,45
2023,India,500 Student,Student,QLD,457
2024,Bangladesh,485 Temp Graduate,Temporary,NSW,684
2016,Nepal,482 Temp Skill,Temporary,VIC,122
2015,Germany,189 Skilled Indep,Skilled,VIC,406
2023,India,820 Partner Temp,Family,QLD,663
2017,India,820 Partner Temp,Family,NSW,523
2019,India,485 Temp Graduate,Temporary,WA,443
2022,India,485 Temp Graduate,Temporary,QLD,542
2023,Malaysia,500 Student,Student,VIC,198
2020,China,202 Global Special,Humanitarian,QLD,653
2024,China,820 Partner Temp,Family,WA,146
2024,Germany,482 Temp Skill,Temporary,QLD,607
2017,Malaysia,491 Skilled Regional,Skilled,NSW,654
2023,Philippines,820 Partner Temp,Family,QLD,594
2020,Philippines,400 Temp Work,Temporary,NSW,51
2016,Malaysia,500 Student,Student,VIC,496
2018,Philippines,482 Temp Skill,Temporary,VIC,722
2018,China,190 Skilled Nom,Skilled,TAS,495
2023,India,190 Skilled Nom,Skilled,NSW,159
2023,China,189 Skilled Indep,Skilled,VIC,181
2017,India,485 Temp Graduate,Temporary,NSW,402
2018,India,500 Student,Student,VIC,553
2015,India,482 Temp Skill,Temporary,VIC,684
2015,Philippines,190 Skilled Nom,Skilled,NSW,441
2018,China,485 Temp Graduate,Temporary,SA,234
2016,Nepal,485 Temp Graduate,Temporary,WA,191
2023,Pakistan,482 Temp Skill,Temporary,NSW,152
2024,Sri Lanka,482 Temp Skill,Temporary,QLD,587
2018,Germany,200 Refugee,Humanitarian,VIC,298
2015,Pakistan,190 Skilled Nom,Skilled,VIC,462
2017,India,400 Temp Work,Temporary,TAS,633
2022,Philippines,485 Temp Graduate,Temporary,NSW,562
2018,Malaysia,491 Skilled Regional,Skilled,QLD,497
2021,Pakistan,400 Temp Work,Temporary,NSW,639
2018,Indonesia,190 Skilled Nom,Skilled,QLD,50
2018,Nepal,500 Student,Student,QLD,723
2017,India,485 Temp Graduate,Temporary,VIC,489
2023,India,491 Skilled Regional,Skilled,VIC,257
2018,India,482 Temp Skill,Temporary,VIC,466
2015,Nepal,485 Temp Graduate,Temporary,VIC,589
2022,India,820 Partner Temp,Family,NSW,48
2021,India,482 Temp Skill,Temporary,QLD,60
2017,Sri Lanka,500 Student,Student,VIC,317
2023,Sri Lanka,482 Temp Skill,Temporary,QLD,606
2015,USA,482 Temp Skill,Temporary,NSW,660
2024,India,485 Temp Graduate,Temporary,NSW,465
2020,South Korea,500 Student,Student,NSW,640
2015,India,500 Student,Student,VIC,238
2018,Nepal,485 Temp Graduate,Temporary,VIC,556
2022,Pakistan,200 Refugee,Humanitarian,QLD,400
2023,India,485 Temp Graduate,Temporary,ACT,198
2020,USA,200 Refugee,Humanitarian,NSW,532
2023,NZ,202 Global Special,Humanitarian,NSW,616
2021,Malaysia,143 Parent,Family,VIC,265
2017,Nepal,820 Partner Temp,Family,VIC,604
2015,India,189 Skilled Indep,Skilled,NSW,349
2021,USA,500 Student,Student,QLD,432
2019,Nepal,500 Student,Student,VIC,227
2019,China,190 Skilled Nom,Skilled,QLD,61
2015,India,485 Temp Graduate,Temporary,WA,346
2021,China,801 Partner Perm,Family,SA,477
2023,Pakistan,500 Student,Student,NSW,680
2022,Philippines,200 Refugee,Humanitarian,VIC,233
2016,Nepal,491 Skilled Regional,Skilled,VIC,349
2019,Indonesia,820 Partner Temp,Family,QLD,464
2022,China,500 Student,Student,VIC,65
2023,Pakistan,801 Partner Perm,Family,NSW,652
2018,India,143 Parent,Family,VIC,54
2019,India,143 Parent,Family,TAS,91
2021,Indonesia,400 Temp Work,Temporary,NSW,690
2017,China,500 Student,Student,NSW,32
2015,India,482 Temp Skill,Temporary,NSW,429
2023,Nepal,500 Student,Student,NSW,142
2017,Indonesia,200 Refugee,Humanitarian,QLD,472
2019,Malaysia,485 Temp Graduate,Temporary,VIC,89
2021,Sri Lanka,820 Partner Temp,Family,QLD,640
2015,Philippines,500 Student,Student,NSW,707
2024,UK,820 Partner Temp,Family,QLD,450
2017,NZ,143 Parent,Family,NSW,230
2022,Pakistan,190 Skilled Nom,Skilled,TAS,300
2023,Nepal,482 Temp Skill,Temporary,NSW,482
2016,India,200 Refugee,Humanitarian,NSW,669
2022,South Korea,189 Skilled Indep,Skilled,TAS,602
2019,Nepal,190 Skilled Nom,Skilled,QLD,719
2017,China,500 Student,Student,QLD,193
2018,China,500 Student,Student,NSW,473
2021,Nepal,485 Temp Graduate,Temporary,QLD,480
2022,Philippines,189 Skilled Indep,Skilled,WA,578
2024,India,485 Temp Graduate,Temporary,VIC,53
2017,China,500 Student,Student,WA,277
2021,Philippines,200 Refugee,Humanitarian,VIC,200
2020,China,190 Skilled Nom,Skilled,VIC,379
2016,China,189 Skilled Indep,Skilled,NSW,404
2018,Philippines,400 Temp Work,Temporary,WA,410
2016,NZ,189 Skilled Indep,Skilled,NSW,320
2020,India,189 Skilled Indep,Skilled,VIC,669
2016,Germany,485 Temp Graduate,Temporary,QLD,144
2017,UK,200 Refugee,Humanitarian,SA,668
2021,India,801 Partner Perm,Family,NSW,663
2015,Germany,482 Temp Skill,Temporary,SA,271
2015,India,190 Skilled Nom,Skilled,VIC,106
2022,India,500 Student,Student,QLD,347
2023,Bangladesh,500 Student,Student,WA,668
2018,Philippines,485 Temp Graduate,Temporary,VIC,533
2020,China,485 Temp Graduate,Temporary,NSW,119
2017,India,482 Temp Skill,Temporary,VIC,253
2022,UK,485 Temp Graduate,Temporary,QLD,515
2016,China,500 Student,Student,NSW,200
2017,Philippines,189 Skilled Indep,Skilled,NSW,448
2017,Sri Lanka,482 Temp Skill,Temporary,NSW,198
2017,India,485 Temp Graduate,Temporary,VIC,516
2023,Malaysia,485 Temp Graduate,Temporary,NSW,416
2023,Pakistan,500 Student,Student,SA,467
2021,Pakistan,485 Temp Graduate,Temporary,VIC,98
2015,Philippines,400 Temp Work,Temporary,NSW,293
2018,Philippines,400 Temp Work,Temporary,NSW,682
2023,China,500 Student,Student,QLD,220
2021,Nepal,485 Temp Graduate,Temporary,SA,495
2024,China,820 Partner Temp,Family,NSW,293
2018,UK,143 Parent,Family,QLD,182
2021,Nepal,820 Partner Temp,Family,WA,648
2016,India,801 Partner Perm,Family,NSW,202
2023,India,190 Skilled Nom,Skilled,SA,274
2024,Nepal,820 Partner Temp,Family,QLD,133
2021,Nepal,143 Parent,Family,VIC,378
2020,Germany,189 Skilled Indep,Skilled,NSW,448
2024,India,485 Temp Graduate,Temporary,VIC,646
2017,Philippines,485 Temp Graduate,Temporary,QLD,636
2023,Germany,485 Temp Graduate,Temporary,NSW,283
2015,India,485 Temp Graduate,Temporary,VIC,478
2018,Philippines,485 Temp Graduate,Temporary,QLD,729
2022,USA,482 Temp Skill,Temporary,QLD,114
2022,NZ,485 Temp Graduate,Temporary,QLD,199
2018,India,500 Student,Student,VIC,640
2022,Pakistan,485 Temp Graduate,Temporary,ACT,384
2021,India,500 Student,Student,WA,499
2019,Germany,820 Partner Temp,Family,NSW,478
2018,UK,482 Temp Skill,Temporary,WA,278
2021,Germany,820 Partner Temp,Family,NSW,52
2024,Nepal,500 Student,Student,VIC,330
2022,China,482 Temp Skill,Temporary,QLD,78
2015,Nepal,491 Skilled Regional,Skilled,WA,634
2016,Malaysia,400 Temp Work,Temporary,SA,275
2024,Vietnam,500 Student,Student,QLD,101
2017,NZ,500 Student,Student,VIC,73
2024,China,801 Partner Perm,Family,WA,303
2017,India,485 Temp Graduate,Temporary,VIC,275
2017,Malaysia,801 Partner Perm,Family,ACT,236
2024,China,485 Temp Graduate,Temporary,VIC,198
2022,Philippines,482 Temp Skill,Temporary,SA,237
2023,UK,482 Temp Skill,Temporary,NSW,404
2024,India,500 Student,Student,VIC,564
2015,Sri Lanka,500 Student,Student,QLD,435
2017,India,820 Partner Temp,Family,NSW,726
2016,Philippines,500 Student,Student,TAS,126
2017,Nepal,500 Student,Student,VIC,264
2016,India,202 Global Special,Humanitarian,VIC,559
2017,Bangladesh,485 Temp Graduate,Temporary,WA,573
2018,India,400 Temp Work,Temporary,QLD,461
2016,UK,482 Temp Skill,Temporary,VIC,451
2018,India,190 Skilled Nom,Skilled,WA,100
2022,Nepal,143 Parent,Family,VIC,167
2022,China,500 Student,Student,NSW,64
2015,India,500 Student,Student,NSW,666
2017,China,190 Skilled Nom,Skilled,SA,68
2018,UK,482 Temp Skill,Temporary,NSW,78
2024,Vietnam,190 Skilled Nom,Skilled,WA,39
2019,South Korea,500 Student,Student,TAS,650
2020,South Korea,200 Refugee,Humanitarian,NSW,81
2017,India,820 Partner Temp,Family,VIC,232
2015,Nepal,485 Temp Graduate,Temporary,VIC,557
2019,Vietnam,500 Student,Student,WA,197
2019,Bangladesh,500 Student,Student,VIC,694
2023,China,482 Temp Skill,Temporary,VIC,399
2022,USA,500 Student,Student,NSW,257
2019,India,482 Temp Skill,Temporary,QLD,150
2015,China,400 Temp Work,Temporary,VIC,699
2023,China,400 Temp Work,Temporary,NSW,268
2017,Germany,200 Refugee,Humanitarian,VIC,59
2019,China,500 Student,Student,VIC,206
2020,Sri Lanka,189 Skilled Indep,Skilled,VIC,687
2020,India,500 Student,Student,QLD,356
2021,South Korea,190 Skilled Nom,Skilled,VIC,504
2023,Germany,485 Temp Graduate,Temporary,WA,413
2017,Philippines,500 Student,Student,QLD,53
2024,Philippines,482 Temp Skill,Temporary,NSW,693
2019,India,143 Parent,Family,QLD,615
2023,Philippines,200 Refugee,Humanitarian,VIC,256
2022,China,500 Student,Student,VIC,371
2022,Germany,189 Skilled Indep,Skilled,NSW,687
2017,Nepal,500 Student,Student,WA,220
2023,India,485 Temp Graduate,Temporary,WA,541
2016,Philippines,485 Temp Graduate,Temporary,WA,449
2018,Pakistan,482 Temp Skill,Temporary,QLD,369
2016,India,482 Temp Skill,Temporary,NSW,134
2017,India,500 Student,Student,TAS,643
2023,Philippines,500 Student,Student,WA,346
2023,India,202 Global Special,Humanitarian,VIC,518
2023,Nepal,482 Temp Skill,Temporary,NSW,100
2016,China,189 Skilled Indep,Skilled,NSW,494
2020,India,482 Temp Skill,Temporary,ACT,261
2021,NZ,400 Temp Work,Temporary,QLD,391
2024,China,491 Skilled Regional,Skilled,NSW,704
2019,India,190 Skilled Nom,Skilled,VIC,599
2021,Pakistan,500 Student,Student,VIC,375
2018,Nepal,200 Refugee,Humanitarian,NSW,365
2023,Pakistan,500 Student,Student,VIC,241
2023,Germany,190 Skilled Nom,Skilled,QLD,466
2024,India,482 Temp Skill,Temporary,WA,538
2024,Germany,500 Student,Student,NSW,253
2015,South Korea,500 Student,Student,QLD,608
2022,Philippines,200 Refugee,Humanitarian,WA,422
2019,Philippines,500 Student,Student,SA,672
2023,India,820 Partner Temp,Family,NSW,657
2019,India,202 Global Special,Humanitarian,TAS,416
2016,UK,801 Partner Perm,Family,NSW,143
2020,China,143 Parent,Family,VIC,173
2015,Philippines,202 Global Special,Humanitarian,VIC,676
2017,India,491 Skilled Regional,Skilled,SA,84
2024,NZ,500 Student,Student,VIC,517
2024,Philippines,400 Temp Work,Temporary,VIC,715
2022,Germany,485 Temp Graduate,Temporary,VIC,165
2019,Germany,202 Global Special,Humanitarian,NSW,399
2015,India,482 Temp Skill,Temporary,VIC,270
2018,India,482 Temp Skill,Temporary,QLD,133
2017,South Korea,190 Skilled Nom,Skilled,VIC,456
2020,India,491 Skilled Regional,Skilled,QLD,180
2020,NZ,190 Skilled Nom,Skilled,SA,411
2022,Philippines,485 Temp Graduate,Temporary,QLD,531
2022,Vietnam,200 Refugee,Humanitarian,QLD,604
2021,Indonesia,801 Partner Perm,Family,NSW,34
2021,NZ,820 Partner Temp,Family,NSW,474
2016,Sri Lanka,190 Skilled Nom,Skilled,VIC,170
2015,China,482 Temp Skill,Temporary,SA,413
2018,India,482 Temp Skill,Temporary,ACT,243
2021,UK,491 Skilled Regional,Skilled,VIC,501
2015,Pakistan,485 Temp Graduate,Temporary,SA,69
2021,Germany,500 Student,Student,VIC,620
2022,Philippines,482 Temp Skill,Temporary,NSW,266
2023,UK,500 Student,Student,NSW,518
2021,China,189 Skilled Indep,Skilled,QLD,341
2020,Pakistan,485 Temp Graduate,Temporary,WA,98
2018,India,500 Student,Student,ACT,106
2023,India,190 Skilled Nom,Skilled,VIC,294
2023,Sri Lanka,820 Partner Temp,Family,VIC,431
2020,Philippines,500 Student,Student,VIC,596
2022,India,485 Temp Graduate,Temporary,VIC,728
2019,China,500 Student,Student,NSW,595
2023,UK,500 Student,Student,WA,313
2023,Philippines,485 Temp Graduate,Temporary,ACT,309
2023,Nepal,482 Temp Skill,Temporary,NSW,231
2021,India,190 Skilled Nom,Skilled,QLD,508
2024,Philippines,400 Temp Work,Temporary,SA,68
2023,Bangladesh,500 Student,Student,QLD,52
2018,Malaysia,485 Temp Graduate,Temporary,WA,129
2016,Philippines,485 Temp Graduate,Temporary,VIC,371
2022,India,485 Temp Graduate,Temporary,VIC,645
2018,Vietnam,189 Skilled Indep,Skilled,VIC,516
2023,China,190 Skilled Nom,Skilled,VIC,64
2015,UK,500 Student,Student,VIC,533
2016,UK,485 Temp Graduate,Temporary,NSW,596
2016,India,190 Skilled Nom,Skilled,WA,31
2015,Philippines,491 Skilled Regional,Skilled,VIC,348
2015,Vietnam,189 Skilled Indep,Skilled,QLD,701
2015,Sri Lanka,485 Temp Graduate,Temporary,WA,552
2015,India,482 Temp Skill,Temporary,SA,513
2015,India,482 Temp Skill,Temporary,SA,48
2018,Philippines,485 Temp Graduate,Temporary,QLD,233
2020,India,202 Global Special,Humanitarian,NSW,318
2017,Malaysia,491 Skilled Regional,Skilled,NSW,410
2019,China,500 Student,Student,NSW,661
2016,Philippines,500 Student,Student,NSW,59
2024,Philippines,500 Student,Student,NSW,194
2017,NZ,202 Global Special,Humanitarian,NSW,711
2022,UK,190 Skilled Nom,Skilled,NSW,431
2017,Malaysia,491 Skilled Regional,Skilled,VIC,300
2024,Pakistan,190 Skilled Nom,Skilled,VIC,74
2017,India,189 Skilled Indep,Skilled,ACT,325
2015,Nepal,500 Student,Student,NSW,605
2018,India,500 Student,Student,VIC,75
2015,Vietnam,482 Temp Skill,Temporary,VIC,243
2024,UK,190 Skilled Nom,Skilled,QLD,303
2024,China,189 Skilled Indep,Skilled,NSW,494
2017,Philippines,500 Student,Student,QLD,328
2015,Nepal,485 Temp Graduate,Temporary,NSW,586
2023,Nepal,482 Temp Skill,Temporary,NSW,623
2024,Germany,500 Student,Student,SA,448
2024,India,482 Temp Skill,Temporary,SA,362
2023,India,482 Temp Skill,Temporary,NSW,255
2020,NZ,491 Skilled Regional,Skilled,NSW,244
2016,Vietnam,189 Skilled Indep,Skilled,VIC,613
2019,Vietnam,500 Student,Student,WA,560
2016,UK,500 Student,Student,VIC,501
2022,Sri Lanka,190 Skilled Nom,Skilled,QLD,517
2021,Philippines,500 Student,Student,QLD,584
2019,Nepal,485 Temp Graduate,Temporary,VIC,404
2022,Pakistan,820 Partner Temp,Family,WA,192
2022,India,143 Parent,Family,WA,37
2016,Germany,189 Skilled Indep,Skilled,WA,517
2018,NZ,491 Skilled Regional,Skilled,VIC,176
2022,South Korea,500 Student,Student,NSW,253
2019,China,143 Parent,Family,ACT,478
2023,UK,500 Student,Student,QLD,589
2024,China,500 Student,Student,NSW,87
2024,South Korea,482 Temp Skill,Temporary,WA,727
2020,India,200 Refugee,Humanitarian,NSW,272
2018,Sri Lanka,200 Refugee,Humanitarian,NSW,239
2021,China,485 Temp Graduate,Temporary,NSW,485
2021,Germany,485 Temp Graduate,Temporary,QLD,279
2024,Germany,485 Temp Graduate,Temporary,NSW,109
2021,Nepal,189 Skilled Indep,Skilled,WA,581
2022,India,485 Temp Graduate,Temporary,NSW,300
2024,Pakistan,482 Temp Skill,Temporary,VIC,633
2021,Philippines,820 Partner Temp,Family,NSW,724
2023,Indonesia,485 Temp Graduate,Temporary,SA,505
2019,South Korea,500 Student,Student,WA,533
2019,Pakistan,491 Skilled Regional,Skilled,WA,726
2018,South Korea,189 Skilled Indep,Skilled,WA,224
2016,Nepal,190 Skilled Nom,Skilled,ACT,388
2017,China,482 Temp Skill,Temporary,VIC,188
2024,Philippines,801 Partner Perm,Family,VIC,137
2017,China,143 Parent,Family,NSW,229
2017,India,190 Skilled Nom,Skilled,VIC,336
2022,India,143 Parent,Family,WA,588
2021,Germany,485 Temp Graduate,Temporary,QLD,562
2018,China,485 Temp Graduate,Temporary,TAS,469
2018,Nepal,482 Temp Skill,Temporary,WA,614
2016,Philippines,500 Student,Student,NSW,350
2015,India,189 Skilled Indep,Skilled,NSW,655
2015,India,485 Temp Graduate,Temporary,VIC,436
2017,USA,500 Student,Student,QLD,495
2020,India,485 Temp Graduate,Temporary,NSW,678
2019,Philippines,500 Student,Student,WA,156
2022,Pakistan,143 Parent,Family,NSW,710
2023,South Korea,400 Temp Work,Temporary,WA,87
2020,India,500 Student,Student,QLD,355
2018,South Korea,485 Temp Graduate,Temporary,NSW,110
2024,Nepal,820 Partner Temp,Family,NSW,159
2016,China,202 Global Special,Humanitarian,VIC,88
2021,NZ,485 Temp Graduate,Temporary,QLD,458
2017,India,500 Student,Student,QLD,142
2021,Nepal,189 Skilled Indep,Skilled,NSW,67
2024,Sri Lanka,189 Skilled Indep,Skilled,VIC,150
2016,Philippines,190 Skilled Nom,Skilled,QLD,52
2023,UK,190 Skilled Nom,Skilled,SA,195
2016,India,482 Temp Skill,Temporary,QLD,68
2022,China,500 Student,Student,NSW,363
2018,China,485 Temp Graduate,Temporary,NSW,416
2020,Nepal,801 Partner Perm,Family,NSW,714
2018,USA,482 Temp Skill,Temporary,NSW,364
2024,Sri Lanka,801 Partner Perm,Family,NSW,524
2020,Germany,491 Skilled Regional,Skilled,QLD,175
2021,China,190 Skilled Nom,Skilled,WA,610
2020,India,482 Temp Skill,Temporary,VIC,44
2019,Malaysia,202 Global Special,Humanitarian,SA,192
2017,India,500 Student,Student,WA,535
2018,India,820 Partner Temp,Family,SA,145
2023,UK,400 Temp Work,Temporary,ACT,509
2019,Malaysia,485 Temp Graduate,Temporary,NSW,53
2019,Vietnam,190 Skilled Nom,Skilled,QLD,667
2022,Vietnam,500 Student,Student,QLD,680
2024,Germany,820 Partner Temp,Family,NSW,492
2017,Pakistan,190 Skilled Nom,Skilled,VIC,607
2023,Germany,485 Temp Graduate,Temporary,SA,575
2023,China,189 Skilled Indep,Skilled,VIC,649
2017,China,189 Skilled Indep,Skilled,VIC,423
2016,India,500 Student,Student,QLD,38
2024,China,200 Refugee,Humanitarian,QLD,47
2017,UK,820 Partner Temp,Family,NSW,381
2015,UK,485 Temp Graduate,Temporary,NSW,458
2016,Vietnam,482 Temp Skill,Temporary,NSW,715
2018,Philippines,400 Temp Work,Temporary,QLD,546
2015,Philippines,482 Temp Skill,Temporary,QLD,374
2018,Sri Lanka,190 Skilled Nom,Skilled,NSW,371
2021,India,500 Student,Student,NSW,84
2022,Bangladesh,485 Temp Graduate,Temporary,VIC,326
2023,China,485 Temp Graduate,Temporary,VIC,325
2023,India,485 Temp Graduate,Temporary,NSW,498
2024,Philippines,485 Temp Graduate,Temporary,SA,429
2018,NZ,820 Partner Temp,Family,VIC,728
2022,Sri Lanka,491 Skilled Regional,Skilled,NSW,364
2021,India,820 Partner Temp,Family,QLD,117
2015,India,400 Temp Work,Temporary,SA,195
2017,Pakistan,820 Partner Temp,Family,WA,263
2017,China,202 Global Special,Humanitarian,VIC,495
2017,Nepal,801 Partner Perm,Family,ACT,419
2017,Vietnam,485 Temp Graduate,Temporary,NSW,37
2018,China,500 Student,Student,VIC,78
2017,China,485 Temp Graduate,Temporary,VIC,302
2017,India,801 Partner Perm,Family,VIC,153
2017,Philippines,485 Temp Graduate,Temporary,NSW,593
2021,India,801 Partner Perm,Family,VIC,181
2017,China,485 Temp Graduate,Temporary,QLD,682
2016,USA,500 Student,Student,NSW,250
2023,NZ,190 Skilled Nom,Skilled,QLD,194
2018,India,500 Student,Student,NSW,227
2024,Nepal,485 Temp Graduate,Temporary,NSW,337
2021,Malaysia,485 Temp Graduate,Temporary,VIC,129
2017,NZ,189 Skilled Indep,Skilled,VIC,419
2016,UK,485 Temp Graduate,Temporary,VIC,557
2023,Pakistan,482 Temp Skill,Temporary,VIC,635
2017,Philippines,485 Temp Graduate,Temporary,WA,306
2015,Pakistan,485 Temp Graduate,Temporary,NSW,127
2021,Pakistan,482 Temp Skill,Temporary,VIC,316
2015,South Korea,500 Student,Student,QLD,418
2015,Vietnam,202 Global Special,Humanitarian,NSW,212
2022,NZ,143 Parent,Family,QLD,313
2017,India,500 Student,Student,SA,287
2022,Germany,190 Skilled Nom,Skilled,ACT,110
2021,Sri Lanka,485 Temp Graduate,Temporary,SA,541
2015,Bangladesh,485 Temp Graduate,Temporary,VIC,406
2024,China,485 Temp Graduate,Temporary,VIC,664
2018,Germany,801 Partner Perm,Family,NSW,131
2022,South Korea,485 Temp Graduate,Temporary,NSW,439
2021,China,801 Partner Perm,Family,QLD,667
2018,India,202 Global Special,Humanitarian,NSW,636
2023,China,500 Student,Student,WA,271
2015,UK,485 Temp Graduate,Temporary,VIC,288
2018,NZ,485 Temp Graduate,Temporary,VIC,561
2024,Philippines,485 Temp Graduate,Temporary,VIC,615
2017,India,482 Temp Skill,Temporary,NSW,287
2019,Philippines,820 Partner Temp,Family,VIC,501
2023,China,500 Student,Student,QLD,491
2017,Vietnam,485 Temp Graduate,Temporary,QLD,555
2017,India,190 Skilled Nom,Skilled,QLD,121
2017,India,200 Refugee,Humanitarian,QLD,721
2022,Pakistan,190 Skilled Nom,Skilled,QLD,280
2020,UK,190 Skilled Nom,Skilled,WA,236
2019,India,500 Student,Student,NSW,581
2023,China,190 Skilled Nom,Skilled,QLD,250
2021,Vietnam,189 Skilled Indep,Skilled,QLD,511
2016,China,482 Temp Skill,Temporary,NSW,676
2024,China,500 Student,Student,NSW,266
2021,Germany,485 Temp Graduate,Temporary,SA,180
2023,China,500 Student,Student,ACT,64
2021,Philippines,143 Parent,Family,VIC,544
2024,Bangladesh,482 Temp Skill,Temporary,QLD,462
2018,Nepal,482 Temp Skill,Temporary,VIC,626
2019,Malaysia,801 Partner Perm,Family,NSW,263
2020,India,482 Temp Skill,Temporary,VIC,551
2018,Nepal,500 Student,Student,VIC,95
2020,Philippines,820 Partner Temp,Family,WA,356
2024,Sri Lanka,189 Skilled Indep,Skilled,VIC,442
2022,UK,500 Student,Student,WA,663
2017,Vietnam,482 Temp Skill,Temporary,QLD,469
2022,India,485 Temp Graduate,Temporary,NSW,222
2015,Indonesia,485 Temp Graduate,Temporary,SA,70
2016,India,500 Student,Student,WA,62
2018,China,820 Partner Temp,Family,NSW,403
2021,China,482 Temp Skill,Temporary,NSW,342
2016,South Korea,500 Student,Student,NSW,531
2021,China,485 Temp Graduate,Temporary,WA,609
2021,China,485 Temp Graduate,Temporary,VIC,640
2024,South Korea,400 Temp Work,Temporary,QLD,548
2018,India,485 Temp Graduate,Temporary,NSW,367
2024,China,190 Skilled Nom,Skilled,QLD,515
2017,India,491 Skilled Regional,Skilled,QLD,450
2023,Malaysia,485 Temp Graduate,Temporary,WA,578
2021,Malaysia,482 Temp Skill,Temporary,WA,484
2021,Nepal,820 Partner Temp,Family,NSW,545
2018,South Korea,485 Temp Graduate,Temporary,VIC,631
2016,Pakistan,500 Student,Student,QLD,467
2019,NZ,143 Parent,Family,VIC,236
2019,India,485 Temp Graduate,Temporary,QLD,363
2021,China,200 Refugee,Humanitarian,NSW,429
2015,Pakistan,202 Global Special,Humanitarian,QLD,498
2019,India,202 Global Special,Humanitarian,QLD,129
2023,India,485 Temp Graduate,Temporary,WA,123
2023,Nepal,482 Temp Skill,Temporary,QLD,462
2019,Indonesia,482 Temp Skill,Temporary,ACT,669
2020,China,491 Skilled Regional,Skilled,NSW,664
2023,China,190 Skilled Nom,Skilled,NSW,286
2024,China,485 Temp Graduate,Temporary,NSW,648
2017,China,190 Skilled Nom,Skilled,NSW,116
2020,Philippines,485 Temp Graduate,Temporary,NSW,157
2021,Vietnam,500 Student,Student,VIC,569
2020,Nepal,482 Temp Skill,Temporary,VIC,217
2017,NZ,190 Skilled Nom,Skilled,WA,379
2022,China,482 Temp Skill,Temporary,QLD,475
2021,Germany,190 Skilled Nom,Skilled,VIC,401
2020,China,820 Partner Temp,Family,VIC,367
2016,Philippines,485 Temp Graduate,Temporary,WA,655
2022,UK,485 Temp Graduate,Temporary,QLD,142
2018,NZ,500 Student,Student,NSW,516
2021,Sri Lanka,482 Temp Skill,Temporary,QLD,74
2019,Nepal,400 Temp Work,Temporary,VIC,438
2015,Vietnam,500 Student,Student,NSW,150
2023,China,485 Temp Graduate,Temporary,VIC,161
2020,India,189 Skilled Indep,Skilled,SA,160
2016,Philippines,801 Partner Perm,Family,QLD,475
2019,India,189 Skilled Indep,Skilled,VIC,298
2017,Vietnam,400 Temp Work,Temporary,VIC,222
2023,South Korea,189 Skilled Indep,Skilled,WA,608
2019,South Korea,190 Skilled Nom,Skilled,VIC,286
2017,India,485 Temp Graduate,Temporary,NSW,292
2023,Malaysia,500 Student,Student,WA,297
2021,India,400 Temp Work,Temporary,NSW,594
2017,Nepal,189 Skilled Indep,Skilled,QLD,706
2021,China,200 Refugee,Humanitarian,NSW,419
2017,USA,485 Temp Graduate,Temporary,NSW,549
2022,India,491 Skilled Regional,Skilled,NSW,705
2019,Philippines,491 Skilled Regional,Skilled,QLD,224
2023,NZ,500 Student,Student,VIC,75
2016,South Korea,189 Skilled Indep,Skilled,ACT,102
2017,Philippines,482 Temp Skill,Temporary,VIC,444
2019,Malaysia,189 Skilled Indep,Skilled,QLD,242
2023,South Korea,400 Temp Work,Temporary,VIC,199
2016,Nepal,500 Student,Student,VIC,506
2024,NZ,485 Temp Graduate,Temporary,WA,452
2015,Bangladesh,400 Temp Work,Temporary,QLD,50
2017,Germany,485 Temp Graduate,Temporary,NSW,357
2020,Nepal,202 Global Special,Humanitarian,NSW,391
2020,China,190 Skilled Nom,Skilled,TAS,622
2019,Philippines,801 Partner Perm,Family,QLD,703
2016,UK,500 Student,Student,VIC,670
2022,India,200 Refugee,Humanitarian,VIC,512
2022,India,400 Temp Work,Temporary,QLD,122
2022,Philippines,482 Temp Skill,Temporary,WA,609
2023,Pakistan,801 Partner Perm,Family,VIC,412
2018,Bangladesh,485 Temp Graduate,Temporary,VIC,72
2018,India,820 Partner Temp,Family,VIC,147
2017,UK,820 Partner Temp,Family,VIC,601
2023,Sri Lanka,500 Student,Student,NSW,415
2016,China,485 Temp Graduate,Temporary,WA,629
2024,Vietnam,500 Student,Student,VIC,684
2024,India,801 Partner Perm,Family,VIC,314
2020,Vietnam,189 Skilled Indep,Skilled,VIC,297
2019,China,491 Skilled Regional,Skilled,VIC,364
2019,Pakistan,485 Temp Graduate,Temporary,NSW,356
2023,India,400 Temp Work,Temporary,VIC,236
2024,Bangladesh,189 Skilled Indep,Skilled,NSW,352
2017,India,485 Temp Graduate,Temporary,VIC,613
2022,Nepal,190 Skilled Nom,Skilled,VIC,220
2023,China,485 Temp Graduate,Temporary,WA,416
2018,Philippines,820 Partner Temp,Family,TAS,349
2018,Nepal,482 Temp Skill,Temporary,WA,499
2015,Sri Lanka,485 Temp Graduate,Temporary,NSW,653
2017,UK,189 Skilled Indep,Skilled,VIC,162
2020,India,485 Temp Graduate,Temporary,NSW,87
2020,Vietnam,189 Skilled Indep,Skilled,NSW,576
2022,Nepal,491 Skilled Regional,Skilled,TAS,132
2023,Indonesia,820 Partner Temp,Family,QLD,476
2018,India,143 Parent,Family,VIC,369
2017,South Korea,482 Temp Skill,Temporary,QLD,62
2017,China,500 Student,Student,ACT,518
2019,Philippines,189 Skilled Indep,Skilled,VIC,716
2016,India,500 Student,Student,NSW,154
2021,India,500 Student,Student,WA,648
2016,India,801 Partner Perm,Family,QLD,608
2021,China,485 Temp Graduate,Temporary,QLD,248
2016,USA,482 Temp Skill,Temporary,WA,236
2023,Pakistan,500 Student,Student,SA,79
2023,Bangladesh,500 Student,Student,NSW,397
2021,China,189 Skilled Indep,Skilled,NSW,298
2024,India,189 Skilled Indep,Skilled,VIC,66
2018,Nepal,189 Skilled Indep,Skilled,NSW,570
2019,NZ,820 Partner Temp,Family,QLD,445
2017,China,190 Skilled Nom,Skilled,VIC,158
2021,Philippines,202 Global Special,Humanitarian,VIC,42
2019,China,189 Skilled Indep,Skilled,NSW,217
2024,China,485 Temp Graduate,Temporary,VIC,452
2021,Vietnam,485 Temp Graduate,Temporary,QLD,235
2015,UK,189 Skilled Indep,Skilled,NSW,434
2016,UK,190 Skilled Nom,Skilled,NSW,274
2022,Philippines,801 Partner Perm,Family,WA,48
2023,South Korea,482 Temp Skill,Temporary,NSW,221
2021,Malaysia,400 Temp Work,Temporary,WA,398
2024,India,485 Temp Graduate,Temporary,VIC,130
2023,Pakistan,482 Temp Skill,Temporary,WA,695
2022,Indonesia,190 Skilled Nom,Skilled,NSW,551
2022,Vietnam,482 Temp Skill,Temporary,VIC,167
2018,India,500 Student,Student,NSW,594
2015,USA,202 Global Special,Humanitarian,NSW,270
2020,Nepal,482 Temp Skill,Temporary,NSW,576
2022,Bangladesh,485 Temp Graduate,Temporary,NSW,273
2023,India,801 Partner Perm,Family,TAS,442
2021,India,500 Student,Student,NSW,630
2019,China,485 Temp Graduate,Temporary,VIC,551
2016,Pakistan,485 Temp Graduate,Temporary,NSW,260
2019,UK,400 Temp Work,Temporary,WA,42
2024,China,500 Student,Student,QLD,41
2021,Malaysia,482 Temp Skill,Temporary,QLD,121
2022,Bangladesh,500 Student,Student,VIC,338
2024,Sri Lanka,801 Partner Perm,Family,VIC,724
2017,India,500 Student,Student,QLD,117
2017,Philippines,485 Temp Graduate,Temporary,VIC,85
2022,Vietnam,500 Student,Student,VIC,483
2015,USA,500 Student,Student,VIC,685
2018,USA,485 Temp Graduate,Temporary,QLD,285
2023,Philippines,500 Student,Student,ACT,398
2023,India,190 Skilled Nom,Skilled,NSW,225
2016,India,190 Skilled Nom,Skilled,SA,132
2015,China,485 Temp Graduate,Temporary,NSW,254
2024,UK,485 Temp Graduate,Temporary,NSW,118
2020,China,801 Partner Perm,Family,TAS,617
2020,NZ,200 Refugee,Humanitarian,VIC,624
2021,China,485 Temp Graduate,Temporary,NSW,484
2022,Pakistan,485 Temp Graduate,Temporary,NSW,581
2018,China,485 Temp Graduate,Temporary,VIC,450
2020,Philippines,801 Partner Perm,Family,WA,486
2022,South Korea,482 Temp Skill,Temporary,VIC,674
2018,Pakistan,190 Skilled Nom,Skilled,VIC,639
2021,NZ,485 Temp Graduate,Temporary,VIC,631
2018,Nepal,143 Parent,Family,VIC,72
2024,Pakistan,400 Temp Work,Temporary,VIC,34
2015,India,482 Temp Skill,Temporary,QLD,586
2022,Philippines,820 Partner Temp,Family,VIC,339
2020,USA,485 Temp Graduate,Temporary,VIC,201
2021,Philippines,801 Partner Perm,Family,NSW,584
2017,Sri Lanka,200 Refugee,Humanitarian,QLD,169
2024,China,482 Temp Skill,Temporary,VIC,358
2019,Sri Lanka,491 Skilled Regional,Skilled,VIC,284
2022,India,143 Parent,Family,NSW,159
2015,India,820 Partner Temp,Family,VIC,421
2017,India,500 Student,Student,VIC,353
2023,Philippines,482 Temp Skill,Temporary,WA,168
2015,Vietnam,485 Temp Graduate,Temporary,VIC,37
2018,India,485 Temp Graduate,Temporary,NSW,284
2017,Germany,820 Partner Temp,Family,NSW,387
2018,India,143 Parent,Family,SA,706
2021,Bangladesh,820 Partner Temp,Family,SA,556
2023,India,482 Temp Skill,Temporary,VIC,702
2020,Malaysia,485 Temp Graduate,Temporary,TAS,206
2023,Vietnam,500 Student,Student,QLD,703
2022,India,801 Partner Perm,Family,VIC,411
2024,Philippines,189 Skilled Indep,Skilled,VIC,283
2016,China,820 Partner Temp,Family,NSW,133
2023,Germany,189 Skilled Indep,Skilled,VIC,280
2022,Philippines,189 Skilled Indep,Skilled,WA,296
2024,China,400 Temp Work,Temporary,QLD,697
2015,China,801 Partner Perm,Family,SA,452
2016,Pakistan,482 Temp Skill,Temporary,NSW,483
2015,Sri Lanka,491 Skilled Regional,Skilled,NSW,98
2015,Pakistan,491 Skilled Regional,Skilled,VIC,275
2017,Indonesia,500 Student,Student,NSW,459
2021,Pakistan,189 Skilled Indep,Skilled,WA,220
2018,NZ,485 Temp Graduate,Temporary,TAS,405
2016,Nepal,500 Student,Student,SA,81
2022,India,143 Parent,Family,VIC,475
2016,China,820 Partner Temp,Family,NSW,405
2024,Pakistan,189 Skilled Indep,Skilled,VIC,331
2018,Pakistan,400 Temp Work,Temporary,QLD,505
2015,India,485 Temp Graduate,Temporary,QLD,636
2016,India,400 Temp Work,Temporary,NSW,701
2015,Nepal,482 Temp Skill,Temporary,NSW,255
2017,Malaysia,500 Student,Student,QLD,273
2021,Sri Lanka,485 Temp Graduate,Temporary,NSW,729
2018,Philippines,482 Temp Skill,Temporary,NSW,70
2015,UK,190 Skilled Nom,Skilled,VIC,33
2018,India,820 Partner Temp,Family,VIC,628
2018,Nepal,500 Student,Student,ACT,705
2017,Pakistan,820 Partner Temp,Family,WA,257
2022,NZ,485 Temp Graduate,Temporary,NSW,277
2016,Vietnam,200 Refugee,Humanitarian,VIC,693
2020,NZ,189 Skilled Indep,Skilled,VIC,619
2015,Philippines,820 Partner Temp,Family,QLD,338
2019,Sri Lanka,485 Temp Graduate,Temporary,SA,146
2022,Malaysia,190 Skilled Nom,Skilled,VIC,36
2018,Sri Lanka,485 Temp Graduate,Temporary,WA,431
2016,China,189 Skilled Indep,Skilled,NSW,499
2020,Philippines,143 Parent,Family,QLD,178
2024,Pakistan,491 Skilled Regional,Skilled,WA,383
2022,Malaysia,482 Temp Skill,Temporary,SA,95
2019,Nepal,485 Temp Graduate,Temporary,NSW,59
2021,USA,482 Temp Skill,Temporary,SA,230
2018,India,820 Partner Temp,Family,VIC,235
2018,India,143 Parent,Family,NSW,378
2023,India,189 Skilled Indep,Skilled,VIC,113
2023,South Korea,801 Partner Perm,Family,VIC,337
2020,South Korea,500 Student,Student,WA,161
2022,Philippines,482 Temp Skill,Temporary,WA,554
2023,Nepal,190 Skilled Nom,Skilled,VIC,439
2021,Bangladesh,190 Skilled Nom,Skilled,VIC,441
2024,India,485 Temp Graduate,Temporary,VIC,50
2021,India,500 Student,Student,SA,637
2020,Philippines,190 Skilled Nom,Skilled,NSW,200
2022,Sri Lanka,400 Temp Work,Temporary,NSW,705
2021,Sri Lanka,500 Student,Student,NSW,557
2023,UK,500 Student,Student,VIC,330
2022,Sri Lanka,189 Skilled Indep,Skilled,VIC,247
2020,Philippines,820 Partner Temp,Family,WA,608
2022,Nepal,202 Global Special,Humanitarian,QLD,343
2023,India,482 Temp Skill,Temporary,QLD,424
2019,Vietnam,400 Temp Work,Temporary,QLD,430
2018,Philippines,482 Temp Skill,Temporary,WA,207
2023,India,500 Student,Student,WA,502
2016,Sri Lanka,820 Partner Temp,Family,SA,165
2020,India,200 Refugee,Humanitarian,NSW,395
2015,Philippines,500 Student,Student,NSW,706
2022,China,189 Skilled Indep,Skilled,SA,565
2024,Vietnam,485 Temp Graduate,Temporary,NSW,159
2024,India,485 Temp Graduate,Temporary,WA,117
2018,Bangladesh,500 Student,Student,NSW,524
2023,Sri Lanka,801 Partner Perm,Family,QLD,506
2021,India,189 Skilled Indep,Skilled,WA,467
2017,Vietnam,801 Partner Perm,Family,VIC,141
2015,India,485 Temp Graduate,Temporary,NSW,204
2021,India,200 Refugee,Humanitarian,NSW,79
2018,UK,482 Temp Skill,Temporary,QLD,243
2023,Philippines,500 Student,Student,NSW,275
2024,Philippines,190 Skilled Nom,Skilled,VIC,81
2021,India,482 Temp Skill,Temporary,QLD,567
2021,Sri Lanka,485 Temp Graduate,Temporary,NSW,423
2016,UK,190 Skilled Nom,Skilled,NSW,282
2018,Indonesia,400 Temp Work,Temporary,QLD,134
2023,India,485 Temp Graduate,Temporary,VIC,172
2019,Philippines,491 Skilled Regional,Skilled,QLD,360
2018,Philippines,500 Student,Student,QLD,701
2020,Nepal,190 Skilled Nom,Skilled,VIC,711
2020,Nepal,200 Refugee,Humanitarian,ACT,283
2019,China,820 Partner Temp,Family,NSW,294
2019,India,485 Temp Graduate,Temporary,SA,590
2020,Philippines,500 Student,Student,WA,69
2024,NZ,143 Parent,Family,VIC,271
2023,China,482 Temp Skill,Temporary,VIC,622
2020,UK,500 Student,Student,WA,625
2015,Germany,190 Skilled Nom,Skilled,VIC,696
2023,Pakistan,482 Temp Skill,Temporary,WA,87
2021,China,485 Temp Graduate,Temporary,VIC,703
2016,Vietnam,491 Skilled Regional,Skilled,VIC,642
2023,India,500 Student,Student,VIC,72
2020,Germany,485 Temp Graduate,Temporary,QLD,696
2017,Vietnam,190 Skilled Nom,Skilled,NSW,412
2023,China,190 Skilled Nom,Skilled,WA,601
2017,Nepal,189 Skilled Indep,Skilled,WA,36
2023,India,190 Skilled Nom,Skilled,VIC,516
2021,India,190 Skilled Nom,Skilled,VIC,432
2018,China,189 Skilled Indep,Skilled,NSW,726
2018,China,400 Temp Work,Temporary,QLD,50
2017,UK,485 Temp Graduate,Temporary,SA,499
2016,India,485 Temp Graduate,Temporary,VIC,498
2017,Pakistan,820 Partner Temp,Family,QLD,216
2018,Bangladesh,200 Refugee,Humanitarian,VIC,396
2017,India,485 Temp Graduate,Temporary,QLD,343
2018,Philippines,500 Student,Student,VIC,152
2018,Nepal,400 Temp Work,Temporary,NSW,71
2023,South Korea,500 Student,Student,VIC,500
2020,India,189 Skilled Indep,Skilled,VIC,729
2016,Indonesia,190 Skilled Nom,Skilled,VIC,105
2020,Nepal,500 Student,Student,NSW,277
2017,India,485 Temp Graduate,Temporary,NSW,532
2022,China,143 Parent,Family,ACT,170
2019,NZ,500 Student,Student,VIC,293
2024,China,820 Partner Temp,Family,QLD,618
2015,Philippines,485 Temp Graduate,Temporary,VIC,335
2016,India,500 Student,Student,QLD,304
2022,Sri Lanka,482 Temp Skill,Temporary,QLD,385
2017,Pakistan,801 Partner Perm,Family,ACT,440
2015,Indonesia,190 Skilled Nom,Skilled,SA,376
2020,India,189 Skilled Indep,Skilled,NSW,48
2023,Pakistan,189 Skilled Indep,Skilled,NSW,199
2019,India,485 Temp Graduate,Temporary,WA,267
2020,Pakistan,820 Partner Temp,Family,NSW,414
2015,Vietnam,485 Temp Graduate,Temporary,QLD,83
2022,Nepal,500 Student,Student,VIC,698
2024,South Korea,485 Temp Graduate,Temporary,SA,665
2015,India,500 Student,Student,VIC,85
2016,Malaysia,801 Partner Perm,Family,VIC,246
2016,India,801 Partner Perm,Family,NSW,680
2023,Philippines,400 Temp Work,Temporary,NSW,478
2024,Pakistan,143 Parent,Family,VIC,158
2024,India,485 Temp Graduate,Temporary,NSW,204
2017,Germany,485 Temp Graduate,Temporary,NSW,503
2018,Nepal,491 Skilled Regional,Skilled,SA,351
2022,Germany,485 Temp Graduate,Temporary,VIC,404
2017,Bangladesh,482 Temp Skill,Temporary,VIC,68
2023,China,485 Temp Graduate,Temporary,NSW,73
2018,Pakistan,482 Temp Skill,Temporary,VIC,399
2017,China,500 Student,Student,WA,181
2016,Sri Lanka,190 Skilled Nom,Skilled,ACT,535
2024,China,190 Skilled Nom,Skilled,SA,583
2016,Pakistan,200 Refugee,Humanitarian,NSW,344
2024,Nepal,485 Temp Graduate,Temporary,VIC,616
2016,Nepal,485 Temp Graduate,Temporary,NSW,427
2023,NZ,500 Student,Student,NSW,53
2018,Philippines,202 Global Special,Humanitarian,VIC,135
2024,Philippines,500 Student,Student,NSW,111
2024,India,482 Temp Skill,Temporary,VIC,695
2024,Vietnam,500 Student,Student,NSW,179
2017,China,500 Student,Student,NSW,129
2015,Sri Lanka,189 Skilled Indep,Skilled,SA,96
2024,India,500 Student,Student,NSW,567
2021,Nepal,200 Refugee,Humanitarian,WA,655
2017,South Korea,500 Student,Student,NSW,706
2019,NZ,482 Temp Skill,Temporary,VIC,460
2023,Nepal,500 Student,Student,SA,159
2015,India,500 Student,Student,VIC,461
2021,Pakistan,190 Skilled Nom,Skilled,NSW,261
2015,NZ,820 Partner Temp,Family,VIC,694
2018,India,491 Skilled Regional,Skilled,QLD,318
2021,India,500 Student,Student,QLD,128
2018,China,202 Global Special,Humanitarian,NSW,407
2022,Sri Lanka,820 Partner Temp,Family,VIC,438
2019,Philippines,485 Temp Graduate,Temporary,NSW,586
2020,China,485 Temp Graduate,Temporary,NSW,521
2018,UK,500 Student,Student,VIC,584
2019,Philippines,189 Skilled Indep,Skilled,QLD,203
2018,Malaysia,200 Refugee,Humanitarian,NSW,354
2017,Nepal,500 Student,Student,NSW,69
2016,Nepal,143 Parent,Family,QLD,646
2022,Vietnam,500 Student,Student,VIC,94
2017,Philippines,482 Temp Skill,Temporary,VIC,93
2015,Philippines,190 Skilled Nom,Skilled,VIC,93
2024,Vietnam,820 Partner Temp,Family,QLD,485
2016,Sri Lanka,801 Partner Perm,Family,NSW,74
2016,Pakistan,202 Global Special,Humanitarian,WA,95
2021,India,500 Student,Student,NSW,474
2018,Pakistan,189 Skilled Indep,Skilled,VIC,417
2022,Germany,482 Temp Skill,Temporary,NSW,605
2021,India,143 Parent,Family,QLD,476
2021,Malaysia,200 Refugee,Humanitarian,VIC,104
2021,UK,189 Skilled Indep,Skilled,VIC,197
2016,China,500 Student,Student,QLD,466
2022,UK,143 Parent,Family,VIC,639
2018,India,500 Student,Student,WA,487
2022,China,485 Temp Graduate,Temporary,NSW,620
2020,China,485 Temp Graduate,Temporary,VIC,219
2016,China,500 Student,Student,VIC,434
2017,Sri Lanka,189 Skilled Indep,Skilled,SA,149
2018,Philippines,482 Temp Skill,Temporary,VIC,406
2015,China,485 Temp Graduate,Temporary,NSW,140
2020,India,820 Partner Temp,Family,NSW,229
2015,Philippines,189 Skilled Indep,Skilled,NSW,109
2020,Malaysia,485 Temp Graduate,Temporary,NSW,596
2024,Sri Lanka,485 Temp Graduate,Temporary,SA,606
2023,Sri Lanka,485 Temp Graduate,Temporary,NSW,311
2021,Germany,500 Student,Student,NSW,449
2015,Vietnam,143 Parent,Family,NSW,554
2018,Nepal,500 Student,Student,VIC,153
2018,Vietnam,485 Temp Graduate,Temporary,NSW,441
2017,China,500 Student,Student,VIC,503
2023,Germany,820 Partner Temp,Family,QLD,169
2018,India,190 Skilled Nom,Skilled,NSW,86
2017,NZ,190 Skilled Nom,Skilled,QLD,184
2022,India,485 Temp Graduate,Temporary,QLD,560
2016,India,500 Student,Student,NSW,148
2022,Philippines,491 Skilled Regional,Skilled,VIC,306
2018,China,485 Temp Graduate,Temporary,VIC,64
2021,Philippines,500 Student,Student,VIC,152
2018,Nepal,485 Temp Graduate,Temporary,QLD,284
2023,China,485 Temp Graduate,Temporary,NSW,545
2017,Philippines,189 Skilled Indep,Skilled,NSW,402
2023,China,820 Partner Temp,Family,SA,124
2015,India,482 Temp Skill,Temporary,VIC,283
2015,Nepal,500 Student,Student,QLD,400
2024,China,485 Temp Graduate,Temporary,VIC,532
2018,UK,820 Partner Temp,Family,NSW,370
2020,Sri Lanka,200 Refugee,Humanitarian,WA,425
2016,China,482 Temp Skill,Temporary,VIC,574
2024,Philippines,143 Parent,Family,NSW,316
2019,Malaysia,400 Temp Work,Temporary,NSW,606
2022,China,485 Temp Graduate,Temporary,NSW,184
2021,Indonesia,485 Temp Graduate,Temporary,QLD,200
2017,China,400 Temp Work,Temporary,NSW,53
2021,China,485 Temp Graduate,Temporary,NSW,228
2017,Sri Lanka,200 Refugee,Humanitarian,VIC,54
2021,Pakistan,190 Skilled Nom,Skilled,WA,146
2020,India,820 Partner Temp,Family,QLD,190
2015,USA,189 Skilled Indep,Skilled,VIC,90
2018,China,820 Partner Temp,Family,QLD,466
2016,India,801 Partner Perm,Family,NSW,497
2018,Sri Lanka,500 Student,Student,QLD,636
2022,China,500 Student,Student,VIC,421
2015,Germany,200 Refugee,Humanitarian,NSW,641
2017,Nepal,500 Student,Student,QLD,693
2023,Vietnam,485 Temp Graduate,Temporary,VIC,41
2016,China,485 Temp Graduate,Temporary,VIC,470
2017,India,400 Temp Work,Temporary,WA,403
2018,Bangladesh,189 Skilled Indep,Skilled,VIC,666
2022,India,820 Partner Temp,Family,QLD,595
2024,Bangladesh,491 Skilled Regional,Skilled,QLD,229
2019,India,500 Student,Student,SA,609
2021,USA,482 Temp Skill,Temporary,QLD,715
2024,Bangladesh,190 Skilled Nom,Skilled,NSW,245
2022,UK,820 Partner Temp,Family,VIC,695
2018,India,820 Partner Temp,Family,WA,32
2022,China,482 Temp Skill,Temporary,NSW,626
2018,Vietnam,143 Parent,Family,NSW,164
2016,Malaysia,485 Temp Graduate,Temporary,VIC,593
2017,India,485 Temp Graduate,Temporary,ACT,243
2018,Indonesia,200 Refugee,Humanitarian,QLD,728
2020,UK,801 Partner Perm,Family,WA,110
2017,UK,189 Skilled Indep,Skilled,VIC,447
2022,Philippines,485 Temp Graduate,Temporary,VIC,709
2018,Philippines,482 Temp Skill,Temporary,VIC,589
2024,China,485 Temp Graduate,Temporary,ACT,265
2024,South Korea,189 Skilled Indep,Skilled,SA,213
2023,Indonesia,485 Temp Graduate,Temporary,NSW,533
2024,NZ,485 Temp Graduate,Temporary,VIC,584
2017,Indonesia,482 Temp Skill,Temporary,VIC,174
2016,Vietnam,482 Temp Skill,Temporary,VIC,39
2018,NZ,820 Partner Temp,Family,NSW,156
2021,China,801 Partner Perm,Family,VIC,721
2017,China,801 Partner Perm,Family,ACT,509
2022,Germany,500 Student,Student,NSW,285
2021,India,400 Temp Work,Temporary,QLD,652
2016,NZ,202 Global Special,Humanitarian,QLD,600
2016,India,485 Temp Graduate,Temporary,QLD,532
2020,China,189 Skilled Indep,Skilled,VIC,512
2023,India,500 Student,Student,WA,222
2016,UK,500 Student,Student,WA,329
2022,Pakistan,491 Skilled Regional,Skilled,QLD,200
2020,Vietnam,491 Skilled Regional,Skilled,QLD,617
2024,Malaysia,485 Temp Graduate,Temporary,NSW,582
2022,Philippines,190 Skilled Nom,Skilled,WA,54
2015,Germany,820 Partner Temp,Family,NSW,392
2024,Vietnam,482 Temp Skill,Temporary,NSW,602
2020,South Korea,400 Temp Work,Temporary,VIC,561
2024,India,400 Temp Work,Temporary,NSW,531
2018,Malaysia,482 Temp Skill,Temporary,QLD,485
2015,UK,500 Student,Student,NSW,558
2024,China,820 Partner Temp,Family,NSW,365
2017,Pakistan,200 Refugee,Humanitarian,SA,510
2017,UK,485 Temp Graduate,Temporary,SA,146
2023,Sri Lanka,190 Skilled Nom,Skilled,WA,724
2024,Pakistan,482 Temp Skill,Temporary,QLD,491
2022,Nepal,202 Global Special,Humanitarian,VIC,453
2023,UK,485 Temp Graduate,Temporary,VIC,293
2021,China,190 Skilled Nom,Skilled,ACT,333
2020,Philippines,202 Global Special,Humanitarian,NSW,171
2017,India,500 Student,Student,VIC,403
2017,India,200 Refugee,Humanitarian,WA,555
2023,USA,482 Temp Skill,Temporary,QLD,539
2022,Sri Lanka,189 Skilled Indep,Skilled,NSW,109
2018,Sri Lanka,189 Skilled Indep,Skilled,NSW,165
2016,South Korea,143 Parent,Family,NSW,723
2016,Malaysia,500 Student,Student,NSW,153
2017,Malaysia,190 Skilled Nom,Skilled,NSW,227
2016,India,500 Student,Student,TAS,533
2018,China,485 Temp Graduate,Temporary,QLD,684
2015,Pakistan,485 Temp Graduate,Temporary,VIC,143
2024,Malaysia,189 Skilled Indep,Skilled,VIC,208
2024,India,190 Skilled Nom,Skilled,ACT,638
2018,China,500 Student,Student,VIC,516
2018,Vietnam,143 Parent,Family,QLD,56
2017,Bangladesh,482 Temp Skill,Temporary,ACT,167
2016,India,801 Partner Perm,Family,NSW,619
2023,UK,189 Skilled Indep,Skilled,NSW,200
2017,China,500 Student,Student,QLD,120
2024,India,485 Temp Graduate,Temporary,VIC,308
2019,Philippines,500 Student,Student,VIC,196
2018,China,482 Temp Skill,Temporary,VIC,610
2020,China,482 Temp Skill,Temporary,QLD,250
2022,Pakistan,801 Partner Perm,Family,WA,367
2021,India,485 Temp Graduate,Temporary,NSW,338
2017,India,500 Student,Student,WA,236
2023,India,500 Student,Student,VIC,121
2021,South Korea,500 Student,Student,VIC,541
2016,Pakistan,801 Partner Perm,Family,QLD,710
2022,Indonesia,500 Student,Student,WA,720
2015,South Korea,500 Student,Student,WA,141
2018,Nepal,500 Student,Student,VIC,407
2018,Pakistan,500 Student,Student,VIC,238
2015,Nepal,482 Temp Skill,Temporary,VIC,719
2018,Philippines,491 Skilled Regional,Skilled,WA,210
2023,Malaysia,500 Student,Student,WA,203
2021,UK,801 Partner Perm,Family,WA,586
2017,Pakistan,189 Skilled Indep,Skilled,QLD,63
2016,Malaysia,200 Refugee,Humanitarian,NSW,215
2022,Sri Lanka,820 Partner Temp,Family,NSW,246
2018,Vietnam,485 Temp Graduate,Temporary,NSW,292
2016,Philippines,143 Parent,Family,VIC,396
2024,Pakistan,801 Partner Perm,Family,VIC,616
2016,Philippines,200 Refugee,Humanitarian,VIC,658
2023,India,190 Skilled Nom,Skilled,QLD,226
2021,Philippines,190 Skilled Nom,Skilled,VIC,40
2015,Nepal,485 Temp Graduate,Temporary,WA,188
2018,India,491 Skilled Regional,Skilled,QLD,112
2023,Sri Lanka,190 Skilled Nom,Skilled,VIC,99
2021,India,485 Temp Graduate,Temporary,QLD,639
2016,Philippines,500 Student,Student,QLD,633
2017,Germany,485 Temp Graduate,Temporary,QLD,47
2019,Philippines,482 Temp Skill,Temporary,QLD,30
2015,Sri Lanka,500 Student,Student,VIC,115
2017,China,500 Student,Student,VIC,659
2021,Philippines,482 Temp Skill,Temporary,SA,318
2015,UK,801 Partner Perm,Family,NSW,180
2022,China,200 Refugee,Humanitarian,WA,41
2020,Sri Lanka,482 Temp Skill,Temporary,WA,31
2023,UK,190 Skilled Nom,Skilled,WA,71
2022,China,485 Temp Graduate,Temporary,QLD,570
2019,China,189 Skilled Indep,Skilled,NSW,170
2015,UK,500 Student,Student,QLD,162
2017,Sri Lanka,500 Student,Student,VIC,119
2017,Pakistan,143 Parent,Family,QLD,146
2021,China,190 Skilled Nom,Skilled,NSW,666
2020,Philippines,143 Parent,Family,WA,59
2017,Bangladesh,202 Global Special,Humanitarian,VIC,399
2015,Pakistan,482 Temp Skill,Temporary,SA,534
2022,Germany,482 Temp Skill,Temporary,NSW,593
2023,Nepal,500 Student,Student,NSW,665
2023,Sri Lanka,500 Student,Student,NSW,279
2022,India,500 Student,Student,QLD,584
2016,South Korea,200 Refugee,Humanitarian,WA,656
2016,India,485 Temp Graduate,Temporary,SA,525
2022,Philippines,500 Student,Student,VIC,686
2021,Indonesia,500 Student,Student,QLD,508
2017,China,485 Temp Graduate,Temporary,NSW,653
2020,Philippines,820 Partner Temp,Family,NSW,376
2024,Philippines,485 Temp Graduate,Temporary,NSW,412
2016,China,143 Parent,Family,QLD,576
2021,USA,482 Temp Skill,Temporary,NSW,121
2024,Vietnam,482 Temp Skill,Temporary,VIC,66
2018,India,801 Partner Perm,Family,VIC,59
2024,Philippines,491 Skilled Regional,Skilled,VIC,491
2017,Germany,143 Parent,Family,NSW,528
2017,India,190 Skilled Nom,Skilled,VIC,164
2015,India,202 Global Special,Humanitarian,ACT,679
2017,Nepal,500 Student,Student,QLD,185
2019,India,500 Student,Student,VIC,371
2019,China,485 Temp Graduate,Temporary,NSW,690
2023,Germany,200 Refugee,Humanitarian,NSW,540
2017,Vietnam,500 Student,Student,VIC,371
2016,Indonesia,801 Partner Perm,Family,VIC,394
2019,Philippines,485 Temp Graduate,Temporary,QLD,621
2020,China,482 Temp Skill,Temporary,TAS,122
2015,Philippines,500 Student,Student,VIC,193
2022,China,500 Student,Student,VIC,573
2023,China,400 Temp Work,Temporary,QLD,617
2018,Malaysia,190 Skilled Nom,Skilled,NSW,652
2021,Nepal,190 Skilled Nom,Skilled,NSW,132
2023,Nepal,482 Temp Skill,Temporary,SA,405
2022,Philippines,485 Temp Graduate,Temporary,WA,638
2021,Pakistan,200 Refugee,Humanitarian,NSW,226
2016,Philippines,482 Temp Skill,Temporary,NSW,224
2017,Sri Lanka,491 Skilled Regional,Skilled,WA,320
2018,India,500 Student,Student,WA,430
2021,Philippines,482 Temp Skill,Temporary,NSW,513
2017,Vietnam,485 Temp Graduate,Temporary,QLD,363
2015,China,485 Temp Graduate,Temporary,QLD,550
2024,India,485 Temp Graduate,Temporary,VIC,405
2023,Germany,491 Skilled Regional,Skilled,NSW,231
2021,Sri Lanka,485 Temp Graduate,Temporary,VIC,668
2022,Vietnam,801 Partner Perm,Family,NSW,273
2023,India,485 Temp Graduate,Temporary,NSW,296
2023,India,801 Partner Perm,Family,QLD,517
2016,Pakistan,482 Temp Skill,Temporary,QLD,529
2017,India,491 Skilled Regional,Skilled,VIC,567
2024,Pakistan,820 Partner Temp,Family,VIC,111
2019,Sri Lanka,482 Temp Skill,Temporary,NSW,560
2016,Philippines,485 Temp Graduate,Temporary,NSW,599
2022,Pakistan,200 Refugee,Humanitarian,VIC,490
2019,China,500 Student,Student,NSW,396
2017,China,190 Skilled Nom,Skilled,VIC,432
2018,India,820 Partner Temp,Family,QLD,114
2022,Pakistan,485 Temp Graduate,Temporary,VIC,561
2017,India,400 Temp Work,Temporary,NSW,260
2023,Malaysia,500 Student,Student,QLD,72
2016,India,491 Skilled Regional,Skilled,VIC,639
2022,India,485 Temp Graduate,Temporary,SA,373
2017,UK,500 Student,Student,WA,435
2024,China,801 Partner Perm,Family,NSW,196
2015,Nepal,500 Student,Student,NSW,517
2016,India,189 Skilled Indep,Skilled,NSW,367
2015,Indonesia,820 Partner Temp,Family,NSW,262
2023,India,485 Temp Graduate,Temporary,NSW,274
2018,India,189 Skilled Indep,Skilled,NSW,241
2019,South Korea,482 Temp Skill,Temporary,NSW,195
2017,USA,485 Temp Graduate,Temporary,VIC,212
2018,China,400 Temp Work,Temporary,WA,686
2023,China,500 Student,Student,QLD,538
2022,Malaysia,202 Global Special,Humanitarian,VIC,142
2018,China,485 Temp Graduate,Temporary,QLD,596
2015,Pakistan,202 Global Special,Humanitarian,NSW,272
2016,India,143 Parent,Family,VIC,599
2018,NZ,820 Partner Temp,Family,QLD,624
2017,Philippines,485 Temp Graduate,Temporary,QLD,394
2021,Philippines,200 Refugee,Humanitarian,NSW,547
2021,Philippines,485 Temp Graduate,Temporary,WA,628
2016,China,189 Skilled Indep,Skilled,WA,190
2019,Philippines,482 Temp Skill,Temporary,SA,288
2022,USA,482 Temp Skill,Temporary,QLD,707
2015,Vietnam,200 Refugee,Humanitarian,NSW,642
2018,China,500 Student,Student,VIC,177
2017,China,500 Student,Student,WA,686
2023,USA,190 Skilled Nom,Skilled,WA,145
2019,Sri Lanka,400 Temp Work,Temporary,VIC,141
2022,Germany,485 Temp Graduate,Temporary,NSW,55
2022,Sri Lanka,190 Skilled Nom,Skilled,NSW,52
2023,Malaysia,485 Temp Graduate,Temporary,SA,304
2017,China,485 Temp Graduate,Temporary,WA,656
2022,Pakistan,500 Student,Student,VIC,156
2022,India,820 Partner Temp,Family,NSW,292
2015,Sri Lanka,485 Temp Graduate,Temporary,NSW,469
2019,Sri Lanka,500 Student,Student,VIC,526
2021,China,820 Partner Temp,Family,VIC,455
2021,China,482 Temp Skill,Temporary,QLD,657
2023,India,400 Temp Work,Temporary,QLD,495
2017,China,491 Skilled Regional,Skilled,QLD,263
2022,Nepal,143 Parent,Family,WA,151
2021,India,500 Student,Student,NSW,684
2020,Germany,485 Temp Graduate,Temporary,VIC,702
2022,UK,485 Temp Graduate,Temporary,QLD,107
2018,India,485 Temp Graduate,Temporary,NSW,557
2022,Pakistan,143 Parent,Family,NSW,140
2019,Nepal,500 Student,Student,NSW,577
2018,India,491 Skilled Regional,Skilled,WA,715
2017,Nepal,143 Parent,Family,QLD,278
2021,Philippines,485 Temp Graduate,Temporary,WA,192
2023,India,482 Temp Skill,Temporary,SA,598
2017,Philippines,190 Skilled Nom,Skilled,WA,337
2023,Philippines,491 Skilled Regional,Skilled,NSW,372
2015,Malaysia,500 Student,Student,QLD,539
2024,Bangladesh,190 Skilled Nom,Skilled,VIC,281
2019,Germany,500 Student,Student,SA,563
2018,Pakistan,485 Temp Graduate,Temporary,NSW,696
2023,Philippines,500 Student,Student,QLD,211
2016,Pakistan,485 Temp Graduate,Temporary,VIC,86
2015,India,400 Temp Work,Temporary,VIC,43
2023,China,200 Refugee,Humanitarian,TAS,206
2017,USA,190 Skilled Nom,Skilled,WA,697
2018,India,190 Skilled Nom,Skilled,VIC,263
2023,India,482 Temp Skill,Temporary,QLD,87
2021,India,485 Temp Graduate,Temporary,VIC,430
2022,South Korea,190 Skilled Nom,Skilled,NSW,132
2024,Nepal,190 Skilled Nom,Skilled,QLD,283
2017,USA,143 Parent,Family,ACT,528
2019,Malaysia,820 Partner Temp,Family,VIC,309
2015,Nepal,189 Skilled Indep,Skilled,SA,84
2023,Nepal,485 Temp Graduate,Temporary,SA,153
2023,India,189 Skilled Indep,Skilled,QLD,317
2022,South Korea,189 Skilled Indep,Skilled,WA,690
2017,Sri Lanka,482 Temp Skill,Temporary,VIC,54
2022,India,482 Temp Skill,Temporary,SA,692
2020,UK,485 Temp Graduate,Temporary,NSW,456
2019,India,190 Skilled Nom,Skilled,NSW,323
2019,China,189 Skilled Indep,Skilled,VIC,292
2015,China,500 Student,Student,NSW,117
2016,Pakistan,500 Student,Student,VIC,217
2015,India,500 Student,Student,NSW,630
2022,India,820 Partner Temp,Family,NSW,228
2023,China,482 Temp Skill,Temporary,NSW,538
2016,Pakistan,820 Partner Temp,Family,VIC,521
2023,UK,189 Skilled Indep,Skilled,QLD,197
2017,China,500 Student,Student,VIC,428
2016,India,820 Partner Temp,Family,NSW,292
2018,Nepal,190 Skilled Nom,Skilled,VIC,605
2023,India,500 Student,Student,QLD,203
2015,Philippines,801 Partner Perm,Family,QLD,149
2016,Pakistan,482 Temp Skill,Temporary,WA,247
2023,NZ,485 Temp Graduate,Temporary,VIC,661
2015,Vietnam,491 Skilled Regional,Skilled,VIC,173
2023,India,500 Student,Student,WA,517
2023,India,485 Temp Graduate,Temporary,VIC,625
2021,Malaysia,200 Refugee,Humanitarian,WA,164
2018,Sri Lanka,500 Student,Student,NSW,503
2021,Bangladesh,801 Partner Perm,Family,NSW,192
2022,Nepal,500 Student,Student,VIC,679
2016,India,190 Skilled Nom,Skilled,QLD,677
2015,China,801 Partner Perm,Family,NSW,660
2018,Germany,400 Temp Work,Temporary,NSW,131
2021,Malaysia,189 Skilled Indep,Skilled,QLD,426
2024,Sri Lanka,482 Temp Skill,Temporary,QLD,55
2023,Sri Lanka,820 Partner Temp,Family,VIC,691
2022,China,202 Global Special,Humanitarian,QLD,285
2023,Philippines,200 Refugee,Humanitarian,NSW,325
2018,China,500 Student,Student,WA,477
2023,Nepal,143 Parent,Family,SA,335
2022,India,485 Temp Graduate,Temporary,NSW,53
2018,South Korea,190 Skilled Nom,Skilled,NSW,208
2021,India,189 Skilled Indep,Skilled,VIC,233
2018,UK,202 Global Special,Humanitarian,QLD,568
2018,Nepal,190 Skilled Nom,Skilled,SA,178
2024,Bangladesh,500 Student,Student,ACT,628
2022,China,485 Temp Graduate,Temporary,VIC,423
2021,China,500 Student,Student,NSW,691
2023,India,189 Skilled Indep,Skilled,NSW,227
2024,China,482 Temp Skill,Temporary,NSW,241
2016,India,485 Temp Graduate,Temporary,NSW,721
2016,Philippines,143 Parent,Family,NSW,489
2024,NZ,143 Parent,Family,WA,153
2016,India,485 Temp Graduate,Temporary,VIC,648
2018,Pakistan,485 Temp Graduate,Temporary,SA,496
2020,India,485 Temp Graduate,Temporary,VIC,255
2017,India,500 Student,Student,QLD,205
2024,South Korea,190 Skilled Nom,Skilled,VIC,96
2019,South Korea,143 Parent,Family,VIC,684
2021,NZ,482 Temp Skill,Temporary,NSW,514
2023,Pakistan,485 Temp Graduate,Temporary,ACT,143
2018,India,820 Partner Temp,Family,WA,116
2022,Nepal,801 Partner Perm,Family,VIC,244
2024,South Korea,500 Student,Student,VIC,322
2022,NZ,820 Partner Temp,Family,VIC,702
2021,Philippines,482 Temp Skill,Temporary,WA,105
2022,Sri Lanka,202 Global Special,Humanitarian,VIC,427
2015,South Korea,485 Temp Graduate,Temporary,ACT,153
2024,Nepal,143 Parent,Family,SA,621
2021,Pakistan,500 Student,Student,NSW,234
2015,Nepal,485 Temp Graduate,Temporary,SA,37
2019,Nepal,202 Global Special,Humanitarian,NSW,60
2021,UK,482 Temp Skill,Temporary,QLD,338
2017,Vietnam,200 Refugee,Humanitarian,VIC,633
2016,Sri Lanka,500 Student,Student,SA,616
2022,India,485 Temp Graduate,Temporary,NSW,227
2024,China,801 Partner Perm,Family,VIC,164
2019,UK,400 Temp Work,Temporary,NSW,150
2022,Sri Lanka,482 Temp Skill,Temporary,QLD,121
2017,South Korea,485 Temp Graduate,Temporary,VIC,197
2023,USA,500 Student,Student,WA,228
2024,India,400 Temp Work,Temporary,VIC,214
2021,China,801 Partner Perm,Family,VIC,156
2019,China,143 Parent,Family,WA,486
2016,China,820 Partner Temp,Family,WA,500
2023,UK,500 Student,Student,NSW,90
2018,Bangladesh,189 Skilled Indep,Skilled,QLD,715
2023,India,190 Skilled Nom,Skilled,QLD,579
2015,Philippines,190 Skilled Nom,Skilled,NSW,642
2018,Pakistan,500 Student,Student,VIC,156
2022,India,500 Student,Student,SA,559
2016,Nepal,143 Parent,Family,VIC,294
2015,India,500 Student,Student,QLD,584
2017,India,485 Temp Graduate,Temporary,VIC,471
2022,India,485 Temp Graduate,Temporary,QLD,40
2018,Philippines,485 Temp Graduate,Temporary,WA,567
2021,Philippines,485 Temp Graduate,Temporary,QLD,600
2022,India,500 Student,Student,VIC,196
2015,Sri Lanka,500 Student,Student,VIC,556
2016,Philippines,200 Refugee,Humanitarian,QLD,660
2018,China,491 Skilled Regional,Skilled,VIC,179
2017,Pakistan,200 Refugee,Humanitarian,NSW,431
2022,China,400 Temp Work,Temporary,NSW,583
2017,China,143 Parent,Family,WA,692
2021,India,190 Skilled Nom,Skilled,NSW,593
2022,China,485 Temp Graduate,Temporary,NSW,323
2022,Pakistan,485 Temp Graduate,Temporary,VIC,395
2023,Malaysia,189 Skilled Indep,Skilled,VIC,438
2021,Nepal,400 Temp Work,Temporary,WA,619
2018,India,485 Temp Graduate,Temporary,VIC,411
2015,UK,482 Temp Skill,Temporary,NSW,722
2018,Sri Lanka,400 Temp Work,Temporary,VIC,71
2022,Nepal,500 Student,Student,SA,583
2024,Vietnam,500 Student,Student,SA,696
2015,India,189 Skilled Indep,Skilled,VIC,499
2017,Germany,500 Student,Student,NSW,272
2016,USA,482 Temp Skill,Temporary,VIC,475
2016,China,820 Partner Temp,Family,SA,155
2017,India,189 Skilled Indep,Skilled,VIC,546
2019,Philippines,143 Parent,Family,NSW,351
2018,Germany,801 Partner Perm,Family,QLD,68
2024,China,485 Temp Graduate,Temporary,VIC,665
2015,USA,491 Skilled Regional,Skilled,NSW,231
2023,Sri Lanka,820 Partner Temp,Family,SA,729
2021,Philippines,482 Temp Skill,Temporary,SA,185
2017,India,143 Parent,Family,NSW,697
2023,Germany,400 Temp Work,Temporary,QLD,163
2024,Vietnam,400 Temp Work,Temporary,SA,282
2015,China,189 Skilled Indep,Skilled,WA,315
2024,Philippines,482 Temp Skill,Temporary,SA,690
2015,Nepal,500 Student,Student,QLD,114
2016,Indonesia,491 Skilled Regional,Skilled,QLD,188
2018,Philippines,801 Partner Perm,Family,VIC,604
2016,Sri Lanka,500 Student,Student,NSW,669
2017,Philippines,820 Partner Temp,Family,QLD,716
2021,Germany,500 Student,Student,WA,249
2023,Nepal,482 Temp Skill,Temporary,ACT,445
2017,India,190 Skilled Nom,Skilled,QLD,98
2023,Pakistan,500 Student,Student,QLD,457
2024,Germany,820 Partner Temp,Family,QLD,170
2018,Indonesia,190 Skilled Nom,Skilled,TAS,280
2022,UK,482 Temp Skill,Temporary,VIC,417
2016,Pakistan,500 Student,Student,VIC,144
2017,UK,482 Temp Skill,Temporary,VIC,590
2023,UK,482 Temp Skill,Temporary,VIC,289
2015,UK,143 Parent,Family,WA,449
2022,Sri Lanka,820 Partner Temp,Family,NSW,206
2024,Pakistan,500 Student,Student,NSW,268
2022,South Korea,400 Temp Work,Temporary,VIC,151
2023,Sri Lanka,801 Partner Perm,Family,ACT,500
2015,India,485 Temp Graduate,Temporary,SA,612
2015,China,820 Partner Temp,Family,NSW,450
2019,Vietnam,200 Refugee,Humanitarian,VIC,124
2021,Bangladesh,485 Temp Graduate,Temporary,NSW,626
2022,Nepal,820 Partner Temp,Family,VIC,616
2017,Pakistan,202 Global Special,Humanitarian,NSW,436
2015,Nepal,200 Refugee,Humanitarian,VIC,546
2018,Vietnam,500 Student,Student,QLD,638
2023,Pakistan,190 Skilled Nom,Skilled,VIC,74
2019,Sri Lanka,485 Temp Graduate,Temporary,VIC,423
2016,UK,400 Temp Work,Temporary,QLD,352
2021,USA,202 Global Special,Humanitarian,VIC,131
2021,NZ,485 Temp Graduate,Temporary,SA,207
2019,India,400 Temp Work,Temporary,QLD,398
2024,UK,801 Partner Perm,Family,VIC,222
2024,Germany,190 Skilled Nom,Skilled,WA,486
2015,Malaysia,820 Partner Temp,Family,WA,79
2023,China,190 Skilled Nom,Skilled,QLD,642
2021,China,500 Student,Student,WA,71
2022,Malaysia,190 Skilled Nom,Skilled,VIC,518
2017,NZ,190 Skilled Nom,Skilled,QLD,309
2023,China,500 Student,Student,WA,504
2024,Philippines,820 Partner Temp,Family,VIC,480
2021,India,190 Skilled Nom,Skilled,NSW,322
2016,Philippines,491 Skilled Regional,Skilled,VIC,569
2021,India,485 Temp Graduate,Temporary,WA,173
2023,China,143 Parent,Family,QLD,95
2023,China,189 Skilled Indep,Skilled,NSW,653
2020,South Korea,143 Parent,Family,ACT,113
2017,Sri Lanka,190 Skilled Nom,Skilled,QLD,256
2016,Philippines,500 Student,Student,VIC,363
2021,Vietnam,190 Skilled Nom,Skilled,VIC,490
2016,Philippines,190 Skilled Nom,Skilled,VIC,482
2019,China,482 Temp Skill,Temporary,QLD,377
2024,India,485 Temp Graduate,Temporary,VIC,678
2020,India,500 Student,Student,VIC,311
2018,Nepal,500 Student,Student,WA,185
2017,Pakistan,485 Temp Graduate,Temporary,WA,473
2022,Pakistan,190 Skilled Nom,Skilled,QLD,215
2015,NZ,801 Partner Perm,Family,VIC,298
2016,China,189 Skilled Indep,Skilled,WA,98
2021,India,500 Student,Student,VIC,680
2015,Sri Lanka,485 Temp Graduate,Temporary,VIC,259
2016,Philippines,500 Student,Student,SA,536
2023,UK,143 Parent,Family,QLD,446
2021,Malaysia,485 Temp Graduate,Temporary,VIC,182
2016,Nepal,189 Skilled Indep,Skilled,VIC,644
2023,India,482 Temp Skill,Temporary,VIC,35
2023,South Korea,482 Temp Skill,Temporary,QLD,665
2016,USA,190 Skilled Nom,Skilled,ACT,326
2020,China,189 Skilled Indep,Skilled,NSW,226
2019,Philippines,482 Temp Skill,Temporary,VIC,452
2019,India,189 Skilled Indep,Skilled,SA,163
2021,India,189 Skilled Indep,Skilled,VIC,593
2021,India,143 Parent,Family,QLD,223
2016,India,485 Temp Graduate,Temporary,VIC,711
2018,Nepal,143 Parent,Family,NSW,256
2021,China,500 Student,Student,SA,289
2022,India,801 Partner Perm,Family,VIC,575
2021,South Korea,500 Student,Student,VIC,584
2021,India,143 Parent,Family,VIC,197
2021,China,820 Partner Temp,Family,NSW,191
2024,Philippines,801 Partner Perm,Family,NSW,706
2021,NZ,500 Student,Student,ACT,520
2015,Nepal,200 Refugee,Humanitarian,NSW,265
2022,India,189 Skilled Indep,Skilled,QLD,356
2017,Nepal,485 Temp Graduate,Temporary,SA,76
2023,Germany,500 Student,Student,NSW,275
2015,Nepal,485 Temp Graduate,Temporary,VIC,377
2022,China,400 Temp Work,Temporary,QLD,251
2019,Germany,485 Temp Graduate,Temporary,VIC,541
2023,India,500 Student,Student,VIC,483
2017,India,500 Student,Student,VIC,110
2022,Pakistan,500 Student,Student,VIC,657
2017,Philippines,482 Temp Skill,Temporary,WA,392
2022,UK,500 Student,Student,WA,129
2018,Philippines,485 Temp Graduate,Temporary,NSW,472
2017,China,485 Temp Graduate,Temporary,VIC,653
2021,Germany,485 Temp Graduate,Temporary,QLD,654
2020,India,491 Skilled Regional,Skilled,NSW,420
2017,China,500 Student,Student,VIC,630
2022,India,400 Temp Work,Temporary,NSW,204
2019,India,485 Temp Graduate,Temporary,NSW,332
2018,Bangladesh,200 Refugee,Humanitarian,VIC,494
2016,Pakistan,143 Parent,Family,VIC,493
2024,UK,482 Temp Skill,Temporary,WA,336
2022,USA,190 Skilled Nom,Skilled,VIC,103
2016,Vietnam,485 Temp Graduate,Temporary,NSW,475
2023,Malaysia,143 Parent,Family,QLD,472
2024,Nepal,485 Temp Graduate,Temporary,NSW,595
2020,Bangladesh,485 Temp Graduate,Temporary,NSW,585
2019,China,482 Temp Skill,Temporary,NSW,356
2022,NZ,491 Skilled Regional,Skilled,NSW,631
2021,India,190 Skilled Nom,Skilled,NSW,476
2018,Philippines,200 Refugee,Humanitarian,SA,203
2017,India,820 Partner Temp,Family,VIC,560
2021,China,482 Temp Skill,Temporary,TAS,684
2024,Pakistan,500 Student,Student,VIC,513
2023,China,190 Skilled Nom,Skilled,NSW,704
2018,India,485 Temp Graduate,Temporary,QLD,396
2016,India,801 Partner Perm,Family,VIC,192
2023,Bangladesh,820 Partner Temp,Family,NSW,586
2021,Vietnam,485 Temp Graduate,Temporary,VIC,432
2015,India,400 Temp Work,Temporary,SA,378
2018,India,485 Temp Graduate,Temporary,VIC,647
2023,Philippines,500 Student,Student,SA,172
2015,Nepal,801 Partner Perm,Family,VIC,417
2019,UK,500 Student,Student,NSW,32
2016,Indonesia,820 Partner Temp,Family,QLD,615
2023,UK,485 Temp Graduate,Temporary,VIC,38
2016,India,820 Partner Temp,Family,NSW,499
2024,China,189 Skilled Indep,Skilled,WA,302
2021,South Korea,189 Skilled Indep,Skilled,SA,655
2019,India,485 Temp Graduate,Temporary,WA,294
2018,China,485 Temp Graduate,Temporary,VIC,313
2022,UK,482 Temp Skill,Temporary,NSW,308
2021,Nepal,500 Student,Student,VIC,332
2018,Pakistan,485 Temp Graduate,Temporary,VIC,204
2020,India,500 Student,Student,QLD,331
2020,India,482 Temp Skill,Temporary,QLD,210
2018,UK,482 Temp Skill,Temporary,VIC,234
2023,Nepal,202 Global Special,Humanitarian,VIC,442
2022,China,482 Temp Skill,Temporary,SA,234
2019,Pakistan,189 Skilled Indep,Skilled,VIC,684
2021,China,500 Student,Student,SA,105
2020,India,485 Temp Graduate,Temporary,QLD,542
2023,India,400 Temp Work,Temporary,QLD,553
2018,UK,500 Student,Student,QLD,362
2019,China,189 Skilled Indep,Skilled,VIC,365
2021,Philippines,801 Partner Perm,Family,QLD,109
2018,Vietnam,500 Student,Student,NSW,590
2024,Philippines,500 Student,Student,QLD,471
2020,India,400 Temp Work,Temporary,NSW,678
2018,India,482 Temp Skill,Temporary,NSW,84
2024,Nepal,400 Temp Work,Temporary,QLD,192
2021,Malaysia,143 Parent,Family,QLD,256
2023,China,820 Partner Temp,Family,SA,271
2015,Vietnam,485 Temp Graduate,Temporary,VIC,134
2017,UK,500 Student,Student,SA,160
2021,China,500 Student,Student,VIC,607
2016,China,190 Skilled Nom,Skilled,WA,169
2023,India,485 Temp Graduate,Temporary,QLD,579
2019,India,190 Skilled Nom,Skilled,VIC,581
2024,India,491 Skilled Regional,Skilled,NSW,269
2022,UK,500 Student,Student,VIC,718
2016,China,482 Temp Skill,Temporary,VIC,713
2018,UK,500 Student,Student,VIC,385
2021,Pakistan,482 Temp Skill,Temporary,WA,456
2018,UK,485 Temp Graduate,Temporary,NSW,125
2016,China,202 Global Special,Humanitarian,WA,659
2023,Malaysia,500 Student,Student,QLD,187
2019,Philippines,500 Student,Student,VIC,428
2021,China,143 Parent,Family,VIC,509
2020,Philippines,189 Skilled Indep,Skilled,VIC,266
2018,Malaysia,190 Skilled Nom,Skilled,NSW,47
2022,Nepal,500 Student,Student,QLD,375
2017,Sri Lanka,485 Temp Graduate,Temporary,VIC,342
2023,UK,482 Temp Skill,Temporary,SA,143
2022,China,190 Skilled Nom,Skilled,WA,377
2015,UK,190 Skilled Nom,Skilled,NSW,183
2022,India,500 Student,Student,SA,521
2018,China,801 Partner Perm,Family,VIC,350
2023,Pakistan,202 Global Special,Humanitarian,SA,378
2018,UK,500 Student,Student,QLD,617
2022,China,485 Temp Graduate,Temporary,QLD,506
2015,China,189 Skilled Indep,Skilled,VIC,377
2021,China,482 Temp Skill,Temporary,ACT,297
2016,India,189 Skilled Indep,Skilled,WA,106
2023,India,485 Temp Graduate,Temporary,VIC,204
2017,China,491 Skilled Regional,Skilled,NSW,423
2022,China,500 Student,Student,NSW,717
2022,USA,485 Temp Graduate,Temporary,SA,346
2017,Malaysia,485 Temp Graduate,Temporary,VIC,240
2018,India,500 Student,Student,VIC,233
2024,India,400 Temp Work,Temporary,WA,80
2019,China,400 Temp Work,Temporary,TAS,137
2016,India,482 Temp Skill,Temporary,NSW,583
2023,China,189 Skilled Indep,Skilled,NSW,158
2022,Nepal,500 Student,Student,SA,646
2022,China,500 Student,Student,WA,77
2016,India,485 Temp Graduate,Temporary,SA,222
2020,Pakistan,801 Partner Perm,Family,WA,198
2017,China,485 Temp Graduate,Temporary,VIC,519
2022,India,491 Skilled Regional,Skilled,SA,227
2017,Sri Lanka,482 Temp Skill,Temporary,QLD,322
2024,Vietnam,820 Partner Temp,Family,NSW,221
2017,India,482 Temp Skill,Temporary,SA,660
2021,Sri Lanka,189 Skilled Indep,Skilled,SA,43
2019,Malaysia,485 Temp Graduate,Temporary,SA,673
2024,India,190 Skilled Nom,Skilled,VIC,529
2022,India,485 Temp Graduate,Temporary,WA,343
2019,Pakistan,400 Temp Work,Temporary,VIC,374
2019,India,500 Student,Student,QLD,598
2018,India,190 Skilled Nom,Skilled,SA,118
2022,Nepal,200 Refugee,Humanitarian,VIC,540
2018,Vietnam,143 Parent,Family,WA,615
2022,Pakistan,485 Temp Graduate,Temporary,WA,442
2016,Pakistan,400 Temp Work,Temporary,VIC,480
2022,Philippines,485 Temp Graduate,Temporary,VIC,365
2023,Germany,491 Skilled Regional,Skilled,VIC,626
2022,Philippines,485 Temp Graduate,Temporary,WA,590
2017,India,482 Temp Skill,Temporary,NSW,169
2022,India,820 Partner Temp,Family,VIC,547
2021,UK,482 Temp Skill,Temporary,VIC,620
2017,Sri Lanka,485 Temp Graduate,Temporary,QLD,61
2024,India,189 Skilled Indep,Skilled,SA,425
2021,India,189 Skilled Indep,Skilled,NSW,327
2021,China,485 Temp Graduate,Temporary,QLD,490
2017,India,189 Skilled Indep,Skilled,VIC,330
2016,Sri Lanka,189 Skilled Indep,Skilled,QLD,104
2019,Philippines,801 Partner Perm,Family,VIC,482
2023,Malaysia,485 Temp Graduate,Temporary,VIC,602
2018,China,482 Temp Skill,Temporary,NSW,52
2022,China,189 Skilled Indep,Skilled,ACT,680
2015,China,801 Partner Perm,Family,SA,708
2023,Vietnam,500 Student,Student,WA,699
2023,Pakistan,200 Refugee,Humanitarian,VIC,305
2015,Nepal,190 Skilled Nom,Skilled,QLD,591
2021,India,189 Skilled Indep,Skilled,VIC,270
2020,India,143 Parent,Family,NSW,128
2023,China,143 Parent,Family,VIC,165
2018,NZ,190 Skilled Nom,Skilled,NSW,542
2018,China,485 Temp Graduate,Temporary,VIC,439
2017,Pakistan,485 Temp Graduate,Temporary,SA,341
2016,Vietnam,820 Partner Temp,Family,NSW,519
2018,Indonesia,801 Partner Perm,Family,VIC,371
2020,Nepal,482 Temp Skill,Temporary,NSW,409
2022,Pakistan,485 Temp Graduate,Temporary,WA,49
2022,India,500 Student,Student,QLD,547
2023,UK,500 Student,Student,VIC,434
2018,India,189 Skilled Indep,Skilled,VIC,47
2023,NZ,143 Parent,Family,VIC,264
2016,Germany,500 Student,Student,TAS,357
2023,Nepal,485 Temp Graduate,Temporary,VIC,167
2016,China,400 Temp Work,Temporary,TAS,211
2018,Vietnam,500 Student,Student,QLD,526
2015,India,500 Student,Student,VIC,634
2018,South Korea,500 Student,Student,NSW,535
2015,Nepal,500 Student,Student,NSW,352
2022,China,485 Temp Graduate,Temporary,QLD,650
2019,Philippines,485 Temp Graduate,Temporary,NSW,461
2022,Sri Lanka,482 Temp Skill,Temporary,ACT,139
2022,Sri Lanka,500 Student,Student,QLD,504
2020,South Korea,485 Temp Graduate,Temporary,NSW,105
2016,China,500 Student,Student,NSW,349
2017,China,820 Partner Temp,Family,WA,624
2024,UK,500 Student,Student,SA,325
2020,China,189 Skilled Indep,Skilled,QLD,451
2016,China,485 Temp Graduate,Temporary,NSW,654
2022,Philippines,485 Temp Graduate,Temporary,QLD,696
2021,Pakistan,400 Temp Work,Temporary,VIC,425
2024,Bangladesh,482 Temp Skill,Temporary,NSW,384
2017,India,485 Temp Graduate,Temporary,VIC,114
2016,Pakistan,500 Student,Student,VIC,245
2019,India,500 Student,Student,VIC,631
2017,UK,190 Skilled Nom,Skilled,VIC,589
2024,UK,485 Temp Graduate,Temporary,QLD,272
2021,Bangladesh,820 Partner Temp,Family,TAS,361
2024,Sri Lanka,485 Temp Graduate,Temporary,VIC,67
2020,Pakistan,820 Partner Temp,Family,VIC,342
2022,NZ,820 Partner Temp,Family,SA,53
2024,Bangladesh,189 Skilled Indep,Skilled,ACT,516
2023,India,189 Skilled Indep,Skilled,NSW,190
2024,South Korea,202 Global Special,Humanitarian,NSW,601
2016,Vietnam,143 Parent,Family,NSW,284
2015,India,485 Temp Graduate,Temporary,VIC,64
2016,Pakistan,500 Student,Student,NSW,171
2021,Indonesia,500 Student,Student,QLD,240
2022,Nepal,485 Temp Graduate,Temporary,VIC,56
2018,China,400 Temp Work,Temporary,VIC,602
2017,China,500 Student,Student,VIC,413
2022,Germany,801 Partner Perm,Family,VIC,683
2022,UK,482 Temp Skill,Temporary,WA,608
2020,Bangladesh,200 Refugee,Humanitarian,NSW,451
2024,Sri Lanka,190 Skilled Nom,Skilled,NSW,302
2017,India,820 Partner Temp,Family,QLD,666
2022,India,200 Refugee,Humanitarian,NSW,69
2016,India,820 Partner Temp,Family,ACT,634
2019,Pakistan,801 Partner Perm,Family,TAS,455
2015,China,820 Partner Temp,Family,QLD,238
2016,Philippines,500 Student,Student,NSW,546
2021,Vietnam,485 Temp Graduate,Temporary,NSW,438
2023,Philippines,801 Partner Perm,Family,WA,423
2018,China,485 Temp Graduate,Temporary,WA,399
2023,India,190 Skilled Nom,Skilled,VIC,724
2019,NZ,400 Temp Work,Temporary,NSW,322
2018,Sri Lanka,500 Student,Student,WA,262
2021,China,485 Temp Graduate,Temporary,QLD,672
2024,Germany,500 Student,Student,ACT,526
2022,Philippines,500 Student,Student,NSW,586
2022,Pakistan,400 Temp Work,Temporary,NSW,572
2023,Malaysia,189 Skilled Indep,Skilled,QLD,50
2017,India,200 Refugee,Humanitarian,VIC,609
2021,India,500 Student,Student,NSW,46
2018,UK,485 Temp Graduate,Temporary,NSW,123
2020,Vietnam,500 Student,Student,VIC,365
2018,Germany,189 Skilled Indep,Skilled,QLD,114
2020,China,485 Temp Graduate,Temporary,NSW,653
2018,India,189 Skilled Indep,Skilled,QLD,124
2019,Germany,491 Skilled Regional,Skilled,NSW,716
2022,Philippines,400 Temp Work,Temporary,QLD,88
2022,India,482 Temp Skill,Temporary,ACT,153
2022,Pakistan,820 Partner Temp,Family,VIC,79
2019,India,482 Temp Skill,Temporary,WA,418
2019,Nepal,143 Parent,Family,VIC,492
2016,India,500 Student,Student,QLD,132
2020,China,485 Temp Graduate,Temporary,WA,225
2021,Bangladesh,482 Temp Skill,Temporary,QLD,503
2019,India,200 Refugee,Humanitarian,WA,46
2021,Philippines,189 Skilled Indep,Skilled,VIC,677
2022,Pakistan,500 Student,Student,SA,575
2022,UK,500 Student,Student,QLD,327
2016,USA,482 Temp Skill,Temporary,VIC,289
2018,India,485 Temp Graduate,Temporary,VIC,657
2024,China,482 Temp Skill,Temporary,VIC,512
2015,Nepal,400 Temp Work,Temporary,QLD,308
2022,India,485 Temp Graduate,Temporary,NSW,539
2019,Philippines,820 Partner Temp,Family,QLD,552
2021,India,491 Skilled Regional,Skilled,NSW,304
2019,China,143 Parent,Family,VIC,145
2022,Pakistan,400 Temp Work,Temporary,VIC,548
2019,Philippines,189 Skilled Indep,Skilled,SA,382
2023,Sri Lanka,485 Temp Graduate,Temporary,NSW,447
2016,Sri Lanka,400 Temp Work,Temporary,SA,58
2017,Bangladesh,485 Temp Graduate,Temporary,QLD,365
2023,Indonesia,500 Student,Student,VIC,452
2022,China,485 Temp Graduate,Temporary,QLD,163
2020,Vietnam,485 Temp Graduate,Temporary,VIC,319
2020,India,820 Partner Temp,Family,VIC,86
2016,Nepal,200 Refugee,Humanitarian,NSW,662
2019,NZ,491 Skilled Regional,Skilled,WA,359
2024,Pakistan,500 Student,Student,WA,697
2021,Pakistan,801 Partner Perm,Family,VIC,81
2020,India,482 Temp Skill,Temporary,SA,278
2017,Nepal,189 Skilled Indep,Skilled,NSW,373
2018,South Korea,801 Partner Perm,Family,VIC,488
2022,India,500 Student,Student,VIC,281
2021,China,482 Temp Skill,Temporary,WA,149
2017,Pakistan,485 Temp Graduate,Temporary,VIC,138
2019,India,482 Temp Skill,Temporary,VIC,298
2022,China,500 Student,Student,WA,453
2015,Philippines,482 Temp Skill,Temporary,SA,458
2015,UK,189 Skilled Indep,Skilled,VIC,247
2023,Nepal,190 Skilled Nom,Skilled,NSW,38
2020,Germany,190 Skilled Nom,Skilled,NSW,500
2017,UK,143 Parent,Family,WA,612
2022,Pakistan,491 Skilled Regional,Skilled,VIC,590
2019,India,482 Temp Skill,Temporary,VIC,311
2015,Philippines,801 Partner Perm,Family,NSW,433
2023,China,482 Temp Skill,Temporary,NSW,172
2020,Vietnam,485 Temp Graduate,Temporary,QLD,655
2021,Indonesia,485 Temp Graduate,Temporary,VIC,144
2016,Pakistan,190 Skilled Nom,Skilled,WA,673
2018,Philippines,801 Partner Perm,Family,VIC,377
2019,China,485 Temp Graduate,Temporary,VIC,328
2021,Germany,491 Skilled Regional,Skilled,SA,264
2023,China,482 Temp Skill,Temporary,NSW,397
2018,Germany,500 Student,Student,VIC,94
2018,India,491 Skilled Regional,Skilled,NSW,400
2021,India,485 Temp Graduate,Temporary,VIC,593
2021,UK,491 Skilled Regional,Skilled,VIC,524
2016,Philippines,820 Partner Temp,Family,NSW,727
2023,Pakistan,500 Student,Student,SA,143
2023,China,500 Student,Student,QLD,355
2016,South Korea,200 Refugee,Humanitarian,VIC,75
2017,India,485 Temp Graduate,Temporary,QLD,424
2023,Nepal,143 Parent,Family,VIC,578
2023,NZ,485 Temp Graduate,Temporary,VIC,504
2018,Pakistan,820 Partner Temp,Family,QLD,690
2022,Philippines,190 Skilled Nom,Skilled,QLD,220
2018,Germany,189 Skilled Indep,Skilled,VIC,473
2022,Nepal,500 Student,Student,NSW,134
2021,China,482 Temp Skill,Temporary,QLD,612
2021,Nepal,820 Partner Temp,Family,NSW,256
2018,China,482 Temp Skill,Temporary,VIC,265
2024,China,189 Skilled Indep,Skilled,VIC,58
2019,Philippines,485 Temp Graduate,Temporary,VIC,356
2016,India,485 Temp Graduate,Temporary,NSW,543
2015,Indonesia,143 Parent,Family,VIC,608
2017,Nepal,482 Temp Skill,Temporary,VIC,238
2017,China,485 Temp Graduate,Temporary,VIC,150
2021,Nepal,482 Temp Skill,Temporary,QLD,513
2022,India,189 Skilled Indep,Skilled,NSW,394
2023,UK,500 Student,Student,QLD,37
2022,China,482 Temp Skill,Temporary,NSW,143
2015,Nepal,500 Student,Student,NSW,399
2015,South Korea,500 Student,Student,QLD,142
2017,China,485 Temp Graduate,Temporary,QLD,543
2021,China,491 Skilled Regional,Skilled,WA,461
2016,Sri Lanka,143 Parent,Family,VIC,622
2016,China,485 Temp Graduate,Temporary,NSW,617
2020,South Korea,500 Student,Student,SA,310
2021,India,482 Temp Skill,Temporary,NSW,302
2017,China,189 Skilled Indep,Skilled,SA,700
2018,Philippines,820 Partner Temp,Family,VIC,708
2022,Nepal,482 Temp Skill,Temporary,QLD,718
2022,Nepal,200 Refugee,Humanitarian,QLD,271
2018,Philippines,200 Refugee,Humanitarian,NSW,154
2021,Sri Lanka,482 Temp Skill,Temporary,NSW,349
2020,China,500 Student,Student,QLD,723
2022,Sri Lanka,200 Refugee,Humanitarian,NSW,507
2021,South Korea,189 Skilled Indep,Skilled,QLD,268
2022,USA,200 Refugee,Humanitarian,ACT,704
2016,NZ,801 Partner Perm,Family,NSW,611
2018,India,482 Temp Skill,Temporary,NSW,294
2023,South Korea,485 Temp Graduate,Temporary,QLD,541
2015,India,485 Temp Graduate,Temporary,WA,479
2019,Nepal,820 Partner Temp,Family,ACT,134
2020,India,500 Student,Student,ACT,326
2021,Pakistan,482 Temp Skill,Temporary,VIC,518
2022,China,500 Student,Student,WA,47
2024,Pakistan,820 Partner Temp,Family,QLD,153
2018,India,200 Refugee,Humanitarian,VIC,148
2022,India,482 Temp Skill,Temporary,NSW,309
2017,South Korea,485 Temp Graduate,Temporary,VIC,41
2016,India,820 Partner Temp,Family,WA,411
2019,India,190 Skilled Nom,Skilled,QLD,643
2015,India,801 Partner Perm,Family,NSW,108
2022,Pakistan,189 Skilled Indep,Skilled,NSW,143
2023,India,400 Temp Work,Temporary,VIC,390
2018,China,500 Student,Student,ACT,530
2015,Nepal,500 Student,Student,VIC,136
2020,Philippines,400 Temp Work,Temporary,WA,47
2022,Vietnam,190 Skilled Nom,Skilled,ACT,399
2022,Sri Lanka,143 Parent,Family,VIC,460
2021,USA,482 Temp Skill,Temporary,VIC,86
2023,Philippines,200 Refugee,Humanitarian,VIC,529
2018,Philippines,189 Skilled Indep,Skilled,VIC,194
2022,India,482 Temp Skill,Temporary,VIC,200
2017,Philippines,200 Refugee,Humanitarian,NSW,107
2019,China,485 Temp Graduate,Temporary,NSW,273
2024,China,189 Skilled Indep,Skilled,NSW,310
2017,Nepal,500 Student,Student,VIC,74
2016,Sri Lanka,400 Temp Work,Temporary,NSW,395
2019,India,500 Student,Student,VIC,114
2018,Pakistan,202 Global Special,Humanitarian,NSW,272
2021,Nepal,500 Student,Student,NSW,267
2019,UK,485 Temp Graduate,Temporary,NSW,656
2019,India,482 Temp Skill,Temporary,NSW,691
2022,Nepal,482 Temp Skill,Temporary,TAS,617
2022,USA,801 Partner Perm,Family,TAS,212
2024,UK,482 Temp Skill,Temporary,NSW,177
2017,Vietnam,500 Student,Student,SA,32
2018,Nepal,485 Temp Graduate,Temporary,NSW,273
2018,Nepal,190 Skilled Nom,Skilled,VIC,99
2021,Sri Lanka,189 Skilled Indep,Skilled,NSW,660
2016,Sri Lanka,801 Partner Perm,Family,QLD,526
2022,India,491 Skilled Regional,Skilled,NSW,447
2015,India,485 Temp Graduate,Temporary,VIC,264
2018,China,190 Skilled Nom,Skilled,NSW,627
2018,Sri Lanka,190 Skilled Nom,Skilled,NSW,348
2022,USA,202 Global Special,Humanitarian,NSW,584
2023,Philippines,500 Student,Student,QLD,129
2016,Nepal,190 Skilled Nom,Skilled,QLD,648
2022,India,485 Temp Graduate,Temporary,ACT,541
2023,India,400 Temp Work,Temporary,NSW,144
2023,India,400 Temp Work,Temporary,VIC,363
2017,Malaysia,820 Partner Temp,Family,QLD,666
2020,Bangladesh,485 Temp Graduate,Temporary,NSW,441
2021,India,189 Skilled Indep,Skilled,NSW,94
2016,India,820 Partner Temp,Family,VIC,207
2017,South Korea,485 Temp Graduate,Temporary,SA,619
2018,Indonesia,189 Skilled Indep,Skilled,ACT,436
2021,Philippines,485 Temp Graduate,Temporary,WA,109
2018,South Korea,491 Skilled Regional,Skilled,VIC,277
2022,Pakistan,400 Temp Work,Temporary,QLD,574
2016,Vietnam,500 Student,Student,NSW,629
2021,Philippines,482 Temp Skill,Temporary,QLD,314
2019,China,500 Student,Student,NSW,134
2023,Sri Lanka,485 Temp Graduate,Temporary,QLD,171
2019,China,143 Parent,Family,NSW,437
2021,Malaysia,801 Partner Perm,Family,QLD,277
2023,China,190 Skilled Nom,Skilled,VIC,595
2022,Pakistan,482 Temp Skill,Temporary,SA,504
2015,NZ,500 Student,Student,WA,623
2017,Pakistan,820 Partner Temp,Family,ACT,597
2020,India,801 Partner Perm,Family,VIC,491
2021,India,482 Temp Skill,Temporary,NSW,428
2020,Philippines,485 Temp Graduate,Temporary,SA,524
2021,Philippines,200 Refugee,Humanitarian,WA,609
2020,USA,485 Temp Graduate,Temporary,VIC,253
2022,China,190 Skilled Nom,Skilled,NSW,436
2022,Vietnam,500 Student,Student,NSW,338
2018,Philippines,500 Student,Student,WA,89
2015,China,200 Refugee,Humanitarian,VIC,36
2022,China,189 Skilled Indep,Skilled,VIC,51
2021,Nepal,500 Student,Student,WA,387
2018,India,143 Parent,Family,QLD,572
2018,UK,485 Temp Graduate,Temporary,VIC,67
2016,Nepal,801 Partner Perm,Family,NSW,86
2016,China,485 Temp Graduate,Temporary,VIC,700
2022,China,485 Temp Graduate,Temporary,QLD,280
2020,Pakistan,500 Student,Student,ACT,570
2021,Nepal,485 Temp Graduate,Temporary,ACT,474
2019,Pakistan,485 Temp Graduate,Temporary,QLD,578
2020,India,189 Skilled Indep,Skilled,VIC,348
2024,NZ,485 Temp Graduate,Temporary,WA,664
2021,China,500 Student,Student,NSW,253
2018,Germany,801 Partner Perm,Family,QLD,392
2020,Pakistan,500 Student,Student,QLD,366
2022,India,820 Partner Temp,Family,QLD,583
2015,Nepal,485 Temp Graduate,Temporary,VIC,593
2017,China,500 Student,Student,VIC,673
2017,Philippines,485 Temp Graduate,Temporary,SA,428
2023,Nepal,485 Temp Graduate,Temporary,QLD,394
2019,Philippines,491 Skilled Regional,Skilled,VIC,664
2018,Philippines,482 Temp Skill,Temporary,QLD,408
2018,UK,500 Student,Student,NSW,134
2018,India,500 Student,Student,VIC,80
2017,India,500 Student,Student,WA,470
2016,China,143 Parent,Family,WA,376
2024,Vietnam,500 Student,Student,NSW,693
2015,Malaysia,143 Parent,Family,NSW,307
2022,India,189 Skilled Indep,Skilled,QLD,441
2021,Philippines,820 Partner Temp,Family,WA,274
2016,Philippines,482 Temp Skill,Temporary,SA,447
2016,India,500 Student,Student,VIC,637
2023,Pakistan,500 Student,Student,NSW,376
2018,Vietnam,189 Skilled Indep,Skilled,NSW,550
2016,China,482 Temp Skill,Temporary,VIC,257
2016,Pakistan,202 Global Special,Humanitarian,VIC,424
2016,India,485 Temp Graduate,Temporary,QLD,327
2022,Nepal,500 Student,Student,NSW,522
2016,Sri Lanka,820 Partner Temp,Family,VIC,267
2022,Malaysia,189 Skilled Indep,Skilled,VIC,461
2017,NZ,189 Skilled Indep,Skilled,VIC,163
2017,Pakistan,500 Student,Student,QLD,361
2020,South Korea,200 Refugee,Humanitarian,NSW,645
2022,China,500 Student,Student,NSW,202
2022,India,485 Temp Graduate,Temporary,NSW,373
2015,Nepal,200 Refugee,Humanitarian,SA,416
2017,Bangladesh,482 Temp Skill,Temporary,VIC,240
2016,China,820 Partner Temp,Family,VIC,143
2017,Vietnam,500 Student,Student,QLD,198
2019,India,801 Partner Perm,Family,NSW,71
2016,India,482 Temp Skill,Temporary,VIC,464
2023,India,801 Partner Perm,Family,VIC,390
2024,India,491 Skilled Regional,Skilled,TAS,542
2018,Pakistan,491 Skilled Regional,Skilled,QLD,497
2024,Nepal,500 Student,Student,SA,249
2018,Philippines,500 Student,Student,NSW,424
2017,China,482 Temp Skill,Temporary,NSW,134
2023,South Korea,189 Skilled Indep,Skilled,VIC,283
2018,India,482 Temp Skill,Temporary,QLD,102
2022,Sri Lanka,820 Partner Temp,Family,VIC,486
2022,India,500 Student,Student,NSW,235
2022,India,820 Partner Temp,Family,VIC,449
2022,UK,485 Temp Graduate,Temporary,NSW,480
2020,Pakistan,485 Temp Graduate,Temporary,SA,593
2021,India,500 Student,Student,NSW,266
2016,India,500 Student,Student,VIC,223
2015,USA,400 Temp Work,Temporary,VIC,615
2018,UK,482 Temp Skill,Temporary,WA,724
2024,Pakistan,500 Student,Student,NSW,252
2017,China,190 Skilled Nom,Skilled,QLD,261
2017,Vietnam,400 Temp Work,Temporary,WA,193
2024,India,485 Temp Graduate,Temporary,NSW,522
2015,Nepal,200 Refugee,Humanitarian,QLD,331
2021,UK,500 Student,Student,NSW,328
2015,Malaysia,820 Partner Temp,Family,VIC,120
2017,Sri Lanka,482 Temp Skill,Temporary,VIC,711
2023,India,200 Refugee,Humanitarian,QLD,234
2017,India,500 Student,Student,WA,692
2023,China,189 Skilled Indep,Skilled,WA,95
2022,Vietnam,485 Temp Graduate,Temporary,VIC,509
2019,India,500 Student,Student,WA,39
2015,Philippines,500 Student,Student,VIC,603
2015,India,189 Skilled Indep,Skilled,SA,244
2018,India,482 Temp Skill,Temporary,NSW,121
2018,India,189 Skilled Indep,Skilled,VIC,165
2019,Nepal,485 Temp Graduate,Temporary,NSW,301
2018,India,485 Temp Graduate,Temporary,VIC,353
2017,India,485 Temp Graduate,Temporary,NSW,76
2015,India,143 Parent,Family,NSW,71
2018,Philippines,485 Temp Graduate,Temporary,VIC,525
2023,NZ,485 Temp Graduate,Temporary,WA,422
2017,Philippines,482 Temp Skill,Temporary,NSW,547
2024,Indonesia,482 Temp Skill,Temporary,WA,191
2023,NZ,491 Skilled Regional,Skilled,NSW,651
2022,UK,500 Student,Student,VIC,201
2019,South Korea,500 Student,Student,SA,262
2021,China,482 Temp Skill,Temporary,QLD,358
2019,Pakistan,143 Parent,Family,QLD,280
2017,Bangladesh,500 Student,Student,VIC,176
2018,India,485 Temp Graduate,Temporary,VIC,533
2017,USA,482 Temp Skill,Temporary,NSW,659
2017,UK,820 Partner Temp,Family,TAS,102
2016,Bangladesh,143 Parent,Family,ACT,104
2017,India,500 Student,Student,NSW,401
2023,Germany,500 Student,Student,TAS,622
2022,India,801 Partner Perm,Family,VIC,450
2024,India,189 Skilled Indep,Skilled,QLD,654
2015,Bangladesh,500 Student,Student,VIC,136
2022,Pakistan,500 Student,Student,WA,654
2018,India,202 Global Special,Humanitarian,QLD,543
2019,Sri Lanka,801 Partner Perm,Family,VIC,206
2024,India,143 Parent,Family,QLD,290
2019,Pakistan,482 Temp Skill,Temporary,WA,242
2023,Sri Lanka,482 Temp Skill,Temporary,WA,485
2015,India,485 Temp Graduate,Temporary,VIC,563
2022,Philippines,400 Temp Work,Temporary,QLD,63
2018,China,500 Student,Student,NSW,193
2021,Nepal,485 Temp Graduate,Temporary,WA,40
2018,Malaysia,500 Student,Student,NSW,470
2023,India,820 Partner Temp,Family,QLD,680
2017,Philippines,482 Temp Skill,Temporary,VIC,101
2023,Philippines,485 Temp Graduate,Temporary,VIC,212
2020,India,202 Global Special,Humanitarian,NSW,178
2022,Philippines,485 Temp Graduate,Temporary,SA,40
2017,India,143 Parent,Family,VIC,623
2022,Philippines,200 Refugee,Humanitarian,NSW,491
2020,India,485 Temp Graduate,Temporary,WA,554
2017,China,485 Temp Graduate,Temporary,QLD,199
2020,Germany,482 Temp Skill,Temporary,NSW,65
2022,China,190 Skilled Nom,Skilled,VIC,98
2021,Nepal,500 Student,Student,QLD,480
2018,UK,482 Temp Skill,Temporary,VIC,176
2023,China,820 Partner Temp,Family,NSW,493
2017,Vietnam,820 Partner Temp,Family,NSW,262
2017,Philippines,482 Temp Skill,Temporary,NSW,621
2017,Indonesia,189 Skilled Indep,Skilled,SA,226
2023,China,400 Temp Work,Temporary,WA,409
2015,Philippines,491 Skilled Regional,Skilled,QLD,496
2018,India,189 Skilled Indep,Skilled,QLD,115
2020,Pakistan,801 Partner Perm,Family,NSW,190
2018,Philippines,801 Partner Perm,Family,NSW,506
2016,Nepal,189 Skilled Indep,Skilled,VIC,40
2017,India,400 Temp Work,Temporary,VIC,696
2019,USA,482 Temp Skill,Temporary,NSW,476
2018,Philippines,482 Temp Skill,Temporary,VIC,168
2023,Philippines,485 Temp Graduate,Temporary,NSW,94
2018,India,190 Skilled Nom,Skilled,SA,384
2019,India,190 Skilled Nom,Skilled,VIC,259
2024,Malaysia,820 Partner Temp,Family,VIC,383
2018,Sri Lanka,820 Partner Temp,Family,NSW,314
2022,China,820 Partner Temp,Family,QLD,80
2023,Pakistan,485 Temp Graduate,Temporary,VIC,413
2015,Pakistan,500 Student,Student,NSW,411
2017,Pakistan,189 Skilled Indep,Skilled,VIC,589
2024,India,143 Parent,Family,WA,382
2021,China,190 Skilled Nom,Skilled,WA,150
2016,India,500 Student,Student,NSW,653
2016,India,500 Student,Student,QLD,259
2016,China,500 Student,Student,NSW,577
2024,South Korea,485 Temp Graduate,Temporary,NSW,436
2016,Philippines,143 Parent,Family,VIC,451
2023,Germany,500 Student,Student,VIC,418
2021,Nepal,143 Parent,Family,VIC,318
2024,India,500 Student,Student,NSW,491
2022,Germany,482 Temp Skill,Temporary,NSW,686
2018,China,500 Student,Student,VIC,202
2016,India,143 Parent,Family,VIC,490
2024,Vietnam,482 Temp Skill,Temporary,VIC,445
2017,China,482 Temp Skill,Temporary,VIC,301
2022,Nepal,500 Student,Student,NSW,653
2023,Vietnam,485 Temp Graduate,Temporary,WA,372
2024,China,801 Partner Perm,Family,NSW,138
2018,India,482 Temp Skill,Temporary,NSW,198
2017,Vietnam,820 Partner Temp,Family,NSW,108
2017,China,200 Refugee,Humanitarian,VIC,248
2018,India,482 Temp Skill,Temporary,WA,646
2015,China,500 Student,Student,QLD,711
2021,Philippines,485 Temp Graduate,Temporary,VIC,303
2022,China,500 Student,Student,VIC,487
2018,India,485 Temp Graduate,Temporary,VIC,71
2022,Philippines,500 Student,Student,QLD,642
2015,Philippines,482 Temp Skill,Temporary,VIC,197
2018,India,801 Partner Perm,Family,VIC,409
2018,China,485 Temp Graduate,Temporary,QLD,266
2015,Nepal,189 Skilled Indep,Skilled,SA,436
2023,Nepal,189 Skilled Indep,Skilled,VIC,554
2022,Nepal,500 Student,Student,VIC,452
2017,Philippines,190 Skilled Nom,Skilled,QLD,285
2017,Pakistan,491 Skilled Regional,Skilled,SA,560
2023,Bangladesh,500 Student,Student,QLD,372
2022,Indonesia,190 Skilled Nom,Skilled,QLD,522
2015,India,202 Global Special,Humanitarian,VIC,164
2018,UK,500 Student,Student,VIC,438
2016,UK,482 Temp Skill,Temporary,WA,68
2017,Germany,482 Temp Skill,Temporary,VIC,111
2022,China,485 Temp Graduate,Temporary,QLD,717
2018,Bangladesh,482 Temp Skill,Temporary,NSW,335
2024,Philippines,820 Partner Temp,Family,NSW,214
2015,India,801 Partner Perm,Family,NSW,395
2023,Philippines,200 Refugee,Humanitarian,SA,262
2015,NZ,190 Skilled Nom,Skilled,VIC,269
2021,Nepal,500 Student,Student,VIC,52
2022,China,200 Refugee,Humanitarian,VIC,94
2022,Bangladesh,482 Temp Skill,Temporary,NSW,349
2016,Pakistan,485 Temp Graduate,Temporary,QLD,521
2024,UK,189 Skilled Indep,Skilled,WA,143
2017,Philippines,400 Temp Work,Temporary,QLD,700
2020,Pakistan,485 Temp Graduate,Temporary,NSW,260
2023,China,189 Skilled Indep,Skilled,QLD,709
2020,India,189 Skilled Indep,Skilled,QLD,585
2018,China,143 Parent,Family,VIC,497
2018,Philippines,400 Temp Work,Temporary,WA,95
2023,South Korea,500 Student,Student,NSW,116
2018,China,200 Refugee,Humanitarian,WA,629
2020,India,500 Student,Student,SA,364
2017,India,400 Temp Work,Temporary,NSW,451
2018,Pakistan,500 Student,Student,VIC,321
2015,Philippines,200 Refugee,Humanitarian,VIC,96
2024,India,820 Partner Temp,Family,QLD,514
2016,Malaysia,200 Refugee,Humanitarian,VIC,400
2016,Philippines,485 Temp Graduate,Temporary,QLD,615
2015,Germany,500 Student,Student,VIC,442
2016,Pakistan,482 Temp Skill,Temporary,NSW,169
2023,India,491 Skilled Regional,Skilled,VIC,178
2020,India,482 Temp Skill,Temporary,WA,261
2015,Philippines,482 Temp Skill,Temporary,ACT,202
2021,Sri Lanka,202 Global Special,Humanitarian,VIC,603
2022,Indonesia,500 Student,Student,WA,386
2016,Bangladesh,801 Partner Perm,Family,QLD,508
2021,Philippines,500 Student,Student,VIC,134
2017,China,500 Student,Student,NSW,415
2018,Pakistan,400 Temp Work,Temporary,VIC,563
2024,China,190 Skilled Nom,Skilled,TAS,620
2024,Sri Lanka,190 Skilled Nom,Skilled,QLD,304
2024,Nepal,143 Parent,Family,QLD,671
2017,China,200 Refugee,Humanitarian,NSW,115
2022,China,143 Parent,Family,VIC,179
2022,Sri Lanka,400 Temp Work,Temporary,VIC,392
2023,India,189 Skilled Indep,Skilled,VIC,588
2022,Nepal,189 Skilled Indep,Skilled,NSW,627
2023,India,500 Student,Student,VIC,584
2024,South Korea,801 Partner Perm,Family,VIC,720
2017,India,482 Temp Skill,Temporary,NSW,451
2016,Nepal,189 Skilled Indep,Skilled,VIC,365
2018,Nepal,500 Student,Student,VIC,436
2023,Germany,485 Temp Graduate,Temporary,SA,664
2022,Nepal,485 Temp Graduate,Temporary,ACT,100
2021,Nepal,500 Student,Student,NSW,257
2018,Germany,500 Student,Student,NSW,288
2017,China,400 Temp Work,Temporary,VIC,320
2021,China,500 Student,Student,NSW,582
2022,China,500 Student,Student,QLD,356
2024,India,500 Student,Student,QLD,532
2015,Sri Lanka,190 Skilled Nom,Skilled,NSW,442
2021,Vietnam,189 Skilled Indep,Skilled,SA,495
2021,UK,485 Temp Graduate,Temporary,NSW,218
2022,Germany,482 Temp Skill,Temporary,QLD,586
2019,Germany,482 Temp Skill,Temporary,WA,259
2021,NZ,189 Skilled Indep,Skilled,QLD,331
2022,India,189 Skilled Indep,Skilled,NSW,146
2016,Pakistan,485 Temp Graduate,Temporary,WA,463
2022,Pakistan,482 Temp Skill,Temporary,VIC,682
2015,Nepal,190 Skilled Nom,Skilled,NSW,104
2023,Bangladesh,482 Temp Skill,Temporary,QLD,318
2017,India,482 Temp Skill,Temporary,NSW,435
2018,India,189 Skilled Indep,Skilled,VIC,333
2017,Indonesia,500 Student,Student,NSW,546
2017,China,189 Skilled Indep,Skilled,VIC,223
2015,India,400 Temp Work,Temporary,QLD,661
2021,India,189 Skilled Indep,Skilled,WA,294
2020,Philippines,482 Temp Skill,Temporary,VIC,282
2017,Sri Lanka,500 Student,Student,QLD,658
2024,China,190 Skilled Nom,Skilled,QLD,381
2015,Indonesia,500 Student,Student,WA,576
2019,South Korea,485 Temp Graduate,Temporary,NSW,287
2018,Germany,200 Refugee,Humanitarian,VIC,583
2017,USA,801 Partner Perm,Family,VIC,446
2021,Nepal,500 Student,Student,QLD,209
2019,Philippines,485 Temp Graduate,Temporary,QLD,634
2016,India,500 Student,Student,SA,612
2019,NZ,190 Skilled Nom,Skilled,SA,259
2023,India,400 Temp Work,Temporary,VIC,169
2021,India,485 Temp Graduate,Temporary,VIC,623
2015,Nepal,500 Student,Student,QLD,530
2024,Sri Lanka,482 Temp Skill,Temporary,VIC,184
2016,India,820 Partner Temp,Family,SA,400
2019,UK,485 Temp Graduate,Temporary,VIC,305
2018,India,200 Refugee,Humanitarian,NSW,396
2023,China,200 Refugee,Humanitarian,QLD,228
2022,Philippines,482 Temp Skill,Temporary,SA,146
2020,Nepal,482 Temp Skill,Temporary,VIC,280
2024,Philippines,482 Temp Skill,Temporary,QLD,385
2017,China,190 Skilled Nom,Skilled,QLD,256
2020,Malaysia,801 Partner Perm,Family,NSW,507
2018,Philippines,500 Student,Student,QLD,69
2016,India,189 Skilled Indep,Skilled,VIC,259
2022,India,400 Temp Work,Temporary,VIC,578
2024,NZ,400 Temp Work,Temporary,NSW,710
2015,UK,485 Temp Graduate,Temporary,SA,722
2023,China,189 Skilled Indep,Skilled,VIC,65
2020,Germany,189 Skilled Indep,Skilled,QLD,248
2023,China,189 Skilled Indep,Skilled,VIC,149
2016,Nepal,400 Temp Work,Temporary,WA,629
2019,India,500 Student,Student,QLD,298
2024,China,482 Temp Skill,Temporary,VIC,296
2021,Sri Lanka,190 Skilled Nom,Skilled,NSW,53
2015,USA,482 Temp Skill,Temporary,WA,728
2023,Vietnam,801 Partner Perm,Family,VIC,713
2018,India,491 Skilled Regional,Skilled,VIC,519
2024,China,482 Temp Skill,Temporary,VIC,89
2019,India,485 Temp Graduate,Temporary,TAS,584
2021,Germany,143 Parent,Family,QLD,500
2017,UK,801 Partner Perm,Family,VIC,118
2021,Philippines,485 Temp Graduate,Temporary,QLD,536
2021,Pakistan,400 Temp Work,Temporary,VIC,196
2017,India,820 Partner Temp,Family,VIC,717
2016,Philippines,500 Student,Student,NSW,509
2018,India,482 Temp Skill,Temporary,VIC,387
2021,India,485 Temp Graduate,Temporary,QLD,174
2019,China,500 Student,Student,QLD,358
2024,Philippines,482 Temp Skill,Temporary,NSW,676
2023,Nepal,200 Refugee,Humanitarian,VIC,98
2017,Nepal,801 Partner Perm,Family,QLD,503
2016,India,190 Skilled Nom,Skilled,SA,639
2018,Nepal,485 Temp Graduate,Temporary,NSW,281
2022,Vietnam,500 Student,Student,WA,359
2019,Sri Lanka,485 Temp Graduate,Temporary,QLD,175
2021,China,189 Skilled Indep,Skilled,VIC,165
2023,Malaysia,801 Partner Perm,Family,NSW,286
2018,USA,482 Temp Skill,Temporary,NSW,576
2015,India,485 Temp Graduate,Temporary,QLD,702
2017,Pakistan,500 Student,Student,SA,272
2019,China,500 Student,Student,VIC,640
2017,China,485 Temp Graduate,Temporary,NSW,592
2018,China,500 Student,Student,VIC,48
2023,UK,189 Skilled Indep,Skilled,VIC,664
2024,Nepal,482 Temp Skill,Temporary,QLD,202
2022,India,500 Student,Student,SA,169
2022,China,485 Temp Graduate,Temporary,QLD,573
2018,Vietnam,485 Temp Graduate,Temporary,VIC,342
2022,China,202 Global Special,Humanitarian,NSW,234
2023,Pakistan,485 Temp Graduate,Temporary,QLD,678
2016,NZ,202 Global Special,Humanitarian,NSW,322
2018,India,485 Temp Graduate,Temporary,VIC,585
2020,India,202 Global Special,Humanitarian,VIC,650
2023,Indonesia,189 Skilled Indep,Skilled,VIC,215
2017,China,485 Temp Graduate,Temporary,NSW,191
2015,Germany,500 Student,Student,VIC,485
2023,Nepal,189 Skilled Indep,Skilled,NSW,139
2021,Germany,190 Skilled Nom,Skilled,WA,89
2015,China,485 Temp Graduate,Temporary,QLD,158
2019,Nepal,189 Skilled Indep,Skilled,QLD,140
2018,Philippines,143 Parent,Family,VIC,436
2016,USA,189 Skilled Indep,Skilled,SA,251
2023,India,189 Skilled Indep,Skilled,SA,511
2016,Nepal,500 Student,Student,QLD,486
2015,Germany,500 Student,Student,WA,451
2019,Malaysia,200 Refugee,Humanitarian,VIC,427
2018,China,482 Temp Skill,Temporary,WA,411
2024,Vietnam,500 Student,Student,VIC,466
2024,India,485 Temp Graduate,Temporary,QLD,185
2018,South Korea,485 Temp Graduate,Temporary,QLD,220
2015,NZ,400 Temp Work,Temporary,NSW,351
2017,India,189 Skilled Indep,Skilled,QLD,552
2022,NZ,190 Skilled Nom,Skilled,WA,331
2024,Pakistan,485 Temp Graduate,Temporary,NSW,296
2016,Bangladesh,485 Temp Graduate,Temporary,NSW,712
2017,Germany,143 Parent,Family,WA,460
2024,India,820 Partner Temp,Family,QLD,205
2018,India,801 Partner Perm,Family,VIC,195
2023,Germany,500 Student,Student,WA,298
2022,India,190 Skilled Nom,Skilled,VIC,252
2017,Vietnam,500 Student,Student,NSW,552
2016,India,485 Temp Graduate,Temporary,SA,276
2023,NZ,485 Temp Graduate,Temporary,WA,403
2022,India,500 Student,Student,NSW,308
2024,Pakistan,485 Temp Graduate,Temporary,VIC,555
2016,India,482 Temp Skill,Temporary,NSW,293
2018,India,190 Skilled Nom,Skilled,QLD,449
2021,India,482 Temp Skill,Temporary,NSW,452
2017,Nepal,482 Temp Skill,Temporary,SA,452
2023,India,482 Temp Skill,Temporary,QLD,199
2023,Nepal,400 Temp Work,Temporary,QLD,468
2022,China,500 Student,Student,QLD,231
2015,India,190 Skilled Nom,Skilled,QLD,97
2023,China,400 Temp Work,Temporary,VIC,516
2019,China,482 Temp Skill,Temporary,VIC,219
2022,India,482 Temp Skill,Temporary,QLD,396
2018,Philippines,491 Skilled Regional,Skilled,WA,433
2020,Bangladesh,485 Temp Graduate,Temporary,NSW,211
2018,Germany,801 Partner Perm,Family,VIC,521
2020,Germany,482 Temp Skill,Temporary,NSW,496
2017,Germany,485 Temp Graduate,Temporary,QLD,376
2018,Philippines,485 Temp Graduate,Temporary,WA,546
2019,UK,485 Temp Graduate,Temporary,VIC,90
2017,Sri Lanka,500 Student,Student,QLD,307
2023,China,202 Global Special,Humanitarian,VIC,315
2016,Nepal,485 Temp Graduate,Temporary,NSW,524
2018,India,485 Temp Graduate,Temporary,QLD,48
2018,Vietnam,143 Parent,Family,NSW,433
2016,India,801 Partner Perm,Family,NSW,204
2024,UK,143 Parent,Family,VIC,112
2017,India,491 Skilled Regional,Skilled,VIC,539
2016,NZ,485 Temp Graduate,Temporary,NSW,543
2016,Pakistan,820 Partner Temp,Family,TAS,716
2023,India,491 Skilled Regional,Skilled,WA,455
2018,India,482 Temp Skill,Temporary,QLD,145
2018,Germany,500 Student,Student,SA,595
2022,Vietnam,200 Refugee,Humanitarian,NSW,340
2024,Indonesia,500 Student,Student,WA,64
2015,Pakistan,190 Skilled Nom,Skilled,TAS,44
2017,China,143 Parent,Family,VIC,469
2016,India,202 Global Special,Humanitarian,NSW,88
2022,China,500 Student,Student,SA,95
2021,UK,482 Temp Skill,Temporary,NSW,48
2023,India,482 Temp Skill,Temporary,VIC,709
2015,UK,500 Student,Student,SA,416
2016,China,500 Student,Student,WA,321
2019,Nepal,189 Skilled Indep,Skilled,VIC,328
2021,India,189 Skilled Indep,Skilled,NSW,115
2022,Nepal,189 Skilled Indep,Skilled,VIC,682
2021,India,202 Global Special,Humanitarian,QLD,362
2018,Malaysia,190 Skilled Nom,Skilled,NSW,182
2015,Indonesia,500 Student,Student,QLD,64
2017,USA,189 Skilled Indep,Skilled,NSW,719
2016,India,202 Global Special,Humanitarian,VIC,135
2024,China,482 Temp Skill,Temporary,QLD,156
2024,Vietnam,500 Student,Student,NSW,420
2021,Philippines,500 Student,Student,WA,435
2024,India,485 Temp Graduate,Temporary,NSW,106
2021,India,500 Student,Student,NSW,409
2019,South Korea,202 Global Special,Humanitarian,VIC,180
2022,Nepal,485 Temp Graduate,Temporary,ACT,382
2018,India,485 Temp Graduate,Temporary,ACT,276
2024,China,485 Temp Graduate,Temporary,VIC,315
2020,China,801 Partner Perm,Family,TAS,602
2023,Nepal,482 Temp Skill,Temporary,TAS,193
2022,Indonesia,500 Student,Student,TAS,117
2022,China,143 Parent,Family,NSW,728
2021,India,820 Partner Temp,Family,VIC,363
2017,India,482 Temp Skill,Temporary,QLD,470
2018,Germany,189 Skilled Indep,Skilled,QLD,114
2019,Indonesia,801 Partner Perm,Family,VIC,431
2019,Pakistan,202 Global Special,Humanitarian,VIC,627
2017,Nepal,801 Partner Perm,Family,NSW,543
2020,India,485 Temp Graduate,Temporary,WA,548
2020,China,485 Temp Graduate,Temporary,NSW,429
2017,Philippines,200 Refugee,Humanitarian,NSW,586
2016,UK,485 Temp Graduate,Temporary,VIC,228
2024,NZ,482 Temp Skill,Temporary,VIC,706
2021,South Korea,801 Partner Perm,Family,QLD,548
2015,Sri Lanka,400 Temp Work,Temporary,NSW,605
2019,NZ,143 Parent,Family,NSW,256
2019,Philippines,820 Partner Temp,Family,QLD,408
2019,China,820 Partner Temp,Family,NSW,527
2017,Vietnam,500 Student,Student,WA,233
2024,Germany,190 Skilled Nom,Skilled,NSW,361
2016,South Korea,485 Temp Graduate,Temporary,NSW,726
2023,China,143 Parent,Family,QLD,468
2016,Philippines,482 Temp Skill,Temporary,VIC,276
2015,Nepal,485 Temp Graduate,Temporary,NSW,279
2016,China,801 Partner Perm,Family,NSW,560
