date,city,month,day_of_year,temp_max,temp_min,temp_range,rainfall_mm,uv_index
2023-01-01,Melbourne,1,1,30.4,21.9,8.5,0.0,4.8
2023-01-02,Melbourne,1,2,25.3,16.4,8.9,0.0,6.5
2023-01-03,Melbourne,1,3,24.7,13.3,11.4,0.0,5.1
2023-01-04,Melbourne,1,4,26.8,17.0,9.8,0.2,5.4
2023-01-05,Melbourne,1,5,27.2,16.3,10.9,0.7,5.0
2023-01-06,Melbourne,1,6,24.4,17.9,6.5,0.0,6.0
2023-01-07,Melbourne,1,7,25.9,17.5,8.4,0.0,6.2
2023-01-08,Melbourne,1,8,24.3,14.7,9.6,0.0,6.7
2023-01-09,Melbourne,1,9,27.8,21.4,6.4,0.0,4.9
2023-01-10,Melbourne,1,10,24.4,16.5,7.9,0.6,6.4
2023-01-11,Melbourne,1,11,26.0,16.6,9.4,0.0,5.5
2023-01-12,Melbourne,1,12,26.0,19.0,7.0,0.0,6.3
2023-01-13,Melbourne,1,13,24.1,13.9,10.2,0.0,6.7
2023-01-14,Melbourne,1,14,28.5,20.1,8.4,0.0,6.4
2023-01-15,Melbourne,1,15,27.8,16.9,10.9,0.0,6.7
2023-01-16,Melbourne,1,16,29.0,21.0,8.0,0.0,6.7
2023-01-17,Melbourne,1,17,28.7,20.5,8.2,0.0,5.0
2023-01-18,Melbourne,1,18,22.0,15.9,6.1,0.0,5.7
2023-01-19,Melbourne,1,19,29.5,21.0,8.5,0.0,5.1
2023-01-20,Melbourne,1,20,27.8,17.0,10.8,0.0,6.3
2023-01-21,Melbourne,1,21,26.8,16.6,10.2,2.6,5.5
2023-01-22,Melbourne,1,22,28.2,19.6,8.6,1.5,6.1
2023-01-23,Melbourne,1,23,21.5,14.2,7.3,0.0,5.4
2023-01-24,Melbourne,1,24,27.9,19.3,8.6,0.6,5.0
2023-01-25,Melbourne,1,25,29.2,17.4,11.8,0.0,5.3
2023-01-26,Melbourne,1,26,23.6,13.7,9.9,0.0,6.5
2023-01-27,Melbourne,1,27,28.2,19.7,8.5,1.3,6.6
2023-01-28,Melbourne,1,28,26.2,15.9,10.3,0.0,5.8
2023-01-29,Melbourne,1,29,24.2,14.9,9.3,0.0,6.7
2023-01-30,Melbourne,1,30,31.1,20.1,11.0,1.4,5.5
2023-01-31,Melbourne,1,31,25.3,13.7,11.6,1.0,6.7
2023-02-01,Melbourne,2,32,26.6,17.0,9.6,0.0,5.9
2023-02-02,Melbourne,2,33,27.1,18.0,9.1,0.0,5.1
2023-02-03,Melbourne,2,34,22.8,15.9,6.9,0.0,6.7
2023-02-04,Melbourne,2,35,25.0,18.7,6.3,0.0,6.3
2023-02-05,Melbourne,2,36,26.0,16.1,9.9,0.5,6.2
2023-02-06,Melbourne,2,37,24.5,15.6,8.9,0.0,5.5
2023-02-07,Melbourne,2,38,29.1,22.8,6.3,0.0,5.4
2023-02-08,Melbourne,2,39,26.0,17.8,8.2,0.1,6.5
2023-02-09,Melbourne,2,40,25.5,19.0,6.5,0.0,6.2
2023-02-10,Melbourne,2,41,24.0,12.2,11.8,2.8,5.1
2023-02-11,Melbourne,2,42,24.1,16.3,7.8,0.0,5.3
2023-02-12,Melbourne,2,43,26.5,18.6,7.9,0.1,5.6
2023-02-13,Melbourne,2,44,26.0,19.6,6.4,0.0,6.2
2023-02-14,Melbourne,2,45,30.1,20.5,9.6,0.0,5.9
2023-02-15,Melbourne,2,46,28.4,17.2,11.2,0.0,5.1
2023-02-16,Melbourne,2,47,26.9,19.5,7.4,0.0,6.6
2023-02-17,Melbourne,2,48,23.6,14.3,9.3,1.7,5.6
2023-02-18,Melbourne,2,49,24.9,17.5,7.4,0.0,5.8
2023-02-19,Melbourne,2,50,25.7,18.6,7.1,0.0,6.1
2023-02-20,Melbourne,2,51,23.4,14.9,8.5,0.0,5.7
2023-02-21,Melbourne,2,52,25.1,19.0,6.1,5.3,6.6
2023-02-22,Melbourne,2,53,26.9,19.1,7.8,0.0,6.0
2023-02-23,Melbourne,2,54,24.9,16.3,8.6,0.7,6.1
2023-02-24,Melbourne,2,55,22.9,14.8,8.1,3.1,5.9
2023-02-25,Melbourne,2,56,22.0,15.9,6.1,0.0,5.8
2023-02-26,Melbourne,2,57,25.1,17.2,7.9,0.0,5.1
2023-02-27,Melbourne,2,58,29.0,21.3,7.7,0.0,6.5
2023-02-28,Melbourne,2,59,24.4,15.2,9.2,0.0,5.0
2023-03-01,Melbourne,3,60,21.0,10.5,10.5,0.0,5.8
2023-03-02,Melbourne,3,61,19.2,7.9,11.3,0.0,5.2
2023-03-03,Melbourne,3,62,20.6,13.3,7.3,0.0,6.3
2023-03-04,Melbourne,3,63,21.6,14.3,7.3,0.8,5.9
2023-03-05,Melbourne,3,64,25.2,14.0,11.2,0.2,6.1
2023-03-06,Melbourne,3,65,21.0,14.4,6.6,1.9,5.4
2023-03-07,Melbourne,3,66,23.9,16.5,7.4,0.0,5.0
2023-03-08,Melbourne,3,67,20.8,14.4,6.4,0.0,6.4
2023-03-09,Melbourne,3,68,23.2,14.4,8.8,0.0,6.2
2023-03-10,Melbourne,3,69,22.5,11.1,11.4,0.0,4.9
2023-03-11,Melbourne,3,70,22.1,16.1,6.0,0.0,5.7
2023-03-12,Melbourne,3,71,24.7,16.0,8.7,0.0,6.0
2023-03-13,Melbourne,3,72,26.1,20.0,6.1,0.0,6.6
2023-03-14,Melbourne,3,73,24.6,14.9,9.7,0.0,5.4
2023-03-15,Melbourne,3,74,25.9,17.5,8.4,0.0,6.4
2023-03-16,Melbourne,3,75,20.7,13.1,7.6,0.0,5.0
2023-03-17,Melbourne,3,76,21.7,11.9,9.8,0.0,5.5
2023-03-18,Melbourne,3,77,22.8,13.6,9.2,0.0,6.2
2023-03-19,Melbourne,3,78,24.4,15.4,9.0,0.0,5.7
2023-03-20,Melbourne,3,79,20.7,14.2,6.5,0.0,5.8
2023-03-21,Melbourne,3,80,24.8,16.0,8.8,4.9,5.0
2023-03-22,Melbourne,3,81,23.6,11.8,11.8,0.0,6.7
2023-03-23,Melbourne,3,82,22.7,15.7,7.0,0.0,6.0
2023-03-24,Melbourne,3,83,24.9,18.2,6.7,0.0,6.1
2023-03-25,Melbourne,3,84,19.0,12.4,6.6,0.6,5.7
2023-03-26,Melbourne,3,85,21.1,11.8,9.3,2.5,5.7
2023-03-27,Melbourne,3,86,20.5,12.1,8.4,0.0,5.1
2023-03-28,Melbourne,3,87,24.3,17.5,6.8,0.0,6.8
2023-03-29,Melbourne,3,88,23.1,11.1,12.0,1.8,6.7
2023-03-30,Melbourne,3,89,25.3,15.1,10.2,0.8,6.6
2023-03-31,Melbourne,3,90,23.8,15.0,8.8,0.0,5.4
2023-04-01,Melbourne,4,91,21.2,12.8,8.4,0.0,4.9
2023-04-02,Melbourne,4,92,17.7,6.5,11.2,3.1,5.7
2023-04-03,Melbourne,4,93,19.2,12.2,7.0,0.0,6.1
2023-04-04,Melbourne,4,94,24.1,16.8,7.3,0.0,5.2
2023-04-05,Melbourne,4,95,24.0,14.3,9.7,0.4,5.7
2023-04-06,Melbourne,4,96,15.9,6.8,9.1,0.0,6.0
2023-04-07,Melbourne,4,97,18.8,11.7,7.1,0.0,5.5
2023-04-08,Melbourne,4,98,22.9,13.1,9.8,0.0,5.3
2023-04-09,Melbourne,4,99,22.5,12.4,10.1,0.0,6.0
2023-04-10,Melbourne,4,100,22.1,13.4,8.7,0.0,4.8
2023-04-11,Melbourne,4,101,20.0,11.7,8.3,0.8,6.1
2023-04-12,Melbourne,4,102,19.4,10.3,9.1,0.0,6.3
2023-04-13,Melbourne,4,103,18.0,7.8,10.2,0.0,6.1
2023-04-14,Melbourne,4,104,24.4,14.4,10.0,0.0,6.6
2023-04-15,Melbourne,4,105,19.2,13.1,6.1,0.8,5.3
2023-04-16,Melbourne,4,106,21.4,12.7,8.7,0.0,5.2
2023-04-17,Melbourne,4,107,22.8,16.0,6.8,0.0,5.9
2023-04-18,Melbourne,4,108,19.0,8.4,10.6,0.0,5.3
2023-04-19,Melbourne,4,109,19.8,13.0,6.8,1.0,6.4
2023-04-20,Melbourne,4,110,21.5,15.1,6.4,2.9,6.4
2023-04-21,Melbourne,4,111,22.8,16.5,6.3,0.0,5.1
2023-04-22,Melbourne,4,112,21.5,11.9,9.6,0.3,5.9
2023-04-23,Melbourne,4,113,19.9,9.0,10.9,0.6,5.7
2023-04-24,Melbourne,4,114,19.9,8.8,11.1,1.1,5.7
2023-04-25,Melbourne,4,115,12.5,1.7,10.8,1.3,5.1
2023-04-26,Melbourne,4,116,19.9,8.7,11.2,0.0,6.8
2023-04-27,Melbourne,4,117,17.3,5.8,11.5,1.8,6.3
2023-04-28,Melbourne,4,118,21.5,14.9,6.6,1.0,5.5
2023-04-29,Melbourne,4,119,17.2,9.0,8.2,0.0,5.7
2023-04-30,Melbourne,4,120,17.7,9.0,8.7,0.4,5.3
2023-05-01,Melbourne,5,121,16.1,6.6,9.5,0.0,5.2
2023-05-02,Melbourne,5,122,14.1,7.7,6.4,0.0,5.1
2023-05-03,Melbourne,5,123,20.5,10.4,10.1,0.0,6.4
2023-05-04,Melbourne,5,124,15.6,3.6,12.0,0.0,6.6
2023-05-05,Melbourne,5,125,11.0,-0.9,11.9,0.0,5.1
2023-05-06,Melbourne,5,126,18.1,8.9,9.2,0.0,5.8
2023-05-07,Melbourne,5,127,15.1,5.5,9.6,1.0,6.6
2023-05-08,Melbourne,5,128,20.0,9.6,10.4,0.0,5.4
2023-05-09,Melbourne,5,129,15.5,3.6,11.9,4.5,5.3
2023-05-10,Melbourne,5,130,23.1,12.3,10.8,0.0,5.2
2023-05-11,Melbourne,5,131,21.4,12.9,8.5,2.6,5.8
2023-05-12,Melbourne,5,132,15.8,8.7,7.1,1.3,5.4
2023-05-13,Melbourne,5,133,16.0,9.9,6.1,0.0,5.6
2023-05-14,Melbourne,5,134,17.9,6.8,11.1,0.0,6.6
2023-05-15,Melbourne,5,135,14.9,3.2,11.7,0.0,6.7
2023-05-16,Melbourne,5,136,15.5,3.6,11.9,0.0,6.5
2023-05-17,Melbourne,5,137,17.4,6.5,10.9,0.0,5.7
2023-05-18,Melbourne,5,138,18.5,11.2,7.3,0.0,4.9
2023-05-19,Melbourne,5,139,14.6,3.8,10.8,0.7,5.4
2023-05-20,Melbourne,5,140,13.3,3.3,10.0,0.0,5.8
2023-05-21,Melbourne,5,141,16.3,7.3,9.0,0.4,6.6
2023-05-22,Melbourne,5,142,19.9,10.3,9.6,1.4,5.6
2023-05-23,Melbourne,5,143,17.7,10.8,6.9,0.0,5.2
2023-05-24,Melbourne,5,144,19.5,12.5,7.0,4.0,6.5
2023-05-25,Melbourne,5,145,16.4,10.1,6.3,1.8,5.6
2023-05-26,Melbourne,5,146,16.2,6.8,9.4,0.0,5.4
2023-05-27,Melbourne,5,147,18.7,12.6,6.1,0.0,5.5
2023-05-28,Melbourne,5,148,15.6,9.4,6.2,0.2,6.5
2023-05-29,Melbourne,5,149,13.8,5.8,8.0,0.0,5.7
2023-05-30,Melbourne,5,150,18.3,7.9,10.4,0.3,4.9
2023-05-31,Melbourne,5,151,21.9,12.9,9.0,0.0,5.8
2023-06-01,Melbourne,6,152,15.4,4.9,10.5,0.0,5.2
2023-06-02,Melbourne,6,153,19.6,12.6,7.0,0.0,6.2
2023-06-03,Melbourne,6,154,13.4,6.4,7.0,0.0,5.6
2023-06-04,Melbourne,6,155,18.1,6.6,11.5,0.0,5.9
2023-06-05,Melbourne,6,156,12.0,5.7,6.3,0.0,6.0
2023-06-06,Melbourne,6,157,13.7,4.9,8.8,0.0,6.2
2023-06-07,Melbourne,6,158,16.0,9.7,6.3,0.0,5.0
2023-06-08,Melbourne,6,159,16.9,8.8,8.1,0.0,6.6
2023-06-09,Melbourne,6,160,20.4,10.5,9.9,0.0,5.5
2023-06-10,Melbourne,6,161,17.4,7.3,10.1,0.0,6.3
2023-06-11,Melbourne,6,162,13.7,2.7,11.0,0.0,6.0
2023-06-12,Melbourne,6,163,13.6,5.3,8.3,0.0,5.0
2023-06-13,Melbourne,6,164,15.3,7.3,8.0,0.0,5.7
2023-06-14,Melbourne,6,165,16.2,6.7,9.5,0.0,6.7
2023-06-15,Melbourne,6,166,19.8,12.0,7.8,0.0,5.8
2023-06-16,Melbourne,6,167,12.9,4.5,8.4,0.0,6.7
2023-06-17,Melbourne,6,168,15.5,7.0,8.5,5.7,5.8
2023-06-18,Melbourne,6,169,10.8,4.8,6.0,0.0,6.7
2023-06-19,Melbourne,6,170,16.5,7.7,8.8,2.1,6.6
2023-06-20,Melbourne,6,171,12.8,2.1,10.7,0.0,5.7
2023-06-21,Melbourne,6,172,16.9,6.4,10.5,0.4,5.6
2023-06-22,Melbourne,6,173,15.3,5.3,10.0,0.0,6.2
2023-06-23,Melbourne,6,174,15.9,9.5,6.4,0.0,6.3
2023-06-24,Melbourne,6,175,15.9,7.2,8.7,2.9,5.5
2023-06-25,Melbourne,6,176,11.4,1.6,9.8,0.0,6.7
2023-06-26,Melbourne,6,177,8.3,2.2,6.1,2.3,5.2
2023-06-27,Melbourne,6,178,18.2,9.0,9.2,2.8,5.2
2023-06-28,Melbourne,6,179,14.0,3.5,10.5,0.0,6.7
2023-06-29,Melbourne,6,180,18.6,9.6,9.0,0.0,5.6
2023-06-30,Melbourne,6,181,17.5,10.5,7.0,5.9,5.2
2023-07-01,Melbourne,7,182,11.0,0.1,10.9,1.6,5.0
2023-07-02,Melbourne,7,183,10.5,0.8,9.7,0.6,6.3
2023-07-03,Melbourne,7,184,11.1,0.5,10.6,0.0,6.0
2023-07-04,Melbourne,7,185,13.0,5.1,7.9,0.0,5.6
2023-07-05,Melbourne,7,186,17.9,11.1,6.8,0.0,5.1
2023-07-06,Melbourne,7,187,12.2,1.0,11.2,0.0,6.7
2023-07-07,Melbourne,7,188,15.6,6.0,9.6,0.0,5.8
2023-07-08,Melbourne,7,189,13.5,1.9,11.6,0.0,6.6
2023-07-09,Melbourne,7,190,16.3,10.0,6.3,0.0,6.6
2023-07-10,Melbourne,7,191,14.8,6.3,8.5,0.1,5.8
2023-07-11,Melbourne,7,192,9.7,1.4,8.3,0.0,5.5
2023-07-12,Melbourne,7,193,14.6,3.2,11.4,0.0,5.8
2023-07-13,Melbourne,7,194,13.9,4.2,9.7,0.0,4.9
2023-07-14,Melbourne,7,195,8.9,-0.3,9.2,0.0,5.4
2023-07-15,Melbourne,7,196,13.0,6.3,6.7,0.0,6.6
2023-07-16,Melbourne,7,197,10.7,2.1,8.6,4.9,5.3
2023-07-17,Melbourne,7,198,16.4,8.3,8.1,0.0,6.3
2023-07-18,Melbourne,7,199,11.2,2.7,8.5,0.0,5.4
2023-07-19,Melbourne,7,200,13.6,5.1,8.5,0.8,5.5
2023-07-20,Melbourne,7,201,17.2,6.3,10.9,0.5,5.5
2023-07-21,Melbourne,7,202,13.8,3.7,10.1,0.0,6.3
2023-07-22,Melbourne,7,203,12.3,0.4,11.9,0.0,6.3
2023-07-23,Melbourne,7,204,12.3,5.1,7.2,0.0,5.4
2023-07-24,Melbourne,7,205,6.9,-4.3,11.2,0.0,6.3
2023-07-25,Melbourne,7,206,12.1,4.2,7.9,0.0,6.5
2023-07-26,Melbourne,7,207,12.9,1.0,11.9,0.0,6.6
2023-07-27,Melbourne,7,208,10.4,0.8,9.6,0.0,5.1
2023-07-28,Melbourne,7,209,11.3,0.3,11.0,0.0,5.8
2023-07-29,Melbourne,7,210,18.0,11.2,6.8,2.0,5.1
2023-07-30,Melbourne,7,211,12.6,5.8,6.8,0.0,6.4
2023-07-31,Melbourne,7,212,18.4,6.5,11.9,0.9,5.8
2023-08-01,Melbourne,8,213,10.8,2.8,8.0,1.5,6.8
2023-08-02,Melbourne,8,214,14.6,7.9,6.7,0.0,5.9
2023-08-03,Melbourne,8,215,11.8,-0.1,11.9,1.6,5.9
2023-08-04,Melbourne,8,216,11.7,0.0,11.7,0.1,6.6
2023-08-05,Melbourne,8,217,12.6,5.9,6.7,0.5,6.2
2023-08-06,Melbourne,8,218,10.5,3.7,6.8,0.9,5.6
2023-08-07,Melbourne,8,219,15.9,5.7,10.2,0.0,6.1
2023-08-08,Melbourne,8,220,16.2,5.2,11.0,0.0,6.6
2023-08-09,Melbourne,8,221,16.6,5.1,11.5,0.0,5.5
2023-08-10,Melbourne,8,222,17.0,8.0,9.0,1.0,6.1
2023-08-11,Melbourne,8,223,15.8,7.8,8.0,0.8,6.0
2023-08-12,Melbourne,8,224,11.3,2.5,8.8,0.0,6.4
2023-08-13,Melbourne,8,225,17.5,10.8,6.7,0.8,5.0
2023-08-14,Melbourne,8,226,19.3,9.4,9.9,0.0,6.3
2023-08-15,Melbourne,8,227,17.9,7.6,10.3,0.0,6.0
2023-08-16,Melbourne,8,228,14.3,7.2,7.1,4.5,6.7
2023-08-17,Melbourne,8,229,21.5,10.8,10.7,2.3,6.4
2023-08-18,Melbourne,8,230,15.6,8.2,7.4,0.0,6.4
2023-08-19,Melbourne,8,231,14.5,7.6,6.9,0.0,6.0
2023-08-20,Melbourne,8,232,16.3,7.3,9.0,0.0,4.9
2023-08-21,Melbourne,8,233,14.3,8.0,6.3,1.6,4.9
2023-08-22,Melbourne,8,234,16.6,6.0,10.6,0.0,4.8
2023-08-23,Melbourne,8,235,11.4,3.7,7.7,0.0,4.9
2023-08-24,Melbourne,8,236,17.4,8.9,8.5,0.0,5.0
2023-08-25,Melbourne,8,237,11.2,3.8,7.4,2.2,5.6
2023-08-26,Melbourne,8,238,16.4,6.1,10.3,0.0,6.6
2023-08-27,Melbourne,8,239,10.6,0.8,9.8,0.7,5.4
2023-08-28,Melbourne,8,240,15.4,3.7,11.7,0.0,5.6
2023-08-29,Melbourne,8,241,15.4,6.2,9.2,0.0,5.8
2023-08-30,Melbourne,8,242,10.3,-1.6,11.9,1.7,5.6
2023-08-31,Melbourne,8,243,14.5,2.5,12.0,0.0,6.7
2023-09-01,Melbourne,9,244,12.2,3.0,9.2,0.0,4.9
2023-09-02,Melbourne,9,245,16.0,7.8,8.2,0.4,5.2
2023-09-03,Melbourne,9,246,15.2,6.6,8.6,1.7,5.7
2023-09-04,Melbourne,9,247,14.5,7.0,7.5,0.0,5.6
2023-09-05,Melbourne,9,248,18.6,10.7,7.9,1.2,5.5
2023-09-06,Melbourne,9,249,20.1,13.8,6.3,5.6,5.5
2023-09-07,Melbourne,9,250,15.7,9.3,6.4,0.1,6.8
2023-09-08,Melbourne,9,251,14.8,8.2,6.6,0.0,5.9
2023-09-09,Melbourne,9,252,15.7,4.3,11.4,0.0,5.6
2023-09-10,Melbourne,9,253,22.7,13.6,9.1,1.5,6.7
2023-09-11,Melbourne,9,254,18.0,8.7,9.3,0.0,4.9
2023-09-12,Melbourne,9,255,16.4,4.9,11.5,0.0,5.5
2023-09-13,Melbourne,9,256,18.5,9.1,9.4,0.0,6.5
2023-09-14,Melbourne,9,257,19.8,10.1,9.7,0.0,6.2
2023-09-15,Melbourne,9,258,19.8,8.6,11.2,0.3,5.5
2023-09-16,Melbourne,9,259,18.2,9.8,8.4,0.0,6.4
2023-09-17,Melbourne,9,260,17.9,7.3,10.6,0.0,5.9
2023-09-18,Melbourne,9,261,14.8,5.6,9.2,1.1,5.0
2023-09-19,Melbourne,9,262,17.9,6.6,11.3,0.0,6.0
2023-09-20,Melbourne,9,263,15.1,4.8,10.3,0.0,6.7
2023-09-21,Melbourne,9,264,21.2,9.5,11.7,0.0,6.6
2023-09-22,Melbourne,9,265,21.1,11.9,9.2,0.0,5.1
2023-09-23,Melbourne,9,266,15.6,5.0,10.6,0.0,6.2
2023-09-24,Melbourne,9,267,18.1,7.1,11.0,6.6,5.4
2023-09-25,Melbourne,9,268,14.4,7.4,7.0,0.0,4.8
2023-09-26,Melbourne,9,269,13.6,1.9,11.7,1.2,4.8
2023-09-27,Melbourne,9,270,21.8,13.2,8.6,0.0,5.1
2023-09-28,Melbourne,9,271,20.1,11.6,8.5,0.3,4.8
2023-09-29,Melbourne,9,272,14.9,4.3,10.6,0.0,5.4
2023-09-30,Melbourne,9,273,17.6,6.4,11.2,1.0,6.7
2023-10-01,Melbourne,10,274,18.8,11.1,7.7,0.0,5.6
2023-10-02,Melbourne,10,275,15.9,4.3,11.6,0.0,5.4
2023-10-03,Melbourne,10,276,23.6,17.1,6.5,0.0,6.3
2023-10-04,Melbourne,10,277,23.5,16.4,7.1,2.2,5.9
2023-10-05,Melbourne,10,278,17.0,7.3,9.7,0.0,5.6
2023-10-06,Melbourne,10,279,24.9,13.0,11.9,5.0,5.4
2023-10-07,Melbourne,10,280,19.4,10.3,9.1,5.9,6.2
2023-10-08,Melbourne,10,281,22.4,12.9,9.5,0.0,5.7
2023-10-09,Melbourne,10,282,18.7,10.1,8.6,0.0,5.2
2023-10-10,Melbourne,10,283,21.0,13.0,8.0,0.4,5.0
2023-10-11,Melbourne,10,284,17.7,9.2,8.5,0.0,6.4
2023-10-12,Melbourne,10,285,19.0,11.7,7.3,0.9,4.9
2023-10-13,Melbourne,10,286,19.6,9.1,10.5,0.0,6.4
2023-10-14,Melbourne,10,287,18.3,10.1,8.2,0.0,6.6
2023-10-15,Melbourne,10,288,19.1,9.4,9.7,0.0,6.0
2023-10-16,Melbourne,10,289,18.9,12.8,6.1,4.4,5.9
2023-10-17,Melbourne,10,290,19.2,10.8,8.4,0.0,6.0
2023-10-18,Melbourne,10,291,21.1,12.5,8.6,0.0,6.7
2023-10-19,Melbourne,10,292,18.1,11.8,6.3,0.0,5.2
2023-10-20,Melbourne,10,293,19.2,8.4,10.8,0.1,6.3
2023-10-21,Melbourne,10,294,18.3,8.5,9.8,0.0,6.3
2023-10-22,Melbourne,10,295,19.6,8.6,11.0,0.0,5.8
2023-10-23,Melbourne,10,296,21.1,14.9,6.2,0.0,6.1
2023-10-24,Melbourne,10,297,18.3,10.8,7.5,0.0,6.1
2023-10-25,Melbourne,10,298,19.6,8.8,10.8,0.0,5.4
2023-10-26,Melbourne,10,299,21.5,11.3,10.2,0.5,5.1
2023-10-27,Melbourne,10,300,18.6,11.4,7.2,0.0,6.7
2023-10-28,Melbourne,10,301,16.9,6.2,10.7,0.0,6.5
2023-10-29,Melbourne,10,302,21.9,12.7,9.2,0.0,5.2
2023-10-30,Melbourne,10,303,20.1,13.3,6.8,0.0,5.8
2023-10-31,Melbourne,10,304,22.7,15.7,7.0,0.2,5.9
2023-11-01,Melbourne,11,305,25.6,14.9,10.7,0.0,5.5
2023-11-02,Melbourne,11,306,22.0,11.5,10.5,0.0,5.8
2023-11-03,Melbourne,11,307,25.5,17.2,8.3,0.0,5.2
2023-11-04,Melbourne,11,308,24.4,15.7,8.7,0.2,6.4
2023-11-05,Melbourne,11,309,26.7,15.3,11.4,0.0,5.6
2023-11-06,Melbourne,11,310,26.4,18.7,7.7,0.0,6.6
2023-11-07,Melbourne,11,311,26.6,19.9,6.7,0.0,6.4
2023-11-08,Melbourne,11,312,18.2,11.2,7.0,0.7,5.2
2023-11-09,Melbourne,11,313,20.3,8.8,11.5,0.1,5.3
2023-11-10,Melbourne,11,314,22.1,10.9,11.2,0.0,5.3
2023-11-11,Melbourne,11,315,24.0,15.6,8.4,0.0,5.2
2023-11-12,Melbourne,11,316,22.4,11.5,10.9,0.0,6.5
2023-11-13,Melbourne,11,317,21.6,15.2,6.4,1.4,6.4
2023-11-14,Melbourne,11,318,26.4,19.4,7.0,0.0,5.7
2023-11-15,Melbourne,11,319,21.6,15.3,6.3,1.4,5.7
2023-11-16,Melbourne,11,320,23.5,11.7,11.8,0.0,6.6
2023-11-17,Melbourne,11,321,22.6,16.0,6.6,0.0,5.9
2023-11-18,Melbourne,11,322,25.9,18.3,7.6,0.0,6.5
2023-11-19,Melbourne,11,323,19.1,11.3,7.8,0.0,5.6
2023-11-20,Melbourne,11,324,22.3,12.8,9.5,1.6,6.8
2023-11-21,Melbourne,11,325,22.4,14.9,7.5,0.0,5.9
2023-11-22,Melbourne,11,326,25.2,14.6,10.6,2.2,6.8
2023-11-23,Melbourne,11,327,22.2,13.3,8.9,0.0,5.1
2023-11-24,Melbourne,11,328,20.0,13.9,6.1,3.7,5.3
2023-11-25,Melbourne,11,329,24.3,18.1,6.2,0.0,5.7
2023-11-26,Melbourne,11,330,21.0,12.4,8.6,0.0,5.6
2023-11-27,Melbourne,11,331,18.6,7.7,10.9,0.0,6.3
2023-11-28,Melbourne,11,332,22.8,16.5,6.3,0.0,5.8
2023-11-29,Melbourne,11,333,24.2,17.2,7.0,0.0,6.3
2023-11-30,Melbourne,11,334,23.0,14.6,8.4,0.1,6.3
2023-12-01,Melbourne,12,335,23.3,15.5,7.8,5.5,6.1
2023-12-02,Melbourne,12,336,20.6,9.3,11.3,0.0,6.4
2023-12-03,Melbourne,12,337,24.7,13.0,11.7,1.5,5.6
2023-12-04,Melbourne,12,338,25.7,15.4,10.3,1.8,6.2
2023-12-05,Melbourne,12,339,25.6,16.4,9.2,0.0,5.1
2023-12-06,Melbourne,12,340,23.5,16.8,6.7,0.0,5.7
2023-12-07,Melbourne,12,341,24.4,13.6,10.8,0.6,5.0
2023-12-08,Melbourne,12,342,26.7,15.7,11.0,0.0,5.7
2023-12-09,Melbourne,12,343,27.7,19.0,8.7,1.5,5.9
2023-12-10,Melbourne,12,344,24.0,13.5,10.5,0.0,6.8
2023-12-11,Melbourne,12,345,28.0,19.0,9.0,0.0,4.9
2023-12-12,Melbourne,12,346,22.8,15.1,7.7,0.0,5.1
2023-12-13,Melbourne,12,347,21.2,12.1,9.1,2.2,5.5
2023-12-14,Melbourne,12,348,22.9,16.6,6.3,0.0,6.3
2023-12-15,Melbourne,12,349,26.9,20.0,6.9,0.1,5.3
2023-12-16,Melbourne,12,350,26.5,16.1,10.4,5.5,5.8
2023-12-17,Melbourne,12,351,25.9,16.6,9.3,0.0,6.1
2023-12-18,Melbourne,12,352,28.1,19.6,8.5,0.0,5.3
2023-12-19,Melbourne,12,353,25.5,18.5,7.0,11.3,6.3
2023-12-20,Melbourne,12,354,23.1,15.1,8.0,0.0,5.8
2023-12-21,Melbourne,12,355,22.7,15.3,7.4,0.3,6.5
2023-12-22,Melbourne,12,356,22.6,12.0,10.6,0.0,6.0
2023-12-23,Melbourne,12,357,25.2,13.8,11.4,0.0,6.4
2023-12-24,Melbourne,12,358,21.9,14.4,7.5,6.0,5.8
2023-12-25,Melbourne,12,359,25.6,17.7,7.9,0.0,5.7
2023-12-26,Melbourne,12,360,27.6,20.7,6.9,0.0,6.8
2023-12-27,Melbourne,12,361,26.3,15.6,10.7,0.0,4.8
2023-12-28,Melbourne,12,362,27.5,16.0,11.5,0.1,6.1
2023-12-29,Melbourne,12,363,26.2,14.3,11.9,0.0,5.1
2023-12-30,Melbourne,12,364,23.8,16.1,7.7,0.0,6.0
2023-12-31,Melbourne,12,365,20.7,13.7,7.0,0.8,5.4
2024-01-01,Melbourne,1,1,25.8,15.1,10.7,0.5,5.8
2024-01-02,Melbourne,1,2,21.3,15.0,6.3,0.0,6.4
2024-01-03,Melbourne,1,3,21.0,9.6,11.4,0.0,5.5
2024-01-04,Melbourne,1,4,22.7,13.9,8.8,0.0,5.8
2024-01-05,Melbourne,1,5,29.6,19.6,10.0,0.0,6.1
2024-01-06,Melbourne,1,6,24.9,17.4,7.5,0.0,5.8
2024-01-07,Melbourne,1,7,26.2,15.4,10.8,0.1,6.1
2024-01-08,Melbourne,1,8,30.3,19.5,10.8,4.8,6.6
2024-01-09,Melbourne,1,9,29.4,18.0,11.4,0.0,5.3
2024-01-10,Melbourne,1,10,24.2,17.3,6.9,0.0,6.6
2024-01-11,Melbourne,1,11,27.7,18.6,9.1,0.0,6.2
2024-01-12,Melbourne,1,12,25.7,17.7,8.0,0.5,6.4
2024-01-13,Melbourne,1,13,23.4,11.6,11.8,0.0,6.7
2024-01-14,Melbourne,1,14,20.6,8.9,11.7,0.2,6.0
2024-01-15,Melbourne,1,15,26.7,15.3,11.4,0.0,5.6
2024-01-16,Melbourne,1,16,22.9,13.4,9.5,0.3,6.0
2024-01-17,Melbourne,1,17,30.4,20.0,10.4,0.0,6.0
2024-01-18,Melbourne,1,18,26.6,19.2,7.4,1.1,6.4
2024-01-19,Melbourne,1,19,24.9,16.6,8.3,0.0,6.2
2024-01-20,Melbourne,1,20,33.0,21.4,11.6,1.7,5.1
2024-01-21,Melbourne,1,21,30.7,20.1,10.6,0.0,6.2
2024-01-22,Melbourne,1,22,28.0,21.4,6.6,5.1,5.8
2024-01-23,Melbourne,1,23,26.5,15.7,10.8,0.0,4.9
2024-01-24,Melbourne,1,24,24.3,15.4,8.9,0.0,6.1
2024-01-25,Melbourne,1,25,29.1,18.5,10.6,0.0,5.2
2024-01-26,Melbourne,1,26,24.6,13.4,11.2,0.0,6.4
2024-01-27,Melbourne,1,27,26.9,18.3,8.6,0.0,6.6
2024-01-28,Melbourne,1,28,24.0,16.2,7.8,0.0,6.2
2024-01-29,Melbourne,1,29,22.5,10.5,12.0,0.0,5.3
2024-01-30,Melbourne,1,30,27.8,17.6,10.2,0.0,6.0
2024-01-31,Melbourne,1,31,22.0,11.8,10.2,0.0,6.5
2024-02-01,Melbourne,2,32,28.4,22.1,6.3,0.0,6.3
2024-02-02,Melbourne,2,33,27.0,18.4,8.6,0.2,5.4
2024-02-03,Melbourne,2,34,25.1,15.9,9.2,0.0,6.4
2024-02-04,Melbourne,2,35,29.7,20.3,9.4,0.1,6.0
2024-02-05,Melbourne,2,36,26.0,16.5,9.5,0.0,6.5
2024-02-06,Melbourne,2,37,22.0,13.4,8.6,6.7,5.6
2024-02-07,Melbourne,2,38,26.2,16.1,10.1,0.8,5.0
2024-02-08,Melbourne,2,39,19.4,9.0,10.4,0.0,6.7
2024-02-09,Melbourne,2,40,21.0,9.9,11.1,0.5,5.2
2024-02-10,Melbourne,2,41,29.1,22.7,6.4,4.0,5.7
2024-02-11,Melbourne,2,42,24.9,17.2,7.7,0.2,6.4
2024-02-12,Melbourne,2,43,24.1,15.5,8.6,0.0,5.1
2024-02-13,Melbourne,2,44,26.5,17.0,9.5,0.0,6.5
2024-02-14,Melbourne,2,45,24.8,15.3,9.5,0.0,6.7
2024-02-15,Melbourne,2,46,27.0,15.8,11.2,0.7,5.8
2024-02-16,Melbourne,2,47,23.8,13.3,10.5,0.0,5.8
2024-02-17,Melbourne,2,48,24.2,12.4,11.8,2.4,4.8
2024-02-18,Melbourne,2,49,19.7,10.4,9.3,0.0,5.5
2024-02-19,Melbourne,2,50,23.4,14.4,9.0,0.0,6.7
2024-02-20,Melbourne,2,51,23.4,15.5,7.9,0.0,5.1
2024-02-21,Melbourne,2,52,22.3,11.7,10.6,0.0,6.2
2024-02-22,Melbourne,2,53,24.0,14.6,9.4,0.0,6.2
2024-02-23,Melbourne,2,54,26.5,15.8,10.7,0.0,5.9
2024-02-24,Melbourne,2,55,24.1,13.3,10.8,0.0,6.5
2024-02-25,Melbourne,2,56,26.0,15.9,10.1,10.3,5.0
2024-02-26,Melbourne,2,57,26.1,18.7,7.4,0.0,5.3
2024-02-27,Melbourne,2,58,24.9,14.9,10.0,0.0,5.0
2024-02-28,Melbourne,2,59,25.9,15.8,10.1,0.0,6.6
2024-02-29,Melbourne,2,60,25.9,16.4,9.5,0.0,5.9
2024-03-01,Melbourne,3,61,21.1,9.5,11.6,0.0,5.6
2024-03-02,Melbourne,3,62,19.7,8.3,11.4,7.3,4.8
2024-03-03,Melbourne,3,63,21.8,9.8,12.0,0.5,4.9
2024-03-04,Melbourne,3,64,22.2,12.7,9.5,0.0,6.5
2024-03-05,Melbourne,3,65,26.5,16.8,9.7,0.0,5.5
2024-03-06,Melbourne,3,66,22.2,10.5,11.7,1.6,5.3
2024-03-07,Melbourne,3,67,23.6,15.8,7.8,0.0,4.9
2024-03-08,Melbourne,3,68,19.9,9.2,10.7,0.0,5.9
2024-03-09,Melbourne,3,69,21.0,11.1,9.9,0.0,5.1
2024-03-10,Melbourne,3,70,22.1,13.6,8.5,0.0,6.8
2024-03-11,Melbourne,3,71,25.7,17.7,8.0,0.0,6.4
2024-03-12,Melbourne,3,72,24.9,13.3,11.6,0.0,5.7
2024-03-13,Melbourne,3,73,18.5,9.6,8.9,0.0,5.0
2024-03-14,Melbourne,3,74,23.7,11.7,12.0,0.0,5.7
2024-03-15,Melbourne,3,75,20.2,9.4,10.8,1.4,6.1
2024-03-16,Melbourne,3,76,21.6,13.6,8.0,0.0,6.7
2024-03-17,Melbourne,3,77,20.9,14.9,6.0,0.0,6.0
2024-03-18,Melbourne,3,78,22.8,12.0,10.8,0.0,5.0
2024-03-19,Melbourne,3,79,25.1,15.1,10.0,0.0,6.7
2024-03-20,Melbourne,3,80,21.5,13.5,8.0,0.7,5.9
2024-03-21,Melbourne,3,81,22.4,15.5,6.9,1.4,6.8
2024-03-22,Melbourne,3,82,21.5,14.1,7.4,0.0,6.6
2024-03-23,Melbourne,3,83,26.6,17.1,9.5,0.0,5.3
2024-03-24,Melbourne,3,84,22.4,13.7,8.7,0.0,6.6
2024-03-25,Melbourne,3,85,24.0,16.7,7.3,0.0,6.4
2024-03-26,Melbourne,3,86,22.2,10.7,11.5,0.0,5.3
2024-03-27,Melbourne,3,87,20.0,8.0,12.0,0.0,5.7
2024-03-28,Melbourne,3,88,27.0,16.0,11.0,1.6,5.3
2024-03-29,Melbourne,3,89,16.3,5.2,11.1,0.0,6.4
2024-03-30,Melbourne,3,90,28.1,20.8,7.3,0.4,5.7
2024-03-31,Melbourne,3,91,19.6,11.9,7.7,0.0,6.3
2024-04-01,Melbourne,4,92,19.5,9.8,9.7,0.8,6.7
2024-04-02,Melbourne,4,93,20.4,10.9,9.5,0.0,5.0
2024-04-03,Melbourne,4,94,20.7,14.3,6.4,0.0,6.8
2024-04-04,Melbourne,4,95,19.4,13.0,6.4,0.0,5.8
2024-04-05,Melbourne,4,96,21.1,11.7,9.4,0.0,6.2
2024-04-06,Melbourne,4,97,19.2,10.1,9.1,0.0,4.8
2024-04-07,Melbourne,4,98,18.0,7.8,10.2,0.0,6.7
2024-04-08,Melbourne,4,99,21.6,14.8,6.8,0.0,5.3
2024-04-09,Melbourne,4,100,19.5,9.8,9.7,0.0,6.5
2024-04-10,Melbourne,4,101,20.2,13.5,6.7,0.1,6.2
2024-04-11,Melbourne,4,102,22.3,11.6,10.7,1.7,4.9
2024-04-12,Melbourne,4,103,21.6,14.5,7.1,4.6,4.8
2024-04-13,Melbourne,4,104,22.2,13.9,8.3,0.0,6.1
2024-04-14,Melbourne,4,105,15.6,5.0,10.6,0.0,5.2
2024-04-15,Melbourne,4,106,19.4,9.5,9.9,0.0,6.2
2024-04-16,Melbourne,4,107,17.2,7.9,9.3,4.2,5.6
2024-04-17,Melbourne,4,108,22.1,12.1,10.0,0.0,6.6
2024-04-18,Melbourne,4,109,22.4,11.3,11.1,0.0,6.3
2024-04-19,Melbourne,4,110,19.2,10.2,9.0,1.0,5.6
2024-04-20,Melbourne,4,111,14.6,3.5,11.1,0.0,6.1
2024-04-21,Melbourne,4,112,22.9,13.7,9.2,0.0,5.3
2024-04-22,Melbourne,4,113,18.0,7.5,10.5,0.0,6.0
2024-04-23,Melbourne,4,114,23.2,13.9,9.3,0.0,6.1
2024-04-24,Melbourne,4,115,19.6,10.6,9.0,0.0,5.4
2024-04-25,Melbourne,4,116,22.0,14.1,7.9,2.1,6.2
2024-04-26,Melbourne,4,117,22.1,16.0,6.1,0.0,6.3
2024-04-27,Melbourne,4,118,18.8,10.2,8.6,0.0,5.7
2024-04-28,Melbourne,4,119,19.8,11.5,8.3,0.0,5.2
2024-04-29,Melbourne,4,120,19.3,12.4,6.9,1.2,5.7
2024-04-30,Melbourne,4,121,18.1,9.0,9.1,0.0,6.0
2024-05-01,Melbourne,5,122,17.1,10.3,6.8,0.0,4.9
2024-05-02,Melbourne,5,123,16.1,9.3,6.8,1.5,5.5
2024-05-03,Melbourne,5,124,18.4,11.5,6.9,0.0,5.2
2024-05-04,Melbourne,5,125,17.4,5.9,11.5,1.0,4.9
2024-05-05,Melbourne,5,126,17.4,10.2,7.2,0.0,6.4
2024-05-06,Melbourne,5,127,18.8,8.8,10.0,0.0,5.9
2024-05-07,Melbourne,5,128,15.4,7.2,8.2,2.6,6.1
2024-05-08,Melbourne,5,129,17.6,6.8,10.8,5.8,5.9
2024-05-09,Melbourne,5,130,17.6,8.9,8.7,0.0,5.6
2024-05-10,Melbourne,5,131,15.8,4.0,11.8,0.0,6.1
2024-05-11,Melbourne,5,132,19.3,10.0,9.3,3.0,6.7
2024-05-12,Melbourne,5,133,14.0,4.7,9.3,0.0,6.5
2024-05-13,Melbourne,5,134,19.2,8.1,11.1,1.3,5.5
2024-05-14,Melbourne,5,135,14.9,7.7,7.2,1.1,6.0
2024-05-15,Melbourne,5,136,19.0,11.4,7.6,0.0,6.0
2024-05-16,Melbourne,5,137,18.3,6.7,11.6,0.0,6.5
2024-05-17,Melbourne,5,138,12.4,5.0,7.4,0.0,6.8
2024-05-18,Melbourne,5,139,20.3,9.7,10.6,1.4,5.3
2024-05-19,Melbourne,5,140,15.8,5.3,10.5,0.0,5.3
2024-05-20,Melbourne,5,141,16.3,8.3,8.0,2.2,5.7
2024-05-21,Melbourne,5,142,16.2,7.5,8.7,0.0,5.2
2024-05-22,Melbourne,5,143,20.6,9.8,10.8,0.0,5.7
2024-05-23,Melbourne,5,144,13.9,4.0,9.9,4.3,4.9
2024-05-24,Melbourne,5,145,18.1,10.1,8.0,0.0,6.4
2024-05-25,Melbourne,5,146,13.1,1.8,11.3,0.0,5.9
2024-05-26,Melbourne,5,147,13.4,4.2,9.2,0.0,5.2
2024-05-27,Melbourne,5,148,13.9,5.9,8.0,0.0,6.3
2024-05-28,Melbourne,5,149,17.7,7.0,10.7,0.7,5.8
2024-05-29,Melbourne,5,150,18.1,11.3,6.8,2.5,6.2
2024-05-30,Melbourne,5,151,22.0,11.3,10.7,0.0,5.6
2024-05-31,Melbourne,5,152,16.0,9.0,7.0,0.0,6.1
2024-06-01,Melbourne,6,153,15.2,4.1,11.1,0.0,5.4
2024-06-02,Melbourne,6,154,14.5,2.5,12.0,0.0,6.5
2024-06-03,Melbourne,6,155,11.0,3.6,7.4,0.0,6.2
2024-06-04,Melbourne,6,156,16.0,6.3,9.7,0.0,5.1
2024-06-05,Melbourne,6,157,13.7,1.9,11.8,0.0,4.9
2024-06-06,Melbourne,6,158,6.6,-5.0,11.6,0.6,6.1
2024-06-07,Melbourne,6,159,14.7,5.8,8.9,0.0,6.1
2024-06-08,Melbourne,6,160,17.2,11.2,6.0,0.0,5.6
2024-06-09,Melbourne,6,161,18.3,8.3,10.0,0.0,6.4
2024-06-10,Melbourne,6,162,16.1,7.9,8.2,0.0,4.9
2024-06-11,Melbourne,6,163,15.9,5.3,10.6,0.0,5.6
2024-06-12,Melbourne,6,164,11.4,0.5,10.9,0.0,5.4
2024-06-13,Melbourne,6,165,17.2,10.6,6.6,1.2,5.1
2024-06-14,Melbourne,6,166,10.0,-0.9,10.9,0.0,5.5
2024-06-15,Melbourne,6,167,13.6,6.8,6.8,0.0,6.8
2024-06-16,Melbourne,6,168,13.3,3.8,9.5,0.0,6.5
2024-06-17,Melbourne,6,169,13.9,7.4,6.5,0.0,6.0
2024-06-18,Melbourne,6,170,17.2,9.4,7.8,0.0,4.9
2024-06-19,Melbourne,6,171,17.3,8.5,8.8,0.0,6.1
2024-06-20,Melbourne,6,172,15.9,8.2,7.7,5.4,6.4
2024-06-21,Melbourne,6,173,19.7,10.2,9.5,0.0,5.6
2024-06-22,Melbourne,6,174,15.6,8.5,7.1,0.7,6.3
2024-06-23,Melbourne,6,175,13.2,5.8,7.4,0.0,6.2
2024-06-24,Melbourne,6,176,16.3,8.5,7.8,0.0,6.4
2024-06-25,Melbourne,6,177,16.3,4.8,11.5,0.0,6.3
2024-06-26,Melbourne,6,178,13.9,4.1,9.8,0.0,5.4
2024-06-27,Melbourne,6,179,12.0,4.1,7.9,0.1,6.0
2024-06-28,Melbourne,6,180,15.2,4.0,11.2,0.0,5.7
2024-06-29,Melbourne,6,181,12.4,6.2,6.2,3.5,6.6
2024-06-30,Melbourne,6,182,13.2,1.5,11.7,2.6,5.5
2024-07-01,Melbourne,7,183,18.0,7.5,10.5,0.0,6.2
2024-07-02,Melbourne,7,184,16.3,6.3,10.0,0.0,5.6
2024-07-03,Melbourne,7,185,12.8,5.9,6.9,0.0,5.2
2024-07-04,Melbourne,7,186,17.5,9.8,7.7,0.4,5.0
2024-07-05,Melbourne,7,187,16.4,8.3,8.1,0.0,6.7
2024-07-06,Melbourne,7,188,12.2,1.3,10.9,1.8,5.9
2024-07-07,Melbourne,7,189,17.3,11.1,6.2,0.0,6.4
2024-07-08,Melbourne,7,190,11.9,5.7,6.2,0.0,6.0
2024-07-09,Melbourne,7,191,10.8,1.7,9.1,1.7,5.2
2024-07-10,Melbourne,7,192,16.6,6.2,10.4,0.7,6.3
2024-07-11,Melbourne,7,193,11.9,5.0,6.9,0.0,5.4
2024-07-12,Melbourne,7,194,18.4,6.9,11.5,0.0,5.8
2024-07-13,Melbourne,7,195,12.2,4.7,7.5,0.6,6.7
2024-07-14,Melbourne,7,196,16.9,7.1,9.8,0.0,5.2
2024-07-15,Melbourne,7,197,13.7,5.5,8.2,1.9,6.2
2024-07-16,Melbourne,7,198,13.4,3.7,9.7,1.2,5.4
2024-07-17,Melbourne,7,199,12.7,2.4,10.3,0.0,5.9
2024-07-18,Melbourne,7,200,17.4,8.1,9.3,0.0,5.0
2024-07-19,Melbourne,7,201,15.1,8.6,6.5,0.0,5.4
2024-07-20,Melbourne,7,202,12.8,6.8,6.0,0.9,6.0
2024-07-21,Melbourne,7,203,13.4,4.9,8.5,1.0,5.9
2024-07-22,Melbourne,7,204,17.2,7.7,9.5,0.0,6.4
2024-07-23,Melbourne,7,205,13.0,3.1,9.9,0.0,6.7
2024-07-24,Melbourne,7,206,17.5,10.6,6.9,0.0,5.0
2024-07-25,Melbourne,7,207,13.3,2.5,10.8,0.4,5.3
2024-07-26,Melbourne,7,208,16.8,7.7,9.1,0.0,5.6
2024-07-27,Melbourne,7,209,15.3,8.0,7.3,0.0,6.3
2024-07-28,Melbourne,7,210,11.3,4.8,6.5,0.1,6.4
2024-07-29,Melbourne,7,211,15.8,9.6,6.2,1.0,5.7
2024-07-30,Melbourne,7,212,13.9,3.5,10.4,3.2,6.0
2024-07-31,Melbourne,7,213,17.7,6.5,11.2,0.0,5.1
2024-08-01,Melbourne,8,214,15.7,4.2,11.5,0.0,6.0
2024-08-02,Melbourne,8,215,16.5,4.8,11.7,0.1,5.5
2024-08-03,Melbourne,8,216,17.7,6.5,11.2,0.0,6.0
2024-08-04,Melbourne,8,217,17.9,11.5,6.4,0.0,5.8
2024-08-05,Melbourne,8,218,13.2,1.9,11.3,0.0,6.2
2024-08-06,Melbourne,8,219,12.7,4.0,8.7,0.2,6.8
2024-08-07,Melbourne,8,220,11.7,5.3,6.4,0.5,5.5
2024-08-08,Melbourne,8,221,17.3,5.7,11.6,1.5,5.5
2024-08-09,Melbourne,8,222,17.9,11.8,6.1,0.9,5.3
2024-08-10,Melbourne,8,223,12.2,6.0,6.2,0.0,5.1
2024-08-11,Melbourne,8,224,16.0,6.0,10.0,3.3,6.2
2024-08-12,Melbourne,8,225,20.4,10.8,9.6,0.0,4.9
2024-08-13,Melbourne,8,226,17.3,6.9,10.4,0.7,5.1
2024-08-14,Melbourne,8,227,15.8,5.5,10.3,0.0,6.2
2024-08-15,Melbourne,8,228,14.8,6.7,8.1,0.0,6.3
2024-08-16,Melbourne,8,229,12.3,1.9,10.4,2.7,4.9
2024-08-17,Melbourne,8,230,15.4,7.7,7.7,0.0,6.4
2024-08-18,Melbourne,8,231,14.5,8.2,6.3,0.8,5.9
2024-08-19,Melbourne,8,232,10.8,3.0,7.8,0.0,6.6
2024-08-20,Melbourne,8,233,10.9,2.8,8.1,0.0,5.4
2024-08-21,Melbourne,8,234,8.6,-1.0,9.6,0.0,6.5
2024-08-22,Melbourne,8,235,15.4,7.2,8.2,0.5,5.0
2024-08-23,Melbourne,8,236,16.9,8.2,8.7,0.0,4.9
2024-08-24,Melbourne,8,237,17.6,11.3,6.3,0.2,6.2
2024-08-25,Melbourne,8,238,13.3,4.7,8.6,0.0,6.8
2024-08-26,Melbourne,8,239,16.1,6.9,9.2,0.0,6.0
2024-08-27,Melbourne,8,240,18.7,7.4,11.3,3.1,6.6
2024-08-28,Melbourne,8,241,13.2,4.3,8.9,0.0,6.5
2024-08-29,Melbourne,8,242,12.1,2.5,9.6,0.9,5.1
2024-08-30,Melbourne,8,243,11.5,0.4,11.1,0.0,6.1
2024-08-31,Melbourne,8,244,15.8,4.5,11.3,0.0,6.0
2024-09-01,Melbourne,9,245,15.0,4.4,10.6,3.0,5.2
2024-09-02,Melbourne,9,246,12.5,1.0,11.5,0.0,5.7
2024-09-03,Melbourne,9,247,18.1,11.5,6.6,1.9,6.1
2024-09-04,Melbourne,9,248,17.0,5.9,11.1,0.0,6.7
2024-09-05,Melbourne,9,249,13.9,4.4,9.5,0.0,4.9
2024-09-06,Melbourne,9,250,11.2,-0.1,11.3,0.0,4.8
2024-09-07,Melbourne,9,251,21.5,12.0,9.5,0.0,6.7
2024-09-08,Melbourne,9,252,18.4,7.7,10.7,0.1,5.9
2024-09-09,Melbourne,9,253,16.4,6.0,10.4,0.0,5.2
2024-09-10,Melbourne,9,254,16.1,5.7,10.4,0.0,6.0
2024-09-11,Melbourne,9,255,18.8,11.2,7.6,0.0,6.0
2024-09-12,Melbourne,9,256,17.0,9.3,7.7,0.0,5.6
2024-09-13,Melbourne,9,257,14.5,7.9,6.6,3.5,5.9
2024-09-14,Melbourne,9,258,18.3,7.8,10.5,0.0,5.8
2024-09-15,Melbourne,9,259,16.4,10.0,6.4,0.0,5.9
2024-09-16,Melbourne,9,260,13.6,6.4,7.2,0.0,6.0
2024-09-17,Melbourne,9,261,15.2,7.7,7.5,1.1,4.9
2024-09-18,Melbourne,9,262,19.2,13.2,6.0,0.0,5.1
2024-09-19,Melbourne,9,263,16.0,8.5,7.5,0.0,5.2
2024-09-20,Melbourne,9,264,20.5,12.0,8.5,2.4,6.3
2024-09-21,Melbourne,9,265,16.1,7.9,8.2,0.7,4.9
2024-09-22,Melbourne,9,266,14.3,2.7,11.6,0.0,6.6
2024-09-23,Melbourne,9,267,16.1,7.8,8.3,0.0,6.2
2024-09-24,Melbourne,9,268,16.3,9.1,7.2,0.0,5.0
2024-09-25,Melbourne,9,269,14.3,7.5,6.8,0.0,6.2
2024-09-26,Melbourne,9,270,24.4,12.8,11.6,0.0,6.7
2024-09-27,Melbourne,9,271,16.1,4.8,11.3,0.0,6.3
2024-09-28,Melbourne,9,272,13.6,2.8,10.8,1.7,5.7
2024-09-29,Melbourne,9,273,18.1,8.8,9.3,0.0,5.7
2024-09-30,Melbourne,9,274,14.8,6.9,7.9,0.0,5.7
2024-10-01,Melbourne,10,275,19.1,7.8,11.3,0.0,5.8
2024-10-02,Melbourne,10,276,22.1,10.8,11.3,2.2,5.8
2024-10-03,Melbourne,10,277,21.1,14.5,6.6,0.0,6.5
2024-10-04,Melbourne,10,278,18.5,11.2,7.3,0.0,5.7
2024-10-05,Melbourne,10,279,17.5,8.5,9.0,0.0,4.8
2024-10-06,Melbourne,10,280,20.4,10.3,10.1,1.8,6.8
2024-10-07,Melbourne,10,281,22.6,13.1,9.5,0.0,5.3
2024-10-08,Melbourne,10,282,23.3,15.8,7.5,0.0,5.8
2024-10-09,Melbourne,10,283,21.4,12.1,9.3,0.6,5.2
2024-10-10,Melbourne,10,284,18.8,9.4,9.4,2.5,6.7
2024-10-11,Melbourne,10,285,19.4,13.0,6.4,1.0,6.6
2024-10-12,Melbourne,10,286,18.3,9.9,8.4,0.0,5.1
2024-10-13,Melbourne,10,287,22.3,11.4,10.9,11.1,5.9
2024-10-14,Melbourne,10,288,20.4,9.9,10.5,1.1,6.4
2024-10-15,Melbourne,10,289,15.7,8.6,7.1,4.4,6.8
2024-10-16,Melbourne,10,290,21.0,12.8,8.2,5.0,6.5
2024-10-17,Melbourne,10,291,23.4,16.8,6.6,2.8,5.9
2024-10-18,Melbourne,10,292,17.1,5.9,11.2,0.0,6.2
2024-10-19,Melbourne,10,293,17.1,7.1,10.0,0.0,4.9
2024-10-20,Melbourne,10,294,22.5,13.3,9.2,3.0,6.6
2024-10-21,Melbourne,10,295,19.6,11.8,7.8,0.0,5.7
2024-10-22,Melbourne,10,296,20.3,12.6,7.7,4.2,6.0
2024-10-23,Melbourne,10,297,23.5,15.3,8.2,0.0,5.9
2024-10-24,Melbourne,10,298,15.8,6.0,9.8,0.0,4.9
2024-10-25,Melbourne,10,299,20.4,14.1,6.3,0.0,6.5
2024-10-26,Melbourne,10,300,21.7,13.1,8.6,0.0,4.8
2024-10-27,Melbourne,10,301,22.6,15.7,6.9,3.4,5.4
2024-10-28,Melbourne,10,302,17.6,5.7,11.9,0.0,4.8
2024-10-29,Melbourne,10,303,22.6,16.6,6.0,0.0,6.3
2024-10-30,Melbourne,10,304,17.0,10.4,6.6,0.0,5.8
2024-10-31,Melbourne,10,305,23.7,17.0,6.7,2.1,5.0
2024-11-01,Melbourne,11,306,23.1,14.3,8.8,0.0,5.9
2024-11-02,Melbourne,11,307,21.9,15.7,6.2,2.0,6.3
2024-11-03,Melbourne,11,308,25.5,17.7,7.8,1.0,5.5
2024-11-04,Melbourne,11,309,21.6,13.1,8.5,0.0,6.4
2024-11-05,Melbourne,11,310,21.8,12.5,9.3,0.7,6.3
2024-11-06,Melbourne,11,311,20.1,11.0,9.1,0.3,5.5
2024-11-07,Melbourne,11,312,18.0,9.9,8.1,0.0,5.6
2024-11-08,Melbourne,11,313,24.2,16.5,7.7,0.2,5.2
2024-11-09,Melbourne,11,314,21.8,12.8,9.0,0.0,6.5
2024-11-10,Melbourne,11,315,21.0,11.5,9.5,1.0,5.3
2024-11-11,Melbourne,11,316,19.1,10.9,8.2,0.0,6.7
2024-11-12,Melbourne,11,317,22.6,14.2,8.4,0.2,6.4
2024-11-13,Melbourne,11,318,28.1,19.2,8.9,0.0,6.4
2024-11-14,Melbourne,11,319,23.5,16.4,7.1,0.0,5.0
2024-11-15,Melbourne,11,320,26.6,16.9,9.7,0.0,4.9
2024-11-16,Melbourne,11,321,20.2,10.7,9.5,0.0,5.4
2024-11-17,Melbourne,11,322,26.3,19.0,7.3,0.0,5.2
2024-11-18,Melbourne,11,323,19.5,7.8,11.7,0.0,5.6
2024-11-19,Melbourne,11,324,26.6,19.1,7.5,0.6,6.5
2024-11-20,Melbourne,11,325,19.8,9.6,10.2,0.0,4.9
2024-11-21,Melbourne,11,326,27.6,19.5,8.1,0.0,6.4
2024-11-22,Melbourne,11,327,22.8,12.5,10.3,3.1,6.7
2024-11-23,Melbourne,11,328,25.3,19.2,6.1,0.0,4.9
2024-11-24,Melbourne,11,329,23.6,11.6,12.0,0.0,5.2
2024-11-25,Melbourne,11,330,22.3,13.3,9.0,0.0,6.8
2024-11-26,Melbourne,11,331,22.3,13.7,8.6,3.1,5.4
2024-11-27,Melbourne,11,332,22.4,13.6,8.8,0.8,5.6
2024-11-28,Melbourne,11,333,20.5,11.8,8.7,0.0,5.8
2024-11-29,Melbourne,11,334,21.6,12.0,9.6,2.3,6.6
2024-11-30,Melbourne,11,335,23.0,13.4,9.6,0.0,5.6
2024-12-01,Melbourne,12,336,25.4,19.2,6.2,0.8,6.1
2024-12-02,Melbourne,12,337,26.0,16.5,9.5,0.5,6.6
2024-12-03,Melbourne,12,338,25.0,17.2,7.8,1.5,4.9
2024-12-04,Melbourne,12,339,24.6,17.4,7.2,0.0,5.2
2024-12-05,Melbourne,12,340,25.4,16.2,9.2,0.0,6.7
2024-12-06,Melbourne,12,341,27.3,15.6,11.7,0.2,6.0
2024-12-07,Melbourne,12,342,24.7,13.5,11.2,2.2,5.8
2024-12-08,Melbourne,12,343,27.2,16.0,11.2,0.0,6.1
2024-12-09,Melbourne,12,344,23.0,11.7,11.3,0.0,6.4
2024-12-10,Melbourne,12,345,25.3,17.0,8.3,1.3,5.8
2024-12-11,Melbourne,12,346,25.4,13.5,11.9,0.0,5.2
2024-12-12,Melbourne,12,347,24.7,18.5,6.2,2.6,5.4
2024-12-13,Melbourne,12,348,27.4,16.5,10.9,0.0,5.8
2024-12-14,Melbourne,12,349,31.9,25.3,6.6,0.0,6.7
2024-12-15,Melbourne,12,350,26.1,19.1,7.0,0.0,4.8
2024-12-16,Melbourne,12,351,29.5,22.3,7.2,1.5,6.4
2024-12-17,Melbourne,12,352,24.5,15.9,8.6,0.0,4.9
2024-12-18,Melbourne,12,353,27.8,21.5,6.3,0.0,6.5
2024-12-19,Melbourne,12,354,25.0,17.1,7.9,0.0,5.7
2024-12-20,Melbourne,12,355,28.8,17.9,10.9,1.7,5.2
2024-12-21,Melbourne,12,356,20.9,14.8,6.1,0.0,6.7
2024-12-22,Melbourne,12,357,25.2,13.5,11.7,0.0,4.8
2024-12-23,Melbourne,12,358,29.4,23.3,6.1,0.0,6.4
2024-12-24,Melbourne,12,359,20.7,10.5,10.2,0.0,5.6
2024-12-25,Melbourne,12,360,18.8,11.7,7.1,0.7,6.8
2024-12-26,Melbourne,12,361,22.2,15.9,6.3,0.1,5.8
2024-12-27,Melbourne,12,362,25.2,16.2,9.0,0.0,6.3
2024-12-28,Melbourne,12,363,24.6,15.2,9.4,1.2,5.0
2024-12-29,Melbourne,12,364,22.5,13.2,9.3,0.0,5.8
2024-12-30,Melbourne,12,365,28.0,18.7,9.3,6.2,5.7
2024-12-31,Melbourne,12,366,26.8,15.1,11.7,1.5,5.2
2023-01-01,Sydney,1,1,26.0,19.9,6.1,1.2,6.7
2023-01-02,Sydney,1,2,25.2,13.4,11.8,0.0,6.5
2023-01-03,Sydney,1,3,26.5,19.5,7.0,3.7,5.7
2023-01-04,Sydney,1,4,30.5,21.1,9.4,10.5,5.5
2023-01-05,Sydney,1,5,28.0,19.7,8.3,0.3,7.1
2023-01-06,Sydney,1,6,29.3,18.2,11.1,0.0,5.9
2023-01-07,Sydney,1,7,29.4,19.1,10.3,0.0,7.1
2023-01-08,Sydney,1,8,24.8,13.8,11.0,0.0,5.8
2023-01-09,Sydney,1,9,26.6,19.9,6.7,0.0,6.8
2023-01-10,Sydney,1,10,27.5,17.7,9.8,0.3,5.6
2023-01-11,Sydney,1,11,27.0,15.4,11.6,1.1,6.9
2023-01-12,Sydney,1,12,25.6,18.6,7.0,0.8,6.1
2023-01-13,Sydney,1,13,26.3,19.4,6.9,5.3,5.3
2023-01-14,Sydney,1,14,28.7,19.2,9.5,0.0,6.3
2023-01-15,Sydney,1,15,29.3,17.7,11.6,11.8,6.8
2023-01-16,Sydney,1,16,31.5,25.1,6.4,0.0,5.5
2023-01-17,Sydney,1,17,29.8,21.8,8.0,2.9,6.2
2023-01-18,Sydney,1,18,28.5,18.6,9.9,6.8,6.0
2023-01-19,Sydney,1,19,30.6,23.7,6.9,0.0,6.3
2023-01-20,Sydney,1,20,28.0,21.0,7.0,0.0,5.7
2023-01-21,Sydney,1,21,30.2,18.5,11.7,0.0,6.6
2023-01-22,Sydney,1,22,31.2,24.4,6.8,0.0,5.5
2023-01-23,Sydney,1,23,26.4,17.1,9.3,0.7,6.4
2023-01-24,Sydney,1,24,30.8,23.8,7.0,0.4,7.2
2023-01-25,Sydney,1,25,25.7,17.4,8.3,0.0,6.9
2023-01-26,Sydney,1,26,29.1,19.7,9.4,1.0,5.7
2023-01-27,Sydney,1,27,26.9,19.5,7.4,0.0,6.8
2023-01-28,Sydney,1,28,27.3,18.0,9.3,0.0,5.9
2023-01-29,Sydney,1,29,27.8,18.6,9.2,0.0,5.3
2023-01-30,Sydney,1,30,31.8,22.0,9.8,0.0,5.7
2023-01-31,Sydney,1,31,28.8,18.4,10.4,0.0,5.5
2023-02-01,Sydney,2,32,29.4,19.4,10.0,1.4,5.4
2023-02-02,Sydney,2,33,28.5,19.1,9.4,0.0,5.5
2023-02-03,Sydney,2,34,25.8,17.1,8.7,0.0,6.6
2023-02-04,Sydney,2,35,27.7,21.0,6.7,7.1,5.2
2023-02-05,Sydney,2,36,24.6,16.5,8.1,11.6,7.1
2023-02-06,Sydney,2,37,29.1,22.7,6.4,0.0,5.8
2023-02-07,Sydney,2,38,30.1,21.1,9.0,0.0,6.7
2023-02-08,Sydney,2,39,29.6,21.7,7.9,0.0,7.1
2023-02-09,Sydney,2,40,29.7,18.8,10.9,0.0,5.6
2023-02-10,Sydney,2,41,26.2,17.4,8.8,3.5,5.2
2023-02-11,Sydney,2,42,32.1,23.0,9.1,0.0,5.7
2023-02-12,Sydney,2,43,30.6,19.3,11.3,0.0,6.5
2023-02-13,Sydney,2,44,23.9,16.8,7.1,0.0,7.0
2023-02-14,Sydney,2,45,26.3,19.5,6.8,0.0,6.8
2023-02-15,Sydney,2,46,28.0,20.7,7.3,0.0,5.3
2023-02-16,Sydney,2,47,23.9,16.9,7.0,0.0,5.5
2023-02-17,Sydney,2,48,28.9,21.7,7.2,0.0,5.8
2023-02-18,Sydney,2,49,32.2,23.9,8.3,2.1,5.5
2023-02-19,Sydney,2,50,28.8,22.3,6.5,0.0,6.7
2023-02-20,Sydney,2,51,27.0,18.8,8.2,0.0,6.1
2023-02-21,Sydney,2,52,31.2,21.6,9.6,0.0,7.1
2023-02-22,Sydney,2,53,28.4,17.2,11.2,0.0,6.9
2023-02-23,Sydney,2,54,32.0,22.9,9.1,0.0,5.8
2023-02-24,Sydney,2,55,27.7,20.6,7.1,0.8,5.4
2023-02-25,Sydney,2,56,29.1,18.1,11.0,2.0,5.4
2023-02-26,Sydney,2,57,26.1,19.4,6.7,1.4,6.7
2023-02-27,Sydney,2,58,30.7,20.3,10.4,0.0,6.5
2023-02-28,Sydney,2,59,24.9,17.2,7.7,0.0,6.0
2023-03-01,Sydney,3,60,29.4,21.8,7.6,0.0,5.9
2023-03-02,Sydney,3,61,23.9,16.3,7.6,0.0,6.4
2023-03-03,Sydney,3,62,28.6,17.5,11.1,1.8,7.0
2023-03-04,Sydney,3,63,24.3,17.6,6.7,0.0,5.9
2023-03-05,Sydney,3,64,31.7,23.7,8.0,0.0,6.8
2023-03-06,Sydney,3,65,24.9,17.8,7.1,3.3,6.3
2023-03-07,Sydney,3,66,28.1,18.0,10.1,0.0,6.3
2023-03-08,Sydney,3,67,26.6,16.4,10.2,0.0,7.0
2023-03-09,Sydney,3,68,24.8,15.8,9.0,0.0,5.5
2023-03-10,Sydney,3,69,25.9,18.6,7.3,0.0,5.6
2023-03-11,Sydney,3,70,26.3,15.7,10.6,0.3,5.3
2023-03-12,Sydney,3,71,22.2,15.5,6.7,0.0,6.6
2023-03-13,Sydney,3,72,24.3,15.7,8.6,0.0,6.7
2023-03-14,Sydney,3,73,22.7,13.9,8.8,0.0,6.1
2023-03-15,Sydney,3,74,26.8,20.2,6.6,0.0,6.9
2023-03-16,Sydney,3,75,28.4,18.4,10.0,0.0,6.1
2023-03-17,Sydney,3,76,27.7,19.8,7.9,0.0,5.6
2023-03-18,Sydney,3,77,21.2,14.4,6.8,0.8,6.5
2023-03-19,Sydney,3,78,26.7,16.9,9.8,1.0,5.2
2023-03-20,Sydney,3,79,24.4,14.6,9.8,0.7,5.5
2023-03-21,Sydney,3,80,28.6,17.8,10.8,0.0,7.0
2023-03-22,Sydney,3,81,25.9,17.6,8.3,0.0,6.0
2023-03-23,Sydney,3,82,23.7,12.8,10.9,0.5,5.5
2023-03-24,Sydney,3,83,26.5,20.4,6.1,0.0,5.4
2023-03-25,Sydney,3,84,25.1,18.5,6.6,3.3,7.0
2023-03-26,Sydney,3,85,23.6,16.1,7.5,0.5,6.8
2023-03-27,Sydney,3,86,23.6,15.7,7.9,0.0,6.0
2023-03-28,Sydney,3,87,29.0,21.5,7.5,0.0,5.6
2023-03-29,Sydney,3,88,27.2,20.0,7.2,0.0,6.1
2023-03-30,Sydney,3,89,29.7,21.3,8.4,0.0,6.8
2023-03-31,Sydney,3,90,24.3,12.6,11.7,0.0,5.7
2023-04-01,Sydney,4,91,25.7,15.4,10.3,0.0,6.8
2023-04-02,Sydney,4,92,23.9,17.0,6.9,0.0,5.5
2023-04-03,Sydney,4,93,22.9,15.8,7.1,0.0,5.4
2023-04-04,Sydney,4,94,18.8,10.2,8.6,2.2,7.2
2023-04-05,Sydney,4,95,20.4,11.9,8.5,1.3,6.8
2023-04-06,Sydney,4,96,24.0,16.4,7.6,0.0,7.1
2023-04-07,Sydney,4,97,24.0,17.9,6.1,0.0,6.2
2023-04-08,Sydney,4,98,19.0,7.7,11.3,0.0,5.8
2023-04-09,Sydney,4,99,21.6,12.2,9.4,0.0,6.2
2023-04-10,Sydney,4,100,23.7,13.8,9.9,0.4,5.5
2023-04-11,Sydney,4,101,19.3,8.2,11.1,0.0,6.8
2023-04-12,Sydney,4,102,24.1,17.2,6.9,0.0,7.0
2023-04-13,Sydney,4,103,22.2,13.3,8.9,2.3,5.6
2023-04-14,Sydney,4,104,20.0,9.9,10.1,0.0,5.3
2023-04-15,Sydney,4,105,23.5,14.8,8.7,0.0,7.1
2023-04-16,Sydney,4,106,21.0,11.2,9.8,0.0,5.3
2023-04-17,Sydney,4,107,25.0,16.6,8.4,2.5,5.3
2023-04-18,Sydney,4,108,22.5,12.6,9.9,0.0,5.8
2023-04-19,Sydney,4,109,18.2,6.3,11.9,0.2,6.8
2023-04-20,Sydney,4,110,21.3,12.4,8.9,0.0,6.4
2023-04-21,Sydney,4,111,17.7,6.9,10.8,0.0,7.1
2023-04-22,Sydney,4,112,21.3,11.8,9.5,0.0,6.9
2023-04-23,Sydney,4,113,18.5,8.5,10.0,0.0,6.6
2023-04-24,Sydney,4,114,20.1,12.4,7.7,0.0,5.8
2023-04-25,Sydney,4,115,22.4,12.1,10.3,0.0,7.0
2023-04-26,Sydney,4,116,19.2,10.3,8.9,0.0,6.6
2023-04-27,Sydney,4,117,24.3,15.4,8.9,0.0,5.7
2023-04-28,Sydney,4,118,23.4,11.7,11.7,0.0,5.9
2023-04-29,Sydney,4,119,22.5,13.3,9.2,0.0,5.3
2023-04-30,Sydney,4,120,23.0,16.1,6.9,0.0,6.4
2023-05-01,Sydney,5,121,19.9,8.3,11.6,0.0,6.1
2023-05-02,Sydney,5,122,21.2,10.0,11.2,1.9,6.4
2023-05-03,Sydney,5,123,22.0,10.1,11.9,1.7,6.6
2023-05-04,Sydney,5,124,18.5,12.2,6.3,1.6,5.8
2023-05-05,Sydney,5,125,15.2,5.7,9.5,1.9,5.4
2023-05-06,Sydney,5,126,23.1,17.1,6.0,0.0,6.5
2023-05-07,Sydney,5,127,19.6,12.2,7.4,0.0,6.4
2023-05-08,Sydney,5,128,17.7,6.5,11.2,0.0,6.0
2023-05-09,Sydney,5,129,19.4,8.0,11.4,0.0,6.4
2023-05-10,Sydney,5,130,20.8,13.2,7.6,0.0,7.2
2023-05-11,Sydney,5,131,16.7,7.1,9.6,0.0,6.3
2023-05-12,Sydney,5,132,22.1,12.5,9.6,0.0,6.0
2023-05-13,Sydney,5,133,19.1,7.9,11.2,1.2,6.9
2023-05-14,Sydney,5,134,18.2,8.1,10.1,0.0,7.0
2023-05-15,Sydney,5,135,19.9,10.2,9.7,3.4,5.5
2023-05-16,Sydney,5,136,23.0,13.1,9.9,3.0,5.9
2023-05-17,Sydney,5,137,23.2,13.0,10.2,3.2,6.8
2023-05-18,Sydney,5,138,20.1,10.1,10.0,0.0,6.2
2023-05-19,Sydney,5,139,18.1,11.0,7.1,5.1,6.7
2023-05-20,Sydney,5,140,20.0,11.2,8.8,0.0,7.1
2023-05-21,Sydney,5,141,23.8,16.0,7.8,0.0,6.7
2023-05-22,Sydney,5,142,15.2,5.3,9.9,0.0,5.3
2023-05-23,Sydney,5,143,22.8,13.0,9.8,0.0,6.7
2023-05-24,Sydney,5,144,21.0,11.3,9.7,0.0,6.7
2023-05-25,Sydney,5,145,19.8,8.1,11.7,0.0,7.1
2023-05-26,Sydney,5,146,17.0,6.0,11.0,0.0,5.5
2023-05-27,Sydney,5,147,17.4,8.2,9.2,0.0,6.2
2023-05-28,Sydney,5,148,19.4,10.8,8.6,0.0,5.8
2023-05-29,Sydney,5,149,13.4,3.5,9.9,0.0,6.3
2023-05-30,Sydney,5,150,21.2,12.8,8.4,9.3,7.2
2023-05-31,Sydney,5,151,20.9,14.7,6.2,2.7,5.8
2023-06-01,Sydney,6,152,18.8,7.0,11.8,3.1,5.5
2023-06-02,Sydney,6,153,20.9,11.2,9.7,0.0,6.2
2023-06-03,Sydney,6,154,18.0,6.2,11.8,0.8,6.1
2023-06-04,Sydney,6,155,19.4,12.8,6.6,0.0,7.0
2023-06-05,Sydney,6,156,17.4,9.2,8.2,0.0,5.5
2023-06-06,Sydney,6,157,15.5,4.8,10.7,0.0,5.9
2023-06-07,Sydney,6,158,20.3,9.1,11.2,0.3,5.5
2023-06-08,Sydney,6,159,16.3,5.9,10.4,0.0,5.4
2023-06-09,Sydney,6,160,18.1,6.3,11.8,0.0,5.7
2023-06-10,Sydney,6,161,18.3,11.0,7.3,0.0,6.0
2023-06-11,Sydney,6,162,17.0,10.7,6.3,2.6,6.6
2023-06-12,Sydney,6,163,16.6,10.3,6.3,0.0,6.5
2023-06-13,Sydney,6,164,18.1,6.6,11.5,0.0,7.0
2023-06-14,Sydney,6,165,17.5,10.2,7.3,0.0,6.6
2023-06-15,Sydney,6,166,19.1,10.4,8.7,5.0,5.7
2023-06-16,Sydney,6,167,22.3,12.5,9.8,0.0,5.4
2023-06-17,Sydney,6,168,19.0,9.7,9.3,0.0,6.3
2023-06-18,Sydney,6,169,16.8,8.0,8.8,0.0,6.4
2023-06-19,Sydney,6,170,14.2,5.2,9.0,0.0,5.6
2023-06-20,Sydney,6,171,21.2,11.7,9.5,0.0,6.4
2023-06-21,Sydney,6,172,15.2,8.3,6.9,2.6,5.4
2023-06-22,Sydney,6,173,20.0,12.2,7.8,0.1,5.6
2023-06-23,Sydney,6,174,19.3,9.9,9.4,1.4,6.6
2023-06-24,Sydney,6,175,22.4,15.8,6.6,0.0,5.5
2023-06-25,Sydney,6,176,19.1,10.5,8.6,0.0,5.4
2023-06-26,Sydney,6,177,19.2,7.5,11.7,20.0,5.9
2023-06-27,Sydney,6,178,16.0,4.9,11.1,1.2,6.2
2023-06-28,Sydney,6,179,18.5,8.8,9.7,0.0,6.7
2023-06-29,Sydney,6,180,15.6,4.8,10.8,12.4,5.2
2023-06-30,Sydney,6,181,14.3,2.5,11.8,6.2,6.0
2023-07-01,Sydney,7,182,15.4,5.3,10.1,0.0,6.5
2023-07-02,Sydney,7,183,15.3,5.9,9.4,0.0,5.9
2023-07-03,Sydney,7,184,18.2,7.3,10.9,0.9,5.8
2023-07-04,Sydney,7,185,23.2,16.3,6.9,4.3,6.8
2023-07-05,Sydney,7,186,14.9,8.0,6.9,15.4,6.4
2023-07-06,Sydney,7,187,19.7,10.3,9.4,0.0,6.4
2023-07-07,Sydney,7,188,13.6,1.8,11.8,0.0,6.3
2023-07-08,Sydney,7,189,22.1,15.6,6.5,0.9,5.3
2023-07-09,Sydney,7,190,13.9,6.7,7.2,9.1,6.7
2023-07-10,Sydney,7,191,15.4,6.5,8.9,0.0,7.1
2023-07-11,Sydney,7,192,23.0,11.6,11.4,3.6,7.0
2023-07-12,Sydney,7,193,17.7,6.6,11.1,0.3,5.4
2023-07-13,Sydney,7,194,16.5,4.5,12.0,4.4,6.7
2023-07-14,Sydney,7,195,16.2,7.0,9.2,0.0,7.1
2023-07-15,Sydney,7,196,20.8,13.1,7.7,0.0,6.3
2023-07-16,Sydney,7,197,22.0,11.6,10.4,0.0,5.6
2023-07-17,Sydney,7,198,15.7,7.9,7.8,0.2,5.4
2023-07-18,Sydney,7,199,15.8,7.3,8.5,0.0,6.8
2023-07-19,Sydney,7,200,16.0,4.4,11.6,0.0,5.5
2023-07-20,Sydney,7,201,21.3,10.7,10.6,0.0,5.4
2023-07-21,Sydney,7,202,16.4,4.5,11.9,2.3,5.7
2023-07-22,Sydney,7,203,16.3,8.3,8.0,0.0,6.9
2023-07-23,Sydney,7,204,18.4,11.6,6.8,0.0,6.7
2023-07-24,Sydney,7,205,17.7,11.3,6.4,2.5,6.1
2023-07-25,Sydney,7,206,14.2,4.1,10.1,1.6,6.4
2023-07-26,Sydney,7,207,14.7,8.3,6.4,0.0,5.8
2023-07-27,Sydney,7,208,14.1,4.0,10.1,6.5,7.2
2023-07-28,Sydney,7,209,22.1,10.4,11.7,2.8,5.9
2023-07-29,Sydney,7,210,16.9,5.5,11.4,0.0,6.1
2023-07-30,Sydney,7,211,15.7,4.8,10.9,0.0,6.0
2023-07-31,Sydney,7,212,15.6,8.2,7.4,2.7,6.8
2023-08-01,Sydney,8,213,19.1,8.8,10.3,0.0,7.1
2023-08-02,Sydney,8,214,16.1,4.7,11.4,0.0,5.2
2023-08-03,Sydney,8,215,17.9,10.8,7.1,1.4,6.2
2023-08-04,Sydney,8,216,17.4,10.5,6.9,0.0,6.5
2023-08-05,Sydney,8,217,15.1,4.4,10.7,0.0,5.6
2023-08-06,Sydney,8,218,12.7,2.3,10.4,0.0,5.4
2023-08-07,Sydney,8,219,13.9,6.6,7.3,0.0,6.1
2023-08-08,Sydney,8,220,18.2,10.6,7.6,0.0,6.3
2023-08-09,Sydney,8,221,21.8,15.3,6.5,0.0,5.2
2023-08-10,Sydney,8,222,19.1,11.1,8.0,0.0,5.5
2023-08-11,Sydney,8,223,16.0,6.6,9.4,0.9,6.5
2023-08-12,Sydney,8,224,16.5,8.3,8.2,3.2,6.7
2023-08-13,Sydney,8,225,23.6,17.3,6.3,0.0,7.2
2023-08-14,Sydney,8,226,17.3,9.9,7.4,0.0,6.0
2023-08-15,Sydney,8,227,17.5,6.0,11.5,2.5,6.8
2023-08-16,Sydney,8,228,17.9,8.5,9.4,0.0,7.1
2023-08-17,Sydney,8,229,15.4,4.8,10.6,1.3,5.7
2023-08-18,Sydney,8,230,19.9,8.8,11.1,2.7,6.2
2023-08-19,Sydney,8,231,16.3,8.0,8.3,5.0,5.3
2023-08-20,Sydney,8,232,14.4,5.0,9.4,0.0,5.3
2023-08-21,Sydney,8,233,18.2,10.9,7.3,0.0,6.7
2023-08-22,Sydney,8,234,17.8,7.0,10.8,0.0,7.0
2023-08-23,Sydney,8,235,20.8,9.0,11.8,0.0,6.2
2023-08-24,Sydney,8,236,14.4,5.8,8.6,1.7,5.9
2023-08-25,Sydney,8,237,19.3,10.0,9.3,0.0,6.6
2023-08-26,Sydney,8,238,17.6,9.7,7.9,0.0,5.6
2023-08-27,Sydney,8,239,12.3,4.0,8.3,0.0,5.4
2023-08-28,Sydney,8,240,19.6,8.4,11.2,0.0,6.5
2023-08-29,Sydney,8,241,13.8,1.9,11.9,0.0,5.4
2023-08-30,Sydney,8,242,21.9,14.5,7.4,0.0,6.0
2023-08-31,Sydney,8,243,19.6,12.1,7.5,0.0,6.9
2023-09-01,Sydney,9,244,23.6,13.3,10.3,0.0,5.4
2023-09-02,Sydney,9,245,17.9,8.3,9.6,0.0,5.8
2023-09-03,Sydney,9,246,16.1,5.1,11.0,0.0,6.5
2023-09-04,Sydney,9,247,18.4,12.1,6.3,0.0,7.1
2023-09-05,Sydney,9,248,20.2,8.6,11.6,0.0,6.1
2023-09-06,Sydney,9,249,22.5,13.4,9.1,1.4,6.7
2023-09-07,Sydney,9,250,20.0,9.9,10.1,0.0,6.2
2023-09-08,Sydney,9,251,16.9,10.3,6.6,0.0,6.5
2023-09-09,Sydney,9,252,17.6,10.4,7.2,0.0,6.9
2023-09-10,Sydney,9,253,19.7,10.8,8.9,0.0,5.8
2023-09-11,Sydney,9,254,18.2,9.0,9.2,0.0,5.6
2023-09-12,Sydney,9,255,22.1,13.9,8.2,0.0,5.7
2023-09-13,Sydney,9,256,15.4,4.3,11.1,0.0,5.8
2023-09-14,Sydney,9,257,19.7,9.0,10.7,0.0,6.5
2023-09-15,Sydney,9,258,22.9,16.4,6.5,0.0,7.1
2023-09-16,Sydney,9,259,19.6,12.7,6.9,4.0,5.8
2023-09-17,Sydney,9,260,18.6,7.4,11.2,0.0,5.6
2023-09-18,Sydney,9,261,22.2,13.7,8.5,0.0,6.5
2023-09-19,Sydney,9,262,18.7,9.3,9.4,5.1,5.4
2023-09-20,Sydney,9,263,22.1,11.6,10.5,0.3,5.8
2023-09-21,Sydney,9,264,19.4,9.8,9.6,0.0,5.9
2023-09-22,Sydney,9,265,20.2,13.8,6.4,3.5,5.3
2023-09-23,Sydney,9,266,18.6,6.9,11.7,0.0,6.1
2023-09-24,Sydney,9,267,21.0,11.7,9.3,3.3,5.6
2023-09-25,Sydney,9,268,18.3,7.4,10.9,3.4,6.8
2023-09-26,Sydney,9,269,19.8,9.8,10.0,0.0,6.2
2023-09-27,Sydney,9,270,17.5,7.1,10.4,0.0,6.1
2023-09-28,Sydney,9,271,19.5,9.2,10.3,0.0,5.3
2023-09-29,Sydney,9,272,21.9,14.0,7.9,0.0,5.7
2023-09-30,Sydney,9,273,22.1,15.2,6.9,0.0,5.7
2023-10-01,Sydney,10,274,20.7,11.2,9.5,1.8,6.0
2023-10-02,Sydney,10,275,20.3,10.5,9.8,0.0,5.3
2023-10-03,Sydney,10,276,23.2,16.3,6.9,3.4,6.6
2023-10-04,Sydney,10,277,22.8,11.9,10.9,3.0,6.0
2023-10-05,Sydney,10,278,21.4,15.2,6.2,2.5,6.1
2023-10-06,Sydney,10,279,23.6,12.2,11.4,0.0,6.8
2023-10-07,Sydney,10,280,22.3,13.7,8.6,0.0,5.5
2023-10-08,Sydney,10,281,16.6,4.9,11.7,0.0,5.9
2023-10-09,Sydney,10,282,20.0,11.4,8.6,0.0,7.1
2023-10-10,Sydney,10,283,24.0,14.1,9.9,0.0,6.1
2023-10-11,Sydney,10,284,25.4,19.0,6.4,0.0,5.6
2023-10-12,Sydney,10,285,15.0,7.7,7.3,0.0,5.5
2023-10-13,Sydney,10,286,21.1,14.7,6.4,0.0,5.6
2023-10-14,Sydney,10,287,22.4,12.3,10.1,0.0,6.9
2023-10-15,Sydney,10,288,21.0,12.5,8.5,6.8,5.4
2023-10-16,Sydney,10,289,18.7,11.4,7.3,0.0,6.0
2023-10-17,Sydney,10,290,23.1,11.7,11.4,2.0,6.8
2023-10-18,Sydney,10,291,22.6,11.8,10.8,0.0,5.4
2023-10-19,Sydney,10,292,24.4,16.6,7.8,0.0,7.1
2023-10-20,Sydney,10,293,19.7,9.0,10.7,2.9,5.8
2023-10-21,Sydney,10,294,25.3,17.5,7.8,1.7,7.0
2023-10-22,Sydney,10,295,22.2,14.9,7.3,0.0,6.8
2023-10-23,Sydney,10,296,22.7,13.8,8.9,0.0,5.7
2023-10-24,Sydney,10,297,20.9,11.9,9.0,0.0,7.0
2023-10-25,Sydney,10,298,22.6,12.3,10.3,0.0,6.3
2023-10-26,Sydney,10,299,26.4,18.8,7.6,1.7,7.2
2023-10-27,Sydney,10,300,25.3,18.0,7.3,0.0,5.4
2023-10-28,Sydney,10,301,25.1,13.5,11.6,0.0,6.4
2023-10-29,Sydney,10,302,22.5,13.3,9.2,0.0,6.2
2023-10-30,Sydney,10,303,29.4,20.0,9.4,0.0,6.9
2023-10-31,Sydney,10,304,25.4,15.5,9.9,0.0,5.3
2023-11-01,Sydney,11,305,23.8,15.3,8.5,0.0,5.9
2023-11-02,Sydney,11,306,24.7,15.9,8.8,0.0,5.3
2023-11-03,Sydney,11,307,23.5,12.9,10.6,6.7,6.5
2023-11-04,Sydney,11,308,20.0,8.7,11.3,0.1,7.0
2023-11-05,Sydney,11,309,24.4,18.2,6.2,0.0,6.9
2023-11-06,Sydney,11,310,27.0,20.7,6.3,0.0,5.3
2023-11-07,Sydney,11,311,23.3,12.3,11.0,0.0,6.4
2023-11-08,Sydney,11,312,25.1,18.2,6.9,0.0,5.8
2023-11-09,Sydney,11,313,28.9,22.7,6.2,0.0,6.9
2023-11-10,Sydney,11,314,23.9,12.2,11.7,0.0,5.8
2023-11-11,Sydney,11,315,24.5,17.4,7.1,2.3,5.5
2023-11-12,Sydney,11,316,25.5,14.4,11.1,0.8,5.8
2023-11-13,Sydney,11,317,22.6,15.2,7.4,0.0,6.8
2023-11-14,Sydney,11,318,23.0,14.9,8.1,0.0,6.6
2023-11-15,Sydney,11,319,27.0,17.8,9.2,0.0,6.4
2023-11-16,Sydney,11,320,27.0,19.3,7.7,0.0,7.0
2023-11-17,Sydney,11,321,22.4,14.3,8.1,0.4,6.3
2023-11-18,Sydney,11,322,22.8,15.1,7.7,5.5,6.4
2023-11-19,Sydney,11,323,29.5,22.5,7.0,0.0,5.5
2023-11-20,Sydney,11,324,25.4,13.9,11.5,0.0,5.4
2023-11-21,Sydney,11,325,26.5,17.6,8.9,0.0,6.8
2023-11-22,Sydney,11,326,27.5,20.0,7.5,0.0,7.0
2023-11-23,Sydney,11,327,25.4,16.1,9.3,2.7,5.5
2023-11-24,Sydney,11,328,27.4,19.5,7.9,5.7,5.7
2023-11-25,Sydney,11,329,24.4,17.4,7.0,2.3,5.9
2023-11-26,Sydney,11,330,24.5,12.7,11.8,15.2,5.7
2023-11-27,Sydney,11,331,25.2,15.1,10.1,3.0,7.0
2023-11-28,Sydney,11,332,25.7,15.3,10.4,3.4,5.5
2023-11-29,Sydney,11,333,23.3,16.2,7.1,0.0,6.9
2023-11-30,Sydney,11,334,27.4,19.2,8.2,1.0,6.1
2023-12-01,Sydney,12,335,25.9,16.9,9.0,2.4,5.3
2023-12-02,Sydney,12,336,26.6,18.6,8.0,0.0,6.6
2023-12-03,Sydney,12,337,26.3,20.0,6.3,0.0,5.5
2023-12-04,Sydney,12,338,21.8,10.9,10.9,0.0,7.1
2023-12-05,Sydney,12,339,28.8,19.0,9.8,6.0,7.1
2023-12-06,Sydney,12,340,27.6,20.2,7.4,0.7,6.3
2023-12-07,Sydney,12,341,25.8,19.3,6.5,0.0,7.1
2023-12-08,Sydney,12,342,24.0,16.8,7.2,2.1,6.8
2023-12-09,Sydney,12,343,30.1,21.1,9.0,0.0,5.6
2023-12-10,Sydney,12,344,29.1,20.4,8.7,0.0,6.2
2023-12-11,Sydney,12,345,30.5,20.8,9.7,0.0,6.1
2023-12-12,Sydney,12,346,30.6,21.4,9.2,0.0,5.3
2023-12-13,Sydney,12,347,29.5,22.3,7.2,0.0,6.3
2023-12-14,Sydney,12,348,25.4,18.0,7.4,0.0,5.8
2023-12-15,Sydney,12,349,28.5,19.5,9.0,0.9,6.9
2023-12-16,Sydney,12,350,23.0,16.5,6.5,0.1,5.8
2023-12-17,Sydney,12,351,24.8,17.5,7.3,0.0,6.2
2023-12-18,Sydney,12,352,28.6,16.7,11.9,9.9,6.6
2023-12-19,Sydney,12,353,30.7,22.7,8.0,3.5,5.8
2023-12-20,Sydney,12,354,26.8,18.6,8.2,2.3,7.1
2023-12-21,Sydney,12,355,26.5,18.4,8.1,0.0,6.4
2023-12-22,Sydney,12,356,30.8,20.9,9.9,1.2,6.6
2023-12-23,Sydney,12,357,31.3,22.9,8.4,0.0,6.3
2023-12-24,Sydney,12,358,24.9,17.4,7.5,0.0,7.0
2023-12-25,Sydney,12,359,26.7,14.9,11.8,0.0,6.8
2023-12-26,Sydney,12,360,28.3,18.4,9.9,1.5,5.9
2023-12-27,Sydney,12,361,27.4,20.9,6.5,0.0,5.8
2023-12-28,Sydney,12,362,24.8,15.2,9.6,4.6,6.5
2023-12-29,Sydney,12,363,27.5,17.5,10.0,0.1,5.3
2023-12-30,Sydney,12,364,25.6,17.3,8.3,6.3,6.1
2023-12-31,Sydney,12,365,30.7,19.4,11.3,0.0,7.0
2024-01-01,Sydney,1,1,26.7,19.0,7.7,4.8,5.6
2024-01-02,Sydney,1,2,28.5,21.5,7.0,0.0,6.0
2024-01-03,Sydney,1,3,25.7,16.0,9.7,0.0,6.4
2024-01-04,Sydney,1,4,26.5,19.6,6.9,4.3,5.8
2024-01-05,Sydney,1,5,28.4,21.0,7.4,0.0,6.2
2024-01-06,Sydney,1,6,28.9,21.1,7.8,0.0,7.2
2024-01-07,Sydney,1,7,26.6,17.0,9.6,0.0,6.2
2024-01-08,Sydney,1,8,30.7,21.7,9.0,0.0,6.4
2024-01-09,Sydney,1,9,30.2,22.8,7.4,4.5,6.2
2024-01-10,Sydney,1,10,29.0,22.7,6.3,0.0,5.4
2024-01-11,Sydney,1,11,22.7,16.6,6.1,0.0,6.5
2024-01-12,Sydney,1,12,22.9,14.1,8.8,0.0,5.3
2024-01-13,Sydney,1,13,28.4,19.8,8.6,0.0,5.7
2024-01-14,Sydney,1,14,30.9,22.4,8.5,0.0,5.8
2024-01-15,Sydney,1,15,27.9,20.6,7.3,0.0,6.2
2024-01-16,Sydney,1,16,26.7,20.3,6.4,0.0,5.8
2024-01-17,Sydney,1,17,27.8,16.3,11.5,0.0,6.4
2024-01-18,Sydney,1,18,27.2,21.0,6.2,0.0,6.2
2024-01-19,Sydney,1,19,27.7,17.9,9.8,0.0,6.7
2024-01-20,Sydney,1,20,26.0,17.2,8.8,0.0,5.7
2024-01-21,Sydney,1,21,27.1,16.0,11.1,0.0,5.7
2024-01-22,Sydney,1,22,28.8,18.1,10.7,0.0,5.8
2024-01-23,Sydney,1,23,28.0,19.0,9.0,3.6,6.0
2024-01-24,Sydney,1,24,27.1,15.3,11.8,0.0,6.2
2024-01-25,Sydney,1,25,27.5,19.9,7.6,0.0,5.8
2024-01-26,Sydney,1,26,28.1,18.4,9.7,7.2,6.1
2024-01-27,Sydney,1,27,26.8,18.1,8.7,0.0,6.1
2024-01-28,Sydney,1,28,28.7,18.0,10.7,0.0,6.2
2024-01-29,Sydney,1,29,27.4,20.3,7.1,2.9,6.8
2024-01-30,Sydney,1,30,28.2,20.1,8.1,7.4,6.3
2024-01-31,Sydney,1,31,29.7,20.0,9.7,0.0,5.3
2024-02-01,Sydney,2,32,28.5,20.9,7.6,0.0,5.3
2024-02-02,Sydney,2,33,26.6,14.6,12.0,0.0,7.0
2024-02-03,Sydney,2,34,30.4,20.4,10.0,1.5,7.0
2024-02-04,Sydney,2,35,30.1,19.5,10.6,0.0,6.3
2024-02-05,Sydney,2,36,29.2,22.6,6.6,0.0,7.1
2024-02-06,Sydney,2,37,23.9,13.0,10.9,0.0,6.0
2024-02-07,Sydney,2,38,30.1,22.3,7.8,0.0,5.5
2024-02-08,Sydney,2,39,25.5,18.5,7.0,0.8,5.6
2024-02-09,Sydney,2,40,27.1,19.1,8.0,4.0,5.8
2024-02-10,Sydney,2,41,26.6,19.3,7.3,0.0,7.2
2024-02-11,Sydney,2,42,29.9,18.7,11.2,0.9,6.0
2024-02-12,Sydney,2,43,25.1,16.5,8.6,0.0,6.7
2024-02-13,Sydney,2,44,28.9,17.7,11.2,0.0,6.2
2024-02-14,Sydney,2,45,22.5,14.4,8.1,0.0,5.8
2024-02-15,Sydney,2,46,27.6,16.3,11.3,0.0,6.0
2024-02-16,Sydney,2,47,28.8,17.3,11.5,0.7,6.2
2024-02-17,Sydney,2,48,24.5,13.8,10.7,0.0,6.1
2024-02-18,Sydney,2,49,30.5,19.0,11.5,3.5,6.3
2024-02-19,Sydney,2,50,27.9,17.2,10.7,0.0,6.5
2024-02-20,Sydney,2,51,27.0,17.7,9.3,0.0,6.2
2024-02-21,Sydney,2,52,29.5,21.3,8.2,0.0,6.9
2024-02-22,Sydney,2,53,30.8,23.0,7.8,0.0,5.9
2024-02-23,Sydney,2,54,27.3,18.9,8.4,0.0,5.4
2024-02-24,Sydney,2,55,28.9,19.6,9.3,0.0,5.6
2024-02-25,Sydney,2,56,28.6,17.8,10.8,0.0,6.8
2024-02-26,Sydney,2,57,27.9,18.3,9.6,10.6,6.4
2024-02-27,Sydney,2,58,31.9,20.2,11.7,0.3,5.6
2024-02-28,Sydney,2,59,28.4,19.4,9.0,2.3,5.4
2024-02-29,Sydney,2,60,29.3,19.7,9.6,4.6,6.3
2024-03-01,Sydney,3,61,20.9,13.6,7.3,1.8,6.0
2024-03-02,Sydney,3,62,22.3,11.7,10.6,6.0,7.2
2024-03-03,Sydney,3,63,26.1,16.4,9.7,0.0,6.5
2024-03-04,Sydney,3,64,24.9,13.3,11.6,8.4,6.4
2024-03-05,Sydney,3,65,24.8,15.1,9.7,0.2,5.4
2024-03-06,Sydney,3,66,27.2,17.2,10.0,0.0,5.8
2024-03-07,Sydney,3,67,29.0,18.1,10.9,0.0,5.6
2024-03-08,Sydney,3,68,24.0,17.7,6.3,3.8,6.8
2024-03-09,Sydney,3,69,29.8,18.3,11.5,0.0,5.4
2024-03-10,Sydney,3,70,24.9,15.0,9.9,0.0,6.9
2024-03-11,Sydney,3,71,26.2,16.5,9.7,4.8,7.2
2024-03-12,Sydney,3,72,28.0,19.6,8.4,0.0,6.0
2024-03-13,Sydney,3,73,24.9,18.4,6.5,0.0,6.0
2024-03-14,Sydney,3,74,26.1,17.4,8.7,0.0,5.7
2024-03-15,Sydney,3,75,22.4,11.3,11.1,6.7,6.7
2024-03-16,Sydney,3,76,23.0,11.7,11.3,0.0,7.2
2024-03-17,Sydney,3,77,26.3,20.2,6.1,0.0,5.6
2024-03-18,Sydney,3,78,22.3,11.2,11.1,0.0,5.3
2024-03-19,Sydney,3,79,24.3,14.4,9.9,0.0,6.2
2024-03-20,Sydney,3,80,25.5,18.2,7.3,1.6,6.8
2024-03-21,Sydney,3,81,28.9,20.6,8.3,0.0,5.6
2024-03-22,Sydney,3,82,26.0,18.1,7.9,0.0,5.7
2024-03-23,Sydney,3,83,27.5,18.3,9.2,0.0,6.4
2024-03-24,Sydney,3,84,23.3,16.8,6.5,0.0,6.5
2024-03-25,Sydney,3,85,22.7,16.2,6.5,0.0,7.1
2024-03-26,Sydney,3,86,30.3,20.5,9.8,0.5,7.0
2024-03-27,Sydney,3,87,21.0,13.6,7.4,0.0,5.6
2024-03-28,Sydney,3,88,31.2,21.4,9.8,0.0,6.5
2024-03-29,Sydney,3,89,28.4,20.3,8.1,2.1,6.6
2024-03-30,Sydney,3,90,25.8,17.9,7.9,1.9,5.7
2024-03-31,Sydney,3,91,25.8,17.4,8.4,0.0,6.5
2024-04-01,Sydney,4,92,20.9,10.0,10.9,0.0,6.7
2024-04-02,Sydney,4,93,17.7,11.6,6.1,0.4,6.3
2024-04-03,Sydney,4,94,19.4,12.9,6.5,0.0,7.1
2024-04-04,Sydney,4,95,21.5,11.9,9.6,6.7,6.9
2024-04-05,Sydney,4,96,25.0,14.9,10.1,0.0,5.9
2024-04-06,Sydney,4,97,23.5,15.1,8.4,0.2,5.9
2024-04-07,Sydney,4,98,22.7,12.3,10.4,0.0,5.6
2024-04-08,Sydney,4,99,26.4,19.2,7.2,4.9,6.0
2024-04-09,Sydney,4,100,24.8,16.0,8.8,0.0,6.9
2024-04-10,Sydney,4,101,21.1,10.3,10.8,0.0,6.3
2024-04-11,Sydney,4,102,24.2,17.6,6.6,0.0,5.4
2024-04-12,Sydney,4,103,21.2,11.2,10.0,2.0,5.4
2024-04-13,Sydney,4,104,18.9,9.8,9.1,0.0,5.5
2024-04-14,Sydney,4,105,22.4,14.0,8.4,0.0,6.2
2024-04-15,Sydney,4,106,21.1,14.4,6.7,0.0,6.6
2024-04-16,Sydney,4,107,23.8,13.0,10.8,10.1,6.4
2024-04-17,Sydney,4,108,24.5,18.0,6.5,3.1,6.4
2024-04-18,Sydney,4,109,19.5,8.5,11.0,0.0,7.0
2024-04-19,Sydney,4,110,20.9,11.6,9.3,0.0,5.8
2024-04-20,Sydney,4,111,18.5,7.7,10.8,0.0,5.8
2024-04-21,Sydney,4,112,20.7,9.2,11.5,1.6,6.2
2024-04-22,Sydney,4,113,25.7,16.0,9.7,0.3,6.3
2024-04-23,Sydney,4,114,21.7,15.2,6.5,6.0,7.1
2024-04-24,Sydney,4,115,24.5,18.0,6.5,0.0,6.8
2024-04-25,Sydney,4,116,19.4,8.4,11.0,0.7,6.4
2024-04-26,Sydney,4,117,25.2,14.9,10.3,2.6,5.8
2024-04-27,Sydney,4,118,24.5,18.0,6.5,0.0,5.3
2024-04-28,Sydney,4,119,22.7,16.6,6.1,0.0,6.0
2024-04-29,Sydney,4,120,17.1,6.7,10.4,0.0,6.3
2024-04-30,Sydney,4,121,23.4,11.5,11.9,0.0,5.8
2024-05-01,Sydney,5,122,17.6,7.1,10.5,0.0,6.5
2024-05-02,Sydney,5,123,17.0,8.2,8.8,0.4,6.4
2024-05-03,Sydney,5,124,17.3,9.2,8.1,0.6,6.6
2024-05-04,Sydney,5,125,20.4,12.7,7.7,0.0,6.5
2024-05-05,Sydney,5,126,20.9,11.1,9.8,0.0,7.2
2024-05-06,Sydney,5,127,21.1,9.7,11.4,0.0,5.6
2024-05-07,Sydney,5,128,18.7,12.0,6.7,0.0,5.7
2024-05-08,Sydney,5,129,22.3,13.2,9.1,0.9,5.3
2024-05-09,Sydney,5,130,22.2,15.8,6.4,0.0,7.0
2024-05-10,Sydney,5,131,13.8,2.8,11.0,2.0,6.7
2024-05-11,Sydney,5,132,17.8,6.8,11.0,2.3,5.3
2024-05-12,Sydney,5,133,15.5,9.0,6.5,0.0,5.8
2024-05-13,Sydney,5,134,16.1,9.9,6.2,0.0,6.2
2024-05-14,Sydney,5,135,15.3,5.9,9.4,0.0,7.1
2024-05-15,Sydney,5,136,15.3,8.6,6.7,0.0,6.9
2024-05-16,Sydney,5,137,20.7,13.5,7.2,0.3,6.1
2024-05-17,Sydney,5,138,15.5,7.8,7.7,0.0,7.2
2024-05-18,Sydney,5,139,15.0,4.2,10.8,0.0,5.6
2024-05-19,Sydney,5,140,22.2,11.4,10.8,0.0,6.9
2024-05-20,Sydney,5,141,22.1,14.0,8.1,3.2,6.3
2024-05-21,Sydney,5,142,20.5,14.5,6.0,1.9,6.2
2024-05-22,Sydney,5,143,20.4,13.7,6.7,2.6,7.1
2024-05-23,Sydney,5,144,17.4,9.4,8.0,1.4,5.5
2024-05-24,Sydney,5,145,19.1,9.3,9.8,3.2,5.6
2024-05-25,Sydney,5,146,21.7,12.7,9.0,0.0,6.3
2024-05-26,Sydney,5,147,21.1,12.7,8.4,0.0,5.7
2024-05-27,Sydney,5,148,21.2,9.8,11.4,0.0,6.6
2024-05-28,Sydney,5,149,20.1,11.2,8.9,0.0,7.1
2024-05-29,Sydney,5,150,20.0,10.0,10.0,20.0,5.4
2024-05-30,Sydney,5,151,22.8,11.3,11.5,0.0,6.3
2024-05-31,Sydney,5,152,18.5,7.7,10.8,1.0,5.9
2024-06-01,Sydney,6,153,22.2,12.3,9.9,0.0,5.5
2024-06-02,Sydney,6,154,14.7,8.6,6.1,0.0,5.9
2024-06-03,Sydney,6,155,18.7,8.9,9.8,0.0,6.3
2024-06-04,Sydney,6,156,19.7,10.1,9.6,9.6,5.5
2024-06-05,Sydney,6,157,22.1,12.1,10.0,0.0,5.5
2024-06-06,Sydney,6,158,20.7,12.6,8.1,0.0,5.3
2024-06-07,Sydney,6,159,17.1,5.6,11.5,3.4,5.7
2024-06-08,Sydney,6,160,19.7,10.8,8.9,7.4,6.1
2024-06-09,Sydney,6,161,17.0,10.4,6.6,0.0,6.0
2024-06-10,Sydney,6,162,17.4,6.4,11.0,8.9,7.0
2024-06-11,Sydney,6,163,14.0,2.6,11.4,0.0,6.9
2024-06-12,Sydney,6,164,17.8,7.7,10.1,0.0,6.7
2024-06-13,Sydney,6,165,15.5,9.1,6.4,0.0,6.0
2024-06-14,Sydney,6,166,17.5,8.2,9.3,0.0,7.0
2024-06-15,Sydney,6,167,17.5,9.1,8.4,0.0,6.7
2024-06-16,Sydney,6,168,19.2,8.9,10.3,5.4,6.6
2024-06-17,Sydney,6,169,15.7,6.8,8.9,17.5,6.7
2024-06-18,Sydney,6,170,20.5,12.5,8.0,0.0,5.9
2024-06-19,Sydney,6,171,21.5,14.0,7.5,0.2,6.3
2024-06-20,Sydney,6,172,20.6,13.6,7.0,0.8,5.9
2024-06-21,Sydney,6,173,16.9,6.8,10.1,0.0,5.7
2024-06-22,Sydney,6,174,17.5,5.8,11.7,0.0,6.9
2024-06-23,Sydney,6,175,17.2,9.0,8.2,0.0,6.9
2024-06-24,Sydney,6,176,16.8,8.0,8.8,0.0,6.4
2024-06-25,Sydney,6,177,16.8,9.8,7.0,1.9,6.8
2024-06-26,Sydney,6,178,18.3,10.1,8.2,0.0,5.6
2024-06-27,Sydney,6,179,16.9,5.8,11.1,0.0,7.1
2024-06-28,Sydney,6,180,16.9,10.9,6.0,0.0,5.3
2024-06-29,Sydney,6,181,16.5,5.9,10.6,0.0,5.6
2024-06-30,Sydney,6,182,14.8,4.5,10.3,0.0,5.3
2024-07-01,Sydney,7,183,15.4,8.6,6.8,0.0,7.2
2024-07-02,Sydney,7,184,15.0,7.8,7.2,6.2,7.1
2024-07-03,Sydney,7,185,17.9,11.5,6.4,0.0,7.2
2024-07-04,Sydney,7,186,14.9,7.7,7.2,0.0,5.4
2024-07-05,Sydney,7,187,16.1,5.6,10.5,0.0,5.9
2024-07-06,Sydney,7,188,13.9,5.0,8.9,3.9,5.9
2024-07-07,Sydney,7,189,18.1,11.5,6.6,0.1,7.1
2024-07-08,Sydney,7,190,20.4,8.8,11.6,0.7,6.1
2024-07-09,Sydney,7,191,21.5,9.6,11.9,0.0,5.7
2024-07-10,Sydney,7,192,20.7,12.0,8.7,0.0,5.7
2024-07-11,Sydney,7,193,15.6,9.5,6.1,0.0,6.6
2024-07-12,Sydney,7,194,13.6,4.1,9.5,0.0,7.0
2024-07-13,Sydney,7,195,15.2,6.3,8.9,0.0,6.3
2024-07-14,Sydney,7,196,20.5,12.0,8.5,0.0,5.9
2024-07-15,Sydney,7,197,20.4,14.3,6.1,0.0,6.2
2024-07-16,Sydney,7,198,16.7,8.7,8.0,9.4,7.0
2024-07-17,Sydney,7,199,14.6,7.6,7.0,0.0,7.0
2024-07-18,Sydney,7,200,14.4,4.5,9.9,5.0,6.5
2024-07-19,Sydney,7,201,20.5,13.5,7.0,0.6,5.2
2024-07-20,Sydney,7,202,13.3,6.0,7.3,0.0,6.3
2024-07-21,Sydney,7,203,20.5,9.2,11.3,0.5,6.9
2024-07-22,Sydney,7,204,17.0,6.7,10.3,0.0,6.2
2024-07-23,Sydney,7,205,12.8,3.2,9.6,0.0,5.5
2024-07-24,Sydney,7,206,19.1,7.7,11.4,2.4,5.9
2024-07-25,Sydney,7,207,13.1,3.8,9.3,0.0,6.8
2024-07-26,Sydney,7,208,15.5,6.0,9.5,0.3,6.8
2024-07-27,Sydney,7,209,19.7,8.5,11.2,0.0,5.3
2024-07-28,Sydney,7,210,20.9,10.7,10.2,0.0,5.9
2024-07-29,Sydney,7,211,17.1,6.9,10.2,0.0,6.4
2024-07-30,Sydney,7,212,15.8,3.8,12.0,0.4,6.2
2024-07-31,Sydney,7,213,18.0,8.1,9.9,0.0,5.8
2024-08-01,Sydney,8,214,15.1,4.6,10.5,10.1,6.7
2024-08-02,Sydney,8,215,16.8,10.2,6.6,0.0,6.0
2024-08-03,Sydney,8,216,17.9,9.4,8.5,0.0,6.7
2024-08-04,Sydney,8,217,19.1,7.8,11.3,6.7,6.3
2024-08-05,Sydney,8,218,15.9,5.9,10.0,0.0,7.0
2024-08-06,Sydney,8,219,18.4,8.8,9.6,0.0,6.1
2024-08-07,Sydney,8,220,22.5,16.5,6.0,7.1,6.6
2024-08-08,Sydney,8,221,17.1,10.8,6.3,0.0,7.2
2024-08-09,Sydney,8,222,19.6,7.6,12.0,0.0,6.6
2024-08-10,Sydney,8,223,19.8,11.6,8.2,0.0,6.4
2024-08-11,Sydney,8,224,17.4,6.9,10.5,0.5,6.9
2024-08-12,Sydney,8,225,22.1,12.5,9.6,0.0,5.2
2024-08-13,Sydney,8,226,18.6,9.2,9.4,0.0,6.9
2024-08-14,Sydney,8,227,12.5,2.8,9.7,0.0,5.7
2024-08-15,Sydney,8,228,20.0,8.5,11.5,0.0,5.7
2024-08-16,Sydney,8,229,14.9,7.6,7.3,0.0,6.2
2024-08-17,Sydney,8,230,20.1,13.9,6.2,0.0,6.0
2024-08-18,Sydney,8,231,16.2,8.5,7.7,0.0,5.9
2024-08-19,Sydney,8,232,16.9,8.1,8.8,0.0,6.3
2024-08-20,Sydney,8,233,22.1,12.4,9.7,0.3,6.4
2024-08-21,Sydney,8,234,15.2,3.5,11.7,24.1,6.4
2024-08-22,Sydney,8,235,16.1,4.1,12.0,0.0,6.0
2024-08-23,Sydney,8,236,18.9,8.9,10.0,2.3,5.6
2024-08-24,Sydney,8,237,23.2,15.5,7.7,0.8,6.4
2024-08-25,Sydney,8,238,15.8,7.8,8.0,1.0,6.0
2024-08-26,Sydney,8,239,20.0,10.7,9.3,0.0,5.8
2024-08-27,Sydney,8,240,19.9,11.9,8.0,1.8,6.7
2024-08-28,Sydney,8,241,13.5,7.5,6.0,0.0,5.9
2024-08-29,Sydney,8,242,15.0,3.4,11.6,0.0,5.6
2024-08-30,Sydney,8,243,17.6,8.4,9.2,8.1,6.5
2024-08-31,Sydney,8,244,12.3,1.9,10.4,0.0,5.3
2024-09-01,Sydney,9,245,18.6,10.2,8.4,0.0,5.5
2024-09-02,Sydney,9,246,18.2,11.5,6.7,0.0,6.0
2024-09-03,Sydney,9,247,20.8,9.7,11.1,4.3,5.4
2024-09-04,Sydney,9,248,17.8,8.6,9.2,0.0,6.7
2024-09-05,Sydney,9,249,15.2,4.6,10.6,2.4,7.1
2024-09-06,Sydney,9,250,22.1,14.0,8.1,0.8,6.4
2024-09-07,Sydney,9,251,16.4,10.2,6.2,0.0,5.8
2024-09-08,Sydney,9,252,22.3,10.8,11.5,0.0,5.2
2024-09-09,Sydney,9,253,21.9,14.9,7.0,0.0,7.2
2024-09-10,Sydney,9,254,21.4,12.7,8.7,0.0,7.2
2024-09-11,Sydney,9,255,21.4,12.7,8.7,0.1,5.7
2024-09-12,Sydney,9,256,22.4,16.4,6.0,0.0,6.0
2024-09-13,Sydney,9,257,19.1,11.5,7.6,0.0,6.8
2024-09-14,Sydney,9,258,18.1,11.0,7.1,0.0,5.8
2024-09-15,Sydney,9,259,19.5,7.8,11.7,3.5,6.6
2024-09-16,Sydney,9,260,20.8,12.9,7.9,0.0,6.6
2024-09-17,Sydney,9,261,21.0,13.4,7.6,2.4,7.1
2024-09-18,Sydney,9,262,17.5,8.8,8.7,2.4,6.3
2024-09-19,Sydney,9,263,20.5,14.3,6.2,1.5,7.1
2024-09-20,Sydney,9,264,21.5,11.4,10.1,0.0,5.7
2024-09-21,Sydney,9,265,21.4,12.3,9.1,4.9,6.7
2024-09-22,Sydney,9,266,19.9,9.9,10.0,5.1,6.8
2024-09-23,Sydney,9,267,23.9,16.6,7.3,2.3,6.7
2024-09-24,Sydney,9,268,12.0,3.2,8.8,0.0,5.3
2024-09-25,Sydney,9,269,16.8,5.9,10.9,0.0,6.3
2024-09-26,Sydney,9,270,22.6,15.3,7.3,0.0,6.0
2024-09-27,Sydney,9,271,18.4,8.2,10.2,0.0,6.5
2024-09-28,Sydney,9,272,15.6,5.1,10.5,5.2,5.6
2024-09-29,Sydney,9,273,21.6,15.2,6.4,0.0,6.8
2024-09-30,Sydney,9,274,16.9,6.9,10.0,0.0,6.8
2024-10-01,Sydney,10,275,22.6,14.5,8.1,4.3,5.9
2024-10-02,Sydney,10,276,20.2,13.9,6.3,0.0,5.3
2024-10-03,Sydney,10,277,23.9,12.9,11.0,0.1,5.3
2024-10-04,Sydney,10,278,20.5,11.9,8.6,0.4,6.8
2024-10-05,Sydney,10,279,23.4,13.8,9.6,0.0,6.2
2024-10-06,Sydney,10,280,26.9,18.1,8.8,2.5,6.9
2024-10-07,Sydney,10,281,22.4,13.4,9.0,0.0,6.1
2024-10-08,Sydney,10,282,24.0,14.2,9.8,1.1,5.7
2024-10-09,Sydney,10,283,25.0,15.2,9.8,0.4,5.4
2024-10-10,Sydney,10,284,22.0,13.4,8.6,0.0,5.4
2024-10-11,Sydney,10,285,19.6,10.6,9.0,0.0,5.5
2024-10-12,Sydney,10,286,22.6,14.7,7.9,0.0,6.8
2024-10-13,Sydney,10,287,22.7,11.2,11.5,0.0,5.7
2024-10-14,Sydney,10,288,27.8,16.7,11.1,0.0,6.1
2024-10-15,Sydney,10,289,26.1,17.2,8.9,0.0,5.4
2024-10-16,Sydney,10,290,22.6,13.8,8.8,0.0,6.6
2024-10-17,Sydney,10,291,21.6,10.9,10.7,1.1,5.8
2024-10-18,Sydney,10,292,21.7,11.1,10.6,13.0,6.4
2024-10-19,Sydney,10,293,26.3,15.4,10.9,0.0,5.6
2024-10-20,Sydney,10,294,25.2,18.2,7.0,0.0,6.3
2024-10-21,Sydney,10,295,24.8,13.5,11.3,0.0,5.6
2024-10-22,Sydney,10,296,26.6,17.6,9.0,0.0,5.6
2024-10-23,Sydney,10,297,19.7,8.0,11.7,2.4,6.7
2024-10-24,Sydney,10,298,21.4,10.3,11.1,0.2,6.5
2024-10-25,Sydney,10,299,19.1,8.0,11.1,0.0,5.3
2024-10-26,Sydney,10,300,24.3,15.4,8.9,0.0,5.6
2024-10-27,Sydney,10,301,20.6,13.7,6.9,0.0,6.8
2024-10-28,Sydney,10,302,20.3,10.1,10.2,0.0,5.3
2024-10-29,Sydney,10,303,22.2,16.2,6.0,0.0,7.0
2024-10-30,Sydney,10,304,21.5,9.9,11.6,0.0,5.2
2024-10-31,Sydney,10,305,23.3,15.9,7.4,0.0,7.1
2024-11-01,Sydney,11,306,23.8,14.1,9.7,0.0,7.0
2024-11-02,Sydney,11,307,24.1,12.2,11.9,9.7,6.3
2024-11-03,Sydney,11,308,21.4,12.2,9.2,0.0,7.1
2024-11-04,Sydney,11,309,24.9,14.3,10.6,0.0,5.6
2024-11-05,Sydney,11,310,29.2,20.0,9.2,0.0,6.2
2024-11-06,Sydney,11,311,22.2,11.6,10.6,0.0,5.7
2024-11-07,Sydney,11,312,26.5,18.6,7.9,0.0,5.2
2024-11-08,Sydney,11,313,27.9,17.3,10.6,0.0,6.7
2024-11-09,Sydney,11,314,24.1,16.2,7.9,0.8,6.5
2024-11-10,Sydney,11,315,26.3,19.0,7.3,0.0,7.0
2024-11-11,Sydney,11,316,25.0,16.4,8.6,0.0,6.5
2024-11-12,Sydney,11,317,20.9,10.0,10.9,4.2,6.2
2024-11-13,Sydney,11,318,26.4,20.4,6.0,0.0,6.4
2024-11-14,Sydney,11,319,25.3,16.4,8.9,1.1,6.6
2024-11-15,Sydney,11,320,23.3,14.1,9.2,0.0,5.9
2024-11-16,Sydney,11,321,22.6,12.2,10.4,6.0,7.1
2024-11-17,Sydney,11,322,28.6,17.5,11.1,0.0,6.1
2024-11-18,Sydney,11,323,28.7,18.8,9.9,0.0,7.1
2024-11-19,Sydney,11,324,23.2,16.3,6.9,0.0,7.1
2024-11-20,Sydney,11,325,28.6,17.2,11.4,0.0,5.8
2024-11-21,Sydney,11,326,21.9,12.0,9.9,0.3,7.1
2024-11-22,Sydney,11,327,26.9,15.8,11.1,0.0,6.2
2024-11-23,Sydney,11,328,23.6,12.3,11.3,0.0,6.2
2024-11-24,Sydney,11,329,27.7,19.4,8.3,0.0,6.9
2024-11-25,Sydney,11,330,29.4,20.1,9.3,0.0,6.0
2024-11-26,Sydney,11,331,26.8,16.3,10.5,0.0,6.7
2024-11-27,Sydney,11,332,25.5,13.7,11.8,2.8,6.0
2024-11-28,Sydney,11,333,30.0,21.9,8.1,3.8,5.8
2024-11-29,Sydney,11,334,22.4,12.2,10.2,15.3,6.7
2024-11-30,Sydney,11,335,24.8,18.4,6.4,4.2,5.6
2024-12-01,Sydney,12,336,25.3,15.4,9.9,0.0,6.5
2024-12-02,Sydney,12,337,23.8,16.7,7.1,0.9,6.3
2024-12-03,Sydney,12,338,26.3,14.7,11.6,0.0,6.0
2024-12-04,Sydney,12,339,25.5,17.7,7.8,0.0,6.0
2024-12-05,Sydney,12,340,28.3,16.6,11.7,0.0,6.2
2024-12-06,Sydney,12,341,23.4,13.7,9.7,0.0,6.6
2024-12-07,Sydney,12,342,28.0,21.4,6.6,0.9,6.2
2024-12-08,Sydney,12,343,26.7,17.0,9.7,0.0,5.4
2024-12-09,Sydney,12,344,25.1,15.3,9.8,0.0,5.7
2024-12-10,Sydney,12,345,29.4,20.3,9.1,0.0,5.6
2024-12-11,Sydney,12,346,30.9,20.7,10.2,1.4,5.8
2024-12-12,Sydney,12,347,26.0,19.7,6.3,9.2,5.5
2024-12-13,Sydney,12,348,32.5,21.5,11.0,0.0,5.5
2024-12-14,Sydney,12,349,30.5,18.7,11.8,2.7,7.2
2024-12-15,Sydney,12,350,27.0,17.3,9.7,1.8,6.6
2024-12-16,Sydney,12,351,25.8,17.8,8.0,0.0,6.1
2024-12-17,Sydney,12,352,28.1,18.3,9.8,0.0,5.5
2024-12-18,Sydney,12,353,30.7,23.4,7.3,0.0,7.1
2024-12-19,Sydney,12,354,26.4,18.4,8.0,0.0,7.0
2024-12-20,Sydney,12,355,30.8,20.0,10.8,4.7,5.6
2024-12-21,Sydney,12,356,27.5,18.4,9.1,0.0,6.6
2024-12-22,Sydney,12,357,27.5,18.9,8.6,0.3,6.7
2024-12-23,Sydney,12,358,27.7,20.3,7.4,4.2,5.8
2024-12-24,Sydney,12,359,23.4,13.7,9.7,0.0,6.9
2024-12-25,Sydney,12,360,29.6,21.1,8.5,0.0,5.7
2024-12-26,Sydney,12,361,25.6,18.6,7.0,2.3,6.0
2024-12-27,Sydney,12,362,25.2,19.0,6.2,0.0,6.3
2024-12-28,Sydney,12,363,25.0,17.8,7.2,0.0,5.3
2024-12-29,Sydney,12,364,27.9,20.8,7.1,0.0,6.6
2024-12-30,Sydney,12,365,26.5,17.2,9.3,1.2,6.9
2024-12-31,Sydney,12,366,29.6,20.7,8.9,0.0,5.4
2023-01-01,Brisbane,1,1,30.5,21.7,8.8,0.0,6.2
2023-01-02,Brisbane,1,2,30.0,23.2,6.8,0.0,6.2
2023-01-03,Brisbane,1,3,30.8,24.7,6.1,5.9,7.2
2023-01-04,Brisbane,1,4,29.7,20.8,8.9,0.0,7.4
2023-01-05,Brisbane,1,5,33.0,22.8,10.2,0.0,6.5
2023-01-06,Brisbane,1,6,28.0,21.4,6.6,0.0,6.7
2023-01-07,Brisbane,1,7,33.2,24.1,9.1,0.0,6.1
2023-01-08,Brisbane,1,8,34.0,27.4,6.6,1.6,7.3
2023-01-09,Brisbane,1,9,31.0,24.6,6.4,0.0,7.3
2023-01-10,Brisbane,1,10,30.0,19.9,10.1,0.0,7.2
2023-01-11,Brisbane,1,11,25.7,14.7,11.0,0.7,7.9
2023-01-12,Brisbane,1,12,34.7,23.9,10.8,1.2,6.4
2023-01-13,Brisbane,1,13,29.9,22.1,7.8,0.0,6.5
2023-01-14,Brisbane,1,14,28.8,19.2,9.6,0.0,7.5
2023-01-15,Brisbane,1,15,22.2,15.8,6.4,0.0,6.7
2023-01-16,Brisbane,1,16,35.3,24.4,10.9,0.3,6.8
2023-01-17,Brisbane,1,17,28.9,20.6,8.3,0.0,6.3
2023-01-18,Brisbane,1,18,31.6,19.7,11.9,0.0,6.2
2023-01-19,Brisbane,1,19,27.1,18.9,8.2,2.4,7.9
2023-01-20,Brisbane,1,20,29.3,22.5,6.8,0.0,6.6
2023-01-21,Brisbane,1,21,28.3,19.1,9.2,0.0,7.1
2023-01-22,Brisbane,1,22,28.8,17.7,11.1,0.0,7.7
2023-01-23,Brisbane,1,23,22.4,10.4,12.0,0.0,7.7
2023-01-24,Brisbane,1,24,29.9,23.1,6.8,0.1,7.5
2023-01-25,Brisbane,1,25,34.8,28.7,6.1,0.5,7.5
2023-01-26,Brisbane,1,26,26.5,15.0,11.5,0.0,8.1
2023-01-27,Brisbane,1,27,31.5,22.4,9.1,0.0,6.1
2023-01-28,Brisbane,1,28,28.9,20.5,8.4,0.0,7.7
2023-01-29,Brisbane,1,29,34.9,28.4,6.5,1.6,6.9
2023-01-30,Brisbane,1,30,28.6,22.2,6.4,0.0,6.4
2023-01-31,Brisbane,1,31,31.8,22.0,9.8,0.7,6.3
2023-02-01,Brisbane,2,32,33.5,24.0,9.5,1.7,6.8
2023-02-02,Brisbane,2,33,34.5,22.7,11.8,0.0,6.6
2023-02-03,Brisbane,2,34,28.2,17.8,10.4,0.0,6.4
2023-02-04,Brisbane,2,35,30.9,23.0,7.9,0.3,7.0
2023-02-05,Brisbane,2,36,28.1,17.4,10.7,0.0,6.8
2023-02-06,Brisbane,2,37,28.0,20.1,7.9,0.0,6.5
2023-02-07,Brisbane,2,38,30.4,20.3,10.1,2.4,7.1
2023-02-08,Brisbane,2,39,31.2,22.1,9.1,0.3,6.4
2023-02-09,Brisbane,2,40,34.8,27.1,7.7,0.7,7.5
2023-02-10,Brisbane,2,41,30.2,21.5,8.7,0.0,7.4
2023-02-11,Brisbane,2,42,27.7,18.8,8.9,1.6,6.4
2023-02-12,Brisbane,2,43,30.3,19.4,10.9,0.0,6.5
2023-02-13,Brisbane,2,44,29.7,18.2,11.5,0.8,7.3
2023-02-14,Brisbane,2,45,31.8,20.7,11.1,0.0,6.5
2023-02-15,Brisbane,2,46,25.1,15.4,9.7,1.2,7.2
2023-02-16,Brisbane,2,47,28.6,22.5,6.1,0.0,7.3
2023-02-17,Brisbane,2,48,29.1,21.6,7.5,0.0,7.0
2023-02-18,Brisbane,2,49,31.2,20.8,10.4,0.0,6.8
2023-02-19,Brisbane,2,50,28.3,18.3,10.0,2.0,7.3
2023-02-20,Brisbane,2,51,29.8,19.5,10.3,0.9,6.8
2023-02-21,Brisbane,2,52,31.0,21.3,9.7,0.5,6.1
2023-02-22,Brisbane,2,53,25.9,16.7,9.2,0.0,7.8
2023-02-23,Brisbane,2,54,30.3,24.1,6.2,0.0,6.4
2023-02-24,Brisbane,2,55,33.0,24.8,8.2,0.0,7.5
2023-02-25,Brisbane,2,56,27.6,19.8,7.8,0.0,6.8
2023-02-26,Brisbane,2,57,28.1,21.3,6.8,0.0,7.0
2023-02-27,Brisbane,2,58,30.2,18.7,11.5,2.7,7.1
2023-02-28,Brisbane,2,59,28.3,20.1,8.2,0.9,7.5
2023-03-01,Brisbane,3,60,27.3,15.9,11.4,0.0,6.9
2023-03-02,Brisbane,3,61,25.5,14.9,10.6,2.1,6.9
2023-03-03,Brisbane,3,62,27.1,16.7,10.4,2.5,7.7
2023-03-04,Brisbane,3,63,25.8,16.6,9.2,0.0,7.0
2023-03-05,Brisbane,3,64,26.3,14.7,11.6,0.0,7.1
2023-03-06,Brisbane,3,65,26.7,19.9,6.8,0.0,7.2
2023-03-07,Brisbane,3,66,27.3,18.0,9.3,0.0,6.7
2023-03-08,Brisbane,3,67,30.1,21.8,8.3,0.0,6.9
2023-03-09,Brisbane,3,68,28.0,18.4,9.6,0.0,7.8
2023-03-10,Brisbane,3,69,28.7,17.1,11.6,0.0,6.5
2023-03-11,Brisbane,3,70,26.4,19.5,6.9,0.0,7.0
2023-03-12,Brisbane,3,71,23.7,16.0,7.7,0.0,6.1
2023-03-13,Brisbane,3,72,26.9,19.2,7.7,0.0,6.6
2023-03-14,Brisbane,3,73,22.8,16.6,6.2,0.0,6.6
2023-03-15,Brisbane,3,74,21.5,11.1,10.4,4.8,7.5
2023-03-16,Brisbane,3,75,24.7,14.4,10.3,0.0,6.1
2023-03-17,Brisbane,3,76,24.3,12.6,11.7,0.0,6.9
2023-03-18,Brisbane,3,77,24.3,12.3,12.0,2.3,6.8
2023-03-19,Brisbane,3,78,26.8,19.5,7.3,0.0,7.9
2023-03-20,Brisbane,3,79,30.1,19.9,10.2,0.0,7.7
2023-03-21,Brisbane,3,80,30.3,20.1,10.2,3.6,7.5
2023-03-22,Brisbane,3,81,30.8,23.6,7.2,0.0,7.9
2023-03-23,Brisbane,3,82,25.7,15.5,10.2,0.0,7.2
2023-03-24,Brisbane,3,83,28.1,18.1,10.0,0.0,6.4
2023-03-25,Brisbane,3,84,27.7,21.4,6.3,0.0,7.2
2023-03-26,Brisbane,3,85,28.0,16.5,11.5,8.0,7.4
2023-03-27,Brisbane,3,86,26.1,18.3,7.8,3.0,7.6
2023-03-28,Brisbane,3,87,24.2,17.5,6.7,0.0,7.5
2023-03-29,Brisbane,3,88,27.6,20.6,7.0,0.0,6.4
2023-03-30,Brisbane,3,89,24.0,17.9,6.1,0.0,6.7
2023-03-31,Brisbane,3,90,25.8,16.3,9.5,0.0,6.8
2023-04-01,Brisbane,4,91,24.2,16.8,7.4,0.0,6.8
2023-04-02,Brisbane,4,92,25.0,17.3,7.7,0.0,7.5
2023-04-03,Brisbane,4,93,25.0,16.2,8.8,0.0,6.8
2023-04-04,Brisbane,4,94,22.5,11.0,11.5,1.2,7.7
2023-04-05,Brisbane,4,95,21.9,11.9,10.0,0.0,6.4
2023-04-06,Brisbane,4,96,23.0,11.5,11.5,4.4,7.1
2023-04-07,Brisbane,4,97,21.6,9.9,11.7,4.1,6.3
2023-04-08,Brisbane,4,98,28.3,17.2,11.1,0.0,7.2
2023-04-09,Brisbane,4,99,24.8,17.5,7.3,0.0,6.4
2023-04-10,Brisbane,4,100,25.5,15.8,9.7,0.6,7.9
2023-04-11,Brisbane,4,101,27.6,20.0,7.6,1.6,7.3
2023-04-12,Brisbane,4,102,23.6,17.3,6.3,0.1,6.3
2023-04-13,Brisbane,4,103,22.9,12.2,10.7,1.7,6.3
2023-04-14,Brisbane,4,104,25.7,17.2,8.5,4.4,7.3
2023-04-15,Brisbane,4,105,22.1,15.0,7.1,0.0,6.2
2023-04-16,Brisbane,4,106,26.6,15.9,10.7,0.0,8.0
2023-04-17,Brisbane,4,107,25.4,17.7,7.7,0.5,7.4
2023-04-18,Brisbane,4,108,24.1,16.7,7.4,0.0,7.6
2023-04-19,Brisbane,4,109,23.5,17.1,6.4,0.0,7.9
2023-04-20,Brisbane,4,110,20.1,12.6,7.5,0.0,7.7
2023-04-21,Brisbane,4,111,21.6,13.9,7.7,0.0,7.4
2023-04-22,Brisbane,4,112,25.6,17.4,8.2,1.6,8.0
2023-04-23,Brisbane,4,113,24.1,15.3,8.8,0.0,6.9
2023-04-24,Brisbane,4,114,22.3,11.3,11.0,0.0,7.6
2023-04-25,Brisbane,4,115,28.2,20.1,8.1,0.0,7.8
2023-04-26,Brisbane,4,116,22.5,13.9,8.6,0.0,6.2
2023-04-27,Brisbane,4,117,26.7,17.3,9.4,4.3,6.3
2023-04-28,Brisbane,4,118,24.9,13.3,11.6,0.0,8.0
2023-04-29,Brisbane,4,119,22.9,15.8,7.1,1.3,7.8
2023-04-30,Brisbane,4,120,26.5,19.4,7.1,0.0,7.4
2023-05-01,Brisbane,5,121,25.6,14.6,11.0,0.0,6.6
2023-05-02,Brisbane,5,122,22.7,14.2,8.5,0.0,6.2
2023-05-03,Brisbane,5,123,23.2,14.2,9.0,4.3,7.2
2023-05-04,Brisbane,5,124,23.9,16.0,7.9,0.0,7.0
2023-05-05,Brisbane,5,125,21.8,13.3,8.5,0.0,6.2
2023-05-06,Brisbane,5,126,21.8,12.8,9.0,0.0,7.2
2023-05-07,Brisbane,5,127,25.8,17.1,8.7,0.0,7.3
2023-05-08,Brisbane,5,128,26.6,17.7,8.9,0.0,7.9
2023-05-09,Brisbane,5,129,22.1,15.0,7.1,0.0,8.0
2023-05-10,Brisbane,5,130,21.7,14.6,7.1,0.3,7.4
2023-05-11,Brisbane,5,131,19.7,9.7,10.0,0.0,6.9
2023-05-12,Brisbane,5,132,21.6,13.4,8.2,5.7,8.1
2023-05-13,Brisbane,5,133,19.3,8.5,10.8,0.0,7.5
2023-05-14,Brisbane,5,134,21.1,14.9,6.2,0.0,7.8
2023-05-15,Brisbane,5,135,28.1,20.4,7.7,0.0,6.8
2023-05-16,Brisbane,5,136,22.3,15.1,7.2,1.4,6.8
2023-05-17,Brisbane,5,137,23.3,15.6,7.7,0.0,6.8
2023-05-18,Brisbane,5,138,20.2,13.2,7.0,0.2,6.8
2023-05-19,Brisbane,5,139,21.9,11.7,10.2,3.3,7.0
2023-05-20,Brisbane,5,140,22.1,13.7,8.4,0.0,7.3
2023-05-21,Brisbane,5,141,23.4,14.6,8.8,0.0,6.5
2023-05-22,Brisbane,5,142,23.6,12.1,11.5,0.0,7.1
2023-05-23,Brisbane,5,143,26.0,15.7,10.3,0.0,6.8
2023-05-24,Brisbane,5,144,24.1,14.2,9.9,1.7,8.0
2023-05-25,Brisbane,5,145,25.2,18.7,6.5,0.0,7.2
2023-05-26,Brisbane,5,146,19.9,10.6,9.3,0.0,6.6
2023-05-27,Brisbane,5,147,24.8,18.8,6.0,0.0,7.0
2023-05-28,Brisbane,5,148,21.7,13.4,8.3,1.3,6.7
2023-05-29,Brisbane,5,149,20.5,10.5,10.0,0.0,6.6
2023-05-30,Brisbane,5,150,20.3,9.1,11.2,0.1,6.5
2023-05-31,Brisbane,5,151,23.8,13.0,10.8,2.3,7.9
2023-06-01,Brisbane,6,152,23.4,11.9,11.5,0.0,7.1
2023-06-02,Brisbane,6,153,22.6,12.8,9.8,0.0,7.9
2023-06-03,Brisbane,6,154,20.0,13.1,6.9,0.0,6.2
2023-06-04,Brisbane,6,155,18.3,8.4,9.9,0.6,7.9
2023-06-05,Brisbane,6,156,18.0,11.6,6.4,2.9,7.9
2023-06-06,Brisbane,6,157,20.2,13.8,6.4,7.0,6.9
2023-06-07,Brisbane,6,158,18.9,8.0,10.9,0.0,7.4
2023-06-08,Brisbane,6,159,18.7,12.1,6.6,5.5,6.9
2023-06-09,Brisbane,6,160,21.3,12.3,9.0,1.6,7.2
2023-06-10,Brisbane,6,161,21.4,14.9,6.5,0.2,6.4
2023-06-11,Brisbane,6,162,25.7,16.2,9.5,0.0,8.0
2023-06-12,Brisbane,6,163,18.5,7.4,11.1,0.0,8.1
2023-06-13,Brisbane,6,164,20.2,13.7,6.5,0.0,7.5
2023-06-14,Brisbane,6,165,21.3,14.0,7.3,0.0,7.5
2023-06-15,Brisbane,6,166,17.2,7.0,10.2,0.0,6.9
2023-06-16,Brisbane,6,167,23.4,16.7,6.7,0.0,6.2
2023-06-17,Brisbane,6,168,24.9,14.6,10.3,0.0,8.1
2023-06-18,Brisbane,6,169,20.1,8.7,11.4,0.0,7.6
2023-06-19,Brisbane,6,170,18.6,8.5,10.1,0.0,6.2
2023-06-20,Brisbane,6,171,15.5,4.8,10.7,0.0,7.6
2023-06-21,Brisbane,6,172,18.9,10.3,8.6,0.0,6.7
2023-06-22,Brisbane,6,173,19.9,11.2,8.7,0.0,7.2
2023-06-23,Brisbane,6,174,16.9,8.7,8.2,1.4,7.9
2023-06-24,Brisbane,6,175,22.2,15.3,6.9,0.0,6.9
2023-06-25,Brisbane,6,176,16.2,4.9,11.3,0.0,8.0
2023-06-26,Brisbane,6,177,18.4,10.9,7.5,0.0,8.0
2023-06-27,Brisbane,6,178,24.5,15.1,9.4,0.0,7.3
2023-06-28,Brisbane,6,179,17.6,8.1,9.5,1.4,6.6
2023-06-29,Brisbane,6,180,15.3,4.4,10.9,0.2,6.7
2023-06-30,Brisbane,6,181,18.5,9.9,8.6,4.2,6.1
2023-07-01,Brisbane,7,182,18.0,10.2,7.8,0.0,6.3
2023-07-02,Brisbane,7,183,19.0,10.5,8.5,2.5,7.8
2023-07-03,Brisbane,7,184,21.6,12.4,9.2,0.0,6.8
2023-07-04,Brisbane,7,185,19.7,7.9,11.8,0.0,6.9
2023-07-05,Brisbane,7,186,17.0,7.6,9.4,5.4,7.0
2023-07-06,Brisbane,7,187,19.9,12.6,7.3,0.0,6.6
2023-07-07,Brisbane,7,188,19.0,11.4,7.6,0.0,6.8
2023-07-08,Brisbane,7,189,23.3,16.8,6.5,5.1,6.8
2023-07-09,Brisbane,7,190,23.6,14.9,8.7,0.0,6.2
2023-07-10,Brisbane,7,191,21.0,10.2,10.8,0.4,6.7
2023-07-11,Brisbane,7,192,19.7,8.5,11.2,0.3,7.6
2023-07-12,Brisbane,7,193,18.7,11.0,7.7,0.0,6.8
2023-07-13,Brisbane,7,194,20.5,13.0,7.5,0.0,6.5
2023-07-14,Brisbane,7,195,23.6,13.3,10.3,3.1,7.5
2023-07-15,Brisbane,7,196,21.6,11.5,10.1,1.7,6.8
2023-07-16,Brisbane,7,197,21.1,14.6,6.5,0.0,7.0
2023-07-17,Brisbane,7,198,22.4,13.3,9.1,0.0,6.4
2023-07-18,Brisbane,7,199,19.9,9.2,10.7,1.6,6.8
2023-07-19,Brisbane,7,200,14.4,6.6,7.8,0.0,7.0
2023-07-20,Brisbane,7,201,20.7,13.0,7.7,0.0,7.7
2023-07-21,Brisbane,7,202,20.7,10.7,10.0,0.0,7.1
2023-07-22,Brisbane,7,203,19.9,13.7,6.2,0.0,6.9
2023-07-23,Brisbane,7,204,18.3,11.6,6.7,0.2,7.8
2023-07-24,Brisbane,7,205,19.1,11.0,8.1,1.1,7.7
2023-07-25,Brisbane,7,206,22.6,14.5,8.1,1.4,6.1
2023-07-26,Brisbane,7,207,18.8,8.0,10.8,0.0,6.5
2023-07-27,Brisbane,7,208,18.1,10.2,7.9,0.9,7.6
2023-07-28,Brisbane,7,209,21.5,11.8,9.7,8.2,7.9
2023-07-29,Brisbane,7,210,20.6,11.8,8.8,0.1,6.3
2023-07-30,Brisbane,7,211,22.2,10.7,11.5,3.7,6.5
2023-07-31,Brisbane,7,212,13.9,2.8,11.1,0.0,7.1
2023-08-01,Brisbane,8,213,19.8,10.3,9.5,0.4,7.7
2023-08-02,Brisbane,8,214,19.0,12.8,6.2,2.6,7.6
2023-08-03,Brisbane,8,215,21.6,14.0,7.6,0.0,6.9
2023-08-04,Brisbane,8,216,15.4,8.9,6.5,0.2,7.1
2023-08-05,Brisbane,8,217,22.5,13.9,8.6,3.5,8.0
2023-08-06,Brisbane,8,218,19.5,12.7,6.8,0.0,8.1
2023-08-07,Brisbane,8,219,19.0,11.2,7.8,0.0,7.4
2023-08-08,Brisbane,8,220,19.1,7.3,11.8,0.0,6.6
2023-08-09,Brisbane,8,221,20.2,11.4,8.8,0.1,6.3
2023-08-10,Brisbane,8,222,20.5,10.7,9.8,0.0,7.5
2023-08-11,Brisbane,8,223,25.4,18.6,6.8,2.9,6.9
2023-08-12,Brisbane,8,224,24.2,16.3,7.9,1.2,7.3
2023-08-13,Brisbane,8,225,19.0,11.4,7.6,0.0,7.7
2023-08-14,Brisbane,8,226,19.4,9.6,9.8,0.0,6.4
2023-08-15,Brisbane,8,227,20.8,9.2,11.6,0.0,6.6
2023-08-16,Brisbane,8,228,22.6,12.3,10.3,0.0,6.8
2023-08-17,Brisbane,8,229,24.0,13.5,10.5,0.0,7.8
2023-08-18,Brisbane,8,230,22.2,13.8,8.4,0.0,7.3
2023-08-19,Brisbane,8,231,23.3,15.1,8.2,0.0,7.1
2023-08-20,Brisbane,8,232,18.7,11.6,7.1,0.0,7.0
2023-08-21,Brisbane,8,233,23.2,14.2,9.0,0.0,7.5
2023-08-22,Brisbane,8,234,22.3,12.4,9.9,1.5,8.0
2023-08-23,Brisbane,8,235,19.4,11.2,8.2,0.7,6.3
2023-08-24,Brisbane,8,236,22.4,13.6,8.8,0.0,6.3
2023-08-25,Brisbane,8,237,21.9,12.1,9.8,0.9,7.4
2023-08-26,Brisbane,8,238,19.5,7.7,11.8,0.0,7.3
2023-08-27,Brisbane,8,239,20.0,11.5,8.5,0.0,7.6
2023-08-28,Brisbane,8,240,21.4,10.4,11.0,0.0,8.0
2023-08-29,Brisbane,8,241,21.0,11.5,9.5,0.0,6.7
2023-08-30,Brisbane,8,242,27.5,20.7,6.8,0.0,7.7
2023-08-31,Brisbane,8,243,20.6,10.6,10.0,0.8,7.1
2023-09-01,Brisbane,9,244,20.4,12.7,7.7,0.1,7.4
2023-09-02,Brisbane,9,245,20.4,11.3,9.1,0.0,7.5
2023-09-03,Brisbane,9,246,23.2,13.0,10.2,0.5,6.2
2023-09-04,Brisbane,9,247,24.7,16.9,7.8,0.0,6.3
2023-09-05,Brisbane,9,248,22.9,12.6,10.3,1.0,7.2
2023-09-06,Brisbane,9,249,20.5,14.1,6.4,4.0,6.3
2023-09-07,Brisbane,9,250,22.2,14.8,7.4,2.1,7.2
2023-09-08,Brisbane,9,251,21.4,14.4,7.0,6.9,6.5
2023-09-09,Brisbane,9,252,22.6,16.2,6.4,2.6,6.9
2023-09-10,Brisbane,9,253,23.9,14.4,9.5,0.0,7.3
2023-09-11,Brisbane,9,254,26.3,16.8,9.5,0.0,7.0
2023-09-12,Brisbane,9,255,21.4,11.5,9.9,0.0,6.5
2023-09-13,Brisbane,9,256,15.1,8.0,7.1,2.1,6.2
2023-09-14,Brisbane,9,257,22.7,13.7,9.0,0.0,6.4
2023-09-15,Brisbane,9,258,27.4,16.7,10.7,0.0,7.5
2023-09-16,Brisbane,9,259,22.5,10.8,11.7,0.0,6.6
2023-09-17,Brisbane,9,260,24.9,13.7,11.2,0.0,6.4
2023-09-18,Brisbane,9,261,26.7,14.9,11.8,0.0,7.7
2023-09-19,Brisbane,9,262,27.8,21.8,6.0,0.0,6.9
2023-09-20,Brisbane,9,263,20.6,10.6,10.0,0.0,8.0
2023-09-21,Brisbane,9,264,21.2,9.8,11.4,0.0,7.9
2023-09-22,Brisbane,9,265,23.5,13.1,10.4,0.0,6.3
2023-09-23,Brisbane,9,266,16.7,6.7,10.0,0.0,6.3
2023-09-24,Brisbane,9,267,23.1,16.1,7.0,0.0,7.6
2023-09-25,Brisbane,9,268,23.5,16.3,7.2,0.0,6.5
2023-09-26,Brisbane,9,269,26.2,16.0,10.2,0.0,8.1
2023-09-27,Brisbane,9,270,27.4,21.2,6.2,0.0,6.3
2023-09-28,Brisbane,9,271,23.8,13.4,10.4,3.6,7.4
2023-09-29,Brisbane,9,272,23.3,16.3,7.0,5.3,7.2
2023-09-30,Brisbane,9,273,23.2,11.4,11.8,1.6,6.9
2023-10-01,Brisbane,10,274,21.2,11.6,9.6,3.4,7.2
2023-10-02,Brisbane,10,275,26.8,15.4,11.4,0.0,7.8
2023-10-03,Brisbane,10,276,22.5,14.7,7.8,1.0,6.3
2023-10-04,Brisbane,10,277,22.6,12.2,10.4,3.6,8.0
2023-10-05,Brisbane,10,278,23.8,12.6,11.2,2.3,6.6
2023-10-06,Brisbane,10,279,28.1,18.8,9.3,2.9,7.2
2023-10-07,Brisbane,10,280,25.7,15.5,10.2,0.8,7.4
2023-10-08,Brisbane,10,281,23.1,11.6,11.5,0.0,6.5
2023-10-09,Brisbane,10,282,23.9,13.7,10.2,0.1,6.2
2023-10-10,Brisbane,10,283,24.2,14.4,9.8,0.0,6.7
2023-10-11,Brisbane,10,284,22.5,13.3,9.2,2.9,6.7
2023-10-12,Brisbane,10,285,29.0,20.1,8.9,3.7,7.3
2023-10-13,Brisbane,10,286,22.6,14.5,8.1,0.0,6.6
2023-10-14,Brisbane,10,287,27.4,16.8,10.6,0.0,7.6
2023-10-15,Brisbane,10,288,25.9,15.0,10.9,0.0,7.8
2023-10-16,Brisbane,10,289,27.4,18.4,9.0,0.0,6.7
2023-10-17,Brisbane,10,290,24.8,16.2,8.6,0.0,7.4
2023-10-18,Brisbane,10,291,25.8,14.6,11.2,0.5,6.9
2023-10-19,Brisbane,10,292,26.8,18.7,8.1,5.4,6.8
2023-10-20,Brisbane,10,293,25.4,16.7,8.7,0.0,6.6
2023-10-21,Brisbane,10,294,26.8,20.1,6.7,0.0,7.4
2023-10-22,Brisbane,10,295,24.7,16.8,7.9,0.0,7.7
2023-10-23,Brisbane,10,296,24.9,14.6,10.3,0.1,7.5
2023-10-24,Brisbane,10,297,26.6,18.1,8.5,4.7,6.5
2023-10-25,Brisbane,10,298,24.8,15.7,9.1,0.0,7.5
2023-10-26,Brisbane,10,299,24.4,13.9,10.5,5.2,8.0
2023-10-27,Brisbane,10,300,24.7,17.5,7.2,0.0,7.2
2023-10-28,Brisbane,10,301,24.5,17.4,7.1,0.0,7.8
2023-10-29,Brisbane,10,302,28.2,17.1,11.1,0.0,7.7
2023-10-30,Brisbane,10,303,22.9,15.6,7.3,0.0,7.9
2023-10-31,Brisbane,10,304,25.8,17.2,8.6,0.0,7.7
2023-11-01,Brisbane,11,305,29.9,18.0,11.9,1.6,6.7
2023-11-02,Brisbane,11,306,31.0,19.6,11.4,0.0,7.9
2023-11-03,Brisbane,11,307,27.9,17.8,10.1,0.0,7.7
2023-11-04,Brisbane,11,308,28.2,20.6,7.6,0.0,7.5
2023-11-05,Brisbane,11,309,29.3,18.5,10.8,0.0,6.1
2023-11-06,Brisbane,11,310,24.3,16.7,7.6,0.9,7.2
2023-11-07,Brisbane,11,311,25.3,18.2,7.1,3.2,7.6
2023-11-08,Brisbane,11,312,27.7,19.0,8.7,0.0,6.3
2023-11-09,Brisbane,11,313,26.5,15.9,10.6,0.0,7.6
2023-11-10,Brisbane,11,314,27.3,18.7,8.6,3.9,8.1
2023-11-11,Brisbane,11,315,28.2,17.9,10.3,2.0,6.1
2023-11-12,Brisbane,11,316,28.7,18.8,9.9,0.0,6.6
2023-11-13,Brisbane,11,317,31.4,23.3,8.1,0.0,7.8
2023-11-14,Brisbane,11,318,23.7,15.4,8.3,0.0,6.9
2023-11-15,Brisbane,11,319,25.9,16.1,9.8,0.6,7.8
2023-11-16,Brisbane,11,320,26.1,15.6,10.5,2.3,6.1
2023-11-17,Brisbane,11,321,25.2,19.0,6.2,7.2,7.6
2023-11-18,Brisbane,11,322,27.5,18.0,9.5,0.0,7.0
2023-11-19,Brisbane,11,323,27.7,21.0,6.7,0.0,6.5
2023-11-20,Brisbane,11,324,25.7,13.7,12.0,2.0,7.8
2023-11-21,Brisbane,11,325,30.0,19.6,10.4,0.0,7.2
2023-11-22,Brisbane,11,326,31.3,23.3,8.0,0.0,6.9
2023-11-23,Brisbane,11,327,26.0,20.0,6.0,0.0,7.8
2023-11-24,Brisbane,11,328,26.7,15.3,11.4,0.0,7.7
2023-11-25,Brisbane,11,329,27.8,19.9,7.9,1.6,6.8
2023-11-26,Brisbane,11,330,26.0,14.1,11.9,0.0,7.0
2023-11-27,Brisbane,11,331,26.0,19.9,6.1,6.3,6.3
2023-11-28,Brisbane,11,332,25.1,14.4,10.7,0.0,6.9
2023-11-29,Brisbane,11,333,28.7,18.6,10.1,2.0,7.0
2023-11-30,Brisbane,11,334,26.9,15.8,11.1,0.0,6.9
2023-12-01,Brisbane,12,335,32.3,25.0,7.3,0.0,6.3
2023-12-02,Brisbane,12,336,28.2,19.8,8.4,2.3,6.8
2023-12-03,Brisbane,12,337,31.5,24.4,7.1,0.0,6.2
2023-12-04,Brisbane,12,338,27.5,19.8,7.7,0.0,7.6
2023-12-05,Brisbane,12,339,26.8,16.8,10.0,0.0,6.6
2023-12-06,Brisbane,12,340,34.9,25.7,9.2,0.0,7.7
2023-12-07,Brisbane,12,341,31.5,23.9,7.6,3.3,7.1
2023-12-08,Brisbane,12,342,25.7,16.3,9.4,0.0,7.7
2023-12-09,Brisbane,12,343,28.5,21.2,7.3,0.0,7.8
2023-12-10,Brisbane,12,344,28.3,18.8,9.5,0.4,6.7
2023-12-11,Brisbane,12,345,31.2,23.4,7.8,1.2,7.9
2023-12-12,Brisbane,12,346,32.6,26.4,6.2,0.0,6.6
2023-12-13,Brisbane,12,347,30.0,21.6,8.4,0.0,7.6
2023-12-14,Brisbane,12,348,28.4,21.9,6.5,0.0,6.4
2023-12-15,Brisbane,12,349,29.3,18.5,10.8,0.0,7.1
2023-12-16,Brisbane,12,350,30.4,23.4,7.0,1.2,7.9
2023-12-17,Brisbane,12,351,29.2,20.2,9.0,0.0,7.2
2023-12-18,Brisbane,12,352,30.3,19.3,11.0,1.5,6.6
2023-12-19,Brisbane,12,353,29.7,20.9,8.8,0.0,7.0
2023-12-20,Brisbane,12,354,31.3,22.6,8.7,0.0,6.3
2023-12-21,Brisbane,12,355,32.6,22.7,9.9,0.0,8.1
2023-12-22,Brisbane,12,356,30.7,19.5,11.2,0.0,7.4
2023-12-23,Brisbane,12,357,32.3,22.3,10.0,0.0,7.8
2023-12-24,Brisbane,12,358,30.3,23.8,6.5,0.0,6.7
2023-12-25,Brisbane,12,359,26.0,18.3,7.7,0.0,6.3
2023-12-26,Brisbane,12,360,28.9,22.0,6.9,1.8,6.4
2023-12-27,Brisbane,12,361,27.6,18.5,9.1,0.5,6.7
2023-12-28,Brisbane,12,362,26.1,14.4,11.7,0.0,7.8
2023-12-29,Brisbane,12,363,30.1,24.0,6.1,1.7,6.1
2023-12-30,Brisbane,12,364,27.4,19.2,8.2,1.0,6.8
2023-12-31,Brisbane,12,365,29.3,22.0,7.3,0.0,8.0
2024-01-01,Brisbane,1,1,31.4,23.0,8.4,0.5,7.6
2024-01-02,Brisbane,1,2,33.3,22.2,11.1,0.0,7.5
2024-01-03,Brisbane,1,3,32.0,25.3,6.7,0.0,8.0
2024-01-04,Brisbane,1,4,35.2,27.3,7.9,0.0,6.6
2024-01-05,Brisbane,1,5,32.9,26.6,6.3,4.1,7.2
2024-01-06,Brisbane,1,6,28.4,17.4,11.0,0.0,7.9
2024-01-07,Brisbane,1,7,29.4,22.3,7.1,0.0,7.8
2024-01-08,Brisbane,1,8,32.4,25.7,6.7,0.0,7.4
2024-01-09,Brisbane,1,9,32.1,24.0,8.1,0.0,6.2
2024-01-10,Brisbane,1,10,28.3,21.8,6.5,1.0,6.9
2024-01-11,Brisbane,1,11,28.2,17.9,10.3,0.0,7.4
2024-01-12,Brisbane,1,12,31.3,19.7,11.6,0.4,7.5
2024-01-13,Brisbane,1,13,25.5,16.7,8.8,0.0,6.5
2024-01-14,Brisbane,1,14,29.1,20.3,8.8,0.0,6.5
2024-01-15,Brisbane,1,15,33.6,21.8,11.8,0.0,6.4
2024-01-16,Brisbane,1,16,28.1,19.8,8.3,0.0,7.7
2024-01-17,Brisbane,1,17,33.8,27.4,6.4,0.0,6.6
2024-01-18,Brisbane,1,18,27.1,17.4,9.7,0.0,6.2
2024-01-19,Brisbane,1,19,27.9,20.8,7.1,0.0,7.4
2024-01-20,Brisbane,1,20,30.1,22.6,7.5,6.7,8.0
2024-01-21,Brisbane,1,21,28.0,18.5,9.5,0.0,6.5
2024-01-22,Brisbane,1,22,32.0,24.0,8.0,1.5,6.5
2024-01-23,Brisbane,1,23,30.3,22.9,7.4,0.6,7.2
2024-01-24,Brisbane,1,24,31.7,24.2,7.5,0.0,7.4
2024-01-25,Brisbane,1,25,27.6,16.1,11.5,1.6,7.6
2024-01-26,Brisbane,1,26,28.2,18.1,10.1,2.7,6.7
2024-01-27,Brisbane,1,27,30.9,21.8,9.1,2.9,7.7
2024-01-28,Brisbane,1,28,28.5,18.0,10.5,0.0,6.9
2024-01-29,Brisbane,1,29,29.3,21.9,7.4,0.0,6.9
2024-01-30,Brisbane,1,30,28.0,18.7,9.3,0.0,6.2
2024-01-31,Brisbane,1,31,29.8,21.9,7.9,0.0,7.6
2024-02-01,Brisbane,2,32,27.3,20.0,7.3,0.0,7.7
2024-02-02,Brisbane,2,33,27.7,18.7,9.0,0.0,7.3
2024-02-03,Brisbane,2,34,32.9,22.2,10.7,0.0,7.2
2024-02-04,Brisbane,2,35,29.7,19.0,10.7,0.0,6.8
2024-02-05,Brisbane,2,36,29.0,17.9,11.1,4.9,7.3
2024-02-06,Brisbane,2,37,29.1,17.2,11.9,0.0,7.8
2024-02-07,Brisbane,2,38,26.4,19.1,7.3,0.0,7.7
2024-02-08,Brisbane,2,39,31.6,21.2,10.4,0.2,7.6
2024-02-09,Brisbane,2,40,29.6,22.7,6.9,0.0,7.5
2024-02-10,Brisbane,2,41,29.9,22.0,7.9,0.0,6.1
2024-02-11,Brisbane,2,42,27.2,21.0,6.2,0.0,6.3
2024-02-12,Brisbane,2,43,26.6,17.5,9.1,10.0,6.8
2024-02-13,Brisbane,2,44,27.3,19.8,7.5,0.0,7.5
2024-02-14,Brisbane,2,45,27.1,17.1,10.0,5.1,7.4
2024-02-15,Brisbane,2,46,27.2,16.2,11.0,0.0,7.3
2024-02-16,Brisbane,2,47,31.7,22.8,8.9,1.2,8.1
2024-02-17,Brisbane,2,48,28.3,16.4,11.9,0.0,7.8
2024-02-18,Brisbane,2,49,25.7,18.9,6.8,0.0,6.8
2024-02-19,Brisbane,2,50,29.6,17.8,11.8,0.6,6.4
2024-02-20,Brisbane,2,51,32.0,23.3,8.7,0.0,7.1
2024-02-21,Brisbane,2,52,28.3,19.6,8.7,0.0,7.7
2024-02-22,Brisbane,2,53,29.1,20.4,8.7,0.0,7.4
2024-02-23,Brisbane,2,54,28.3,19.3,9.0,1.2,7.1
2024-02-24,Brisbane,2,55,30.6,23.4,7.2,0.0,6.3
2024-02-25,Brisbane,2,56,28.9,22.7,6.2,0.0,6.7
2024-02-26,Brisbane,2,57,28.8,17.8,11.0,6.9,7.1
2024-02-27,Brisbane,2,58,29.0,22.1,6.9,0.0,6.3
2024-02-28,Brisbane,2,59,30.6,22.9,7.7,2.3,6.4
2024-02-29,Brisbane,2,60,27.6,18.1,9.5,0.0,7.7
2024-03-01,Brisbane,3,61,25.4,15.3,10.1,0.0,7.5
2024-03-02,Brisbane,3,62,26.6,15.5,11.1,0.0,6.2
2024-03-03,Brisbane,3,63,27.6,17.9,9.7,0.0,6.3
2024-03-04,Brisbane,3,64,20.4,13.0,7.4,1.4,6.6
2024-03-05,Brisbane,3,65,27.5,17.3,10.2,0.0,8.0
2024-03-06,Brisbane,3,66,26.2,18.7,7.5,4.7,6.2
2024-03-07,Brisbane,3,67,25.1,17.8,7.3,0.9,6.1
2024-03-08,Brisbane,3,68,30.1,21.4,8.7,4.5,6.6
2024-03-09,Brisbane,3,69,28.5,18.2,10.3,0.0,6.8
2024-03-10,Brisbane,3,70,28.1,18.0,10.1,0.0,6.2
2024-03-11,Brisbane,3,71,30.7,22.8,7.9,1.3,7.3
2024-03-12,Brisbane,3,72,31.8,20.2,11.6,0.0,7.0
2024-03-13,Brisbane,3,73,27.3,17.8,9.5,0.0,7.7
2024-03-14,Brisbane,3,74,22.5,12.3,10.2,0.0,7.9
2024-03-15,Brisbane,3,75,27.0,16.5,10.5,0.0,7.8
2024-03-16,Brisbane,3,76,26.2,17.9,8.3,5.7,7.3
2024-03-17,Brisbane,3,77,27.6,17.4,10.2,3.3,7.5
2024-03-18,Brisbane,3,78,26.7,18.1,8.6,0.0,6.7
2024-03-19,Brisbane,3,79,29.6,17.7,11.9,1.6,7.1
2024-03-20,Brisbane,3,80,24.8,16.3,8.5,10.1,6.8
2024-03-21,Brisbane,3,81,24.0,16.7,7.3,0.0,6.6
2024-03-22,Brisbane,3,82,27.9,19.8,8.1,0.0,6.4
2024-03-23,Brisbane,3,83,28.0,20.5,7.5,0.5,6.6
2024-03-24,Brisbane,3,84,23.9,17.9,6.0,9.3,6.7
2024-03-25,Brisbane,3,85,25.3,15.7,9.6,4.2,8.0
2024-03-26,Brisbane,3,86,28.3,18.1,10.2,0.0,6.2
2024-03-27,Brisbane,3,87,33.4,24.5,8.9,0.0,7.5
2024-03-28,Brisbane,3,88,26.3,15.6,10.7,0.1,7.6
2024-03-29,Brisbane,3,89,27.5,21.5,6.0,0.0,6.7
2024-03-30,Brisbane,3,90,29.9,23.0,6.9,7.3,7.2
2024-03-31,Brisbane,3,91,30.5,18.6,11.9,0.0,6.9
2024-04-01,Brisbane,4,92,22.6,12.9,9.7,0.0,6.7
2024-04-02,Brisbane,4,93,23.8,13.1,10.7,0.0,7.4
2024-04-03,Brisbane,4,94,21.0,11.9,9.1,0.0,6.6
2024-04-04,Brisbane,4,95,25.1,13.8,11.3,6.3,6.9
2024-04-05,Brisbane,4,96,22.6,13.4,9.2,0.0,8.0
2024-04-06,Brisbane,4,97,24.8,16.4,8.4,10.2,6.5
2024-04-07,Brisbane,4,98,26.0,14.6,11.4,1.4,6.7
2024-04-08,Brisbane,4,99,24.9,18.6,6.3,0.0,8.1
2024-04-09,Brisbane,4,100,19.1,11.7,7.4,0.0,7.0
2024-04-10,Brisbane,4,101,24.2,14.0,10.2,3.2,7.5
2024-04-11,Brisbane,4,102,29.7,21.4,8.3,0.0,7.0
2024-04-12,Brisbane,4,103,20.5,12.8,7.7,0.0,7.6
2024-04-13,Brisbane,4,104,25.4,17.5,7.9,0.0,8.0
2024-04-14,Brisbane,4,105,26.5,18.4,8.1,0.0,6.9
2024-04-15,Brisbane,4,106,24.4,14.6,9.8,0.0,7.8
2024-04-16,Brisbane,4,107,23.6,14.7,8.9,0.0,7.3
2024-04-17,Brisbane,4,108,26.2,17.1,9.1,0.0,6.8
2024-04-18,Brisbane,4,109,21.4,11.1,10.3,2.7,7.8
2024-04-19,Brisbane,4,110,23.5,12.1,11.4,0.0,8.1
2024-04-20,Brisbane,4,111,27.4,16.8,10.6,0.0,6.9
2024-04-21,Brisbane,4,112,24.2,13.4,10.8,0.1,8.0
2024-04-22,Brisbane,4,113,25.0,16.8,8.2,9.4,6.1
2024-04-23,Brisbane,4,114,25.4,13.8,11.6,0.0,7.7
2024-04-24,Brisbane,4,115,24.9,14.2,10.7,0.0,6.9
2024-04-25,Brisbane,4,116,22.5,15.7,6.8,2.3,6.2
2024-04-26,Brisbane,4,117,21.9,12.1,9.8,0.0,7.1
2024-04-27,Brisbane,4,118,24.7,18.3,6.4,0.0,6.8
2024-04-28,Brisbane,4,119,27.4,15.8,11.6,0.0,8.0
2024-04-29,Brisbane,4,120,26.0,14.7,11.3,0.0,6.2
2024-04-30,Brisbane,4,121,26.3,15.1,11.2,4.5,7.6
2024-05-01,Brisbane,5,122,22.9,11.3,11.6,0.0,6.6
2024-05-02,Brisbane,5,123,20.0,9.7,10.3,4.2,7.6
2024-05-03,Brisbane,5,124,19.6,12.2,7.4,0.0,8.1
2024-05-04,Brisbane,5,125,22.0,14.1,7.9,0.0,7.8
2024-05-05,Brisbane,5,126,23.8,14.3,9.5,2.4,6.3
2024-05-06,Brisbane,5,127,20.4,14.0,6.4,0.0,7.6
2024-05-07,Brisbane,5,128,19.1,11.2,7.9,0.0,6.7
2024-05-08,Brisbane,5,129,21.4,13.5,7.9,0.0,6.1
2024-05-09,Brisbane,5,130,28.1,17.7,10.4,6.7,8.0
2024-05-10,Brisbane,5,131,19.4,9.3,10.1,0.0,7.7
2024-05-11,Brisbane,5,132,16.8,8.2,8.6,0.0,7.2
2024-05-12,Brisbane,5,133,21.8,15.2,6.6,1.5,8.0
2024-05-13,Brisbane,5,134,19.1,11.7,7.4,2.6,7.3
2024-05-14,Brisbane,5,135,23.5,17.1,6.4,0.0,7.8
2024-05-15,Brisbane,5,136,16.2,8.1,8.1,0.0,6.8
2024-05-16,Brisbane,5,137,24.7,18.2,6.5,0.0,7.4
2024-05-17,Brisbane,5,138,24.9,18.1,6.8,3.8,6.5
2024-05-18,Brisbane,5,139,25.2,14.2,11.0,5.2,7.8
2024-05-19,Brisbane,5,140,20.9,13.4,7.5,0.0,7.1
2024-05-20,Brisbane,5,141,19.0,11.3,7.7,4.5,6.4
2024-05-21,Brisbane,5,142,23.8,12.2,11.6,0.0,7.3
2024-05-22,Brisbane,5,143,21.7,12.6,9.1,1.4,6.6
2024-05-23,Brisbane,5,144,24.5,13.2,11.3,5.4,7.1
2024-05-24,Brisbane,5,145,22.9,14.9,8.0,3.4,6.6
2024-05-25,Brisbane,5,146,21.6,11.3,10.3,1.3,6.7
2024-05-26,Brisbane,5,147,21.2,14.1,7.1,0.0,6.5
2024-05-27,Brisbane,5,148,19.1,8.4,10.7,0.0,7.3
2024-05-28,Brisbane,5,149,24.0,13.1,10.9,0.0,8.0
2024-05-29,Brisbane,5,150,26.5,19.7,6.8,0.0,6.7
2024-05-30,Brisbane,5,151,23.0,12.6,10.4,2.4,7.5
2024-05-31,Brisbane,5,152,25.1,17.1,8.0,0.0,6.4
2024-06-01,Brisbane,6,153,19.0,10.6,8.4,0.0,7.2
2024-06-02,Brisbane,6,154,20.3,8.7,11.6,5.5,6.4
2024-06-03,Brisbane,6,155,21.0,14.9,6.1,0.9,7.8
2024-06-04,Brisbane,6,156,20.9,11.3,9.6,0.0,6.2
2024-06-05,Brisbane,6,157,15.9,7.5,8.4,0.0,7.4
2024-06-06,Brisbane,6,158,21.0,11.9,9.1,3.9,6.9
2024-06-07,Brisbane,6,159,19.5,12.7,6.8,0.0,7.7
2024-06-08,Brisbane,6,160,25.2,18.4,6.8,2.8,6.5
2024-06-09,Brisbane,6,161,17.3,10.3,7.0,0.0,6.9
2024-06-10,Brisbane,6,162,24.4,17.0,7.4,0.0,7.5
2024-06-11,Brisbane,6,163,25.6,13.8,11.8,0.0,7.0
2024-06-12,Brisbane,6,164,19.4,9.7,9.7,0.0,6.7
2024-06-13,Brisbane,6,165,18.7,10.4,8.3,0.0,7.2
2024-06-14,Brisbane,6,166,20.4,11.0,9.4,0.0,6.6
2024-06-15,Brisbane,6,167,24.7,17.1,7.6,0.0,6.2
2024-06-16,Brisbane,6,168,24.5,12.6,11.9,0.0,6.6
2024-06-17,Brisbane,6,169,18.9,7.3,11.6,0.0,7.0
2024-06-18,Brisbane,6,170,21.7,13.1,8.6,0.0,6.6
2024-06-19,Brisbane,6,171,20.0,10.1,9.9,0.2,8.1
2024-06-20,Brisbane,6,172,18.9,7.3,11.6,0.0,8.0
2024-06-21,Brisbane,6,173,19.4,12.8,6.6,0.0,7.6
2024-06-22,Brisbane,6,174,25.4,15.9,9.5,0.0,7.5
2024-06-23,Brisbane,6,175,22.7,14.1,8.6,0.0,7.1
2024-06-24,Brisbane,6,176,21.2,12.6,8.6,0.0,6.8
2024-06-25,Brisbane,6,177,19.7,11.5,8.2,3.3,7.0
2024-06-26,Brisbane,6,178,18.2,7.7,10.5,0.0,6.2
2024-06-27,Brisbane,6,179,20.7,12.2,8.5,0.3,7.2
2024-06-28,Brisbane,6,180,19.0,12.7,6.3,1.0,8.0
2024-06-29,Brisbane,6,181,23.7,12.1,11.6,0.0,6.7
2024-06-30,Brisbane,6,182,20.7,9.2,11.5,0.0,8.1
2024-07-01,Brisbane,7,183,17.1,6.9,10.2,0.3,6.3
2024-07-02,Brisbane,7,184,17.6,9.9,7.7,0.0,7.3
2024-07-03,Brisbane,7,185,19.8,8.6,11.2,2.8,7.4
2024-07-04,Brisbane,7,186,18.0,6.3,11.7,2.8,6.5
2024-07-05,Brisbane,7,187,19.8,8.6,11.2,0.0,7.9
2024-07-06,Brisbane,7,188,17.9,9.6,8.3,0.0,7.6
2024-07-07,Brisbane,7,189,17.5,7.4,10.1,0.0,7.3
2024-07-08,Brisbane,7,190,17.3,7.3,10.0,3.7,8.1
2024-07-09,Brisbane,7,191,16.7,5.1,11.6,6.3,8.0
2024-07-10,Brisbane,7,192,21.5,14.7,6.8,0.0,6.7
2024-07-11,Brisbane,7,193,21.7,15.0,6.7,0.0,6.9
2024-07-12,Brisbane,7,194,19.9,11.2,8.7,0.0,7.1
2024-07-13,Brisbane,7,195,20.8,10.7,10.1,0.0,7.6
2024-07-14,Brisbane,7,196,23.6,17.6,6.0,0.3,7.2
2024-07-15,Brisbane,7,197,24.4,12.6,11.8,3.8,6.9
2024-07-16,Brisbane,7,198,16.3,7.2,9.1,3.5,6.6
2024-07-17,Brisbane,7,199,14.7,3.9,10.8,0.0,6.3
2024-07-18,Brisbane,7,200,18.6,12.4,6.2,1.2,6.2
2024-07-19,Brisbane,7,201,21.5,15.5,6.0,0.1,6.5
2024-07-20,Brisbane,7,202,22.5,15.3,7.2,1.8,7.4
2024-07-21,Brisbane,7,203,20.2,11.4,8.8,0.0,6.5
2024-07-22,Brisbane,7,204,20.8,13.7,7.1,0.8,7.6
2024-07-23,Brisbane,7,205,22.0,14.2,7.8,0.0,7.9
2024-07-24,Brisbane,7,206,21.8,10.9,10.9,0.2,6.9
2024-07-25,Brisbane,7,207,16.2,9.7,6.5,0.0,8.0
2024-07-26,Brisbane,7,208,19.8,11.9,7.9,0.0,7.0
2024-07-27,Brisbane,7,209,22.5,16.4,6.1,0.0,7.2
2024-07-28,Brisbane,7,210,15.3,4.2,11.1,0.2,7.4
2024-07-29,Brisbane,7,211,18.2,10.4,7.8,8.8,7.9
2024-07-30,Brisbane,7,212,17.8,10.4,7.4,3.7,7.1
2024-07-31,Brisbane,7,213,23.9,14.9,9.0,6.2,7.3
2024-08-01,Brisbane,8,214,24.4,14.4,10.0,6.0,7.1
2024-08-02,Brisbane,8,215,22.5,15.2,7.3,0.0,7.9
2024-08-03,Brisbane,8,216,22.1,14.2,7.9,0.0,7.7
2024-08-04,Brisbane,8,217,21.7,11.5,10.2,0.0,7.2
2024-08-05,Brisbane,8,218,16.5,10.3,6.2,8.1,7.6
2024-08-06,Brisbane,8,219,21.9,13.7,8.2,0.7,7.5
2024-08-07,Brisbane,8,220,21.1,11.0,10.1,0.0,7.8
2024-08-08,Brisbane,8,221,22.1,16.0,6.1,5.4,7.3
2024-08-09,Brisbane,8,222,21.2,12.3,8.9,1.1,7.9
2024-08-10,Brisbane,8,223,19.1,9.7,9.4,0.0,6.8
2024-08-11,Brisbane,8,224,18.5,12.3,6.2,5.9,7.9
2024-08-12,Brisbane,8,225,22.2,14.1,8.1,0.5,7.1
2024-08-13,Brisbane,8,226,24.3,14.0,10.3,1.9,7.4
2024-08-14,Brisbane,8,227,23.1,15.9,7.2,0.6,7.7
2024-08-15,Brisbane,8,228,21.9,12.1,9.8,0.0,7.4
2024-08-16,Brisbane,8,229,17.7,6.8,10.9,0.0,7.9
2024-08-17,Brisbane,8,230,20.7,10.7,10.0,0.0,6.8
2024-08-18,Brisbane,8,231,19.0,12.3,6.7,2.1,6.8
2024-08-19,Brisbane,8,232,16.6,9.4,7.2,0.0,7.0
2024-08-20,Brisbane,8,233,18.4,9.9,8.5,0.0,7.9
2024-08-21,Brisbane,8,234,15.1,6.6,8.5,3.1,7.6
2024-08-22,Brisbane,8,235,20.2,9.9,10.3,0.0,7.6
2024-08-23,Brisbane,8,236,18.8,8.8,10.0,0.0,6.7
2024-08-24,Brisbane,8,237,25.4,13.5,11.9,0.0,7.0
2024-08-25,Brisbane,8,238,18.2,10.8,7.4,0.0,6.3
2024-08-26,Brisbane,8,239,21.5,11.2,10.3,0.0,6.6
2024-08-27,Brisbane,8,240,18.6,7.2,11.4,0.1,7.2
2024-08-28,Brisbane,8,241,18.8,10.0,8.8,1.4,6.5
2024-08-29,Brisbane,8,242,17.4,7.9,9.5,0.0,7.8
2024-08-30,Brisbane,8,243,18.1,6.1,12.0,0.0,7.8
2024-08-31,Brisbane,8,244,19.4,13.2,6.2,0.0,7.2
2024-09-01,Brisbane,9,245,23.0,15.4,7.6,0.0,7.5
2024-09-02,Brisbane,9,246,25.6,14.1,11.5,0.0,6.9
2024-09-03,Brisbane,9,247,23.4,14.0,9.4,2.8,6.3
2024-09-04,Brisbane,9,248,20.4,13.2,7.2,0.0,8.1
2024-09-05,Brisbane,9,249,23.6,16.4,7.2,1.6,7.2
2024-09-06,Brisbane,9,250,23.2,15.1,8.1,1.2,6.7
2024-09-07,Brisbane,9,251,17.9,8.5,9.4,0.1,7.4
2024-09-08,Brisbane,9,252,22.3,14.7,7.6,0.0,6.2
2024-09-09,Brisbane,9,253,23.8,15.9,7.9,0.0,6.9
2024-09-10,Brisbane,9,254,22.8,15.0,7.8,0.1,6.8
2024-09-11,Brisbane,9,255,23.2,16.7,6.5,2.1,7.7
2024-09-12,Brisbane,9,256,21.7,14.8,6.9,0.0,7.3
2024-09-13,Brisbane,9,257,22.1,10.3,11.8,5.9,6.5
2024-09-14,Brisbane,9,258,22.9,16.2,6.7,0.0,8.0
2024-09-15,Brisbane,9,259,17.7,9.7,8.0,0.0,7.8
2024-09-16,Brisbane,9,260,23.0,15.9,7.1,9.4,7.3
2024-09-17,Brisbane,9,261,19.8,9.8,10.0,0.0,6.9
2024-09-18,Brisbane,9,262,19.4,10.7,8.7,3.0,6.9
2024-09-19,Brisbane,9,263,21.4,12.3,9.1,0.0,7.6
2024-09-20,Brisbane,9,264,22.5,13.4,9.1,4.2,6.9
2024-09-21,Brisbane,9,265,21.9,11.5,10.4,0.0,6.7
2024-09-22,Brisbane,9,266,20.4,10.8,9.6,0.0,7.3
2024-09-23,Brisbane,9,267,22.1,10.8,11.3,0.0,7.0
2024-09-24,Brisbane,9,268,24.4,13.3,11.1,1.5,7.5
2024-09-25,Brisbane,9,269,21.3,10.5,10.8,0.0,7.8
2024-09-26,Brisbane,9,270,21.6,13.8,7.8,7.5,7.8
2024-09-27,Brisbane,9,271,20.4,9.9,10.5,0.0,7.5
2024-09-28,Brisbane,9,272,23.7,13.8,9.9,1.5,8.1
2024-09-29,Brisbane,9,273,23.1,13.0,10.1,0.0,6.2
2024-09-30,Brisbane,9,274,25.2,15.3,9.9,0.6,8.0
2024-10-01,Brisbane,10,275,25.5,18.5,7.0,0.0,6.7
2024-10-02,Brisbane,10,276,31.2,21.6,9.6,0.0,6.7
2024-10-03,Brisbane,10,277,22.3,11.5,10.8,0.0,7.8
2024-10-04,Brisbane,10,278,22.0,13.1,8.9,0.0,7.0
2024-10-05,Brisbane,10,279,25.7,17.5,8.2,0.0,6.6
2024-10-06,Brisbane,10,280,24.6,17.2,7.4,0.6,7.6
2024-10-07,Brisbane,10,281,24.7,13.0,11.7,0.0,6.9
2024-10-08,Brisbane,10,282,23.4,13.7,9.7,0.0,6.3
2024-10-09,Brisbane,10,283,26.6,16.6,10.0,0.0,7.9
2024-10-10,Brisbane,10,284,23.1,12.6,10.5,0.0,6.8
2024-10-11,Brisbane,10,285,28.7,18.1,10.6,0.0,7.7
2024-10-12,Brisbane,10,286,24.7,13.9,10.8,0.4,8.1
2024-10-13,Brisbane,10,287,22.2,10.9,11.3,0.0,6.3
2024-10-14,Brisbane,10,288,24.7,17.8,6.9,0.0,7.1
2024-10-15,Brisbane,10,289,26.0,17.3,8.7,0.0,7.5
2024-10-16,Brisbane,10,290,22.9,11.1,11.8,0.0,6.8
2024-10-17,Brisbane,10,291,21.2,11.1,10.1,0.0,6.1
2024-10-18,Brisbane,10,292,23.0,12.8,10.2,7.2,6.2
2024-10-19,Brisbane,10,293,23.6,16.3,7.3,1.9,6.1
2024-10-20,Brisbane,10,294,28.3,20.0,8.3,0.0,7.8
2024-10-21,Brisbane,10,295,23.3,15.9,7.4,0.0,6.9
2024-10-22,Brisbane,10,296,27.5,20.3,7.2,0.0,6.9
2024-10-23,Brisbane,10,297,26.4,17.4,9.0,0.0,6.1
2024-10-24,Brisbane,10,298,23.7,13.8,9.9,1.9,6.9
2024-10-25,Brisbane,10,299,26.3,16.0,10.3,0.0,8.1
2024-10-26,Brisbane,10,300,24.1,13.7,10.4,0.0,6.9
2024-10-27,Brisbane,10,301,23.7,12.8,10.9,0.0,6.6
2024-10-28,Brisbane,10,302,25.9,16.2,9.7,0.0,7.1
2024-10-29,Brisbane,10,303,28.8,17.8,11.0,0.0,6.1
2024-10-30,Brisbane,10,304,24.1,13.3,10.8,0.0,7.3
2024-10-31,Brisbane,10,305,25.4,17.0,8.4,8.1,6.9
2024-11-01,Brisbane,11,306,33.0,22.2,10.8,0.4,6.2
2024-11-02,Brisbane,11,307,27.5,18.6,8.9,0.0,7.9
2024-11-03,Brisbane,11,308,23.9,12.3,11.6,0.0,6.8
2024-11-04,Brisbane,11,309,26.7,15.9,10.8,0.0,7.7
2024-11-05,Brisbane,11,310,31.9,21.7,10.2,0.0,7.8
2024-11-06,Brisbane,11,311,27.1,16.9,10.2,0.0,7.1
2024-11-07,Brisbane,11,312,28.2,16.5,11.7,0.0,7.7
2024-11-08,Brisbane,11,313,22.5,12.0,10.5,0.0,8.1
2024-11-09,Brisbane,11,314,26.2,19.7,6.5,6.3,6.9
2024-11-10,Brisbane,11,315,26.6,20.0,6.6,1.3,7.5
2024-11-11,Brisbane,11,316,29.8,21.7,8.1,1.8,6.6
2024-11-12,Brisbane,11,317,23.7,15.8,7.9,0.0,8.1
2024-11-13,Brisbane,11,318,26.2,18.5,7.7,0.0,7.1
2024-11-14,Brisbane,11,319,24.2,17.1,7.1,0.0,7.4
2024-11-15,Brisbane,11,320,26.2,16.2,10.0,0.2,6.5
2024-11-16,Brisbane,11,321,27.5,17.8,9.7,0.0,7.5
2024-11-17,Brisbane,11,322,27.2,17.3,9.9,0.0,6.3
2024-11-18,Brisbane,11,323,26.8,15.5,11.3,1.7,7.4
2024-11-19,Brisbane,11,324,25.2,17.6,7.6,0.0,6.9
2024-11-20,Brisbane,11,325,30.6,20.6,10.0,0.0,7.3
2024-11-21,Brisbane,11,326,25.9,18.5,7.4,9.7,6.4
2024-11-22,Brisbane,11,327,28.5,18.7,9.8,0.2,7.8
2024-11-23,Brisbane,11,328,24.5,17.7,6.8,0.0,7.2
2024-11-24,Brisbane,11,329,27.8,16.3,11.5,3.5,6.8
2024-11-25,Brisbane,11,330,24.4,17.6,6.8,0.0,6.4
2024-11-26,Brisbane,11,331,28.5,18.6,9.9,1.5,8.0
2024-11-27,Brisbane,11,332,35.3,27.0,8.3,0.0,6.8
2024-11-28,Brisbane,11,333,28.9,20.4,8.5,2.1,8.0
2024-11-29,Brisbane,11,334,28.5,20.5,8.0,0.0,7.5
2024-11-30,Brisbane,11,335,27.1,15.6,11.5,1.9,6.4
2024-12-01,Brisbane,12,336,30.3,20.0,10.3,0.6,6.3
2024-12-02,Brisbane,12,337,27.9,19.8,8.1,0.0,8.0
2024-12-03,Brisbane,12,338,28.4,19.3,9.1,0.0,6.6
2024-12-04,Brisbane,12,339,26.0,15.3,10.7,0.0,7.0
2024-12-05,Brisbane,12,340,33.0,22.7,10.3,0.0,7.2
2024-12-06,Brisbane,12,341,33.1,26.7,6.4,0.0,8.0
2024-12-07,Brisbane,12,342,30.5,20.4,10.1,0.0,7.6
2024-12-08,Brisbane,12,343,29.7,22.5,7.2,0.6,6.1
2024-12-09,Brisbane,12,344,30.5,21.1,9.4,5.9,7.7
2024-12-10,Brisbane,12,345,29.3,20.6,8.7,3.3,7.6
2024-12-11,Brisbane,12,346,30.4,20.3,10.1,0.0,7.8
2024-12-12,Brisbane,12,347,30.1,18.3,11.8,0.2,7.4
2024-12-13,Brisbane,12,348,29.5,20.2,9.3,0.0,7.9
2024-12-14,Brisbane,12,349,28.5,17.2,11.3,0.1,7.8
2024-12-15,Brisbane,12,350,32.1,26.0,6.1,0.0,7.0
2024-12-16,Brisbane,12,351,29.5,21.7,7.8,0.0,7.2
2024-12-17,Brisbane,12,352,30.8,22.2,8.6,0.8,7.3
2024-12-18,Brisbane,12,353,30.3,24.1,6.2,0.0,7.0
2024-12-19,Brisbane,12,354,30.2,21.1,9.1,0.0,6.6
2024-12-20,Brisbane,12,355,29.5,19.7,9.8,1.6,6.8
2024-12-21,Brisbane,12,356,26.5,16.3,10.2,0.0,7.8
2024-12-22,Brisbane,12,357,27.2,15.5,11.7,1.2,7.1
2024-12-23,Brisbane,12,358,27.5,16.1,11.4,0.0,7.0
2024-12-24,Brisbane,12,359,31.0,22.3,8.7,0.0,6.4
2024-12-25,Brisbane,12,360,23.0,16.4,6.6,1.5,7.5
2024-12-26,Brisbane,12,361,28.5,19.7,8.8,0.0,6.3
2024-12-27,Brisbane,12,362,29.3,17.8,11.5,0.0,7.4
2024-12-28,Brisbane,12,363,28.8,19.2,9.6,0.0,6.6
2024-12-29,Brisbane,12,364,29.3,18.7,10.6,1.7,6.7
2024-12-30,Brisbane,12,365,32.8,21.1,11.7,0.0,6.8
2024-12-31,Brisbane,12,366,30.9,21.5,9.4,9.4,7.4
2023-01-01,Perth,1,1,36.1,29.3,6.8,0.0,8.1
2023-01-02,Perth,1,2,34.5,25.8,8.7,0.1,7.7
2023-01-03,Perth,1,3,37.0,25.9,11.1,0.0,7.9
2023-01-04,Perth,1,4,28.7,18.2,10.5,1.0,8.1
2023-01-05,Perth,1,5,31.1,21.1,10.0,0.0,9.4
2023-01-06,Perth,1,6,33.8,27.6,6.2,0.0,7.6
2023-01-07,Perth,1,7,36.6,29.1,7.5,0.0,8.5
2023-01-08,Perth,1,8,37.8,26.4,11.4,0.0,7.8
2023-01-09,Perth,1,9,33.3,24.6,8.7,0.0,7.6
2023-01-10,Perth,1,10,32.6,21.4,11.2,1.7,8.1
2023-01-11,Perth,1,11,29.9,21.3,8.6,0.7,7.6
2023-01-12,Perth,1,12,30.4,18.9,11.5,0.5,8.9
2023-01-13,Perth,1,13,33.5,24.7,8.8,0.0,9.2
2023-01-14,Perth,1,14,34.8,24.9,9.9,6.5,7.8
2023-01-15,Perth,1,15,29.5,22.8,6.7,0.0,9.0
2023-01-16,Perth,1,16,34.5,26.5,8.0,3.2,8.8
2023-01-17,Perth,1,17,36.5,26.1,10.4,0.1,7.9
2023-01-18,Perth,1,18,35.9,26.3,9.6,4.0,9.0
2023-01-19,Perth,1,19,31.6,21.9,9.7,2.1,9.6
2023-01-20,Perth,1,20,34.5,24.0,10.5,0.0,8.0
2023-01-21,Perth,1,21,34.0,24.6,9.4,0.0,9.2
2023-01-22,Perth,1,22,37.1,28.7,8.4,0.0,9.4
2023-01-23,Perth,1,23,29.3,19.9,9.4,0.0,8.5
2023-01-24,Perth,1,24,27.2,18.3,8.9,0.0,8.7
2023-01-25,Perth,1,25,29.0,17.7,11.3,1.2,8.6
2023-01-26,Perth,1,26,33.3,22.8,10.5,0.2,9.5
2023-01-27,Perth,1,27,28.7,18.6,10.1,3.1,8.3
2023-01-28,Perth,1,28,33.3,24.6,8.7,4.1,9.3
2023-01-29,Perth,1,29,29.5,23.1,6.4,0.0,8.8
2023-01-30,Perth,1,30,33.9,25.5,8.4,0.2,8.6
2023-01-31,Perth,1,31,35.4,23.5,11.9,0.0,8.5
2023-02-01,Perth,2,32,34.0,27.6,6.4,2.2,7.8
2023-02-02,Perth,2,33,30.4,18.5,11.9,0.0,9.2
2023-02-03,Perth,2,34,30.2,18.6,11.6,0.0,7.8
2023-02-04,Perth,2,35,30.0,19.1,10.9,0.0,9.4
2023-02-05,Perth,2,36,35.9,28.1,7.8,0.0,9.6
2023-02-06,Perth,2,37,31.1,24.4,6.7,2.1,7.7
2023-02-07,Perth,2,38,32.3,23.9,8.4,1.3,8.8
2023-02-08,Perth,2,39,36.9,29.5,7.4,0.0,7.9
2023-02-09,Perth,2,40,29.6,20.7,8.9,0.0,7.8
2023-02-10,Perth,2,41,34.4,23.4,11.0,0.0,8.9
2023-02-11,Perth,2,42,33.4,27.0,6.4,3.7,8.1
2023-02-12,Perth,2,43,29.7,22.4,7.3,0.6,8.0
2023-02-13,Perth,2,44,30.1,21.4,8.7,0.0,9.3
2023-02-14,Perth,2,45,30.1,23.2,6.9,1.3,8.6
2023-02-15,Perth,2,46,34.3,26.6,7.7,0.3,9.3
2023-02-16,Perth,2,47,30.6,22.8,7.8,0.0,8.0
2023-02-17,Perth,2,48,31.1,23.6,7.5,0.0,8.9
2023-02-18,Perth,2,49,32.2,20.6,11.6,0.0,8.3
2023-02-19,Perth,2,50,32.1,25.6,6.5,0.0,8.1
2023-02-20,Perth,2,51,33.1,25.0,8.1,0.0,9.3
2023-02-21,Perth,2,52,31.8,24.7,7.1,0.0,9.2
2023-02-22,Perth,2,53,28.2,19.8,8.4,0.0,9.3
2023-02-23,Perth,2,54,31.2,19.2,12.0,0.0,9.4
2023-02-24,Perth,2,55,30.3,21.1,9.2,3.8,9.4
2023-02-25,Perth,2,56,35.6,24.5,11.1,0.9,8.2
2023-02-26,Perth,2,57,32.6,26.4,6.2,0.0,8.6
2023-02-27,Perth,2,58,28.5,21.5,7.0,4.6,9.4
2023-02-28,Perth,2,59,34.8,27.9,6.9,0.4,9.4
2023-03-01,Perth,3,60,32.0,20.1,11.9,0.7,8.6
2023-03-02,Perth,3,61,27.8,19.5,8.3,0.0,8.3
2023-03-03,Perth,3,62,28.7,18.6,10.1,0.0,8.4
2023-03-04,Perth,3,63,31.8,21.6,10.2,0.0,9.1
2023-03-05,Perth,3,64,27.5,17.0,10.5,3.5,8.6
2023-03-06,Perth,3,65,30.1,24.1,6.0,0.0,8.6
2023-03-07,Perth,3,66,27.4,20.9,6.5,1.3,8.9
2023-03-08,Perth,3,67,28.2,21.0,7.2,1.7,9.4
2023-03-09,Perth,3,68,36.4,30.3,6.1,0.0,8.2
2023-03-10,Perth,3,69,30.5,23.0,7.5,0.0,8.4
2023-03-11,Perth,3,70,27.0,15.7,11.3,0.2,7.8
2023-03-12,Perth,3,71,28.0,16.1,11.9,0.0,9.4
2023-03-13,Perth,3,72,32.7,22.1,10.6,0.0,8.3
2023-03-14,Perth,3,73,28.6,17.2,11.4,0.0,8.2
2023-03-15,Perth,3,74,30.8,23.4,7.4,0.0,9.2
2023-03-16,Perth,3,75,31.8,24.2,7.6,0.0,9.3
2023-03-17,Perth,3,76,29.6,19.9,9.7,0.0,8.0
2023-03-18,Perth,3,77,28.6,17.9,10.7,0.3,8.7
2023-03-19,Perth,3,78,32.5,24.7,7.8,0.0,9.2
2023-03-20,Perth,3,79,30.0,19.0,11.0,0.0,9.5
2023-03-21,Perth,3,80,26.8,18.0,8.8,1.6,7.9
2023-03-22,Perth,3,81,27.7,17.0,10.7,0.0,7.7
2023-03-23,Perth,3,82,32.2,21.0,11.2,4.3,8.0
2023-03-24,Perth,3,83,31.4,20.0,11.4,0.1,7.6
2023-03-25,Perth,3,84,29.7,21.2,8.5,0.8,8.9
2023-03-26,Perth,3,85,30.5,24.4,6.1,0.3,8.2
2023-03-27,Perth,3,86,32.3,20.9,11.4,0.9,8.6
2023-03-28,Perth,3,87,29.0,18.6,10.4,0.0,7.8
2023-03-29,Perth,3,88,27.7,21.5,6.2,3.8,9.5
2023-03-30,Perth,3,89,28.8,18.2,10.6,0.0,8.0
2023-03-31,Perth,3,90,32.4,21.1,11.3,10.1,7.8
2023-04-01,Perth,4,91,25.1,15.0,10.1,3.3,8.9
2023-04-02,Perth,4,92,25.7,15.5,10.2,0.0,8.0
2023-04-03,Perth,4,93,28.8,19.0,9.8,0.3,8.5
2023-04-04,Perth,4,94,30.1,23.5,6.6,0.0,8.5
2023-04-05,Perth,4,95,25.4,18.6,6.8,0.0,8.8
2023-04-06,Perth,4,96,26.8,15.9,10.9,0.0,9.0
2023-04-07,Perth,4,97,26.3,16.2,10.1,0.0,7.8
2023-04-08,Perth,4,98,27.4,21.0,6.4,2.7,8.4
2023-04-09,Perth,4,99,22.9,14.2,8.7,0.0,7.7
2023-04-10,Perth,4,100,29.0,17.2,11.8,0.0,9.3
2023-04-11,Perth,4,101,25.3,18.5,6.8,3.3,7.7
2023-04-12,Perth,4,102,26.4,18.6,7.8,0.3,7.8
2023-04-13,Perth,4,103,24.1,16.9,7.2,0.0,8.5
2023-04-14,Perth,4,104,23.4,16.3,7.1,0.0,7.9
2023-04-15,Perth,4,105,24.4,14.1,10.3,0.8,7.8
2023-04-16,Perth,4,106,29.3,20.0,9.3,0.0,9.3
2023-04-17,Perth,4,107,24.9,14.1,10.8,6.5,9.6
2023-04-18,Perth,4,108,25.3,18.1,7.2,0.0,9.2
2023-04-19,Perth,4,109,26.8,17.0,9.8,0.0,8.6
2023-04-20,Perth,4,110,24.4,16.8,7.6,4.3,8.5
2023-04-21,Perth,4,111,29.5,18.2,11.3,0.0,8.3
2023-04-22,Perth,4,112,27.7,17.4,10.3,0.2,8.4
2023-04-23,Perth,4,113,26.0,14.8,11.2,3.0,9.2
2023-04-24,Perth,4,114,29.1,22.7,6.4,0.0,8.0
2023-04-25,Perth,4,115,28.1,16.3,11.8,0.0,8.9
2023-04-26,Perth,4,116,24.1,12.5,11.6,0.0,8.7
2023-04-27,Perth,4,117,29.2,17.6,11.6,1.0,8.3
2023-04-28,Perth,4,118,23.9,17.8,6.1,0.0,8.9
2023-04-29,Perth,4,119,23.2,16.1,7.1,0.0,9.4
2023-04-30,Perth,4,120,29.6,22.9,6.7,0.0,8.4
2023-05-01,Perth,5,121,17.3,6.1,11.2,6.1,9.2
2023-05-02,Perth,5,122,26.1,14.5,11.6,2.7,8.9
2023-05-03,Perth,5,123,26.5,17.8,8.7,0.0,8.9
2023-05-04,Perth,5,124,21.0,9.9,11.1,0.0,8.6
2023-05-05,Perth,5,125,26.3,19.8,6.5,0.0,8.2
2023-05-06,Perth,5,126,23.2,12.6,10.6,0.0,9.3
2023-05-07,Perth,5,127,22.8,16.4,6.4,3.0,9.0
2023-05-08,Perth,5,128,20.1,13.1,7.0,0.0,8.1
2023-05-09,Perth,5,129,26.3,16.6,9.7,0.0,8.1
2023-05-10,Perth,5,130,19.5,7.6,11.9,4.2,8.6
2023-05-11,Perth,5,131,26.1,15.1,11.0,2.5,8.2
2023-05-12,Perth,5,132,21.2,11.1,10.1,0.0,7.6
2023-05-13,Perth,5,133,22.9,11.6,11.3,0.0,8.4
2023-05-14,Perth,5,134,22.2,10.8,11.4,0.0,7.8
2023-05-15,Perth,5,135,18.4,11.5,6.9,1.0,8.1
2023-05-16,Perth,5,136,22.4,10.8,11.6,0.0,9.1
2023-05-17,Perth,5,137,22.8,11.2,11.6,0.0,8.6
2023-05-18,Perth,5,138,22.6,16.5,6.1,0.0,7.7
2023-05-19,Perth,5,139,17.8,10.3,7.5,0.0,9.4
2023-05-20,Perth,5,140,23.3,16.0,7.3,0.0,9.2
2023-05-21,Perth,5,141,21.6,15.3,6.3,0.0,8.7
2023-05-22,Perth,5,142,20.7,10.3,10.4,0.0,9.3
2023-05-23,Perth,5,143,19.8,10.9,8.9,0.8,7.8
2023-05-24,Perth,5,144,23.9,15.0,8.9,0.0,9.2
2023-05-25,Perth,5,145,23.1,12.4,10.7,1.0,8.0
2023-05-26,Perth,5,146,21.4,14.2,7.2,0.6,8.5
2023-05-27,Perth,5,147,18.2,6.9,11.3,0.4,9.0
2023-05-28,Perth,5,148,23.2,13.8,9.4,0.0,8.3
2023-05-29,Perth,5,149,17.6,5.8,11.8,2.1,9.5
2023-05-30,Perth,5,150,17.7,9.4,8.3,0.0,9.2
2023-05-31,Perth,5,151,22.9,11.6,11.3,0.0,8.7
2023-06-01,Perth,6,152,24.8,13.9,10.9,0.0,7.8
2023-06-02,Perth,6,153,20.2,9.5,10.7,0.0,8.6
2023-06-03,Perth,6,154,19.5,13.0,6.5,1.6,7.7
2023-06-04,Perth,6,155,19.6,11.2,8.4,0.0,9.2
2023-06-05,Perth,6,156,20.0,11.8,8.2,0.0,8.0
2023-06-06,Perth,6,157,19.4,9.7,9.7,0.0,9.3
2023-06-07,Perth,6,158,20.4,14.1,6.3,0.0,8.8
2023-06-08,Perth,6,159,16.6,9.4,7.2,0.7,9.4
2023-06-09,Perth,6,160,24.2,17.3,6.9,0.0,7.8
2023-06-10,Perth,6,161,19.9,13.3,6.6,0.0,8.0
2023-06-11,Perth,6,162,19.8,12.5,7.3,0.0,8.9
2023-06-12,Perth,6,163,19.8,8.5,11.3,0.0,9.2
2023-06-13,Perth,6,164,18.5,8.5,10.0,0.0,7.8
2023-06-14,Perth,6,165,16.1,6.6,9.5,3.6,7.8
2023-06-15,Perth,6,166,18.6,11.8,6.8,0.2,9.0
2023-06-16,Perth,6,167,19.4,11.4,8.0,7.9,9.6
2023-06-17,Perth,6,168,15.4,4.5,10.9,0.5,9.0
2023-06-18,Perth,6,169,18.0,7.6,10.4,0.0,8.3
2023-06-19,Perth,6,170,18.0,8.2,9.8,0.0,8.6
2023-06-20,Perth,6,171,22.6,13.2,9.4,0.2,8.2
2023-06-21,Perth,6,172,19.8,9.8,10.0,0.0,7.7
2023-06-22,Perth,6,173,16.7,9.9,6.8,0.9,9.1
2023-06-23,Perth,6,174,19.8,10.3,9.5,0.7,8.3
2023-06-24,Perth,6,175,14.6,7.9,6.7,0.0,8.4
2023-06-25,Perth,6,176,18.0,10.3,7.7,5.8,9.0
2023-06-26,Perth,6,177,17.0,5.6,11.4,0.0,7.8
2023-06-27,Perth,6,178,16.2,6.7,9.5,0.2,7.8
2023-06-28,Perth,6,179,22.3,12.7,9.6,0.0,7.7
2023-06-29,Perth,6,180,20.3,9.6,10.7,5.5,7.8
2023-06-30,Perth,6,181,18.9,11.0,7.9,2.6,8.7
2023-07-01,Perth,7,182,18.2,10.5,7.7,0.0,9.0
2023-07-02,Perth,7,183,14.9,4.6,10.3,0.0,9.6
2023-07-03,Perth,7,184,17.1,5.6,11.5,1.0,8.4
2023-07-04,Perth,7,185,22.3,13.1,9.2,0.0,8.9
2023-07-05,Perth,7,186,20.2,12.9,7.3,0.0,8.7
2023-07-06,Perth,7,187,18.5,8.9,9.6,0.0,7.7
2023-07-07,Perth,7,188,14.6,4.5,10.1,0.0,9.5
2023-07-08,Perth,7,189,18.9,8.3,10.6,2.1,8.9
2023-07-09,Perth,7,190,19.5,9.9,9.6,1.9,8.8
2023-07-10,Perth,7,191,17.0,10.5,6.5,0.0,7.9
2023-07-11,Perth,7,192,21.7,13.2,8.5,0.0,9.4
2023-07-12,Perth,7,193,22.4,13.1,9.3,0.0,8.2
2023-07-13,Perth,7,194,20.0,12.7,7.3,1.3,8.0
2023-07-14,Perth,7,195,16.1,5.5,10.6,0.0,9.2
2023-07-15,Perth,7,196,17.8,8.9,8.9,0.5,8.0
2023-07-16,Perth,7,197,13.7,5.5,8.2,0.1,9.1
2023-07-17,Perth,7,198,22.1,15.4,6.7,0.0,8.7
2023-07-18,Perth,7,199,17.0,9.1,7.9,4.1,7.7
2023-07-19,Perth,7,200,20.1,10.4,9.7,0.0,9.2
2023-07-20,Perth,7,201,19.6,9.4,10.2,0.0,8.2
2023-07-21,Perth,7,202,19.4,8.7,10.7,0.0,8.2
2023-07-22,Perth,7,203,18.8,8.4,10.4,0.0,9.3
2023-07-23,Perth,7,204,16.2,4.6,11.6,4.5,7.7
2023-07-24,Perth,7,205,17.8,10.7,7.1,1.7,8.9
2023-07-25,Perth,7,206,16.7,9.4,7.3,0.0,8.4
2023-07-26,Perth,7,207,18.9,8.2,10.7,0.0,8.5
2023-07-27,Perth,7,208,18.0,10.0,8.0,0.0,7.8
2023-07-28,Perth,7,209,17.5,9.9,7.6,0.0,9.3
2023-07-29,Perth,7,210,18.3,10.3,8.0,0.0,8.7
2023-07-30,Perth,7,211,21.9,13.9,8.0,2.8,9.0
2023-07-31,Perth,7,212,13.9,5.2,8.7,0.0,8.6
2023-08-01,Perth,8,213,19.1,10.5,8.6,3.5,8.9
2023-08-02,Perth,8,214,19.3,11.5,7.8,0.0,8.2
2023-08-03,Perth,8,215,18.8,11.3,7.5,0.9,8.0
2023-08-04,Perth,8,216,23.8,17.3,6.5,0.0,8.4
2023-08-05,Perth,8,217,20.1,11.2,8.9,0.0,7.9
2023-08-06,Perth,8,218,18.7,7.4,11.3,0.0,7.8
2023-08-07,Perth,8,219,18.8,7.2,11.6,1.9,7.8
2023-08-08,Perth,8,220,21.0,9.4,11.6,0.8,7.7
2023-08-09,Perth,8,221,18.7,9.0,9.7,2.4,8.2
2023-08-10,Perth,8,222,13.6,5.4,8.2,0.0,8.8
2023-08-11,Perth,8,223,18.0,11.9,6.1,1.4,7.6
2023-08-12,Perth,8,224,19.8,11.0,8.8,0.0,9.0
2023-08-13,Perth,8,225,15.0,4.2,10.8,0.0,7.7
2023-08-14,Perth,8,226,17.0,5.7,11.3,0.0,8.3
2023-08-15,Perth,8,227,19.0,9.4,9.6,0.0,8.6
2023-08-16,Perth,8,228,18.8,6.8,12.0,1.0,7.7
2023-08-17,Perth,8,229,17.9,7.0,10.9,0.0,9.6
2023-08-18,Perth,8,230,17.9,6.1,11.8,0.0,7.7
2023-08-19,Perth,8,231,22.0,12.3,9.7,0.0,8.3
2023-08-20,Perth,8,232,20.9,9.9,11.0,0.0,8.6
2023-08-21,Perth,8,233,16.8,4.8,12.0,0.0,9.4
2023-08-22,Perth,8,234,17.8,10.8,7.0,0.0,7.7
2023-08-23,Perth,8,235,20.2,13.1,7.1,0.0,7.9
2023-08-24,Perth,8,236,18.9,9.1,9.8,0.0,8.1
2023-08-25,Perth,8,237,23.0,13.1,9.9,0.0,9.3
2023-08-26,Perth,8,238,18.2,11.7,6.5,0.0,7.8
2023-08-27,Perth,8,239,18.0,10.7,7.3,0.0,7.9
2023-08-28,Perth,8,240,18.2,10.1,8.1,0.0,9.1
2023-08-29,Perth,8,241,20.1,13.5,6.6,0.0,8.4
2023-08-30,Perth,8,242,17.8,6.8,11.0,0.0,7.7
2023-08-31,Perth,8,243,19.8,12.7,7.1,1.3,8.4
2023-09-01,Perth,9,244,21.9,14.0,7.9,0.0,8.3
2023-09-02,Perth,9,245,23.1,12.1,11.0,0.0,7.9
2023-09-03,Perth,9,246,21.2,11.1,10.1,0.0,8.3
2023-09-04,Perth,9,247,24.0,12.4,11.6,1.6,9.3
2023-09-05,Perth,9,248,19.9,8.8,11.1,0.0,7.9
2023-09-06,Perth,9,249,23.4,12.2,11.2,0.0,8.9
2023-09-07,Perth,9,250,22.8,14.0,8.8,0.0,9.3
2023-09-08,Perth,9,251,19.0,7.6,11.4,0.0,9.0
2023-09-09,Perth,9,252,23.0,13.6,9.4,2.4,8.6
2023-09-10,Perth,9,253,21.7,10.2,11.5,0.0,7.8
2023-09-11,Perth,9,254,18.6,10.0,8.6,1.2,8.2
2023-09-12,Perth,9,255,18.1,6.2,11.9,0.0,8.4
2023-09-13,Perth,9,256,16.7,9.3,7.4,2.4,8.4
2023-09-14,Perth,9,257,21.4,13.3,8.1,0.0,8.0
2023-09-15,Perth,9,258,17.5,8.0,9.5,1.0,9.4
2023-09-16,Perth,9,259,22.8,13.9,8.9,0.7,8.0
2023-09-17,Perth,9,260,21.2,10.8,10.4,1.7,8.6
2023-09-18,Perth,9,261,21.7,11.1,10.6,0.0,7.8
2023-09-19,Perth,9,262,23.2,13.9,9.3,1.0,9.0
2023-09-20,Perth,9,263,21.6,11.4,10.2,0.0,8.0
2023-09-21,Perth,9,264,18.1,7.0,11.1,0.0,8.6
2023-09-22,Perth,9,265,24.3,14.8,9.5,0.0,9.5
2023-09-23,Perth,9,266,21.8,10.3,11.5,0.0,8.7
2023-09-24,Perth,9,267,19.5,9.4,10.1,0.0,8.1
2023-09-25,Perth,9,268,24.1,15.5,8.6,2.6,8.8
2023-09-26,Perth,9,269,17.8,6.4,11.4,0.0,9.0
2023-09-27,Perth,9,270,18.9,11.7,7.2,0.0,9.0
2023-09-28,Perth,9,271,21.1,14.9,6.2,0.0,8.9
2023-09-29,Perth,9,272,21.6,12.8,8.8,0.7,7.9
2023-09-30,Perth,9,273,22.6,13.9,8.7,1.9,9.3
2023-10-01,Perth,10,274,30.1,23.5,6.6,0.0,8.9
2023-10-02,Perth,10,275,29.1,21.4,7.7,0.1,8.9
2023-10-03,Perth,10,276,27.9,17.6,10.3,2.7,9.0
2023-10-04,Perth,10,277,20.8,10.1,10.7,0.0,9.0
2023-10-05,Perth,10,278,28.3,21.6,6.7,0.0,8.2
2023-10-06,Perth,10,279,26.3,16.1,10.2,0.0,8.7
2023-10-07,Perth,10,280,24.2,18.1,6.1,1.0,8.3
2023-10-08,Perth,10,281,23.3,15.2,8.1,0.0,7.7
2023-10-09,Perth,10,282,22.9,16.9,6.0,0.0,8.3
2023-10-10,Perth,10,283,22.4,12.2,10.2,0.0,8.8
2023-10-11,Perth,10,284,26.5,19.1,7.4,0.0,8.6
2023-10-12,Perth,10,285,26.3,19.3,7.0,0.0,9.3
2023-10-13,Perth,10,286,27.0,18.4,8.6,0.0,7.8
2023-10-14,Perth,10,287,26.8,18.3,8.5,4.5,7.9
2023-10-15,Perth,10,288,21.4,13.7,7.7,0.4,9.1
2023-10-16,Perth,10,289,28.6,20.0,8.6,0.0,7.9
2023-10-17,Perth,10,290,26.2,16.1,10.1,0.0,8.1
2023-10-18,Perth,10,291,26.9,17.4,9.5,2.8,9.5
2023-10-19,Perth,10,292,28.8,16.8,12.0,0.0,9.5
2023-10-20,Perth,10,293,26.6,20.5,6.1,0.0,8.1
2023-10-21,Perth,10,294,23.5,17.4,6.1,0.0,8.0
2023-10-22,Perth,10,295,25.7,19.4,6.3,1.4,8.5
2023-10-23,Perth,10,296,21.7,10.4,11.3,0.0,9.3
2023-10-24,Perth,10,297,30.8,21.2,9.6,0.0,8.4
2023-10-25,Perth,10,298,28.8,18.9,9.9,0.0,9.2
2023-10-26,Perth,10,299,26.1,17.2,8.9,0.0,9.0
2023-10-27,Perth,10,300,23.6,15.4,8.2,2.7,9.5
2023-10-28,Perth,10,301,26.8,16.7,10.1,0.0,9.3
2023-10-29,Perth,10,302,28.3,19.0,9.3,0.0,7.7
2023-10-30,Perth,10,303,25.3,16.9,8.4,0.0,9.3
2023-10-31,Perth,10,304,23.7,14.3,9.4,2.1,9.4
2023-11-01,Perth,11,305,28.1,18.7,9.4,4.6,8.9
2023-11-02,Perth,11,306,29.7,18.0,11.7,0.0,7.9
2023-11-03,Perth,11,307,25.1,15.4,9.7,0.1,9.0
2023-11-04,Perth,11,308,24.2,17.9,6.3,0.0,7.8
2023-11-05,Perth,11,309,26.6,15.5,11.1,0.0,7.6
2023-11-06,Perth,11,310,32.1,23.5,8.6,2.1,8.8
2023-11-07,Perth,11,311,29.2,21.4,7.8,0.0,7.7
2023-11-08,Perth,11,312,31.0,22.3,8.7,0.0,8.3
2023-11-09,Perth,11,313,34.0,25.9,8.1,0.0,9.4
2023-11-10,Perth,11,314,31.5,24.9,6.6,0.0,8.1
2023-11-11,Perth,11,315,29.1,22.3,6.8,0.0,9.1
2023-11-12,Perth,11,316,31.0,24.0,7.0,0.0,9.6
2023-11-13,Perth,11,317,23.1,15.2,7.9,0.0,8.9
2023-11-14,Perth,11,318,32.3,22.5,9.8,0.2,9.3
2023-11-15,Perth,11,319,29.4,20.5,8.9,0.0,9.3
2023-11-16,Perth,11,320,25.6,16.4,9.2,0.0,9.2
2023-11-17,Perth,11,321,29.1,22.9,6.2,0.5,8.3
2023-11-18,Perth,11,322,32.0,23.6,8.4,0.0,8.4
2023-11-19,Perth,11,323,34.3,22.8,11.5,0.0,8.2
2023-11-20,Perth,11,324,28.8,18.2,10.6,0.8,8.4
2023-11-21,Perth,11,325,32.7,21.5,11.2,0.0,9.2
2023-11-22,Perth,11,326,29.2,18.6,10.6,0.0,8.1
2023-11-23,Perth,11,327,29.0,17.8,11.2,0.0,9.3
2023-11-24,Perth,11,328,27.6,17.7,9.9,0.0,9.2
2023-11-25,Perth,11,329,26.7,20.5,6.2,0.0,8.8
2023-11-26,Perth,11,330,27.5,16.3,11.2,0.0,8.1
2023-11-27,Perth,11,331,30.6,23.3,7.3,0.0,8.4
2023-11-28,Perth,11,332,26.9,20.5,6.4,1.1,9.5
2023-11-29,Perth,11,333,28.2,21.4,6.8,1.6,8.7
2023-11-30,Perth,11,334,27.6,18.6,9.0,0.0,8.9
2023-12-01,Perth,12,335,27.0,16.1,10.9,1.3,8.8
2023-12-02,Perth,12,336,29.9,23.9,6.0,0.0,9.4
2023-12-03,Perth,12,337,30.5,24.5,6.0,3.3,9.5
2023-12-04,Perth,12,338,30.4,20.1,10.3,1.0,7.6
2023-12-05,Perth,12,339,34.9,27.6,7.3,3.5,8.6
2023-12-06,Perth,12,340,30.8,24.5,6.3,0.4,8.2
2023-12-07,Perth,12,341,37.4,28.6,8.8,0.0,9.5
2023-12-08,Perth,12,342,30.2,22.9,7.3,4.2,7.8
2023-12-09,Perth,12,343,28.4,21.9,6.5,1.8,8.6
2023-12-10,Perth,12,344,33.9,25.5,8.4,0.1,9.6
2023-12-11,Perth,12,345,30.2,23.2,7.0,2.2,8.8
2023-12-12,Perth,12,346,28.5,16.7,11.8,0.0,8.6
2023-12-13,Perth,12,347,35.2,27.2,8.0,0.2,8.0
2023-12-14,Perth,12,348,30.1,20.6,9.5,0.0,8.5
2023-12-15,Perth,12,349,31.4,22.3,9.1,0.0,9.3
2023-12-16,Perth,12,350,30.2,23.4,6.8,0.0,9.0
2023-12-17,Perth,12,351,36.9,27.2,9.7,0.0,7.8
2023-12-18,Perth,12,352,32.0,23.6,8.4,0.0,7.6
2023-12-19,Perth,12,353,27.8,19.0,8.8,2.0,8.9
2023-12-20,Perth,12,354,31.5,22.0,9.5,0.9,8.2
2023-12-21,Perth,12,355,32.3,22.3,10.0,2.5,7.8
2023-12-22,Perth,12,356,36.5,27.4,9.1,7.2,8.2
2023-12-23,Perth,12,357,33.3,25.9,7.4,0.6,8.0
2023-12-24,Perth,12,358,28.6,19.9,8.7,2.3,8.3
2023-12-25,Perth,12,359,33.2,25.1,8.1,1.7,8.3
2023-12-26,Perth,12,360,34.4,22.5,11.9,0.0,9.5
2023-12-27,Perth,12,361,30.9,21.1,9.8,0.0,7.6
2023-12-28,Perth,12,362,30.2,22.6,7.6,0.0,8.7
2023-12-29,Perth,12,363,34.7,27.5,7.2,3.3,9.4
2023-12-30,Perth,12,364,32.5,21.0,11.5,0.8,7.6
2023-12-31,Perth,12,365,30.0,21.3,8.7,5.8,8.7
2024-01-01,Perth,1,1,35.3,26.1,9.2,0.2,8.3
2024-01-02,Perth,1,2,35.3,28.9,6.4,0.1,8.9
2024-01-03,Perth,1,3,33.4,25.6,7.8,0.0,8.4
2024-01-04,Perth,1,4,36.8,26.7,10.1,0.0,9.5
2024-01-05,Perth,1,5,31.6,23.6,8.0,4.9,7.8
2024-01-06,Perth,1,6,36.9,25.3,11.6,0.0,9.5
2024-01-07,Perth,1,7,36.5,30.0,6.5,0.0,9.0
2024-01-08,Perth,1,8,36.0,29.6,6.4,3.0,8.9
2024-01-09,Perth,1,9,38.5,31.7,6.8,0.9,8.3
2024-01-10,Perth,1,10,31.3,20.2,11.1,0.0,8.7
2024-01-11,Perth,1,11,37.8,27.9,9.9,1.0,9.0
2024-01-12,Perth,1,12,32.1,23.9,8.2,0.3,9.5
2024-01-13,Perth,1,13,31.1,21.0,10.1,0.0,7.9
2024-01-14,Perth,1,14,33.3,25.0,8.3,1.1,9.4
2024-01-15,Perth,1,15,32.3,21.0,11.3,0.0,8.2
2024-01-16,Perth,1,16,35.6,29.6,6.0,0.0,8.5
2024-01-17,Perth,1,17,37.1,29.7,7.4,0.0,8.4
2024-01-18,Perth,1,18,33.1,23.8,9.3,0.0,8.2
2024-01-19,Perth,1,19,32.9,26.5,6.4,0.0,7.9
2024-01-20,Perth,1,20,35.4,25.6,9.8,0.0,8.2
2024-01-21,Perth,1,21,31.1,19.9,11.2,0.5,8.4
2024-01-22,Perth,1,22,33.6,27.3,6.3,0.0,8.7
2024-01-23,Perth,1,23,34.1,23.5,10.6,0.0,8.3
2024-01-24,Perth,1,24,32.1,21.5,10.6,4.0,8.2
2024-01-25,Perth,1,25,33.9,22.2,11.7,0.0,8.1
2024-01-26,Perth,1,26,29.7,23.2,6.5,0.0,9.5
2024-01-27,Perth,1,27,35.3,23.3,12.0,0.8,7.9
2024-01-28,Perth,1,28,33.1,26.2,6.9,0.0,9.2
2024-01-29,Perth,1,29,35.2,29.1,6.1,0.5,9.3
2024-01-30,Perth,1,30,32.1,21.1,11.0,0.0,8.5
2024-01-31,Perth,1,31,33.2,21.5,11.7,0.0,7.8
2024-02-01,Perth,2,32,30.2,21.5,8.7,1.2,9.3
2024-02-02,Perth,2,33,25.6,19.5,6.1,0.0,8.9
2024-02-03,Perth,2,34,30.0,21.2,8.8,0.0,9.3
2024-02-04,Perth,2,35,29.8,21.2,8.6,2.3,7.8
2024-02-05,Perth,2,36,33.3,24.5,8.8,0.0,8.8
2024-02-06,Perth,2,37,29.4,21.7,7.7,2.5,9.3
2024-02-07,Perth,2,38,33.9,27.4,6.5,0.0,7.8
2024-02-08,Perth,2,39,31.5,23.7,7.8,0.0,8.6
2024-02-09,Perth,2,40,27.7,20.7,7.0,6.7,9.1
2024-02-10,Perth,2,41,30.7,22.1,8.6,1.0,7.6
2024-02-11,Perth,2,42,26.9,16.4,10.5,0.0,9.5
2024-02-12,Perth,2,43,32.7,25.8,6.9,0.0,9.5
2024-02-13,Perth,2,44,31.6,23.0,8.6,0.0,9.2
2024-02-14,Perth,2,45,31.8,24.3,7.5,2.6,9.5
2024-02-15,Perth,2,46,35.2,28.1,7.1,1.0,9.5
2024-02-16,Perth,2,47,33.6,25.6,8.0,0.0,9.6
2024-02-17,Perth,2,48,32.6,22.5,10.1,0.0,7.9
2024-02-18,Perth,2,49,31.3,20.5,10.8,0.0,8.2
2024-02-19,Perth,2,50,36.9,28.8,8.1,0.0,8.4
2024-02-20,Perth,2,51,29.2,21.2,8.0,0.0,8.6
2024-02-21,Perth,2,52,30.5,20.5,10.0,0.0,8.6
2024-02-22,Perth,2,53,31.9,21.8,10.1,0.0,7.8
2024-02-23,Perth,2,54,33.6,25.0,8.6,0.0,9.1
2024-02-24,Perth,2,55,33.4,25.8,7.6,0.0,7.8
2024-02-25,Perth,2,56,35.1,26.1,9.0,0.0,8.1
2024-02-26,Perth,2,57,31.6,25.5,6.1,1.3,9.4
2024-02-27,Perth,2,58,31.1,22.3,8.8,1.9,9.3
2024-02-28,Perth,2,59,36.9,27.6,9.3,3.0,9.0
2024-02-29,Perth,2,60,35.0,28.2,6.8,0.0,8.2
2024-03-01,Perth,3,61,30.2,19.9,10.3,0.0,7.7
2024-03-02,Perth,3,62,33.6,23.0,10.6,0.0,8.2
2024-03-03,Perth,3,63,32.0,24.8,7.2,1.9,8.3
2024-03-04,Perth,3,64,26.9,15.7,11.2,0.7,8.6
2024-03-05,Perth,3,65,28.7,19.3,9.4,0.8,9.5
2024-03-06,Perth,3,66,28.1,21.7,6.4,0.5,8.6
2024-03-07,Perth,3,67,30.7,20.8,9.9,0.1,8.6
2024-03-08,Perth,3,68,31.3,20.2,11.1,0.0,8.9
2024-03-09,Perth,3,69,31.0,21.6,9.4,0.5,9.2
2024-03-10,Perth,3,70,25.8,18.4,7.4,0.0,8.5
2024-03-11,Perth,3,71,29.0,22.8,6.2,2.0,8.3
2024-03-12,Perth,3,72,30.2,19.4,10.8,0.0,9.0
2024-03-13,Perth,3,73,30.8,21.4,9.4,0.0,9.3
2024-03-14,Perth,3,74,29.2,18.4,10.8,0.0,8.6
2024-03-15,Perth,3,75,30.5,19.3,11.2,2.0,9.1
2024-03-16,Perth,3,76,28.4,17.5,10.9,0.0,8.9
2024-03-17,Perth,3,77,29.8,18.1,11.7,0.6,8.3
2024-03-18,Perth,3,78,24.4,18.2,6.2,0.0,9.3
2024-03-19,Perth,3,79,26.8,17.5,9.3,0.0,7.7
2024-03-20,Perth,3,80,31.2,24.7,6.5,0.0,8.0
2024-03-21,Perth,3,81,25.9,18.0,7.9,0.0,8.8
2024-03-22,Perth,3,82,29.1,21.1,8.0,4.9,9.0
2024-03-23,Perth,3,83,26.9,18.7,8.2,0.0,8.7
2024-03-24,Perth,3,84,34.2,26.7,7.5,0.0,9.3
2024-03-25,Perth,3,85,27.3,20.8,6.5,1.5,8.6
2024-03-26,Perth,3,86,28.5,17.8,10.7,0.0,9.4
2024-03-27,Perth,3,87,29.7,18.6,11.1,0.5,8.7
2024-03-28,Perth,3,88,32.6,20.9,11.7,1.4,9.0
2024-03-29,Perth,3,89,31.3,22.4,8.9,0.0,7.7
2024-03-30,Perth,3,90,28.6,17.5,11.1,0.0,8.6
2024-03-31,Perth,3,91,30.5,24.3,6.2,0.0,9.4
2024-04-01,Perth,4,92,28.8,21.0,7.8,0.0,8.3
2024-04-02,Perth,4,93,26.8,19.9,6.9,0.0,9.5
2024-04-03,Perth,4,94,28.6,20.1,8.5,0.0,8.9
2024-04-04,Perth,4,95,23.5,16.7,6.8,0.0,7.8
2024-04-05,Perth,4,96,29.7,22.4,7.3,0.0,8.9
2024-04-06,Perth,4,97,25.7,15.1,10.6,0.0,7.9
2024-04-07,Perth,4,98,25.2,19.2,6.0,0.0,9.0
2024-04-08,Perth,4,99,22.3,14.1,8.2,0.0,9.2
2024-04-09,Perth,4,100,26.0,16.6,9.4,0.3,8.7
2024-04-10,Perth,4,101,26.9,17.9,9.0,0.0,7.7
2024-04-11,Perth,4,102,26.7,19.3,7.4,0.0,8.3
2024-04-12,Perth,4,103,22.9,16.2,6.7,0.6,7.6
2024-04-13,Perth,4,104,19.7,12.3,7.4,0.0,8.5
2024-04-14,Perth,4,105,26.8,19.5,7.3,6.5,9.6
2024-04-15,Perth,4,106,22.0,15.6,6.4,0.0,8.6
2024-04-16,Perth,4,107,25.3,14.3,11.0,0.0,8.8
2024-04-17,Perth,4,108,26.9,15.1,11.8,0.0,7.7
2024-04-18,Perth,4,109,30.3,22.4,7.9,0.0,8.0
2024-04-19,Perth,4,110,23.0,13.3,9.7,0.0,8.5
2024-04-20,Perth,4,111,24.1,13.1,11.0,2.1,7.8
2024-04-21,Perth,4,112,24.7,16.5,8.2,0.0,9.5
2024-04-22,Perth,4,113,23.5,12.7,10.8,0.0,9.5
2024-04-23,Perth,4,114,23.8,12.0,11.8,0.0,7.9
2024-04-24,Perth,4,115,26.9,17.2,9.7,0.6,9.1
2024-04-25,Perth,4,116,29.3,17.6,11.7,0.0,8.3
2024-04-26,Perth,4,117,26.5,18.3,8.2,2.8,8.3
2024-04-27,Perth,4,118,22.0,10.9,11.1,7.6,8.2
2024-04-28,Perth,4,119,21.8,14.4,7.4,0.6,9.3
2024-04-29,Perth,4,120,26.7,16.2,10.5,0.0,8.0
2024-04-30,Perth,4,121,22.3,12.2,10.1,0.0,9.4
2024-05-01,Perth,5,122,20.6,10.6,10.0,2.2,9.4
2024-05-02,Perth,5,123,22.2,11.5,10.7,0.0,7.9
2024-05-03,Perth,5,124,20.1,8.8,11.3,0.0,8.7
2024-05-04,Perth,5,125,23.6,12.8,10.8,0.0,8.5
2024-05-05,Perth,5,126,20.6,10.7,9.9,0.0,8.0
2024-05-06,Perth,5,127,19.3,11.6,7.7,0.0,9.1
2024-05-07,Perth,5,128,19.6,9.4,10.2,0.0,9.2
2024-05-08,Perth,5,129,28.5,22.5,6.0,0.0,9.4
2024-05-09,Perth,5,130,20.8,11.9,8.9,0.2,8.6
2024-05-10,Perth,5,131,20.3,9.9,10.4,0.0,8.2
2024-05-11,Perth,5,132,20.9,11.2,9.7,0.0,9.2
2024-05-12,Perth,5,133,19.2,9.2,10.0,0.0,9.2
2024-05-13,Perth,5,134,17.6,9.0,8.6,1.1,9.4
2024-05-14,Perth,5,135,25.1,18.5,6.6,0.0,8.8
2024-05-15,Perth,5,136,16.4,6.1,10.3,0.0,8.9
2024-05-16,Perth,5,137,23.6,13.5,10.1,0.0,8.3
2024-05-17,Perth,5,138,21.2,11.4,9.8,0.0,7.7
2024-05-18,Perth,5,139,25.8,16.9,8.9,3.1,9.4
2024-05-19,Perth,5,140,21.4,12.9,8.5,0.0,9.0
2024-05-20,Perth,5,141,20.4,9.3,11.1,0.8,8.0
2024-05-21,Perth,5,142,20.7,9.4,11.3,0.0,8.1
2024-05-22,Perth,5,143,24.0,15.6,8.4,3.7,9.2
2024-05-23,Perth,5,144,23.7,14.4,9.3,0.3,8.8
2024-05-24,Perth,5,145,24.0,14.3,9.7,0.0,9.3
2024-05-25,Perth,5,146,21.4,13.6,7.8,0.0,9.5
2024-05-26,Perth,5,147,26.7,18.4,8.3,2.7,8.9
2024-05-27,Perth,5,148,20.5,13.3,7.2,0.0,8.0
2024-05-28,Perth,5,149,23.6,14.7,8.9,0.0,7.9
2024-05-29,Perth,5,150,17.9,8.9,9.0,0.0,8.2
2024-05-30,Perth,5,151,24.1,17.3,6.8,2.3,9.3
2024-05-31,Perth,5,152,23.4,13.3,10.1,0.0,8.0
2024-06-01,Perth,6,153,18.2,11.4,6.8,0.0,9.5
2024-06-02,Perth,6,154,16.4,8.5,7.9,0.1,9.0
2024-06-03,Perth,6,155,23.1,14.4,8.7,0.0,8.8
2024-06-04,Perth,6,156,18.2,8.2,10.0,0.0,8.1
2024-06-05,Perth,6,157,17.4,10.9,6.5,0.0,8.1
2024-06-06,Perth,6,158,21.5,12.2,9.3,0.0,8.1
2024-06-07,Perth,6,159,20.6,10.7,9.9,0.0,9.3
2024-06-08,Perth,6,160,17.1,9.9,7.2,0.2,9.3
2024-06-09,Perth,6,161,17.9,9.4,8.5,1.9,8.9
2024-06-10,Perth,6,162,17.4,7.0,10.4,0.0,8.7
2024-06-11,Perth,6,163,17.9,11.2,6.7,0.0,8.6
2024-06-12,Perth,6,164,20.6,9.6,11.0,0.0,8.8
2024-06-13,Perth,6,165,23.8,16.6,7.2,1.0,7.9
2024-06-14,Perth,6,166,19.9,8.4,11.5,0.0,8.6
2024-06-15,Perth,6,167,16.3,5.2,11.1,0.0,8.4
2024-06-16,Perth,6,168,16.9,9.8,7.1,0.5,9.0
2024-06-17,Perth,6,169,20.2,8.9,11.3,0.0,8.1
2024-06-18,Perth,6,170,16.2,7.1,9.1,0.0,9.1
2024-06-19,Perth,6,171,24.6,12.7,11.9,0.0,8.3
2024-06-20,Perth,6,172,24.0,15.2,8.8,0.0,7.7
2024-06-21,Perth,6,173,15.7,5.0,10.7,0.0,8.4
2024-06-22,Perth,6,174,19.6,12.2,7.4,0.0,8.3
2024-06-23,Perth,6,175,18.5,11.9,6.6,2.1,9.0
2024-06-24,Perth,6,176,18.6,7.6,11.0,0.0,8.6
2024-06-25,Perth,6,177,20.4,9.3,11.1,0.0,9.6
2024-06-26,Perth,6,178,19.0,7.2,11.8,0.0,8.7
2024-06-27,Perth,6,179,21.9,13.6,8.3,0.0,8.7
2024-06-28,Perth,6,180,19.6,8.9,10.7,2.9,8.6
2024-06-29,Perth,6,181,18.5,8.4,10.1,3.6,8.9
2024-06-30,Perth,6,182,17.9,10.4,7.5,0.0,9.5
2024-07-01,Perth,7,183,16.1,8.2,7.9,0.0,8.3
2024-07-02,Perth,7,184,21.5,11.1,10.4,1.6,9.4
2024-07-03,Perth,7,185,11.4,1.2,10.2,0.0,9.4
2024-07-04,Perth,7,186,13.9,3.8,10.1,0.0,9.2
2024-07-05,Perth,7,187,21.2,11.9,9.3,0.0,8.0
2024-07-06,Perth,7,188,12.6,5.3,7.3,0.0,9.1
2024-07-07,Perth,7,189,16.7,8.9,7.8,2.8,9.4
2024-07-08,Perth,7,190,18.9,11.7,7.2,2.1,7.8
2024-07-09,Perth,7,191,15.1,3.8,11.3,0.0,8.4
2024-07-10,Perth,7,192,20.4,11.7,8.7,0.0,8.0
2024-07-11,Perth,7,193,20.7,12.5,8.2,0.0,8.2
2024-07-12,Perth,7,194,18.8,10.1,8.7,0.0,7.9
2024-07-13,Perth,7,195,19.7,9.1,10.6,0.0,9.5
2024-07-14,Perth,7,196,15.0,6.5,8.5,0.0,8.2
2024-07-15,Perth,7,197,18.1,8.1,10.0,0.0,7.8
2024-07-16,Perth,7,198,18.0,8.1,9.9,0.0,7.7
2024-07-17,Perth,7,199,17.4,6.3,11.1,4.0,8.4
2024-07-18,Perth,7,200,20.2,12.3,7.9,0.0,7.9
2024-07-19,Perth,7,201,19.8,9.9,9.9,0.0,9.2
2024-07-20,Perth,7,202,19.1,12.5,6.6,0.0,8.5
2024-07-21,Perth,7,203,19.1,11.3,7.8,0.0,8.7
2024-07-22,Perth,7,204,19.9,11.8,8.1,0.0,8.6
2024-07-23,Perth,7,205,20.5,8.6,11.9,0.0,8.2
2024-07-24,Perth,7,206,19.8,13.5,6.3,0.0,9.4
2024-07-25,Perth,7,207,18.3,6.7,11.6,2.0,8.8
2024-07-26,Perth,7,208,20.6,11.9,8.7,0.0,8.8
2024-07-27,Perth,7,209,15.8,4.5,11.3,0.0,7.7
2024-07-28,Perth,7,210,13.7,2.2,11.5,0.0,7.8
2024-07-29,Perth,7,211,18.8,12.2,6.6,2.8,9.4
2024-07-30,Perth,7,212,19.2,11.1,8.1,1.5,9.2
2024-07-31,Perth,7,213,17.1,6.2,10.9,0.0,9.3
2024-08-01,Perth,8,214,21.7,14.3,7.4,1.0,9.4
2024-08-02,Perth,8,215,18.3,7.5,10.8,0.0,9.0
2024-08-03,Perth,8,216,20.7,11.7,9.0,0.0,8.7
2024-08-04,Perth,8,217,19.0,12.7,6.3,0.0,7.9
2024-08-05,Perth,8,218,20.7,11.5,9.2,0.0,8.6
2024-08-06,Perth,8,219,17.2,9.8,7.4,0.0,8.6
2024-08-07,Perth,8,220,15.0,3.6,11.4,0.5,9.4
2024-08-08,Perth,8,221,18.7,7.9,10.8,0.0,8.2
2024-08-09,Perth,8,222,16.4,6.3,10.1,1.8,9.1
2024-08-10,Perth,8,223,21.0,11.7,9.3,0.0,7.7
2024-08-11,Perth,8,224,20.1,8.6,11.5,2.6,8.0
2024-08-12,Perth,8,225,20.4,12.3,8.1,0.0,8.0
2024-08-13,Perth,8,226,15.9,6.2,9.7,1.2,7.7
2024-08-14,Perth,8,227,20.5,9.1,11.4,0.0,8.4
2024-08-15,Perth,8,228,17.1,11.0,6.1,0.0,9.1
2024-08-16,Perth,8,229,17.5,8.4,9.1,0.0,7.8
2024-08-17,Perth,8,230,18.3,8.2,10.1,0.0,8.7
2024-08-18,Perth,8,231,20.9,14.6,6.3,2.6,8.3
2024-08-19,Perth,8,232,15.7,7.8,7.9,0.0,9.4
2024-08-20,Perth,8,233,19.9,13.8,6.1,0.0,8.7
2024-08-21,Perth,8,234,20.5,9.5,11.0,0.0,9.0
2024-08-22,Perth,8,235,19.6,11.9,7.7,0.1,8.5
2024-08-23,Perth,8,236,16.7,6.8,9.9,0.0,9.1
2024-08-24,Perth,8,237,17.9,11.4,6.5,0.0,7.7
2024-08-25,Perth,8,238,18.7,9.5,9.2,0.0,9.1
2024-08-26,Perth,8,239,18.9,10.7,8.2,0.0,8.9
2024-08-27,Perth,8,240,16.6,10.3,6.3,0.0,9.4
2024-08-28,Perth,8,241,14.2,3.2,11.0,0.0,8.8
2024-08-29,Perth,8,242,20.6,8.8,11.8,2.1,9.3
2024-08-30,Perth,8,243,18.1,7.0,11.1,0.0,9.2
2024-08-31,Perth,8,244,16.7,6.3,10.4,0.0,9.3
2024-09-01,Perth,9,245,22.7,12.6,10.1,4.1,8.0
2024-09-02,Perth,9,246,21.3,10.6,10.7,0.0,7.8
2024-09-03,Perth,9,247,25.4,16.1,9.3,1.0,8.7
2024-09-04,Perth,9,248,23.9,12.4,11.5,0.0,9.0
2024-09-05,Perth,9,249,19.8,11.2,8.6,0.0,7.7
2024-09-06,Perth,9,250,21.5,11.8,9.7,0.0,8.4
2024-09-07,Perth,9,251,24.4,14.3,10.1,0.0,8.0
2024-09-08,Perth,9,252,21.1,12.7,8.4,0.0,8.7
2024-09-09,Perth,9,253,21.2,10.0,11.2,1.0,8.0
2024-09-10,Perth,9,254,23.8,17.6,6.2,0.0,7.6
2024-09-11,Perth,9,255,22.7,14.3,8.4,0.0,8.1
2024-09-12,Perth,9,256,19.4,9.8,9.6,0.0,8.2
2024-09-13,Perth,9,257,15.8,9.7,6.1,0.0,8.4
2024-09-14,Perth,9,258,24.9,14.9,10.0,0.0,8.6
2024-09-15,Perth,9,259,22.2,11.7,10.5,3.2,7.7
2024-09-16,Perth,9,260,20.7,10.5,10.2,0.0,8.7
2024-09-17,Perth,9,261,22.3,11.3,11.0,0.0,8.2
2024-09-18,Perth,9,262,20.1,10.7,9.4,2.8,8.3
2024-09-19,Perth,9,263,20.8,11.9,8.9,0.9,7.8
2024-09-20,Perth,9,264,16.8,7.5,9.3,0.1,8.7
2024-09-21,Perth,9,265,19.3,7.3,12.0,0.0,8.8
2024-09-22,Perth,9,266,21.1,13.8,7.3,0.0,7.8
2024-09-23,Perth,9,267,25.3,17.2,8.1,0.0,8.1
2024-09-24,Perth,9,268,23.7,13.2,10.5,3.3,9.3
2024-09-25,Perth,9,269,21.4,14.3,7.1,0.0,9.4
2024-09-26,Perth,9,270,19.8,13.4,6.4,0.0,7.7
2024-09-27,Perth,9,271,19.3,12.6,6.7,0.0,8.0
2024-09-28,Perth,9,272,21.3,10.7,10.6,0.2,8.3
2024-09-29,Perth,9,273,27.0,15.9,11.1,0.0,8.2
2024-09-30,Perth,9,274,23.8,17.1,6.7,0.2,8.9
2024-10-01,Perth,10,275,28.8,20.4,8.4,6.5,9.0
2024-10-02,Perth,10,276,22.8,15.0,7.8,0.4,8.3
2024-10-03,Perth,10,277,25.9,15.7,10.2,0.0,9.3
2024-10-04,Perth,10,278,24.9,13.5,11.4,0.0,7.8
2024-10-05,Perth,10,279,25.4,14.6,10.8,0.0,8.2
2024-10-06,Perth,10,280,26.3,20.2,6.1,0.6,7.8
2024-10-07,Perth,10,281,26.8,17.6,9.2,0.0,8.0
2024-10-08,Perth,10,282,31.8,24.0,7.8,1.8,7.6
2024-10-09,Perth,10,283,25.0,15.7,9.3,0.0,8.8
2024-10-10,Perth,10,284,24.7,13.7,11.0,0.0,9.5
2024-10-11,Perth,10,285,27.3,17.5,9.8,0.7,7.9
2024-10-12,Perth,10,286,22.8,13.6,9.2,1.2,7.8
2024-10-13,Perth,10,287,23.8,16.3,7.5,0.0,8.2
2024-10-14,Perth,10,288,23.0,13.5,9.5,0.0,8.9
2024-10-15,Perth,10,289,20.6,9.1,11.5,1.0,8.3
2024-10-16,Perth,10,290,22.6,12.5,10.1,0.0,8.3
2024-10-17,Perth,10,291,25.8,19.6,6.2,0.6,8.5
2024-10-18,Perth,10,292,21.1,11.6,9.5,9.6,8.4
2024-10-19,Perth,10,293,23.2,14.1,9.1,0.0,8.2
2024-10-20,Perth,10,294,21.7,13.5,8.2,2.0,9.5
2024-10-21,Perth,10,295,24.7,16.3,8.4,0.0,9.1
2024-10-22,Perth,10,296,20.0,9.6,10.4,0.0,8.9
2024-10-23,Perth,10,297,22.8,14.7,8.1,0.6,9.5
2024-10-24,Perth,10,298,22.9,13.9,9.0,0.0,8.5
2024-10-25,Perth,10,299,22.0,15.2,6.8,0.0,9.2
2024-10-26,Perth,10,300,24.1,14.5,9.6,0.0,8.5
2024-10-27,Perth,10,301,29.9,22.5,7.4,0.8,8.5
2024-10-28,Perth,10,302,21.1,14.0,7.1,0.0,9.4
2024-10-29,Perth,10,303,26.2,14.7,11.5,0.0,9.2
2024-10-30,Perth,10,304,25.7,18.5,7.2,0.0,7.8
2024-10-31,Perth,10,305,28.8,18.5,10.3,0.0,8.5
2024-11-01,Perth,11,306,27.9,21.3,6.6,0.0,8.6
2024-11-02,Perth,11,307,28.0,19.3,8.7,0.0,8.4
2024-11-03,Perth,11,308,33.0,26.7,6.3,0.0,8.0
2024-11-04,Perth,11,309,32.0,25.0,7.0,0.5,8.5
2024-11-05,Perth,11,310,31.4,22.1,9.3,0.0,9.2
2024-11-06,Perth,11,311,30.9,21.8,9.1,3.6,9.5
2024-11-07,Perth,11,312,29.7,20.3,9.4,0.0,7.9
2024-11-08,Perth,11,313,29.6,22.0,7.6,0.0,9.0
2024-11-09,Perth,11,314,29.3,19.6,9.7,3.2,8.2
2024-11-10,Perth,11,315,28.4,17.2,11.2,0.0,9.4
2024-11-11,Perth,11,316,31.2,20.6,10.6,0.0,8.1
2024-11-12,Perth,11,317,30.0,18.8,11.2,0.0,8.7
2024-11-13,Perth,11,318,27.5,19.9,7.6,1.6,8.9
2024-11-14,Perth,11,319,28.7,18.1,10.6,2.6,8.6
2024-11-15,Perth,11,320,28.1,21.1,7.0,0.0,7.9
2024-11-16,Perth,11,321,30.5,22.5,8.0,0.0,9.0
2024-11-17,Perth,11,322,28.8,19.6,9.2,0.0,8.2
2024-11-18,Perth,11,323,27.8,17.6,10.2,0.0,8.0
2024-11-19,Perth,11,324,30.3,24.2,6.1,0.9,9.5
2024-11-20,Perth,11,325,30.0,22.9,7.1,1.0,7.6
2024-11-21,Perth,11,326,29.2,17.3,11.9,0.0,8.9
2024-11-22,Perth,11,327,26.3,19.1,7.2,0.0,8.1
2024-11-23,Perth,11,328,33.4,23.4,10.0,0.0,7.9
2024-11-24,Perth,11,329,28.6,22.6,6.0,0.0,7.6
2024-11-25,Perth,11,330,29.4,22.9,6.5,0.0,9.3
2024-11-26,Perth,11,331,27.2,15.4,11.8,0.0,9.6
2024-11-27,Perth,11,332,29.6,20.2,9.4,3.5,8.9
2024-11-28,Perth,11,333,35.1,24.2,10.9,0.0,9.4
2024-11-29,Perth,11,334,24.6,13.2,11.4,0.0,7.8
2024-11-30,Perth,11,335,27.9,18.7,9.2,0.0,8.0
2024-12-01,Perth,12,336,31.0,21.5,9.5,0.0,8.7
2024-12-02,Perth,12,337,30.8,21.7,9.1,4.3,8.7
2024-12-03,Perth,12,338,33.0,26.9,6.1,0.0,8.6
2024-12-04,Perth,12,339,32.8,25.9,6.9,0.0,8.6
2024-12-05,Perth,12,340,29.6,20.1,9.5,0.0,8.7
2024-12-06,Perth,12,341,33.3,24.4,8.9,0.0,8.2
2024-12-07,Perth,12,342,34.0,27.6,6.4,9.9,8.8
2024-12-08,Perth,12,343,29.3,18.5,10.8,5.5,8.5
2024-12-09,Perth,12,344,31.6,21.4,10.2,0.4,9.4
2024-12-10,Perth,12,345,30.6,19.7,10.9,0.0,8.1
2024-12-11,Perth,12,346,33.3,24.7,8.6,0.0,8.8
2024-12-12,Perth,12,347,32.9,21.7,11.2,0.0,9.5
2024-12-13,Perth,12,348,30.2,22.1,8.1,0.0,8.4
2024-12-14,Perth,12,349,40.6,30.0,10.6,0.0,7.8
2024-12-15,Perth,12,350,29.5,20.1,9.4,1.8,8.2
2024-12-16,Perth,12,351,33.6,24.5,9.1,4.4,8.6
2024-12-17,Perth,12,352,30.1,19.1,11.0,0.0,9.5
2024-12-18,Perth,12,353,36.2,24.4,11.8,0.0,8.4
2024-12-19,Perth,12,354,35.1,24.0,11.1,0.1,9.4
2024-12-20,Perth,12,355,30.9,22.3,8.6,0.0,9.6
2024-12-21,Perth,12,356,28.9,17.1,11.8,0.0,9.0
2024-12-22,Perth,12,357,32.9,22.6,10.3,0.0,7.8
2024-12-23,Perth,12,358,30.2,21.1,9.1,0.0,8.8
2024-12-24,Perth,12,359,30.8,21.1,9.7,0.0,8.3
2024-12-25,Perth,12,360,29.9,20.9,9.0,0.0,9.2
2024-12-26,Perth,12,361,30.4,22.5,7.9,0.0,8.3
2024-12-27,Perth,12,362,27.2,18.9,8.3,0.0,8.8
2024-12-28,Perth,12,363,33.4,24.4,9.0,0.0,9.1
2024-12-29,Perth,12,364,36.0,24.6,11.4,0.0,9.5
2024-12-30,Perth,12,365,31.5,20.1,11.4,0.0,8.9
2024-12-31,Perth,12,366,32.9,23.3,9.6,0.0,7.9
2023-01-01,Adelaide,1,1,25.7,19.0,6.7,0.0,7.7
2023-01-02,Adelaide,1,2,28.6,22.6,6.0,0.1,7.2
2023-01-03,Adelaide,1,3,27.4,20.3,7.1,0.0,7.3
2023-01-04,Adelaide,1,4,33.8,26.7,7.1,0.1,7.3
2023-01-05,Adelaide,1,5,31.7,24.1,7.6,0.0,7.5
2023-01-06,Adelaide,1,6,30.3,22.5,7.8,4.4,6.8
2023-01-07,Adelaide,1,7,28.5,22.0,6.5,0.0,6.8
2023-01-08,Adelaide,1,8,29.2,17.2,12.0,0.0,6.6
2023-01-09,Adelaide,1,9,31.0,24.9,6.1,1.0,7.8
2023-01-10,Adelaide,1,10,29.9,20.5,9.4,0.0,7.1
2023-01-11,Adelaide,1,11,30.9,21.3,9.6,0.3,7.1
2023-01-12,Adelaide,1,12,32.4,20.6,11.8,1.8,6.6
2023-01-13,Adelaide,1,13,30.7,24.3,6.4,0.0,7.1
2023-01-14,Adelaide,1,14,33.3,22.8,10.5,0.0,6.5
2023-01-15,Adelaide,1,15,30.3,23.3,7.0,0.0,6.8
2023-01-16,Adelaide,1,16,28.4,21.6,6.8,0.0,6.3
2023-01-17,Adelaide,1,17,25.5,15.1,10.4,5.7,7.3
2023-01-18,Adelaide,1,18,30.6,24.1,6.5,0.0,7.6
2023-01-19,Adelaide,1,19,29.1,20.9,8.2,0.0,6.3
2023-01-20,Adelaide,1,20,30.2,19.6,10.6,0.0,6.2
2023-01-21,Adelaide,1,21,26.0,14.4,11.6,0.0,7.8
2023-01-22,Adelaide,1,22,26.7,15.5,11.2,0.0,6.8
2023-01-23,Adelaide,1,23,29.3,19.1,10.2,0.0,7.5
2023-01-24,Adelaide,1,24,29.5,18.6,10.9,0.0,7.8
2023-01-25,Adelaide,1,25,28.0,21.9,6.1,0.0,6.7
2023-01-26,Adelaide,1,26,33.5,26.4,7.1,0.9,7.0
2023-01-27,Adelaide,1,27,26.9,16.3,10.6,1.8,7.3
2023-01-28,Adelaide,1,28,33.4,23.8,9.6,0.0,7.3
2023-01-29,Adelaide,1,29,32.4,23.0,9.4,0.0,6.6
2023-01-30,Adelaide,1,30,28.4,22.0,6.4,0.0,6.2
2023-01-31,Adelaide,1,31,27.4,19.0,8.4,0.0,7.4
2023-02-01,Adelaide,2,32,30.3,20.5,9.8,0.0,6.0
2023-02-02,Adelaide,2,33,28.4,21.6,6.8,1.7,6.3
2023-02-03,Adelaide,2,34,27.6,15.7,11.9,0.0,7.6
2023-02-04,Adelaide,2,35,23.0,12.0,11.0,0.0,7.1
2023-02-05,Adelaide,2,36,28.7,18.8,9.9,0.0,6.6
2023-02-06,Adelaide,2,37,29.2,20.5,8.7,1.0,6.3
2023-02-07,Adelaide,2,38,27.8,17.5,10.3,0.0,7.1
2023-02-08,Adelaide,2,39,31.4,24.5,6.9,0.3,5.9
2023-02-09,Adelaide,2,40,29.0,17.5,11.5,0.0,6.5
2023-02-10,Adelaide,2,41,24.0,15.9,8.1,0.0,6.9
2023-02-11,Adelaide,2,42,32.1,22.7,9.4,0.0,6.0
2023-02-12,Adelaide,2,43,30.6,24.5,6.1,0.0,7.2
2023-02-13,Adelaide,2,44,27.8,20.8,7.0,2.4,6.4
2023-02-14,Adelaide,2,45,29.2,18.2,11.0,0.2,6.2
2023-02-15,Adelaide,2,46,26.6,18.5,8.1,0.0,7.3
2023-02-16,Adelaide,2,47,24.3,15.7,8.6,0.0,6.4
2023-02-17,Adelaide,2,48,24.9,18.4,6.5,0.5,5.9
2023-02-18,Adelaide,2,49,28.7,21.7,7.0,0.0,6.5
2023-02-19,Adelaide,2,50,29.3,22.1,7.2,0.0,6.4
2023-02-20,Adelaide,2,51,31.0,21.0,10.0,0.0,6.2
2023-02-21,Adelaide,2,52,31.6,21.0,10.6,0.0,5.9
2023-02-22,Adelaide,2,53,31.2,22.9,8.3,0.0,6.8
2023-02-23,Adelaide,2,54,28.7,17.1,11.6,1.1,7.6
2023-02-24,Adelaide,2,55,31.5,21.9,9.6,0.0,7.3
2023-02-25,Adelaide,2,56,30.2,19.2,11.0,4.0,7.6
2023-02-26,Adelaide,2,57,30.2,23.1,7.1,0.9,6.2
2023-02-27,Adelaide,2,58,30.1,20.9,9.2,0.0,7.6
2023-02-28,Adelaide,2,59,28.6,21.5,7.1,0.0,7.7
2023-03-01,Adelaide,3,60,29.3,17.4,11.9,0.0,6.3
2023-03-02,Adelaide,3,61,28.3,22.1,6.2,0.0,6.4
2023-03-03,Adelaide,3,62,23.5,15.6,7.9,0.0,6.9
2023-03-04,Adelaide,3,63,24.7,16.9,7.8,0.1,6.4
2023-03-05,Adelaide,3,64,30.6,21.7,8.9,0.1,6.3
2023-03-06,Adelaide,3,65,24.2,12.2,12.0,0.0,6.0
2023-03-07,Adelaide,3,66,29.6,20.3,9.3,1.7,7.4
2023-03-08,Adelaide,3,67,22.5,15.4,7.1,0.0,6.7
2023-03-09,Adelaide,3,68,25.6,18.7,6.9,1.8,6.3
2023-03-10,Adelaide,3,69,31.3,23.6,7.7,0.0,6.9
2023-03-11,Adelaide,3,70,24.4,12.9,11.5,3.1,7.7
2023-03-12,Adelaide,3,71,21.6,13.1,8.5,3.3,6.0
2023-03-13,Adelaide,3,72,29.9,19.3,10.6,0.0,7.0
2023-03-14,Adelaide,3,73,26.7,15.0,11.7,0.0,6.3
2023-03-15,Adelaide,3,74,28.1,19.7,8.4,0.0,7.3
2023-03-16,Adelaide,3,75,25.7,18.5,7.2,1.2,7.6
2023-03-17,Adelaide,3,76,26.1,19.1,7.0,1.2,6.5
2023-03-18,Adelaide,3,77,25.4,18.0,7.4,0.0,7.9
2023-03-19,Adelaide,3,78,28.9,18.4,10.5,2.1,6.6
2023-03-20,Adelaide,3,79,26.0,16.4,9.6,0.9,6.7
2023-03-21,Adelaide,3,80,27.8,17.7,10.1,5.7,7.4
2023-03-22,Adelaide,3,81,23.6,15.0,8.6,0.1,6.6
2023-03-23,Adelaide,3,82,25.3,16.7,8.6,0.0,7.7
2023-03-24,Adelaide,3,83,26.7,16.6,10.1,1.2,6.1
2023-03-25,Adelaide,3,84,28.2,19.8,8.4,1.0,6.6
2023-03-26,Adelaide,3,85,26.8,17.4,9.4,0.8,7.1
2023-03-27,Adelaide,3,86,22.9,14.6,8.3,0.0,7.1
2023-03-28,Adelaide,3,87,27.7,15.8,11.9,0.0,7.3
2023-03-29,Adelaide,3,88,26.5,18.8,7.7,0.0,7.3
2023-03-30,Adelaide,3,89,28.8,19.8,9.0,0.0,7.1
2023-03-31,Adelaide,3,90,27.8,21.5,6.3,0.0,6.4
2023-04-01,Adelaide,4,91,17.3,8.4,8.9,0.0,7.4
2023-04-02,Adelaide,4,92,20.0,11.1,8.9,0.0,6.6
2023-04-03,Adelaide,4,93,21.3,13.7,7.6,0.0,6.8
2023-04-04,Adelaide,4,94,23.3,14.9,8.4,0.0,7.0
2023-04-05,Adelaide,4,95,22.5,12.4,10.1,0.3,6.3
2023-04-06,Adelaide,4,96,19.3,10.7,8.6,0.0,6.4
2023-04-07,Adelaide,4,97,22.0,14.6,7.4,0.0,6.3
2023-04-08,Adelaide,4,98,21.6,9.9,11.7,0.0,7.3
2023-04-09,Adelaide,4,99,25.1,17.1,8.0,0.0,7.9
2023-04-10,Adelaide,4,100,21.7,12.6,9.1,0.0,7.5
2023-04-11,Adelaide,4,101,23.7,13.4,10.3,0.0,7.1
2023-04-12,Adelaide,4,102,23.3,12.4,10.9,0.0,6.5
2023-04-13,Adelaide,4,103,25.6,18.5,7.1,0.0,6.7
2023-04-14,Adelaide,4,104,22.0,12.4,9.6,0.8,7.4
2023-04-15,Adelaide,4,105,21.9,15.6,6.3,0.4,6.2
2023-04-16,Adelaide,4,106,23.1,13.3,9.8,0.0,6.0
2023-04-17,Adelaide,4,107,22.2,15.3,6.9,0.0,6.8
2023-04-18,Adelaide,4,108,23.7,13.3,10.4,0.5,6.7
2023-04-19,Adelaide,4,109,21.5,12.1,9.4,0.0,6.1
2023-04-20,Adelaide,4,110,19.2,10.1,9.1,0.0,7.1
2023-04-21,Adelaide,4,111,19.9,10.3,9.6,1.8,7.8
2023-04-22,Adelaide,4,112,20.2,12.9,7.3,0.0,6.9
2023-04-23,Adelaide,4,113,23.5,17.3,6.2,0.0,7.5
2023-04-24,Adelaide,4,114,23.4,16.0,7.4,0.0,7.6
2023-04-25,Adelaide,4,115,20.0,12.3,7.7,0.7,6.5
2023-04-26,Adelaide,4,116,23.9,12.5,11.4,0.0,7.8
2023-04-27,Adelaide,4,117,22.1,15.3,6.8,0.0,5.9
2023-04-28,Adelaide,4,118,20.5,14.0,6.5,0.0,6.2
2023-04-29,Adelaide,4,119,18.9,8.9,10.0,0.0,6.6
2023-04-30,Adelaide,4,120,22.0,12.4,9.6,0.0,6.9
2023-05-01,Adelaide,5,121,22.3,14.5,7.8,4.7,7.0
2023-05-02,Adelaide,5,122,18.9,12.6,6.3,0.0,7.3
2023-05-03,Adelaide,5,123,20.4,12.1,8.3,0.0,6.3
2023-05-04,Adelaide,5,124,20.1,9.4,10.7,0.0,7.7
2023-05-05,Adelaide,5,125,20.4,13.8,6.6,2.4,5.9
2023-05-06,Adelaide,5,126,21.3,9.8,11.5,0.0,6.1
2023-05-07,Adelaide,5,127,17.6,9.2,8.4,4.3,6.0
2023-05-08,Adelaide,5,128,22.6,10.8,11.8,0.0,7.0
2023-05-09,Adelaide,5,129,18.5,11.9,6.6,0.4,7.5
2023-05-10,Adelaide,5,130,19.3,7.9,11.4,2.0,6.8
2023-05-11,Adelaide,5,131,16.0,8.7,7.3,3.3,7.3
2023-05-12,Adelaide,5,132,15.9,6.9,9.0,0.0,6.1
2023-05-13,Adelaide,5,133,20.7,12.6,8.1,0.6,7.8
2023-05-14,Adelaide,5,134,14.2,4.5,9.7,0.0,5.9
2023-05-15,Adelaide,5,135,16.6,10.4,6.2,0.0,6.8
2023-05-16,Adelaide,5,136,18.5,8.0,10.5,0.1,7.6
2023-05-17,Adelaide,5,137,17.5,6.8,10.7,0.9,7.3
2023-05-18,Adelaide,5,138,22.5,10.9,11.6,0.0,7.4
2023-05-19,Adelaide,5,139,17.2,8.2,9.0,0.0,7.5
2023-05-20,Adelaide,5,140,20.2,13.8,6.4,0.6,6.4
2023-05-21,Adelaide,5,141,17.1,5.7,11.4,0.0,6.9
2023-05-22,Adelaide,5,142,17.8,6.4,11.4,0.0,7.6
2023-05-23,Adelaide,5,143,20.3,8.4,11.9,2.0,6.7
2023-05-24,Adelaide,5,144,11.7,1.6,10.1,7.5,7.1
2023-05-25,Adelaide,5,145,18.6,9.7,8.9,0.0,6.9
2023-05-26,Adelaide,5,146,15.9,8.7,7.2,0.0,6.1
2023-05-27,Adelaide,5,147,16.2,5.6,10.6,0.0,7.4
2023-05-28,Adelaide,5,148,16.4,6.4,10.0,0.0,6.6
2023-05-29,Adelaide,5,149,17.7,9.3,8.4,3.3,6.5
2023-05-30,Adelaide,5,150,20.5,13.6,6.9,0.9,6.5
2023-05-31,Adelaide,5,151,17.2,9.6,7.6,0.0,7.5
2023-06-01,Adelaide,6,152,17.1,8.4,8.7,0.0,7.3
2023-06-02,Adelaide,6,153,20.0,9.1,10.9,0.0,6.8
2023-06-03,Adelaide,6,154,17.1,9.6,7.5,0.0,6.9
2023-06-04,Adelaide,6,155,17.6,8.4,9.2,0.0,6.8
2023-06-05,Adelaide,6,156,20.9,14.5,6.4,0.7,7.3
2023-06-06,Adelaide,6,157,19.4,12.5,6.9,0.0,6.6
2023-06-07,Adelaide,6,158,15.6,6.9,8.7,0.7,7.2
2023-06-08,Adelaide,6,159,13.6,2.5,11.1,0.0,6.2
2023-06-09,Adelaide,6,160,18.3,11.0,7.3,0.0,7.6
2023-06-10,Adelaide,6,161,19.1,8.5,10.6,0.0,7.8
2023-06-11,Adelaide,6,162,17.9,7.3,10.6,0.0,6.0
2023-06-12,Adelaide,6,163,15.8,8.5,7.3,0.0,6.8
2023-06-13,Adelaide,6,164,14.0,6.5,7.5,0.0,6.1
2023-06-14,Adelaide,6,165,19.9,10.5,9.4,0.0,6.3
2023-06-15,Adelaide,6,166,17.8,6.1,11.7,0.5,6.9
2023-06-16,Adelaide,6,167,15.2,6.2,9.0,2.5,6.0
2023-06-17,Adelaide,6,168,18.9,9.8,9.1,0.0,7.4
2023-06-18,Adelaide,6,169,12.3,1.5,10.8,0.0,7.6
2023-06-19,Adelaide,6,170,14.8,8.8,6.0,0.0,6.3
2023-06-20,Adelaide,6,171,17.6,11.4,6.2,0.0,7.2
2023-06-21,Adelaide,6,172,16.9,7.1,9.8,0.0,6.1
2023-06-22,Adelaide,6,173,16.9,6.8,10.1,0.0,7.4
2023-06-23,Adelaide,6,174,15.8,6.7,9.1,0.0,6.0
2023-06-24,Adelaide,6,175,16.4,8.0,8.4,3.0,6.1
2023-06-25,Adelaide,6,176,18.2,10.0,8.2,1.4,6.3
2023-06-26,Adelaide,6,177,14.0,4.6,9.4,0.0,7.3
2023-06-27,Adelaide,6,178,11.4,-0.2,11.6,0.0,7.2
2023-06-28,Adelaide,6,179,17.1,6.0,11.1,0.0,6.0
2023-06-29,Adelaide,6,180,20.4,8.7,11.7,0.0,6.6
2023-06-30,Adelaide,6,181,13.7,3.5,10.2,0.0,7.7
2023-07-01,Adelaide,7,182,17.3,7.8,9.5,0.1,6.3
2023-07-02,Adelaide,7,183,13.2,6.9,6.3,1.9,6.1
2023-07-03,Adelaide,7,184,16.3,8.2,8.1,0.2,6.5
2023-07-04,Adelaide,7,185,16.3,6.3,10.0,0.4,6.4
2023-07-05,Adelaide,7,186,13.9,5.4,8.5,0.7,7.3
2023-07-06,Adelaide,7,187,18.3,8.0,10.3,0.7,7.0
2023-07-07,Adelaide,7,188,16.5,4.9,11.6,1.3,6.9
2023-07-08,Adelaide,7,189,16.1,9.7,6.4,1.5,6.0
2023-07-09,Adelaide,7,190,15.6,5.0,10.6,0.0,7.1
2023-07-10,Adelaide,7,191,14.9,4.9,10.0,0.6,7.8
2023-07-11,Adelaide,7,192,15.6,5.3,10.3,0.0,6.8
2023-07-12,Adelaide,7,193,14.6,8.0,6.6,0.0,7.0
2023-07-13,Adelaide,7,194,9.5,0.3,9.2,1.3,7.6
2023-07-14,Adelaide,7,195,17.6,10.8,6.8,0.0,7.7
2023-07-15,Adelaide,7,196,13.4,2.9,10.5,2.5,6.3
2023-07-16,Adelaide,7,197,11.7,1.9,9.8,0.0,7.9
2023-07-17,Adelaide,7,198,14.0,5.2,8.8,0.1,7.5
2023-07-18,Adelaide,7,199,15.2,9.1,6.1,0.7,5.9
2023-07-19,Adelaide,7,200,16.2,5.8,10.4,0.0,6.5
2023-07-20,Adelaide,7,201,14.2,5.7,8.5,0.0,6.2
2023-07-21,Adelaide,7,202,13.6,6.7,6.9,0.0,7.6
2023-07-22,Adelaide,7,203,16.2,7.1,9.1,0.0,6.2
2023-07-23,Adelaide,7,204,16.2,6.6,9.6,0.1,6.7
2023-07-24,Adelaide,7,205,13.3,2.4,10.9,0.0,6.4
2023-07-25,Adelaide,7,206,8.5,1.9,6.6,0.0,7.1
2023-07-26,Adelaide,7,207,13.4,5.5,7.9,0.0,6.9
2023-07-27,Adelaide,7,208,14.8,6.5,8.3,0.0,7.8
2023-07-28,Adelaide,7,209,17.3,10.5,6.8,0.6,7.5
2023-07-29,Adelaide,7,210,10.8,4.2,6.6,1.3,6.5
2023-07-30,Adelaide,7,211,13.3,4.7,8.6,0.6,6.9
2023-07-31,Adelaide,7,212,14.4,6.4,8.0,0.8,6.5
2023-08-01,Adelaide,8,213,14.7,7.5,7.2,3.6,6.3
2023-08-02,Adelaide,8,214,18.1,7.0,11.1,0.6,7.8
2023-08-03,Adelaide,8,215,17.9,11.5,6.4,0.1,6.3
2023-08-04,Adelaide,8,216,15.2,5.1,10.1,0.0,5.9
2023-08-05,Adelaide,8,217,18.3,9.1,9.2,0.0,7.0
2023-08-06,Adelaide,8,218,16.6,9.1,7.5,1.0,7.2
2023-08-07,Adelaide,8,219,15.2,6.1,9.1,0.0,6.1
2023-08-08,Adelaide,8,220,15.6,5.0,10.6,0.0,6.9
2023-08-09,Adelaide,8,221,13.9,2.9,11.0,0.1,7.2
2023-08-10,Adelaide,8,222,14.1,7.8,6.3,0.0,6.2
2023-08-11,Adelaide,8,223,16.5,7.1,9.4,0.0,7.6
2023-08-12,Adelaide,8,224,17.8,11.0,6.8,0.0,6.2
2023-08-13,Adelaide,8,225,16.9,10.6,6.3,0.0,7.4
2023-08-14,Adelaide,8,226,13.9,7.0,6.9,0.0,6.6
2023-08-15,Adelaide,8,227,13.6,5.8,7.8,0.0,7.7
2023-08-16,Adelaide,8,228,13.2,2.2,11.0,8.1,7.6
2023-08-17,Adelaide,8,229,15.9,5.1,10.8,0.0,6.0
2023-08-18,Adelaide,8,230,15.0,3.3,11.7,0.0,6.4
2023-08-19,Adelaide,8,231,13.2,7.1,6.1,2.4,6.2
2023-08-20,Adelaide,8,232,19.0,9.8,9.2,0.0,6.5
2023-08-21,Adelaide,8,233,13.3,6.7,6.6,3.2,6.5
2023-08-22,Adelaide,8,234,15.5,6.9,8.6,0.0,6.2
2023-08-23,Adelaide,8,235,14.3,4.2,10.1,0.0,6.9
2023-08-24,Adelaide,8,236,16.2,10.1,6.1,0.8,7.6
2023-08-25,Adelaide,8,237,18.2,11.7,6.5,0.0,7.7
2023-08-26,Adelaide,8,238,13.1,5.5,7.6,0.0,6.2
2023-08-27,Adelaide,8,239,18.0,8.3,9.7,0.0,6.3
2023-08-28,Adelaide,8,240,17.0,10.4,6.6,0.0,7.7
2023-08-29,Adelaide,8,241,15.8,6.4,9.4,0.0,7.7
2023-08-30,Adelaide,8,242,16.2,9.9,6.3,0.0,6.8
2023-08-31,Adelaide,8,243,17.9,7.6,10.3,0.7,7.1
2023-09-01,Adelaide,9,244,14.2,7.4,6.8,0.0,7.4
2023-09-02,Adelaide,9,245,20.1,12.4,7.7,1.1,7.4
2023-09-03,Adelaide,9,246,20.4,9.2,11.2,0.2,7.7
2023-09-04,Adelaide,9,247,20.5,8.8,11.7,0.0,7.2
2023-09-05,Adelaide,9,248,20.4,10.9,9.5,0.0,7.5
2023-09-06,Adelaide,9,249,20.2,13.6,6.6,0.0,6.4
2023-09-07,Adelaide,9,250,20.6,14.5,6.1,0.0,7.5
2023-09-08,Adelaide,9,251,20.2,12.6,7.6,0.3,6.0
2023-09-09,Adelaide,9,252,18.7,8.1,10.6,0.0,6.4
2023-09-10,Adelaide,9,253,18.9,7.0,11.9,0.0,7.8
2023-09-11,Adelaide,9,254,22.6,11.0,11.6,0.0,6.7
2023-09-12,Adelaide,9,255,15.2,4.1,11.1,0.0,6.4
2023-09-13,Adelaide,9,256,23.6,16.5,7.1,0.0,7.7
2023-09-14,Adelaide,9,257,20.4,9.4,11.0,0.8,6.7
2023-09-15,Adelaide,9,258,24.0,12.9,11.1,0.1,6.9
2023-09-16,Adelaide,9,259,16.2,7.0,9.2,0.0,7.8
2023-09-17,Adelaide,9,260,18.3,10.4,7.9,0.0,7.1
2023-09-18,Adelaide,9,261,19.9,13.4,6.5,0.0,6.7
2023-09-19,Adelaide,9,262,15.2,5.3,9.9,0.0,6.8
2023-09-20,Adelaide,9,263,18.0,11.1,6.9,0.0,6.5
2023-09-21,Adelaide,9,264,17.9,5.9,12.0,0.0,6.7
2023-09-22,Adelaide,9,265,18.3,7.9,10.4,0.0,6.4
2023-09-23,Adelaide,9,266,20.4,12.4,8.0,1.1,6.3
2023-09-24,Adelaide,9,267,17.3,7.4,9.9,0.0,7.8
2023-09-25,Adelaide,9,268,19.9,9.3,10.6,0.0,6.7
2023-09-26,Adelaide,9,269,20.8,14.1,6.7,0.0,7.2
2023-09-27,Adelaide,9,270,16.1,9.5,6.6,2.9,7.1
2023-09-28,Adelaide,9,271,17.9,7.6,10.3,0.0,6.8
2023-09-29,Adelaide,9,272,14.3,6.6,7.7,0.0,7.4
2023-09-30,Adelaide,9,273,17.4,8.4,9.0,0.3,6.4
2023-10-01,Adelaide,10,274,15.9,6.6,9.3,0.0,6.7
2023-10-02,Adelaide,10,275,23.3,16.4,6.9,0.9,6.8
2023-10-03,Adelaide,10,276,26.0,15.8,10.2,0.0,6.8
2023-10-04,Adelaide,10,277,19.6,9.2,10.4,1.5,7.5
2023-10-05,Adelaide,10,278,22.3,10.3,12.0,0.3,7.3
2023-10-06,Adelaide,10,279,20.5,10.4,10.1,0.0,7.5
2023-10-07,Adelaide,10,280,21.4,12.8,8.6,0.8,6.2
2023-10-08,Adelaide,10,281,24.3,14.9,9.4,1.5,7.1
2023-10-09,Adelaide,10,282,19.7,11.7,8.0,0.0,6.8
2023-10-10,Adelaide,10,283,23.9,17.1,6.8,0.0,6.4
2023-10-11,Adelaide,10,284,21.4,14.7,6.7,0.0,7.3
2023-10-12,Adelaide,10,285,27.1,19.9,7.2,7.2,6.3
2023-10-13,Adelaide,10,286,25.2,15.9,9.3,0.0,6.5
2023-10-14,Adelaide,10,287,21.6,14.0,7.6,1.9,7.0
2023-10-15,Adelaide,10,288,21.4,15.3,6.1,0.0,5.9
2023-10-16,Adelaide,10,289,20.0,8.8,11.2,0.0,5.9
2023-10-17,Adelaide,10,290,27.2,17.4,9.8,0.0,6.9
2023-10-18,Adelaide,10,291,24.8,14.4,10.4,0.0,7.3
2023-10-19,Adelaide,10,292,24.0,12.0,12.0,0.0,7.1
2023-10-20,Adelaide,10,293,25.4,16.7,8.7,0.0,7.1
2023-10-21,Adelaide,10,294,27.3,18.7,8.6,3.2,7.6
2023-10-22,Adelaide,10,295,25.8,17.0,8.8,0.0,7.8
2023-10-23,Adelaide,10,296,20.4,12.7,7.7,0.4,6.8
2023-10-24,Adelaide,10,297,24.4,14.5,9.9,0.0,6.6
2023-10-25,Adelaide,10,298,22.2,11.5,10.7,0.0,7.1
2023-10-26,Adelaide,10,299,18.9,12.5,6.4,0.4,6.5
2023-10-27,Adelaide,10,300,22.3,10.9,11.4,0.0,6.5
2023-10-28,Adelaide,10,301,20.5,13.7,6.8,0.2,7.0
2023-10-29,Adelaide,10,302,23.2,13.8,9.4,3.1,7.1
2023-10-30,Adelaide,10,303,17.5,8.9,8.6,0.1,7.8
2023-10-31,Adelaide,10,304,24.2,16.6,7.6,0.0,7.0
2023-11-01,Adelaide,11,305,27.7,15.7,12.0,0.8,7.6
2023-11-02,Adelaide,11,306,22.4,10.7,11.7,1.8,6.0
2023-11-03,Adelaide,11,307,29.4,18.5,10.9,0.0,6.8
2023-11-04,Adelaide,11,308,27.2,18.0,9.2,0.0,7.6
2023-11-05,Adelaide,11,309,24.9,16.8,8.1,0.0,7.8
2023-11-06,Adelaide,11,310,22.3,13.2,9.1,0.2,6.9
2023-11-07,Adelaide,11,311,25.9,14.6,11.3,0.0,7.5
2023-11-08,Adelaide,11,312,24.5,17.1,7.4,0.0,7.6
2023-11-09,Adelaide,11,313,23.7,12.9,10.8,3.9,7.5
2023-11-10,Adelaide,11,314,26.6,17.2,9.4,0.0,7.4
2023-11-11,Adelaide,11,315,30.9,22.7,8.2,0.0,6.7
2023-11-12,Adelaide,11,316,25.4,18.4,7.0,0.0,6.0
2023-11-13,Adelaide,11,317,25.2,15.8,9.4,0.0,6.6
2023-11-14,Adelaide,11,318,28.0,20.6,7.4,0.2,7.8
2023-11-15,Adelaide,11,319,25.0,14.9,10.1,0.0,6.2
2023-11-16,Adelaide,11,320,27.9,18.9,9.0,0.1,7.1
2023-11-17,Adelaide,11,321,24.6,16.7,7.9,0.0,6.8
2023-11-18,Adelaide,11,322,26.6,16.8,9.8,0.0,6.4
2023-11-19,Adelaide,11,323,28.0,18.7,9.3,0.0,6.4
2023-11-20,Adelaide,11,324,26.3,19.3,7.0,2.7,7.1
2023-11-21,Adelaide,11,325,24.6,18.1,6.5,0.0,7.8
2023-11-22,Adelaide,11,326,27.9,17.4,10.5,0.0,6.6
2023-11-23,Adelaide,11,327,26.5,18.1,8.4,0.1,7.2
2023-11-24,Adelaide,11,328,28.1,19.6,8.5,0.0,5.9
2023-11-25,Adelaide,11,329,24.4,16.8,7.6,0.0,7.3
2023-11-26,Adelaide,11,330,25.9,17.8,8.1,0.0,6.1
2023-11-27,Adelaide,11,331,23.8,12.0,11.8,0.8,7.7
2023-11-28,Adelaide,11,332,25.1,17.3,7.8,0.0,6.2
2023-11-29,Adelaide,11,333,26.1,18.0,8.1,0.0,7.1
2023-11-30,Adelaide,11,334,29.8,18.0,11.8,3.3,7.3
2023-12-01,Adelaide,12,335,27.0,16.2,10.8,0.0,7.7
2023-12-02,Adelaide,12,336,27.8,19.8,8.0,0.0,7.8
2023-12-03,Adelaide,12,337,23.1,14.8,8.3,0.0,6.1
2023-12-04,Adelaide,12,338,30.1,21.0,9.1,0.0,6.3
2023-12-05,Adelaide,12,339,28.5,19.6,8.9,0.1,7.5
2023-12-06,Adelaide,12,340,32.9,24.6,8.3,0.0,6.2
2023-12-07,Adelaide,12,341,29.3,22.2,7.1,0.0,6.6
2023-12-08,Adelaide,12,342,33.1,25.1,8.0,0.0,6.4
2023-12-09,Adelaide,12,343,27.5,19.9,7.6,0.0,7.8
2023-12-10,Adelaide,12,344,29.2,18.1,11.1,2.0,6.3
2023-12-11,Adelaide,12,345,27.9,18.2,9.7,0.0,6.9
2023-12-12,Adelaide,12,346,31.7,22.0,9.7,0.3,7.7
2023-12-13,Adelaide,12,347,31.0,23.5,7.5,0.5,6.5
2023-12-14,Adelaide,12,348,26.5,18.9,7.6,0.2,7.2
2023-12-15,Adelaide,12,349,28.0,17.9,10.1,3.6,6.8
2023-12-16,Adelaide,12,350,34.0,27.8,6.2,0.0,7.5
2023-12-17,Adelaide,12,351,28.2,16.3,11.9,0.0,6.3
2023-12-18,Adelaide,12,352,27.4,18.9,8.5,0.0,6.4
2023-12-19,Adelaide,12,353,29.6,20.0,9.6,0.0,7.1
2023-12-20,Adelaide,12,354,29.2,21.4,7.8,0.0,6.0
2023-12-21,Adelaide,12,355,26.9,18.1,8.8,0.0,6.6
2023-12-22,Adelaide,12,356,29.3,19.9,9.4,3.1,6.4
2023-12-23,Adelaide,12,357,27.2,16.5,10.7,1.4,5.9
2023-12-24,Adelaide,12,358,31.2,24.3,6.9,0.4,7.5
2023-12-25,Adelaide,12,359,28.4,18.7,9.7,6.3,7.8
2023-12-26,Adelaide,12,360,29.3,19.8,9.5,1.7,7.5
2023-12-27,Adelaide,12,361,30.8,22.4,8.4,0.0,6.5
2023-12-28,Adelaide,12,362,26.0,19.8,6.2,0.0,6.1
2023-12-29,Adelaide,12,363,29.5,17.5,12.0,0.6,7.0
2023-12-30,Adelaide,12,364,30.4,19.5,10.9,1.1,6.2
2023-12-31,Adelaide,12,365,27.4,18.5,8.9,0.2,7.9
2024-01-01,Adelaide,1,1,30.8,24.3,6.5,0.7,7.9
2024-01-02,Adelaide,1,2,29.8,18.4,11.4,0.0,7.1
2024-01-03,Adelaide,1,3,28.8,19.8,9.0,0.0,6.8
2024-01-04,Adelaide,1,4,26.2,14.6,11.6,2.7,6.8
2024-01-05,Adelaide,1,5,28.7,18.2,10.5,0.0,7.4
2024-01-06,Adelaide,1,6,32.3,22.6,9.7,0.0,6.3
2024-01-07,Adelaide,1,7,30.7,23.0,7.7,0.0,7.1
2024-01-08,Adelaide,1,8,26.3,19.4,6.9,0.0,7.3
2024-01-09,Adelaide,1,9,28.5,17.5,11.0,1.8,7.7
2024-01-10,Adelaide,1,10,31.8,23.0,8.8,0.0,6.7
2024-01-11,Adelaide,1,11,34.3,23.3,11.0,0.0,7.8
2024-01-12,Adelaide,1,12,29.3,19.1,10.2,0.0,6.1
2024-01-13,Adelaide,1,13,32.6,23.4,9.2,0.0,6.8
2024-01-14,Adelaide,1,14,26.9,20.5,6.4,0.0,7.0
2024-01-15,Adelaide,1,15,34.2,24.4,9.8,0.0,6.0
2024-01-16,Adelaide,1,16,31.8,24.9,6.9,0.0,6.2
2024-01-17,Adelaide,1,17,33.3,24.8,8.5,0.0,7.8
2024-01-18,Adelaide,1,18,32.7,22.5,10.2,3.6,7.7
2024-01-19,Adelaide,1,19,30.8,24.7,6.1,0.0,7.2
2024-01-20,Adelaide,1,20,30.7,19.3,11.4,0.9,7.1
2024-01-21,Adelaide,1,21,25.9,14.0,11.9,1.2,6.3
2024-01-22,Adelaide,1,22,29.8,19.2,10.6,0.0,6.3
2024-01-23,Adelaide,1,23,33.4,21.8,11.6,0.5,6.5
2024-01-24,Adelaide,1,24,31.1,20.6,10.5,0.4,7.5
2024-01-25,Adelaide,1,25,31.1,21.9,9.2,0.0,7.1
2024-01-26,Adelaide,1,26,34.1,23.0,11.1,0.0,7.2
2024-01-27,Adelaide,1,27,28.5,19.7,8.8,0.0,7.5
2024-01-28,Adelaide,1,28,28.8,19.7,9.1,0.0,6.5
2024-01-29,Adelaide,1,29,33.7,23.8,9.9,0.2,7.3
2024-01-30,Adelaide,1,30,33.3,23.4,9.9,0.5,6.1
2024-01-31,Adelaide,1,31,30.2,23.2,7.0,0.0,7.1
2024-02-01,Adelaide,2,32,29.6,22.9,6.7,0.5,7.2
2024-02-02,Adelaide,2,33,30.7,22.7,8.0,0.0,6.6
2024-02-03,Adelaide,2,34,30.7,19.7,11.0,0.9,7.0
2024-02-04,Adelaide,2,35,31.6,21.5,10.1,0.0,5.9
2024-02-05,Adelaide,2,36,26.1,19.0,7.1,0.0,7.0
2024-02-06,Adelaide,2,37,29.6,18.6,11.0,0.0,6.3
2024-02-07,Adelaide,2,38,27.5,16.0,11.5,0.0,6.2
2024-02-08,Adelaide,2,39,30.5,19.0,11.5,0.9,6.7
2024-02-09,Adelaide,2,40,31.8,21.6,10.2,2.2,7.1
2024-02-10,Adelaide,2,41,30.6,21.0,9.6,0.0,7.4
2024-02-11,Adelaide,2,42,31.9,25.5,6.4,0.0,6.8
2024-02-12,Adelaide,2,43,27.1,20.7,6.4,0.0,6.8
2024-02-13,Adelaide,2,44,29.3,19.3,10.0,0.0,6.7
2024-02-14,Adelaide,2,45,33.6,24.4,9.2,0.0,7.3
2024-02-15,Adelaide,2,46,26.0,16.4,9.6,0.0,6.4
2024-02-16,Adelaide,2,47,26.2,18.8,7.4,0.0,7.7
2024-02-17,Adelaide,2,48,26.9,20.5,6.4,0.0,7.2
2024-02-18,Adelaide,2,49,25.3,13.9,11.4,0.0,7.9
2024-02-19,Adelaide,2,50,30.7,22.8,7.9,0.0,6.5
2024-02-20,Adelaide,2,51,27.1,16.7,10.4,0.0,7.2
2024-02-21,Adelaide,2,52,33.4,25.7,7.7,0.0,6.5
2024-02-22,Adelaide,2,53,29.7,20.7,9.0,0.0,7.9
2024-02-23,Adelaide,2,54,31.1,19.3,11.8,0.0,7.5
2024-02-24,Adelaide,2,55,33.7,23.5,10.2,0.0,6.9
2024-02-25,Adelaide,2,56,22.8,15.1,7.7,5.4,6.8
2024-02-26,Adelaide,2,57,28.7,20.9,7.8,0.0,7.3
2024-02-27,Adelaide,2,58,30.5,19.9,10.6,0.0,6.5
2024-02-28,Adelaide,2,59,28.5,20.7,7.8,0.0,6.3
2024-02-29,Adelaide,2,60,25.9,14.6,11.3,0.0,7.3
2024-03-01,Adelaide,3,61,26.4,19.4,7.0,1.0,6.9
2024-03-02,Adelaide,3,62,26.5,17.6,8.9,0.0,6.3
2024-03-03,Adelaide,3,63,21.5,14.4,7.1,2.9,6.9
2024-03-04,Adelaide,3,64,23.6,13.7,9.9,1.0,7.7
2024-03-05,Adelaide,3,65,21.4,14.6,6.8,3.2,7.2
2024-03-06,Adelaide,3,66,28.5,17.0,11.5,0.0,7.8
2024-03-07,Adelaide,3,67,27.5,17.9,9.6,0.4,6.6
2024-03-08,Adelaide,3,68,27.3,17.3,10.0,0.0,6.2
2024-03-09,Adelaide,3,69,24.2,15.4,8.8,0.0,6.3
2024-03-10,Adelaide,3,70,27.9,16.1,11.8,0.0,7.0
2024-03-11,Adelaide,3,71,24.1,16.8,7.3,1.0,5.9
2024-03-12,Adelaide,3,72,28.4,19.1,9.3,0.7,6.3
2024-03-13,Adelaide,3,73,27.5,18.3,9.2,3.6,7.8
2024-03-14,Adelaide,3,74,24.4,17.2,7.2,0.0,6.1
2024-03-15,Adelaide,3,75,28.4,21.8,6.6,0.0,7.9
2024-03-16,Adelaide,3,76,26.5,20.4,6.1,0.0,7.4
2024-03-17,Adelaide,3,77,28.4,22.3,6.1,0.0,6.1
2024-03-18,Adelaide,3,78,25.8,18.3,7.5,0.3,7.8
2024-03-19,Adelaide,3,79,30.2,19.3,10.9,0.0,7.4
2024-03-20,Adelaide,3,80,29.4,18.4,11.0,0.2,6.5
2024-03-21,Adelaide,3,81,26.0,17.0,9.0,0.8,6.1
2024-03-22,Adelaide,3,82,22.5,14.4,8.1,0.0,5.9
2024-03-23,Adelaide,3,83,24.9,15.7,9.2,0.0,6.5
2024-03-24,Adelaide,3,84,27.4,20.7,6.7,0.0,7.8
2024-03-25,Adelaide,3,85,27.3,16.3,11.0,0.8,7.5
2024-03-26,Adelaide,3,86,24.1,18.1,6.0,0.0,7.2
2024-03-27,Adelaide,3,87,21.6,13.9,7.7,0.0,7.5
2024-03-28,Adelaide,3,88,27.8,17.8,10.0,0.0,6.9
2024-03-29,Adelaide,3,89,27.7,15.8,11.9,0.0,6.2
2024-03-30,Adelaide,3,90,29.2,22.7,6.5,0.0,7.6
2024-03-31,Adelaide,3,91,27.2,16.5,10.7,0.7,7.0
2024-04-01,Adelaide,4,92,23.2,16.5,6.7,0.0,7.7
2024-04-02,Adelaide,4,93,24.0,16.1,7.9,0.0,6.4
2024-04-03,Adelaide,4,94,19.7,13.5,6.2,0.0,5.9
2024-04-04,Adelaide,4,95,20.1,10.9,9.2,0.0,7.6
2024-04-05,Adelaide,4,96,25.1,13.3,11.8,2.7,6.8
2024-04-06,Adelaide,4,97,22.8,11.4,11.4,0.8,6.0
2024-04-07,Adelaide,4,98,24.2,14.0,10.2,0.0,6.5
2024-04-08,Adelaide,4,99,25.0,14.2,10.8,1.3,7.1
2024-04-09,Adelaide,4,100,22.6,11.5,11.1,0.0,7.2
2024-04-10,Adelaide,4,101,18.5,7.3,11.2,0.0,6.3
2024-04-11,Adelaide,4,102,24.6,17.4,7.2,1.0,5.9
2024-04-12,Adelaide,4,103,21.8,14.7,7.1,0.0,7.4
2024-04-13,Adelaide,4,104,22.3,14.6,7.7,0.0,7.0
2024-04-14,Adelaide,4,105,25.4,17.9,7.5,2.1,7.8
2024-04-15,Adelaide,4,106,19.4,8.4,11.0,0.0,7.0
2024-04-16,Adelaide,4,107,26.5,14.8,11.7,2.4,6.3
2024-04-17,Adelaide,4,108,22.3,13.8,8.5,0.2,7.7
2024-04-18,Adelaide,4,109,23.0,16.1,6.9,0.0,5.9
2024-04-19,Adelaide,4,110,23.4,15.5,7.9,0.0,6.6
2024-04-20,Adelaide,4,111,24.0,12.1,11.9,0.0,7.0
2024-04-21,Adelaide,4,112,20.6,12.6,8.0,0.0,6.7
2024-04-22,Adelaide,4,113,20.5,13.7,6.8,0.0,6.3
2024-04-23,Adelaide,4,114,24.0,17.3,6.7,0.0,5.9
2024-04-24,Adelaide,4,115,24.8,16.9,7.9,0.0,6.0
2024-04-25,Adelaide,4,116,20.5,12.3,8.2,2.4,6.5
2024-04-26,Adelaide,4,117,20.3,13.9,6.4,1.4,6.7
2024-04-27,Adelaide,4,118,23.8,17.1,6.7,0.0,5.9
2024-04-28,Adelaide,4,119,22.0,12.3,9.7,0.0,6.5
2024-04-29,Adelaide,4,120,28.3,22.2,6.1,2.1,6.8
2024-04-30,Adelaide,4,121,24.8,13.1,11.7,0.0,7.3
2024-05-01,Adelaide,5,122,17.3,6.5,10.8,0.0,7.6
2024-05-02,Adelaide,5,123,18.0,9.1,8.9,0.0,6.2
2024-05-03,Adelaide,5,124,19.7,11.5,8.2,1.8,5.9
2024-05-04,Adelaide,5,125,17.9,6.0,11.9,0.0,6.9
2024-05-05,Adelaide,5,126,18.5,11.6,6.9,0.0,6.5
2024-05-06,Adelaide,5,127,22.0,12.2,9.8,0.0,7.1
2024-05-07,Adelaide,5,128,17.3,8.5,8.8,0.0,7.3
2024-05-08,Adelaide,5,129,14.3,5.1,9.2,0.0,7.6
2024-05-09,Adelaide,5,130,16.8,10.1,6.7,0.0,6.7
2024-05-10,Adelaide,5,131,16.4,5.8,10.6,3.3,7.0
2024-05-11,Adelaide,5,132,19.6,12.8,6.8,0.0,7.8
2024-05-12,Adelaide,5,133,20.9,13.8,7.1,0.0,6.7
2024-05-13,Adelaide,5,134,19.6,11.3,8.3,0.0,6.4
2024-05-14,Adelaide,5,135,17.7,7.7,10.0,0.0,7.4
2024-05-15,Adelaide,5,136,16.8,5.0,11.8,1.1,7.4
2024-05-16,Adelaide,5,137,20.6,12.0,8.6,0.8,6.9
2024-05-17,Adelaide,5,138,19.6,7.9,11.7,0.0,6.9
2024-05-18,Adelaide,5,139,21.0,12.8,8.2,2.3,7.5
2024-05-19,Adelaide,5,140,20.5,11.4,9.1,0.0,6.9
2024-05-20,Adelaide,5,141,17.1,11.0,6.1,2.4,6.9
2024-05-21,Adelaide,5,142,17.3,6.2,11.1,0.0,6.6
2024-05-22,Adelaide,5,143,22.8,11.8,11.0,0.0,6.6
2024-05-23,Adelaide,5,144,16.1,4.6,11.5,0.0,7.6
2024-05-24,Adelaide,5,145,19.4,7.4,12.0,0.0,6.0
2024-05-25,Adelaide,5,146,17.0,6.2,10.8,0.0,7.0
2024-05-26,Adelaide,5,147,15.4,5.1,10.3,0.6,6.2
2024-05-27,Adelaide,5,148,22.5,11.2,11.3,0.0,7.0
2024-05-28,Adelaide,5,149,18.0,11.6,6.4,0.0,6.0
2024-05-29,Adelaide,5,150,20.2,12.4,7.8,0.0,7.6
2024-05-30,Adelaide,5,151,19.4,10.5,8.9,0.0,6.3
2024-05-31,Adelaide,5,152,20.6,10.5,10.1,0.0,7.9
2024-06-01,Adelaide,6,153,15.3,8.0,7.3,0.0,7.6
2024-06-02,Adelaide,6,154,16.0,6.6,9.4,0.0,7.2
2024-06-03,Adelaide,6,155,16.2,4.6,11.6,0.0,6.2
2024-06-04,Adelaide,6,156,14.5,5.3,9.2,0.0,7.3
2024-06-05,Adelaide,6,157,20.1,12.3,7.8,0.0,6.5
2024-06-06,Adelaide,6,158,18.9,7.6,11.3,0.0,6.7
2024-06-07,Adelaide,6,159,15.8,7.2,8.6,0.0,6.2
2024-06-08,Adelaide,6,160,19.1,8.8,10.3,6.3,7.3
2024-06-09,Adelaide,6,161,14.8,4.0,10.8,0.0,7.1
2024-06-10,Adelaide,6,162,21.2,14.1,7.1,2.1,6.1
2024-06-11,Adelaide,6,163,15.4,7.8,7.6,0.0,6.0
2024-06-12,Adelaide,6,164,19.6,11.5,8.1,0.0,6.2
2024-06-13,Adelaide,6,165,14.8,4.2,10.6,0.5,7.4
2024-06-14,Adelaide,6,166,16.1,7.3,8.8,0.0,6.3
2024-06-15,Adelaide,6,167,15.0,7.5,7.5,5.1,7.6
2024-06-16,Adelaide,6,168,17.4,6.4,11.0,0.0,6.3
2024-06-17,Adelaide,6,169,16.9,9.2,7.7,0.0,6.2
2024-06-18,Adelaide,6,170,16.2,9.8,6.4,7.6,7.8
2024-06-19,Adelaide,6,171,13.1,1.5,11.6,0.0,7.8
2024-06-20,Adelaide,6,172,15.9,9.5,6.4,0.2,7.6
2024-06-21,Adelaide,6,173,16.3,5.1,11.2,5.5,6.3
2024-06-22,Adelaide,6,174,13.3,3.3,10.0,0.0,7.8
2024-06-23,Adelaide,6,175,17.2,7.4,9.8,0.0,6.0
2024-06-24,Adelaide,6,176,17.0,8.0,9.0,0.0,7.6
2024-06-25,Adelaide,6,177,13.8,7.7,6.1,0.0,6.0
2024-06-26,Adelaide,6,178,20.8,12.7,8.1,1.4,6.4
2024-06-27,Adelaide,6,179,16.2,4.6,11.6,0.0,7.1
2024-06-28,Adelaide,6,180,17.6,10.2,7.4,0.8,7.7
2024-06-29,Adelaide,6,181,17.3,8.4,8.9,0.0,7.0
2024-06-30,Adelaide,6,182,15.2,4.3,10.9,0.0,7.0
2024-07-01,Adelaide,7,183,15.9,7.8,8.1,0.0,7.2
2024-07-02,Adelaide,7,184,17.8,5.9,11.9,0.0,6.9
2024-07-03,Adelaide,7,185,13.3,5.4,7.9,0.0,7.6
2024-07-04,Adelaide,7,186,15.9,9.0,6.9,0.0,6.2
2024-07-05,Adelaide,7,187,14.8,4.7,10.1,1.9,7.7
2024-07-06,Adelaide,7,188,14.3,2.8,11.5,0.0,7.8
2024-07-07,Adelaide,7,189,12.6,6.5,6.1,1.3,6.3
2024-07-08,Adelaide,7,190,14.6,3.3,11.3,1.4,6.4
2024-07-09,Adelaide,7,191,16.5,9.8,6.7,6.3,7.1
2024-07-10,Adelaide,7,192,12.5,3.6,8.9,0.0,6.9
2024-07-11,Adelaide,7,193,15.7,4.2,11.5,1.3,6.3
2024-07-12,Adelaide,7,194,13.1,5.1,8.0,0.5,7.8
2024-07-13,Adelaide,7,195,11.2,1.4,9.8,0.1,6.1
2024-07-14,Adelaide,7,196,17.1,9.9,7.2,1.4,6.4
2024-07-15,Adelaide,7,197,14.3,5.2,9.1,0.0,6.9
2024-07-16,Adelaide,7,198,16.5,4.7,11.8,2.7,7.3
2024-07-17,Adelaide,7,199,12.6,0.9,11.7,0.0,7.8
2024-07-18,Adelaide,7,200,13.0,6.9,6.1,0.0,7.4
2024-07-19,Adelaide,7,201,16.6,8.9,7.7,0.0,6.1
2024-07-20,Adelaide,7,202,17.1,8.0,9.1,2.3,7.3
2024-07-21,Adelaide,7,203,11.2,2.2,9.0,0.0,6.6
2024-07-22,Adelaide,7,204,9.6,2.1,7.5,1.4,7.5
2024-07-23,Adelaide,7,205,15.4,8.7,6.7,0.5,7.0
2024-07-24,Adelaide,7,206,14.0,4.6,9.4,0.0,7.1
2024-07-25,Adelaide,7,207,12.8,2.2,10.6,0.0,7.4
2024-07-26,Adelaide,7,208,20.9,14.5,6.4,0.0,6.5
2024-07-27,Adelaide,7,209,14.7,7.3,7.4,0.7,7.5
2024-07-28,Adelaide,7,210,15.3,4.6,10.7,0.9,7.4
2024-07-29,Adelaide,7,211,17.2,6.9,10.3,0.0,7.9
2024-07-30,Adelaide,7,212,15.1,7.8,7.3,0.0,6.2
2024-07-31,Adelaide,7,213,15.4,4.8,10.6,0.0,6.1
2024-08-01,Adelaide,8,214,16.4,10.1,6.3,0.0,7.6
2024-08-02,Adelaide,8,215,18.2,6.7,11.5,0.4,7.3
2024-08-03,Adelaide,8,216,13.7,4.9,8.8,0.0,6.1
2024-08-04,Adelaide,8,217,17.0,5.2,11.8,2.9,7.3
2024-08-05,Adelaide,8,218,14.1,5.2,8.9,0.0,7.1
2024-08-06,Adelaide,8,219,15.8,7.6,8.2,0.3,6.9
2024-08-07,Adelaide,8,220,16.4,8.9,7.5,0.0,6.4
2024-08-08,Adelaide,8,221,14.4,3.0,11.4,0.0,6.8
2024-08-09,Adelaide,8,222,11.9,0.7,11.2,0.0,7.9
2024-08-10,Adelaide,8,223,13.0,2.9,10.1,0.0,7.9
2024-08-11,Adelaide,8,224,19.3,8.1,11.2,1.2,7.8
2024-08-12,Adelaide,8,225,17.9,8.4,9.5,0.0,5.9
2024-08-13,Adelaide,8,226,16.5,5.6,10.9,0.0,7.0
2024-08-14,Adelaide,8,227,18.5,8.2,10.3,0.0,6.8
2024-08-15,Adelaide,8,228,17.9,9.3,8.6,0.0,7.8
2024-08-16,Adelaide,8,229,14.6,8.2,6.4,0.0,7.0
2024-08-17,Adelaide,8,230,17.8,8.8,9.0,0.0,7.3
2024-08-18,Adelaide,8,231,19.2,13.0,6.2,0.0,7.5
2024-08-19,Adelaide,8,232,13.7,4.2,9.5,0.0,6.2
2024-08-20,Adelaide,8,233,17.0,10.5,6.5,1.6,6.1
2024-08-21,Adelaide,8,234,17.7,7.4,10.3,0.0,7.5
2024-08-22,Adelaide,8,235,18.8,8.8,10.0,0.0,6.5
2024-08-23,Adelaide,8,236,16.8,4.8,12.0,0.0,6.8
2024-08-24,Adelaide,8,237,14.8,8.6,6.2,0.0,6.1
2024-08-25,Adelaide,8,238,21.2,15.1,6.1,0.0,6.4
2024-08-26,Adelaide,8,239,19.7,11.3,8.4,0.0,7.2
2024-08-27,Adelaide,8,240,17.2,11.0,6.2,0.3,6.6
2024-08-28,Adelaide,8,241,18.0,9.1,8.9,0.0,6.9
2024-08-29,Adelaide,8,242,17.0,7.1,9.9,0.0,7.9
2024-08-30,Adelaide,8,243,16.0,9.8,6.2,0.0,6.5
2024-08-31,Adelaide,8,244,15.7,8.9,6.8,0.0,7.3
2024-09-01,Adelaide,9,245,17.5,10.8,6.7,0.0,7.1
2024-09-02,Adelaide,9,246,19.1,13.0,6.1,0.0,7.9
2024-09-03,Adelaide,9,247,17.6,5.9,11.7,1.0,7.4
2024-09-04,Adelaide,9,248,18.4,11.9,6.5,0.0,7.8
2024-09-05,Adelaide,9,249,21.4,10.2,11.2,0.0,6.3
2024-09-06,Adelaide,9,250,19.0,11.5,7.5,2.1,6.7
2024-09-07,Adelaide,9,251,19.7,8.2,11.5,1.7,7.7
2024-09-08,Adelaide,9,252,17.8,9.4,8.4,0.5,7.0
2024-09-09,Adelaide,9,253,18.8,8.3,10.5,0.0,6.8
2024-09-10,Adelaide,9,254,15.6,8.5,7.1,0.0,7.7
2024-09-11,Adelaide,9,255,14.6,4.7,9.9,0.8,6.9
2024-09-12,Adelaide,9,256,15.2,7.0,8.2,0.3,7.0
2024-09-13,Adelaide,9,257,20.7,11.7,9.0,0.8,7.5
2024-09-14,Adelaide,9,258,18.2,6.9,11.3,0.4,6.9
2024-09-15,Adelaide,9,259,15.6,6.0,9.6,0.5,7.2
2024-09-16,Adelaide,9,260,21.4,13.9,7.5,0.0,7.5
2024-09-17,Adelaide,9,261,17.9,10.4,7.5,0.0,6.1
2024-09-18,Adelaide,9,262,20.9,10.4,10.5,0.0,6.5
2024-09-19,Adelaide,9,263,14.2,3.5,10.7,0.0,6.0
2024-09-20,Adelaide,9,264,20.1,8.4,11.7,2.7,7.6
2024-09-21,Adelaide,9,265,19.6,9.0,10.6,0.0,7.5
2024-09-22,Adelaide,9,266,22.2,11.6,10.6,0.0,6.8
2024-09-23,Adelaide,9,267,19.2,9.6,9.6,4.1,7.4
2024-09-24,Adelaide,9,268,17.2,9.6,7.6,0.9,6.1
2024-09-25,Adelaide,9,269,19.5,11.4,8.1,0.0,6.8
2024-09-26,Adelaide,9,270,19.9,13.3,6.6,0.0,7.7
2024-09-27,Adelaide,9,271,20.2,11.1,9.1,0.0,6.1
2024-09-28,Adelaide,9,272,22.2,14.2,8.0,0.0,7.0
2024-09-29,Adelaide,9,273,16.0,5.0,11.0,0.8,6.8
2024-09-30,Adelaide,9,274,17.0,6.6,10.4,0.9,6.6
2024-10-01,Adelaide,10,275,24.4,17.9,6.5,0.9,7.5
2024-10-02,Adelaide,10,276,22.0,15.5,6.5,0.0,6.9
2024-10-03,Adelaide,10,277,18.4,11.0,7.4,0.2,6.4
2024-10-04,Adelaide,10,278,25.2,18.5,6.7,0.0,6.0
2024-10-05,Adelaide,10,279,24.8,16.1,8.7,0.9,7.3
2024-10-06,Adelaide,10,280,22.5,10.6,11.9,0.0,6.3
2024-10-07,Adelaide,10,281,21.2,13.7,7.5,0.0,6.2
2024-10-08,Adelaide,10,282,26.7,17.5,9.2,0.0,7.7
2024-10-09,Adelaide,10,283,20.7,12.8,7.9,0.0,7.2
2024-10-10,Adelaide,10,284,20.2,11.4,8.8,0.6,7.3
2024-10-11,Adelaide,10,285,21.8,15.1,6.7,0.0,6.6
2024-10-12,Adelaide,10,286,18.7,6.8,11.9,5.1,7.4
2024-10-13,Adelaide,10,287,20.6,11.9,8.7,0.0,7.8
2024-10-14,Adelaide,10,288,22.9,14.3,8.6,0.0,6.4
2024-10-15,Adelaide,10,289,25.6,14.4,11.2,1.0,7.3
2024-10-16,Adelaide,10,290,18.9,6.9,12.0,0.0,6.8
2024-10-17,Adelaide,10,291,23.6,14.3,9.3,0.0,6.1
2024-10-18,Adelaide,10,292,22.4,15.6,6.8,0.0,7.2
2024-10-19,Adelaide,10,293,23.4,12.5,10.9,0.1,7.5
2024-10-20,Adelaide,10,294,24.1,17.8,6.3,0.0,7.0
2024-10-21,Adelaide,10,295,20.2,13.8,6.4,0.0,7.2
2024-10-22,Adelaide,10,296,24.7,17.8,6.9,0.0,7.8
2024-10-23,Adelaide,10,297,24.2,17.2,7.0,0.0,7.8
2024-10-24,Adelaide,10,298,21.1,13.8,7.3,0.0,6.1
2024-10-25,Adelaide,10,299,23.6,12.0,11.6,0.0,6.1
2024-10-26,Adelaide,10,300,20.6,13.6,7.0,0.3,7.3
2024-10-27,Adelaide,10,301,21.3,14.4,6.9,0.0,6.3
2024-10-28,Adelaide,10,302,21.3,14.5,6.8,1.2,6.8
2024-10-29,Adelaide,10,303,27.8,20.8,7.0,0.9,7.4
2024-10-30,Adelaide,10,304,24.3,12.7,11.6,0.0,5.9
2024-10-31,Adelaide,10,305,22.6,16.1,6.5,1.4,7.4
2024-11-01,Adelaide,11,306,26.8,17.0,9.8,0.0,7.2
2024-11-02,Adelaide,11,307,27.8,20.0,7.8,0.0,7.1
2024-11-03,Adelaide,11,308,27.4,18.7,8.7,0.0,6.1
2024-11-04,Adelaide,11,309,30.6,20.4,10.2,0.0,7.5
2024-11-05,Adelaide,11,310,28.0,18.0,10.0,1.6,6.0
2024-11-06,Adelaide,11,311,24.6,18.3,6.3,0.0,7.4
2024-11-07,Adelaide,11,312,25.3,17.4,7.9,0.0,6.5
2024-11-08,Adelaide,11,313,25.8,16.7,9.1,0.0,7.6
2024-11-09,Adelaide,11,314,25.4,13.9,11.5,0.0,7.3
2024-11-10,Adelaide,11,315,26.2,16.2,10.0,0.0,7.9
2024-11-11,Adelaide,11,316,25.4,18.3,7.1,0.4,6.9
2024-11-12,Adelaide,11,317,25.3,18.3,7.0,0.0,7.0
2024-11-13,Adelaide,11,318,28.3,20.1,8.2,0.0,7.1
2024-11-14,Adelaide,11,319,20.5,14.0,6.5,0.0,6.7
2024-11-15,Adelaide,11,320,26.4,17.4,9.0,0.0,6.1
2024-11-16,Adelaide,11,321,30.9,22.4,8.5,0.0,7.6
2024-11-17,Adelaide,11,322,25.0,15.3,9.7,0.0,7.0
2024-11-18,Adelaide,11,323,24.0,14.2,9.8,0.0,7.9
2024-11-19,Adelaide,11,324,27.9,16.6,11.3,0.0,7.1
2024-11-20,Adelaide,11,325,27.9,20.4,7.5,0.0,7.3
2024-11-21,Adelaide,11,326,25.4,14.4,11.0,0.3,6.0
2024-11-22,Adelaide,11,327,26.9,15.8,11.1,0.0,6.4
2024-11-23,Adelaide,11,328,23.4,16.1,7.3,0.0,7.0
2024-11-24,Adelaide,11,329,29.4,18.8,10.6,0.5,6.3
2024-11-25,Adelaide,11,330,20.6,13.8,6.8,0.0,7.3
2024-11-26,Adelaide,11,331,25.5,16.0,9.5,0.0,7.7
2024-11-27,Adelaide,11,332,27.7,20.7,7.0,0.9,6.6
2024-11-28,Adelaide,11,333,25.3,19.3,6.0,0.0,6.9
2024-11-29,Adelaide,11,334,27.8,17.0,10.8,1.0,6.2
2024-11-30,Adelaide,11,335,22.8,12.5,10.3,0.0,6.6
2024-12-01,Adelaide,12,336,26.3,18.1,8.2,0.0,6.2
2024-12-02,Adelaide,12,337,27.5,19.8,7.7,0.0,6.7
2024-12-03,Adelaide,12,338,28.6,19.2,9.4,0.0,7.6
2024-12-04,Adelaide,12,339,26.3,19.2,7.1,0.7,6.0
2024-12-05,Adelaide,12,340,29.5,21.2,8.3,0.0,7.6
2024-12-06,Adelaide,12,341,22.3,14.8,7.5,2.9,7.4
2024-12-07,Adelaide,12,342,27.4,19.2,8.2,1.4,7.0
2024-12-08,Adelaide,12,343,30.4,24.0,6.4,0.2,6.4
2024-12-09,Adelaide,12,344,30.9,19.3,11.6,0.0,7.0
2024-12-10,Adelaide,12,345,26.1,14.2,11.9,0.6,6.9
2024-12-11,Adelaide,12,346,25.7,15.9,9.8,0.0,7.6
2024-12-12,Adelaide,12,347,31.4,23.6,7.8,1.0,6.8
2024-12-13,Adelaide,12,348,28.6,22.0,6.6,1.6,6.6
2024-12-14,Adelaide,12,349,31.4,24.8,6.6,3.7,6.6
2024-12-15,Adelaide,12,350,25.2,18.6,6.6,0.0,6.1
2024-12-16,Adelaide,12,351,30.1,21.3,8.8,0.0,5.9
2024-12-17,Adelaide,12,352,30.3,19.6,10.7,0.0,6.0
2024-12-18,Adelaide,12,353,29.3,19.2,10.1,0.0,7.1
2024-12-19,Adelaide,12,354,24.0,14.4,9.6,0.0,7.0
2024-12-20,Adelaide,12,355,28.2,21.8,6.4,3.6,7.4
2024-12-21,Adelaide,12,356,28.6,18.0,10.6,1.9,7.9
2024-12-22,Adelaide,12,357,27.4,20.0,7.4,1.1,7.6
2024-12-23,Adelaide,12,358,27.4,16.8,10.6,0.0,6.9
2024-12-24,Adelaide,12,359,29.8,20.0,9.8,0.0,7.8
2024-12-25,Adelaide,12,360,30.7,23.6,7.1,0.2,6.3
2024-12-26,Adelaide,12,361,35.8,26.2,9.6,0.0,6.0
2024-12-27,Adelaide,12,362,27.8,15.9,11.9,0.0,7.8
2024-12-28,Adelaide,12,363,28.4,21.9,6.5,0.0,7.6
2024-12-29,Adelaide,12,364,28.4,21.3,7.1,1.1,7.6
2024-12-30,Adelaide,12,365,29.5,22.3,7.2,2.5,6.4
2024-12-31,Adelaide,12,366,32.1,24.5,7.6,0.0,7.4
2023-01-01,Canberra,1,1,28.7,22.7,6.0,0.0,4.9
2023-01-02,Canberra,1,2,30.3,22.4,7.9,0.0,5.1
2023-01-03,Canberra,1,3,30.4,20.6,9.8,4.6,5.6
2023-01-04,Canberra,1,4,28.6,19.8,8.8,0.0,5.4
2023-01-05,Canberra,1,5,22.9,11.3,11.6,0.0,4.5
2023-01-06,Canberra,1,6,28.5,21.4,7.1,0.8,5.6
2023-01-07,Canberra,1,7,27.0,16.3,10.7,0.0,6.0
2023-01-08,Canberra,1,8,32.0,24.7,7.3,0.2,4.7
2023-01-09,Canberra,1,9,22.6,13.2,9.4,2.3,5.5
2023-01-10,Canberra,1,10,26.1,14.7,11.4,2.3,5.5
2023-01-11,Canberra,1,11,29.6,18.3,11.3,2.1,6.4
2023-01-12,Canberra,1,12,32.5,25.9,6.6,3.0,6.4
2023-01-13,Canberra,1,13,26.4,20.2,6.2,0.0,5.0
2023-01-14,Canberra,1,14,27.9,16.1,11.8,0.0,5.5
2023-01-15,Canberra,1,15,25.5,14.1,11.4,0.0,6.4
2023-01-16,Canberra,1,16,27.9,16.6,11.3,0.0,5.8
2023-01-17,Canberra,1,17,25.4,17.0,8.4,0.0,5.8
2023-01-18,Canberra,1,18,29.1,20.0,9.1,0.0,6.4
2023-01-19,Canberra,1,19,28.0,19.2,8.8,0.0,4.8
2023-01-20,Canberra,1,20,25.5,16.4,9.1,0.0,5.7
2023-01-21,Canberra,1,21,22.6,12.9,9.7,1.0,6.3
2023-01-22,Canberra,1,22,27.9,16.6,11.3,0.0,5.5
2023-01-23,Canberra,1,23,25.9,18.8,7.1,0.0,5.6
2023-01-24,Canberra,1,24,26.8,19.5,7.3,2.3,6.5
2023-01-25,Canberra,1,25,26.9,17.9,9.0,0.8,6.2
2023-01-26,Canberra,1,26,23.5,14.9,8.6,0.0,5.3
2023-01-27,Canberra,1,27,30.4,22.2,8.2,0.0,4.8
2023-01-28,Canberra,1,28,25.8,19.0,6.8,0.0,5.0
2023-01-29,Canberra,1,29,24.7,15.4,9.3,0.0,4.6
2023-01-30,Canberra,1,30,28.5,18.9,9.6,0.7,5.2
2023-01-31,Canberra,1,31,25.1,16.8,8.3,4.6,4.9
2023-02-01,Canberra,2,32,27.4,20.6,6.8,0.0,5.0
2023-02-02,Canberra,2,33,29.1,19.5,9.6,0.7,6.3
2023-02-03,Canberra,2,34,28.6,22.4,6.2,0.0,5.5
2023-02-04,Canberra,2,35,29.3,17.9,11.4,0.0,6.0
2023-02-05,Canberra,2,36,27.2,16.9,10.3,1.1,5.0
2023-02-06,Canberra,2,37,25.9,19.7,6.2,4.5,4.7
2023-02-07,Canberra,2,38,23.0,14.2,8.8,0.0,5.1
2023-02-08,Canberra,2,39,27.1,18.1,9.0,0.4,5.1
2023-02-09,Canberra,2,40,26.8,18.6,8.2,0.0,4.8
2023-02-10,Canberra,2,41,25.5,15.1,10.4,0.0,5.5
2023-02-11,Canberra,2,42,25.4,17.4,8.0,0.4,4.8
2023-02-12,Canberra,2,43,26.2,14.5,11.7,0.0,5.1
2023-02-13,Canberra,2,44,24.2,15.6,8.6,0.1,5.8
2023-02-14,Canberra,2,45,23.6,13.6,10.0,0.0,4.6
2023-02-15,Canberra,2,46,25.8,17.2,8.6,0.0,5.3
2023-02-16,Canberra,2,47,25.7,16.6,9.1,0.0,6.2
2023-02-17,Canberra,2,48,25.6,16.6,9.0,0.0,4.6
2023-02-18,Canberra,2,49,26.8,16.9,9.9,0.0,5.8
2023-02-19,Canberra,2,50,28.7,22.0,6.7,3.9,5.3
2023-02-20,Canberra,2,51,29.0,17.6,11.4,2.5,5.6
2023-02-21,Canberra,2,52,27.2,21.2,6.0,4.4,6.1
2023-02-22,Canberra,2,53,26.1,14.4,11.7,0.0,5.9
2023-02-23,Canberra,2,54,27.6,20.0,7.6,0.0,5.8
2023-02-24,Canberra,2,55,26.4,15.6,10.8,0.0,6.0
2023-02-25,Canberra,2,56,26.0,16.8,9.2,0.7,6.2
2023-02-26,Canberra,2,57,26.7,20.4,6.3,0.0,5.1
2023-02-27,Canberra,2,58,29.1,18.4,10.7,3.4,6.4
2023-02-28,Canberra,2,59,29.4,21.8,7.6,0.2,5.6
2023-03-01,Canberra,3,60,21.9,11.6,10.3,0.0,6.5
2023-03-02,Canberra,3,61,20.1,13.9,6.2,0.0,5.5
2023-03-03,Canberra,3,62,26.0,18.4,7.6,0.0,5.3
2023-03-04,Canberra,3,63,21.0,14.5,6.5,0.0,5.7
2023-03-05,Canberra,3,64,20.5,10.1,10.4,0.0,4.6
2023-03-06,Canberra,3,65,25.9,15.7,10.2,0.0,5.6
2023-03-07,Canberra,3,66,24.9,18.0,6.9,0.0,5.0
2023-03-08,Canberra,3,67,19.9,7.9,12.0,0.0,4.6
2023-03-09,Canberra,3,68,20.6,9.0,11.6,0.0,5.5
2023-03-10,Canberra,3,69,24.1,17.1,7.0,0.0,5.1
2023-03-11,Canberra,3,70,25.5,16.8,8.7,0.0,5.9
2023-03-12,Canberra,3,71,23.9,13.1,10.8,1.1,5.1
2023-03-13,Canberra,3,72,22.4,11.4,11.0,0.5,6.3
2023-03-14,Canberra,3,73,18.7,11.9,6.8,1.4,6.3
2023-03-15,Canberra,3,74,20.2,12.8,7.4,0.0,6.1
2023-03-16,Canberra,3,75,23.2,12.3,10.9,0.3,4.9
2023-03-17,Canberra,3,76,22.5,13.2,9.3,0.6,5.9
2023-03-18,Canberra,3,77,26.5,19.0,7.5,0.3,5.4
2023-03-19,Canberra,3,78,25.3,15.0,10.3,0.0,6.3
2023-03-20,Canberra,3,79,24.7,12.7,12.0,0.0,5.2
2023-03-21,Canberra,3,80,23.5,14.5,9.0,0.0,4.8
2023-03-22,Canberra,3,81,21.4,9.8,11.6,0.0,4.6
2023-03-23,Canberra,3,82,22.9,11.3,11.6,0.1,4.8
2023-03-24,Canberra,3,83,22.6,13.0,9.6,1.6,5.2
2023-03-25,Canberra,3,84,30.7,19.2,11.5,0.0,5.0
2023-03-26,Canberra,3,85,24.0,16.6,7.4,0.0,4.8
2023-03-27,Canberra,3,86,25.5,17.3,8.2,0.5,6.4
2023-03-28,Canberra,3,87,24.2,12.9,11.3,0.0,4.7
2023-03-29,Canberra,3,88,22.2,15.2,7.0,4.2,6.0
2023-03-30,Canberra,3,89,27.8,20.4,7.4,0.0,5.4
2023-03-31,Canberra,3,90,21.2,9.8,11.4,0.0,4.5
2023-04-01,Canberra,4,91,10.8,-0.6,11.4,0.0,4.9
2023-04-02,Canberra,4,92,18.5,10.8,7.7,0.0,4.8
2023-04-03,Canberra,4,93,15.2,6.1,9.1,0.8,5.5
2023-04-04,Canberra,4,94,19.1,11.0,8.1,1.7,4.5
2023-04-05,Canberra,4,95,15.6,4.4,11.2,0.0,6.4
2023-04-06,Canberra,4,96,19.2,8.9,10.3,0.0,4.5
2023-04-07,Canberra,4,97,16.6,6.2,10.4,0.8,4.8
2023-04-08,Canberra,4,98,14.6,5.3,9.3,3.3,4.6
2023-04-09,Canberra,4,99,19.8,13.6,6.2,0.0,4.6
2023-04-10,Canberra,4,100,18.9,10.6,8.3,0.7,5.6
2023-04-11,Canberra,4,101,16.9,10.5,6.4,0.0,5.4
2023-04-12,Canberra,4,102,18.0,8.2,9.8,0.0,6.0
2023-04-13,Canberra,4,103,13.7,2.3,11.4,1.1,6.3
2023-04-14,Canberra,4,104,22.3,15.8,6.5,0.0,5.2
2023-04-15,Canberra,4,105,17.2,9.0,8.2,0.0,5.0
2023-04-16,Canberra,4,106,20.0,13.3,6.7,0.0,5.3
2023-04-17,Canberra,4,107,17.4,7.6,9.8,3.2,6.2
2023-04-18,Canberra,4,108,19.6,12.5,7.1,0.0,5.8
2023-04-19,Canberra,4,109,14.3,5.6,8.7,0.6,5.4
2023-04-20,Canberra,4,110,20.2,13.7,6.5,1.1,5.4
2023-04-21,Canberra,4,111,22.2,13.0,9.2,0.0,6.2
2023-04-22,Canberra,4,112,19.1,9.7,9.4,5.9,5.4
2023-04-23,Canberra,4,113,17.8,7.5,10.3,0.0,6.4
2023-04-24,Canberra,4,114,13.0,4.8,8.2,0.0,6.1
2023-04-25,Canberra,4,115,20.7,12.4,8.3,0.0,5.5
2023-04-26,Canberra,4,116,12.7,2.5,10.2,0.8,4.8
2023-04-27,Canberra,4,117,16.1,4.9,11.2,0.0,4.9
2023-04-28,Canberra,4,118,18.9,9.1,9.8,0.5,6.2
2023-04-29,Canberra,4,119,14.1,2.3,11.8,0.0,4.5
2023-04-30,Canberra,4,120,18.2,6.3,11.9,0.3,6.2
2023-05-01,Canberra,5,121,7.2,-2.6,9.8,0.3,4.8
2023-05-02,Canberra,5,122,12.8,6.4,6.4,0.0,5.8
2023-05-03,Canberra,5,123,12.9,4.5,8.4,0.0,5.4
2023-05-04,Canberra,5,124,15.8,7.4,8.4,3.5,4.8
2023-05-05,Canberra,5,125,12.6,1.0,11.6,0.0,5.8
2023-05-06,Canberra,5,126,12.3,5.2,7.1,0.0,5.4
2023-05-07,Canberra,5,127,11.4,3.0,8.4,0.0,5.0
2023-05-08,Canberra,5,128,13.8,2.3,11.5,0.0,5.7
2023-05-09,Canberra,5,129,11.7,4.0,7.7,1.5,4.7
2023-05-10,Canberra,5,130,15.3,8.6,6.7,3.6,6.3
2023-05-11,Canberra,5,131,12.6,3.7,8.9,0.5,4.9
2023-05-12,Canberra,5,132,8.6,1.7,6.9,0.0,5.8
2023-05-13,Canberra,5,133,11.6,4.2,7.4,0.0,5.6
2023-05-14,Canberra,5,134,17.1,8.9,8.2,0.0,5.4
2023-05-15,Canberra,5,135,11.2,0.4,10.8,0.0,4.9
2023-05-16,Canberra,5,136,12.8,1.5,11.3,0.0,6.2
2023-05-17,Canberra,5,137,10.3,0.1,10.2,0.5,6.0
2023-05-18,Canberra,5,138,14.2,3.5,10.7,1.6,4.9
2023-05-19,Canberra,5,139,15.5,9.0,6.5,0.3,6.3
2023-05-20,Canberra,5,140,15.7,4.7,11.0,0.0,4.9
2023-05-21,Canberra,5,141,15.7,8.8,6.9,0.0,5.1
2023-05-22,Canberra,5,142,11.5,1.6,9.9,0.0,5.9
2023-05-23,Canberra,5,143,8.4,-3.4,11.8,0.0,4.9
2023-05-24,Canberra,5,144,17.1,11.0,6.1,0.0,4.7
2023-05-25,Canberra,5,145,17.6,10.0,7.6,0.0,5.3
2023-05-26,Canberra,5,146,12.4,4.1,8.3,2.0,6.0
2023-05-27,Canberra,5,147,15.4,5.4,10.0,0.0,5.6
2023-05-28,Canberra,5,148,9.4,0.3,9.1,1.4,6.4
2023-05-29,Canberra,5,149,11.2,2.5,8.7,2.2,6.2
2023-05-30,Canberra,5,150,11.6,0.4,11.2,0.0,5.5
2023-05-31,Canberra,5,151,12.0,1.5,10.5,0.0,5.5
2023-06-01,Canberra,6,152,15.4,5.5,9.9,0.4,5.2
2023-06-02,Canberra,6,153,9.8,0.4,9.4,0.1,5.6
2023-06-03,Canberra,6,154,7.7,-3.4,11.1,0.6,6.5
2023-06-04,Canberra,6,155,10.3,2.2,8.1,0.0,5.6
2023-06-05,Canberra,6,156,7.5,-1.1,8.6,0.9,6.5
2023-06-06,Canberra,6,157,12.2,1.1,11.1,0.0,6.2
2023-06-07,Canberra,6,158,5.5,-5.5,11.0,0.0,5.8
2023-06-08,Canberra,6,159,8.8,0.1,8.7,0.0,4.8
2023-06-09,Canberra,6,160,9.9,3.4,6.5,0.0,6.0
2023-06-10,Canberra,6,161,11.0,0.3,10.7,0.0,5.2
2023-06-11,Canberra,6,162,2.6,-6.0,8.6,3.0,6.1
2023-06-12,Canberra,6,163,4.8,-2.7,7.5,0.0,4.9
2023-06-13,Canberra,6,164,10.5,0.7,9.8,0.0,4.6
2023-06-14,Canberra,6,165,9.6,-2.4,12.0,0.0,5.8
2023-06-15,Canberra,6,166,10.2,-1.4,11.6,1.3,5.3
2023-06-16,Canberra,6,167,10.1,3.7,6.4,0.7,5.1
2023-06-17,Canberra,6,168,9.1,-2.0,11.1,2.5,6.1
2023-06-18,Canberra,6,169,2.6,-8.9,11.5,3.2,5.6
2023-06-19,Canberra,6,170,8.7,2.4,6.3,0.2,5.1
2023-06-20,Canberra,6,171,11.2,4.8,6.4,0.5,5.4
2023-06-21,Canberra,6,172,11.6,3.3,8.3,0.0,5.1
2023-06-22,Canberra,6,173,6.9,-0.5,7.4,0.0,5.6
2023-06-23,Canberra,6,174,15.9,7.8,8.1,0.0,6.4
2023-06-24,Canberra,6,175,12.7,5.4,7.3,0.3,5.9
2023-06-25,Canberra,6,176,5.8,-2.8,8.6,0.8,4.7
2023-06-26,Canberra,6,177,10.5,-0.4,10.9,0.0,5.9
2023-06-27,Canberra,6,178,5.0,-2.8,7.8,0.0,5.5
2023-06-28,Canberra,6,179,10.2,2.1,8.1,0.0,5.3
2023-06-29,Canberra,6,180,11.2,1.5,9.7,0.0,5.8
2023-06-30,Canberra,6,181,7.5,-3.4,10.9,0.0,5.8
2023-07-01,Canberra,7,182,8.3,-3.5,11.8,2.9,4.9
2023-07-02,Canberra,7,183,11.1,-0.5,11.6,0.0,5.5
2023-07-03,Canberra,7,184,10.1,-1.0,11.1,0.0,6.0
2023-07-04,Canberra,7,185,8.6,-1.8,10.4,2.2,4.9
2023-07-05,Canberra,7,186,11.5,1.9,9.6,0.0,5.6
2023-07-06,Canberra,7,187,3.8,-3.5,7.3,0.0,6.3
2023-07-07,Canberra,7,188,6.1,-0.7,6.8,0.0,6.5
2023-07-08,Canberra,7,189,9.3,-1.8,11.1,0.4,5.8
2023-07-09,Canberra,7,190,14.9,6.5,8.4,2.9,4.5
2023-07-10,Canberra,7,191,6.7,-0.6,7.3,0.7,4.8
2023-07-11,Canberra,7,192,11.7,3.9,7.8,0.0,6.1
2023-07-12,Canberra,7,193,2.8,-4.7,7.5,0.0,5.2
2023-07-13,Canberra,7,194,6.0,-0.7,6.7,1.0,4.9
2023-07-14,Canberra,7,195,7.5,0.8,6.7,0.0,5.1
2023-07-15,Canberra,7,196,8.7,1.0,7.7,0.0,4.8
2023-07-16,Canberra,7,197,9.1,2.9,6.2,0.1,5.6
2023-07-17,Canberra,7,198,6.8,0.6,6.2,0.0,4.8
2023-07-18,Canberra,7,199,8.4,0.7,7.7,2.1,5.6
2023-07-19,Canberra,7,200,7.9,-0.3,8.2,2.0,4.8
2023-07-20,Canberra,7,201,10.5,2.0,8.5,0.0,5.0
2023-07-21,Canberra,7,202,6.0,-4.8,10.8,2.5,5.6
2023-07-22,Canberra,7,203,8.0,0.3,7.7,0.0,6.1
2023-07-23,Canberra,7,204,8.2,-0.0,8.2,0.0,5.9
2023-07-24,Canberra,7,205,5.3,-1.1,6.4,0.0,5.2
2023-07-25,Canberra,7,206,7.6,-1.2,8.8,3.4,4.9
2023-07-26,Canberra,7,207,5.1,-6.5,11.6,0.0,6.1
2023-07-27,Canberra,7,208,10.5,2.5,8.0,0.0,5.1
2023-07-28,Canberra,7,209,9.9,1.6,8.3,0.0,5.9
2023-07-29,Canberra,7,210,6.6,-3.5,10.1,0.9,6.4
2023-07-30,Canberra,7,211,4.1,-7.0,11.1,0.7,4.7
2023-07-31,Canberra,7,212,12.6,5.7,6.9,0.8,6.0
2023-08-01,Canberra,8,213,12.8,2.3,10.5,0.0,6.2
2023-08-02,Canberra,8,214,11.4,4.0,7.4,1.9,6.5
2023-08-03,Canberra,8,215,14.7,4.6,10.1,3.9,4.6
2023-08-04,Canberra,8,216,10.3,2.2,8.1,0.0,6.0
2023-08-05,Canberra,8,217,9.6,3.4,6.2,0.0,6.2
2023-08-06,Canberra,8,218,14.2,3.2,11.0,0.0,6.0
2023-08-07,Canberra,8,219,11.0,4.2,6.8,0.0,6.3
2023-08-08,Canberra,8,220,10.3,-1.4,11.7,2.0,5.2
2023-08-09,Canberra,8,221,10.6,2.6,8.0,0.0,5.5
2023-08-10,Canberra,8,222,6.9,-4.0,10.9,0.0,6.1
2023-08-11,Canberra,8,223,4.9,-5.8,10.7,0.0,4.8
2023-08-12,Canberra,8,224,3.9,-3.0,6.9,0.0,4.9
2023-08-13,Canberra,8,225,3.7,-3.8,7.5,0.0,5.2
2023-08-14,Canberra,8,226,6.2,-0.3,6.5,0.0,5.6
2023-08-15,Canberra,8,227,5.2,-0.9,6.1,0.0,4.5
2023-08-16,Canberra,8,228,8.6,0.8,7.8,5.7,5.3
2023-08-17,Canberra,8,229,9.5,-0.5,10.0,0.4,6.4
2023-08-18,Canberra,8,230,8.2,-0.1,8.3,3.6,6.2
2023-08-19,Canberra,8,231,8.6,-1.9,10.5,0.0,5.8
2023-08-20,Canberra,8,232,9.7,-2.2,11.9,0.0,6.0
2023-08-21,Canberra,8,233,8.3,-3.4,11.7,0.0,5.6
2023-08-22,Canberra,8,234,10.9,-0.2,11.1,0.2,6.2
2023-08-23,Canberra,8,235,8.4,-0.1,8.5,0.0,6.0
2023-08-24,Canberra,8,236,11.3,-0.2,11.5,0.0,6.5
2023-08-25,Canberra,8,237,8.9,2.2,6.7,0.0,4.6
2023-08-26,Canberra,8,238,8.9,-1.1,10.0,4.8,5.4
2023-08-27,Canberra,8,239,7.4,-0.1,7.5,0.0,4.6
2023-08-28,Canberra,8,240,9.9,2.2,7.7,0.3,6.1
2023-08-29,Canberra,8,241,10.4,2.8,7.6,0.0,6.2
2023-08-30,Canberra,8,242,6.9,0.0,6.9,0.1,4.9
2023-08-31,Canberra,8,243,9.8,3.2,6.6,0.0,4.8
2023-09-01,Canberra,9,244,11.5,1.2,10.3,0.0,4.7
2023-09-02,Canberra,9,245,10.3,4.0,6.3,0.0,5.2
2023-09-03,Canberra,9,246,11.6,1.0,10.6,0.0,5.0
2023-09-04,Canberra,9,247,12.1,1.1,11.0,0.0,4.8
2023-09-05,Canberra,9,248,12.7,5.0,7.7,0.7,5.8
2023-09-06,Canberra,9,249,9.8,1.0,8.8,0.0,5.2
2023-09-07,Canberra,9,250,10.8,-0.3,11.1,0.0,6.0
2023-09-08,Canberra,9,251,15.4,7.5,7.9,0.0,4.8
2023-09-09,Canberra,9,252,13.3,1.7,11.6,0.0,6.4
2023-09-10,Canberra,9,253,12.6,5.6,7.0,0.0,5.2
2023-09-11,Canberra,9,254,10.8,1.6,9.2,0.0,4.6
2023-09-12,Canberra,9,255,11.7,5.0,6.7,0.0,5.0
2023-09-13,Canberra,9,256,10.9,3.0,7.9,0.0,5.2
2023-09-14,Canberra,9,257,13.0,2.7,10.3,3.2,5.1
2023-09-15,Canberra,9,258,10.2,2.4,7.8,0.1,4.9
2023-09-16,Canberra,9,259,16.4,9.0,7.4,0.0,5.5
2023-09-17,Canberra,9,260,14.7,8.1,6.6,0.0,4.6
2023-09-18,Canberra,9,261,16.4,4.6,11.8,0.8,4.7
2023-09-19,Canberra,9,262,12.5,4.5,8.0,1.3,5.8
2023-09-20,Canberra,9,263,13.3,2.1,11.2,0.0,5.7
2023-09-21,Canberra,9,264,13.6,4.7,8.9,0.0,6.0
2023-09-22,Canberra,9,265,14.7,3.7,11.0,0.0,5.0
2023-09-23,Canberra,9,266,10.3,2.9,7.4,0.0,6.2
2023-09-24,Canberra,9,267,15.0,6.6,8.4,0.0,5.1
2023-09-25,Canberra,9,268,4.5,-6.5,11.0,0.0,5.7
2023-09-26,Canberra,9,269,18.8,9.6,9.2,0.0,4.8
2023-09-27,Canberra,9,270,11.0,4.3,6.7,0.0,5.1
2023-09-28,Canberra,9,271,8.2,2.0,6.2,0.0,4.5
2023-09-29,Canberra,9,272,13.4,2.0,11.4,8.1,4.7
2023-09-30,Canberra,9,273,14.4,8.2,6.2,0.0,4.8
2023-10-01,Canberra,10,274,14.8,5.2,9.6,0.0,5.8
2023-10-02,Canberra,10,275,16.5,9.3,7.2,0.0,5.6
2023-10-03,Canberra,10,276,21.5,13.9,7.6,0.0,5.8
2023-10-04,Canberra,10,277,17.3,9.7,7.6,2.4,5.4
2023-10-05,Canberra,10,278,20.2,11.9,8.3,0.0,5.1
2023-10-06,Canberra,10,279,18.4,8.2,10.2,7.1,4.9
2023-10-07,Canberra,10,280,14.7,7.3,7.4,1.2,5.1
2023-10-08,Canberra,10,281,19.4,11.6,7.8,0.5,6.2
2023-10-09,Canberra,10,282,19.8,11.3,8.5,0.0,6.1
2023-10-10,Canberra,10,283,18.4,9.7,8.7,0.0,4.8
2023-10-11,Canberra,10,284,12.4,1.8,10.6,5.3,6.4
2023-10-12,Canberra,10,285,14.3,7.4,6.9,3.9,4.8
2023-10-13,Canberra,10,286,18.5,11.9,6.6,0.0,6.0
2023-10-14,Canberra,10,287,18.3,9.0,9.3,0.9,5.4
2023-10-15,Canberra,10,288,17.5,5.9,11.6,2.1,5.7
2023-10-16,Canberra,10,289,18.9,8.7,10.2,0.3,4.9
2023-10-17,Canberra,10,290,15.0,3.3,11.7,0.0,5.2
2023-10-18,Canberra,10,291,17.5,10.5,7.0,0.0,4.9
2023-10-19,Canberra,10,292,16.5,9.2,7.3,0.0,5.1
2023-10-20,Canberra,10,293,19.4,13.1,6.3,1.1,4.8
2023-10-21,Canberra,10,294,14.5,6.2,8.3,0.0,5.0
2023-10-22,Canberra,10,295,16.8,9.0,7.8,0.0,4.6
2023-10-23,Canberra,10,296,18.1,12.1,6.0,0.0,4.9
2023-10-24,Canberra,10,297,17.4,9.8,7.6,0.0,6.0
2023-10-25,Canberra,10,298,18.9,11.4,7.5,3.0,6.2
2023-10-26,Canberra,10,299,18.2,10.3,7.9,0.0,4.6
2023-10-27,Canberra,10,300,18.6,8.1,10.5,0.0,5.2
2023-10-28,Canberra,10,301,18.5,11.9,6.6,3.4,5.7
2023-10-29,Canberra,10,302,20.8,14.5,6.3,0.0,5.4
2023-10-30,Canberra,10,303,22.3,14.4,7.9,0.0,5.1
2023-10-31,Canberra,10,304,15.9,5.1,10.8,5.9,5.5
2023-11-01,Canberra,11,305,19.6,11.6,8.0,0.7,5.7
2023-11-02,Canberra,11,306,24.9,13.2,11.7,0.4,5.8
2023-11-03,Canberra,11,307,23.5,14.7,8.8,0.7,6.3
2023-11-04,Canberra,11,308,20.0,10.4,9.6,0.8,5.5
2023-11-05,Canberra,11,309,23.1,12.9,10.2,0.6,5.3
2023-11-06,Canberra,11,310,25.1,17.4,7.7,0.0,4.6
2023-11-07,Canberra,11,311,21.9,12.6,9.3,0.1,5.4
2023-11-08,Canberra,11,312,25.2,16.4,8.8,2.0,5.0
2023-11-09,Canberra,11,313,22.9,13.0,9.9,3.0,5.5
2023-11-10,Canberra,11,314,22.7,11.3,11.4,0.0,6.2
2023-11-11,Canberra,11,315,22.3,13.4,8.9,0.0,4.8
2023-11-12,Canberra,11,316,24.5,14.5,10.0,0.0,5.9
2023-11-13,Canberra,11,317,21.8,14.4,7.4,0.0,4.7
2023-11-14,Canberra,11,318,22.8,11.9,10.9,2.1,5.2
2023-11-15,Canberra,11,319,23.6,11.7,11.9,0.2,5.2
2023-11-16,Canberra,11,320,23.0,11.6,11.4,3.1,5.7
2023-11-17,Canberra,11,321,22.3,11.1,11.2,0.2,4.9
2023-11-18,Canberra,11,322,18.9,11.4,7.5,0.0,5.9
2023-11-19,Canberra,11,323,21.1,14.8,6.3,0.0,4.7
2023-11-20,Canberra,11,324,26.2,14.5,11.7,1.3,5.8
2023-11-21,Canberra,11,325,24.7,17.9,6.8,0.0,5.3
2023-11-22,Canberra,11,326,24.8,17.3,7.5,0.0,4.7
2023-11-23,Canberra,11,327,24.8,18.6,6.2,0.5,5.7
2023-11-24,Canberra,11,328,25.1,16.1,9.0,0.0,4.7
2023-11-25,Canberra,11,329,24.0,14.9,9.1,7.1,6.2
2023-11-26,Canberra,11,330,19.4,10.2,9.2,0.0,4.7
2023-11-27,Canberra,11,331,20.0,9.6,10.4,1.4,6.3
2023-11-28,Canberra,11,332,23.5,13.1,10.4,0.0,4.6
2023-11-29,Canberra,11,333,23.2,16.7,6.5,0.0,5.6
2023-11-30,Canberra,11,334,23.8,15.3,8.5,0.0,5.4
2023-12-01,Canberra,12,335,26.8,15.4,11.4,0.0,5.5
2023-12-02,Canberra,12,336,25.7,19.3,6.4,0.0,6.3
2023-12-03,Canberra,12,337,25.1,17.4,7.7,0.0,6.4
2023-12-04,Canberra,12,338,28.5,17.5,11.0,0.0,5.3
2023-12-05,Canberra,12,339,24.9,13.7,11.2,0.0,5.8
2023-12-06,Canberra,12,340,23.9,11.9,12.0,2.2,6.4
2023-12-07,Canberra,12,341,29.0,20.3,8.7,0.4,6.0
2023-12-08,Canberra,12,342,27.9,18.4,9.5,0.0,4.6
2023-12-09,Canberra,12,343,23.8,14.2,9.6,1.6,5.9
2023-12-10,Canberra,12,344,28.8,19.4,9.4,0.0,6.3
2023-12-11,Canberra,12,345,28.9,22.2,6.7,4.3,5.4
2023-12-12,Canberra,12,346,24.9,15.4,9.5,1.6,5.3
2023-12-13,Canberra,12,347,30.1,22.6,7.5,0.0,5.0
2023-12-14,Canberra,12,348,26.4,18.3,8.1,0.0,5.0
2023-12-15,Canberra,12,349,26.0,18.2,7.8,0.6,4.7
2023-12-16,Canberra,12,350,25.5,14.7,10.8,0.0,6.5
2023-12-17,Canberra,12,351,24.0,17.0,7.0,4.2,5.7
2023-12-18,Canberra,12,352,27.1,15.1,12.0,0.0,5.4
2023-12-19,Canberra,12,353,30.4,21.0,9.4,0.0,5.3
2023-12-20,Canberra,12,354,22.9,16.5,6.4,1.0,5.7
2023-12-21,Canberra,12,355,25.7,17.8,7.9,2.4,5.6
2023-12-22,Canberra,12,356,25.9,14.3,11.6,0.0,5.5
2023-12-23,Canberra,12,357,31.4,23.2,8.2,0.0,5.8
2023-12-24,Canberra,12,358,27.2,20.7,6.5,0.0,6.4
2023-12-25,Canberra,12,359,28.7,22.2,6.5,0.0,4.6
2023-12-26,Canberra,12,360,29.3,17.4,11.9,0.0,5.7
2023-12-27,Canberra,12,361,27.5,19.7,7.8,1.2,5.8
2023-12-28,Canberra,12,362,26.7,15.4,11.3,1.5,4.9
2023-12-29,Canberra,12,363,26.7,15.5,11.2,2.0,6.2
2023-12-30,Canberra,12,364,24.2,16.9,7.3,0.0,5.0
2023-12-31,Canberra,12,365,25.6,13.8,11.8,0.0,4.9
2024-01-01,Canberra,1,1,31.5,24.5,7.0,4.0,5.7
2024-01-02,Canberra,1,2,27.3,20.5,6.8,0.8,5.2
2024-01-03,Canberra,1,3,26.0,16.5,9.5,0.0,6.0
2024-01-04,Canberra,1,4,27.8,20.1,7.7,0.0,4.7
2024-01-05,Canberra,1,5,25.6,17.2,8.4,1.5,5.7
2024-01-06,Canberra,1,6,24.0,17.8,6.2,0.0,4.5
2024-01-07,Canberra,1,7,30.5,22.5,8.0,0.0,6.1
2024-01-08,Canberra,1,8,29.2,20.7,8.5,0.0,4.9
2024-01-09,Canberra,1,9,24.2,12.7,11.5,1.3,5.5
2024-01-10,Canberra,1,10,21.9,10.9,11.0,0.0,4.6
2024-01-11,Canberra,1,11,31.0,21.5,9.5,0.0,5.9
2024-01-12,Canberra,1,12,28.1,16.8,11.3,0.7,5.8
2024-01-13,Canberra,1,13,29.8,19.2,10.6,0.0,6.1
2024-01-14,Canberra,1,14,27.9,21.8,6.1,0.0,4.7
2024-01-15,Canberra,1,15,25.9,15.8,10.1,0.0,6.5
2024-01-16,Canberra,1,16,28.2,19.4,8.8,3.8,5.5
2024-01-17,Canberra,1,17,29.0,22.1,6.9,0.2,6.2
2024-01-18,Canberra,1,18,27.5,16.1,11.4,0.0,4.9
2024-01-19,Canberra,1,19,25.7,17.2,8.5,0.0,5.9
2024-01-20,Canberra,1,20,24.0,14.5,9.5,0.2,5.4
2024-01-21,Canberra,1,21,24.8,17.5,7.3,0.4,5.0
2024-01-22,Canberra,1,22,30.7,19.2,11.5,0.0,5.8
2024-01-23,Canberra,1,23,25.7,17.9,7.8,1.1,6.2
2024-01-24,Canberra,1,24,29.3,23.3,6.0,6.2,6.3
2024-01-25,Canberra,1,25,26.7,15.8,10.9,0.0,5.1
2024-01-26,Canberra,1,26,29.2,17.7,11.5,0.5,4.8
2024-01-27,Canberra,1,27,26.6,15.4,11.2,0.0,5.8
2024-01-28,Canberra,1,28,28.9,22.2,6.7,1.5,6.1
2024-01-29,Canberra,1,29,31.1,20.0,11.1,0.0,4.7
2024-01-30,Canberra,1,30,25.6,14.8,10.8,1.2,6.0
2024-01-31,Canberra,1,31,30.8,21.6,9.2,0.0,5.7
2024-02-01,Canberra,2,32,27.9,20.0,7.9,0.0,4.8
2024-02-02,Canberra,2,33,31.1,20.2,10.9,0.0,5.3
2024-02-03,Canberra,2,34,29.8,17.9,11.9,0.0,4.7
2024-02-04,Canberra,2,35,27.3,17.6,9.7,0.0,5.4
2024-02-05,Canberra,2,36,27.1,20.4,6.7,0.0,6.2
2024-02-06,Canberra,2,37,27.8,19.5,8.3,0.0,5.9
2024-02-07,Canberra,2,38,25.7,16.3,9.4,2.1,5.7
2024-02-08,Canberra,2,39,26.4,16.9,9.5,0.0,5.5
2024-02-09,Canberra,2,40,30.8,19.7,11.1,0.0,5.2
2024-02-10,Canberra,2,41,29.8,19.0,10.8,2.6,5.6
2024-02-11,Canberra,2,42,28.3,19.3,9.0,0.0,4.8
2024-02-12,Canberra,2,43,28.1,21.6,6.5,0.0,5.9
2024-02-13,Canberra,2,44,23.7,15.8,7.9,0.0,4.8
2024-02-14,Canberra,2,45,23.8,16.5,7.3,1.7,5.1
2024-02-15,Canberra,2,46,27.2,17.8,9.4,0.0,4.8
2024-02-16,Canberra,2,47,24.9,18.3,6.6,0.0,6.1
2024-02-17,Canberra,2,48,25.7,18.9,6.8,0.0,4.9
2024-02-18,Canberra,2,49,27.5,20.0,7.5,0.0,4.8
2024-02-19,Canberra,2,50,23.0,16.5,6.5,3.3,6.1
2024-02-20,Canberra,2,51,28.3,20.6,7.7,1.8,5.5
2024-02-21,Canberra,2,52,23.2,13.7,9.5,0.0,6.2
2024-02-22,Canberra,2,53,29.2,21.9,7.3,1.8,5.2
2024-02-23,Canberra,2,54,32.1,22.5,9.6,0.0,5.0
2024-02-24,Canberra,2,55,29.8,18.3,11.5,0.0,6.3
2024-02-25,Canberra,2,56,30.6,21.9,8.7,0.0,6.1
2024-02-26,Canberra,2,57,19.3,7.8,11.5,0.0,5.2
2024-02-27,Canberra,2,58,24.6,14.5,10.1,0.0,5.8
2024-02-28,Canberra,2,59,30.3,21.6,8.7,0.0,5.0
2024-02-29,Canberra,2,60,19.3,10.1,9.2,0.0,5.3
2024-03-01,Canberra,3,61,28.9,21.5,7.4,0.0,5.5
2024-03-02,Canberra,3,62,19.0,12.6,6.4,0.0,5.9
2024-03-03,Canberra,3,63,25.6,17.2,8.4,2.7,5.9
2024-03-04,Canberra,3,64,24.9,16.7,8.2,0.0,4.5
2024-03-05,Canberra,3,65,21.6,14.5,7.1,0.0,5.6
2024-03-06,Canberra,3,66,24.4,13.2,11.2,0.4,5.1
2024-03-07,Canberra,3,67,23.9,12.1,11.8,0.0,5.5
2024-03-08,Canberra,3,68,22.9,13.7,9.2,0.0,5.7
2024-03-09,Canberra,3,69,26.4,16.8,9.6,0.8,4.6
2024-03-10,Canberra,3,70,22.0,14.9,7.1,2.7,4.5
2024-03-11,Canberra,3,71,28.2,22.1,6.1,0.0,5.3
2024-03-12,Canberra,3,72,21.1,9.1,12.0,0.0,5.9
2024-03-13,Canberra,3,73,23.6,13.5,10.1,0.0,5.7
2024-03-14,Canberra,3,74,21.7,13.7,8.0,0.9,6.2
2024-03-15,Canberra,3,75,24.0,13.4,10.6,0.0,6.5
2024-03-16,Canberra,3,76,21.6,15.2,6.4,0.0,6.5
2024-03-17,Canberra,3,77,21.6,14.6,7.0,0.0,5.5
2024-03-18,Canberra,3,78,23.3,13.9,9.4,0.0,4.7
2024-03-19,Canberra,3,79,21.6,11.8,9.8,0.0,6.0
2024-03-20,Canberra,3,80,23.9,12.5,11.4,0.0,4.7
2024-03-21,Canberra,3,81,22.3,15.0,7.3,0.0,4.8
2024-03-22,Canberra,3,82,21.4,13.7,7.7,1.2,6.5
2024-03-23,Canberra,3,83,28.1,18.2,9.9,0.0,6.4
2024-03-24,Canberra,3,84,19.8,10.4,9.4,2.7,6.2
2024-03-25,Canberra,3,85,22.2,10.5,11.7,0.0,5.8
2024-03-26,Canberra,3,86,22.7,10.8,11.9,0.0,6.4
2024-03-27,Canberra,3,87,20.4,11.6,8.8,0.1,6.1
2024-03-28,Canberra,3,88,21.7,10.7,11.0,0.9,5.8
2024-03-29,Canberra,3,89,23.2,14.0,9.2,0.0,4.6
2024-03-30,Canberra,3,90,23.1,14.6,8.5,0.0,5.0
2024-03-31,Canberra,3,91,22.7,14.2,8.5,0.0,4.6
2024-04-01,Canberra,4,92,17.6,9.6,8.0,1.6,6.4
2024-04-02,Canberra,4,93,18.1,10.9,7.2,0.0,4.8
2024-04-03,Canberra,4,94,17.0,7.2,9.8,0.6,5.4
2024-04-04,Canberra,4,95,18.9,10.1,8.8,0.0,5.3
2024-04-05,Canberra,4,96,15.0,7.9,7.1,3.5,5.6
2024-04-06,Canberra,4,97,13.6,3.7,9.9,3.9,5.2
2024-04-07,Canberra,4,98,19.2,10.8,8.4,0.0,5.5
2024-04-08,Canberra,4,99,18.0,6.5,11.5,0.0,5.3
2024-04-09,Canberra,4,100,16.9,10.3,6.6,0.2,4.6
2024-04-10,Canberra,4,101,20.1,12.1,8.0,0.0,5.5
2024-04-11,Canberra,4,102,16.8,10.4,6.4,0.0,5.8
2024-04-12,Canberra,4,103,20.8,11.2,9.6,1.1,5.7
2024-04-13,Canberra,4,104,21.6,10.9,10.7,0.0,5.0
2024-04-14,Canberra,4,105,17.9,8.1,9.8,1.3,5.9
2024-04-15,Canberra,4,106,15.5,6.2,9.3,0.7,5.7
2024-04-16,Canberra,4,107,15.2,8.2,7.0,0.0,5.1
2024-04-17,Canberra,4,108,19.8,8.2,11.6,0.0,5.4
2024-04-18,Canberra,4,109,16.6,6.9,9.7,0.8,6.5
2024-04-19,Canberra,4,110,18.6,7.4,11.2,0.8,5.3
2024-04-20,Canberra,4,111,22.9,12.1,10.8,3.4,4.7
2024-04-21,Canberra,4,112,17.3,8.4,8.9,0.0,5.5
2024-04-22,Canberra,4,113,13.8,1.9,11.9,0.0,5.5
2024-04-23,Canberra,4,114,18.5,12.0,6.5,0.6,5.5
2024-04-24,Canberra,4,115,20.0,13.6,6.4,1.4,4.7
2024-04-25,Canberra,4,116,19.1,8.6,10.5,0.0,5.8
2024-04-26,Canberra,4,117,18.3,10.9,7.4,0.0,5.6
2024-04-27,Canberra,4,118,21.2,14.3,6.9,0.0,5.4
2024-04-28,Canberra,4,119,16.0,8.6,7.4,0.0,6.0
2024-04-29,Canberra,4,120,20.7,11.5,9.2,0.0,4.6
2024-04-30,Canberra,4,121,19.0,9.2,9.8,0.0,5.0
2024-05-01,Canberra,5,122,14.1,7.7,6.4,2.0,5.2
2024-05-02,Canberra,5,123,15.8,7.8,8.0,0.0,6.3
2024-05-03,Canberra,5,124,18.5,8.2,10.3,0.0,5.8
2024-05-04,Canberra,5,125,11.8,0.7,11.1,0.0,4.5
2024-05-05,Canberra,5,126,11.2,5.1,6.1,0.0,5.3
2024-05-06,Canberra,5,127,12.5,3.8,8.7,0.0,6.2
2024-05-07,Canberra,5,128,12.3,4.5,7.8,1.9,5.2
2024-05-08,Canberra,5,129,15.4,8.0,7.4,0.0,6.1
2024-05-09,Canberra,5,130,11.9,3.1,8.8,2.3,5.8
2024-05-10,Canberra,5,131,16.3,6.4,9.9,0.0,5.5
2024-05-11,Canberra,5,132,11.5,0.0,11.5,0.8,5.4
2024-05-12,Canberra,5,133,11.8,5.2,6.6,0.0,5.3
2024-05-13,Canberra,5,134,14.5,3.5,11.0,0.0,6.3
2024-05-14,Canberra,5,135,13.4,7.0,6.4,2.2,5.1
2024-05-15,Canberra,5,136,14.9,5.6,9.3,0.0,4.9
2024-05-16,Canberra,5,137,10.8,4.1,6.7,0.0,6.2
2024-05-17,Canberra,5,138,13.5,5.7,7.8,0.0,6.0
2024-05-18,Canberra,5,139,14.0,7.5,6.5,0.0,4.8
2024-05-19,Canberra,5,140,12.8,6.7,6.1,0.0,5.4
2024-05-20,Canberra,5,141,10.0,2.3,7.7,2.5,6.3
2024-05-21,Canberra,5,142,13.0,5.4,7.6,0.0,4.8
2024-05-22,Canberra,5,143,9.3,2.0,7.3,0.0,5.4
2024-05-23,Canberra,5,144,12.7,6.4,6.3,0.4,5.2
2024-05-24,Canberra,5,145,13.6,7.3,6.3,0.0,6.5
2024-05-25,Canberra,5,146,11.9,5.6,6.3,0.0,5.1
2024-05-26,Canberra,5,147,13.3,1.5,11.8,0.5,5.4
2024-05-27,Canberra,5,148,12.9,4.5,8.4,3.1,4.9
2024-05-28,Canberra,5,149,13.2,3.3,9.9,0.0,4.7
2024-05-29,Canberra,5,150,12.3,6.2,6.1,0.0,5.1
2024-05-30,Canberra,5,151,8.2,-1.3,9.5,0.0,5.9
2024-05-31,Canberra,5,152,11.2,0.3,10.9,0.0,5.8
2024-06-01,Canberra,6,153,5.9,-1.1,7.0,0.0,6.1
2024-06-02,Canberra,6,154,8.6,-0.2,8.8,0.0,5.5
2024-06-03,Canberra,6,155,11.5,2.5,9.0,2.1,5.6
2024-06-04,Canberra,6,156,9.2,-0.5,9.7,0.0,6.4
2024-06-05,Canberra,6,157,9.5,0.2,9.3,0.8,5.1
2024-06-06,Canberra,6,158,8.8,-2.2,11.0,0.9,5.2
2024-06-07,Canberra,6,159,10.7,4.6,6.1,0.0,6.0
2024-06-08,Canberra,6,160,10.1,3.2,6.9,0.0,4.8
2024-06-09,Canberra,6,161,7.3,-4.5,11.8,0.0,6.1
2024-06-10,Canberra,6,162,8.1,-3.3,11.4,0.0,5.6
2024-06-11,Canberra,6,163,9.1,2.3,6.8,0.0,4.7
2024-06-12,Canberra,6,164,14.2,4.0,10.2,1.1,4.5
2024-06-13,Canberra,6,165,11.4,1.6,9.8,0.0,6.2
2024-06-14,Canberra,6,166,11.0,-0.6,11.6,1.9,6.1
2024-06-15,Canberra,6,167,8.7,-0.6,9.3,0.0,5.2
2024-06-16,Canberra,6,168,9.0,-2.7,11.7,0.0,6.3
2024-06-17,Canberra,6,169,3.4,-4.9,8.3,1.2,5.7
2024-06-18,Canberra,6,170,11.3,2.8,8.5,0.0,6.5
2024-06-19,Canberra,6,171,9.2,2.1,7.1,0.0,6.2
2024-06-20,Canberra,6,172,9.1,0.5,8.6,0.0,5.6
2024-06-21,Canberra,6,173,10.4,-0.0,10.4,0.0,5.6
2024-06-22,Canberra,6,174,8.9,-0.4,9.3,0.0,6.2
2024-06-23,Canberra,6,175,9.2,2.1,7.1,1.8,6.4
2024-06-24,Canberra,6,176,9.5,-2.2,11.7,2.1,5.0
2024-06-25,Canberra,6,177,6.8,-2.1,8.9,0.0,5.0
2024-06-26,Canberra,6,178,8.0,-0.3,8.3,0.0,4.7
2024-06-27,Canberra,6,179,10.4,3.4,7.0,0.0,6.0
2024-06-28,Canberra,6,180,11.6,-0.2,11.8,0.0,5.8
2024-06-29,Canberra,6,181,12.2,4.8,7.4,0.0,5.9
2024-06-30,Canberra,6,182,10.8,4.2,6.6,0.0,5.5
2024-07-01,Canberra,7,183,6.5,0.2,6.3,0.0,5.0
2024-07-02,Canberra,7,184,8.0,-0.2,8.2,0.0,6.3
2024-07-03,Canberra,7,185,7.0,-1.3,8.3,0.0,5.2
2024-07-04,Canberra,7,186,3.7,-5.9,9.6,0.4,6.2
2024-07-05,Canberra,7,187,6.9,-2.5,9.4,0.0,4.6
2024-07-06,Canberra,7,188,8.2,0.7,7.5,0.0,5.2
2024-07-07,Canberra,7,189,10.9,0.6,10.3,0.0,6.3
2024-07-08,Canberra,7,190,5.0,-1.6,6.6,0.5,5.8
2024-07-09,Canberra,7,191,9.6,-0.5,10.1,0.0,6.5
2024-07-10,Canberra,7,192,5.8,-5.6,11.4,0.0,5.4
2024-07-11,Canberra,7,193,5.7,-5.0,10.7,0.0,6.2
2024-07-12,Canberra,7,194,6.2,-1.5,7.7,0.0,5.5
2024-07-13,Canberra,7,195,7.8,-2.8,10.6,0.0,4.8
2024-07-14,Canberra,7,196,9.2,-1.3,10.5,0.0,5.7
2024-07-15,Canberra,7,197,7.2,0.8,6.4,0.0,5.6
2024-07-16,Canberra,7,198,11.4,1.1,10.3,0.0,6.4
2024-07-17,Canberra,7,199,10.2,1.7,8.5,1.8,6.0
2024-07-18,Canberra,7,200,8.5,-0.8,9.3,0.0,4.6
2024-07-19,Canberra,7,201,9.5,-0.4,9.9,0.9,4.7
2024-07-20,Canberra,7,202,6.4,-3.7,10.1,0.0,6.4
2024-07-21,Canberra,7,203,9.5,-1.2,10.7,2.0,6.1
2024-07-22,Canberra,7,204,6.4,0.0,6.4,2.1,6.4
2024-07-23,Canberra,7,205,5.0,-6.8,11.8,1.6,6.3
2024-07-24,Canberra,7,206,8.9,1.8,7.1,0.0,6.2
2024-07-25,Canberra,7,207,11.4,4.2,7.2,0.2,5.4
2024-07-26,Canberra,7,208,8.4,-2.9,11.3,1.4,5.0
2024-07-27,Canberra,7,209,3.4,-3.0,6.4,0.0,5.7
2024-07-28,Canberra,7,210,13.0,6.4,6.6,4.0,5.2
2024-07-29,Canberra,7,211,7.3,-3.2,10.5,0.0,6.3
2024-07-30,Canberra,7,212,6.8,-3.0,9.8,0.4,5.4
2024-07-31,Canberra,7,213,6.8,-3.9,10.7,0.0,4.5
2024-08-01,Canberra,8,214,6.0,-5.7,11.7,0.0,5.9
2024-08-02,Canberra,8,215,7.2,-1.5,8.7,0.0,5.1
2024-08-03,Canberra,8,216,8.4,1.2,7.2,0.0,4.9
2024-08-04,Canberra,8,217,7.8,1.5,6.3,0.0,5.0
2024-08-05,Canberra,8,218,6.3,-2.7,9.0,0.0,5.7
2024-08-06,Canberra,8,219,7.8,-4.1,11.9,1.0,6.2
2024-08-07,Canberra,8,220,11.8,4.3,7.5,0.3,6.3
2024-08-08,Canberra,8,221,10.6,2.7,7.9,0.0,5.0
2024-08-09,Canberra,8,222,11.7,4.7,7.0,0.0,5.8
2024-08-10,Canberra,8,223,8.7,-1.4,10.1,0.3,5.9
2024-08-11,Canberra,8,224,11.8,2.4,9.4,0.0,6.4
2024-08-12,Canberra,8,225,13.1,5.3,7.8,0.0,4.6
2024-08-13,Canberra,8,226,9.7,-2.3,12.0,3.1,4.9
2024-08-14,Canberra,8,227,12.4,5.0,7.4,0.0,6.1
2024-08-15,Canberra,8,228,11.8,2.8,9.0,0.0,5.8
2024-08-16,Canberra,8,229,11.0,2.0,9.0,0.0,5.1
2024-08-17,Canberra,8,230,11.6,3.4,8.2,0.0,4.9
2024-08-18,Canberra,8,231,10.1,0.8,9.3,0.0,5.7
2024-08-19,Canberra,8,232,9.5,-1.1,10.6,0.0,6.4
2024-08-20,Canberra,8,233,7.7,-1.6,9.3,0.0,6.3
2024-08-21,Canberra,8,234,9.8,2.0,7.8,1.2,5.9
2024-08-22,Canberra,8,235,3.1,-8.3,11.4,0.0,6.4
2024-08-23,Canberra,8,236,13.2,4.7,8.5,0.0,4.6
2024-08-24,Canberra,8,237,8.4,0.2,8.2,7.0,4.6
2024-08-25,Canberra,8,238,10.4,1.3,9.1,0.6,5.6
2024-08-26,Canberra,8,239,6.0,-4.8,10.8,0.0,6.0
2024-08-27,Canberra,8,240,11.2,2.9,8.3,0.0,5.7
2024-08-28,Canberra,8,241,15.2,7.2,8.0,0.0,6.1
2024-08-29,Canberra,8,242,11.8,0.5,11.3,1.4,4.9
2024-08-30,Canberra,8,243,6.0,-1.0,7.0,0.0,5.5
2024-08-31,Canberra,8,244,11.3,2.2,9.1,0.0,6.1
2024-09-01,Canberra,9,245,16.6,6.0,10.6,0.0,5.6
2024-09-02,Canberra,9,246,11.2,3.6,7.6,4.5,5.0
2024-09-03,Canberra,9,247,17.0,10.6,6.4,0.0,5.9
2024-09-04,Canberra,9,248,17.0,9.4,7.6,0.2,5.6
2024-09-05,Canberra,9,249,8.9,-2.1,11.0,0.0,5.7
2024-09-06,Canberra,9,250,8.4,-0.0,8.4,0.0,5.6
2024-09-07,Canberra,9,251,13.2,2.4,10.8,0.0,5.9
2024-09-08,Canberra,9,252,11.3,0.0,11.3,0.0,5.0
2024-09-09,Canberra,9,253,10.1,-1.0,11.1,0.0,4.8
2024-09-10,Canberra,9,254,12.2,1.4,10.8,0.0,5.9
2024-09-11,Canberra,9,255,13.6,4.5,9.1,0.0,4.8
2024-09-12,Canberra,9,256,13.5,1.7,11.8,9.7,5.9
2024-09-13,Canberra,9,257,13.8,4.8,9.0,0.0,4.9
2024-09-14,Canberra,9,258,12.6,0.7,11.9,0.0,6.1
2024-09-15,Canberra,9,259,11.5,4.9,6.6,0.2,6.4
2024-09-16,Canberra,9,260,15.1,7.6,7.5,0.0,5.5
2024-09-17,Canberra,9,261,16.4,6.3,10.1,1.3,5.5
2024-09-18,Canberra,9,262,12.0,3.3,8.7,0.0,5.6
2024-09-19,Canberra,9,263,14.6,5.3,9.3,0.0,4.5
2024-09-20,Canberra,9,264,15.2,3.5,11.7,0.0,4.9
2024-09-21,Canberra,9,265,17.2,7.2,10.0,0.7,6.2
2024-09-22,Canberra,9,266,9.8,-1.6,11.4,0.2,5.0
2024-09-23,Canberra,9,267,11.6,4.2,7.4,0.0,4.8
2024-09-24,Canberra,9,268,14.8,8.6,6.2,2.1,5.6
2024-09-25,Canberra,9,269,13.8,2.7,11.1,0.0,5.3
2024-09-26,Canberra,9,270,16.2,9.4,6.8,0.0,5.3
2024-09-27,Canberra,9,271,13.2,4.0,9.2,0.0,6.2
2024-09-28,Canberra,9,272,7.1,-2.6,9.7,0.0,4.6
2024-09-29,Canberra,9,273,8.4,1.8,6.6,3.9,5.1
2024-09-30,Canberra,9,274,15.1,4.7,10.4,0.0,6.4
2024-10-01,Canberra,10,275,15.4,3.9,11.5,0.0,4.7
2024-10-02,Canberra,10,276,18.0,7.1,10.9,0.0,4.9
2024-10-03,Canberra,10,277,20.1,10.6,9.5,0.0,6.1
2024-10-04,Canberra,10,278,18.4,10.2,8.2,0.0,4.5
2024-10-05,Canberra,10,279,18.0,11.1,6.9,6.5,5.0
2024-10-06,Canberra,10,280,20.8,13.2,7.6,0.1,4.7
2024-10-07,Canberra,10,281,18.6,12.5,6.1,1.6,5.6
2024-10-08,Canberra,10,282,17.8,9.9,7.9,0.0,4.9
2024-10-09,Canberra,10,283,19.1,11.3,7.8,0.0,6.0
2024-10-10,Canberra,10,284,18.1,8.5,9.6,0.0,5.2
2024-10-11,Canberra,10,285,16.8,10.3,6.5,2.6,5.0
2024-10-12,Canberra,10,286,19.1,8.4,10.7,0.0,4.6
2024-10-13,Canberra,10,287,15.4,4.6,10.8,0.4,5.1
2024-10-14,Canberra,10,288,18.3,9.4,8.9,0.0,5.2
2024-10-15,Canberra,10,289,20.8,9.1,11.7,0.0,6.1
2024-10-16,Canberra,10,290,18.6,10.3,8.3,1.1,4.7
2024-10-17,Canberra,10,291,14.8,2.9,11.9,0.0,4.9
2024-10-18,Canberra,10,292,16.1,10.0,6.1,0.0,6.1
2024-10-19,Canberra,10,293,20.2,10.6,9.6,0.0,5.5
2024-10-20,Canberra,10,294,15.7,4.7,11.0,0.0,5.4
2024-10-21,Canberra,10,295,19.5,10.6,8.9,1.5,5.4
2024-10-22,Canberra,10,296,19.6,11.0,8.6,0.0,5.8
2024-10-23,Canberra,10,297,16.9,9.8,7.1,1.1,5.8
2024-10-24,Canberra,10,298,19.7,7.9,11.8,0.0,4.8
2024-10-25,Canberra,10,299,15.2,3.5,11.7,0.0,4.9
2024-10-26,Canberra,10,300,19.9,11.4,8.5,3.9,5.2
2024-10-27,Canberra,10,301,15.8,7.1,8.7,3.0,5.4
2024-10-28,Canberra,10,302,17.3,5.6,11.7,0.0,6.0
2024-10-29,Canberra,10,303,18.5,7.8,10.7,0.0,5.5
2024-10-30,Canberra,10,304,19.9,11.0,8.9,0.0,4.9
2024-10-31,Canberra,10,305,14.1,3.3,10.8,0.0,4.7
2024-11-01,Canberra,11,306,25.4,13.8,11.6,0.0,5.6
2024-11-02,Canberra,11,307,25.2,17.3,7.9,0.0,5.9
2024-11-03,Canberra,11,308,20.7,11.7,9.0,0.0,6.2
2024-11-04,Canberra,11,309,21.5,14.9,6.6,0.0,5.6
2024-11-05,Canberra,11,310,20.1,11.8,8.3,0.0,5.2
2024-11-06,Canberra,11,311,22.8,15.7,7.1,1.4,4.5
2024-11-07,Canberra,11,312,21.7,11.7,10.0,0.0,5.4
2024-11-08,Canberra,11,313,20.9,9.8,11.1,0.0,5.8
2024-11-09,Canberra,11,314,21.7,11.5,10.2,1.2,6.2
2024-11-10,Canberra,11,315,26.7,20.0,6.7,0.3,5.6
2024-11-11,Canberra,11,316,23.0,15.2,7.8,3.6,6.1
2024-11-12,Canberra,11,317,24.1,15.2,8.9,0.0,6.1
2024-11-13,Canberra,11,318,22.5,11.9,10.6,0.0,6.4
2024-11-14,Canberra,11,319,19.7,11.5,8.2,0.0,6.2
2024-11-15,Canberra,11,320,26.2,19.2,7.0,7.8,6.2
2024-11-16,Canberra,11,321,27.4,20.7,6.7,0.0,6.1
2024-11-17,Canberra,11,322,23.9,12.2,11.7,0.0,6.2
2024-11-18,Canberra,11,323,21.6,12.5,9.1,0.0,4.9
2024-11-19,Canberra,11,324,21.9,15.0,6.9,0.0,6.1
2024-11-20,Canberra,11,325,21.6,10.0,11.6,3.9,6.4
2024-11-21,Canberra,11,326,18.5,10.2,8.3,0.0,4.6
2024-11-22,Canberra,11,327,23.4,15.0,8.4,3.5,5.4
2024-11-23,Canberra,11,328,24.3,14.5,9.8,0.0,6.0
2024-11-24,Canberra,11,329,17.9,8.0,9.9,0.0,6.4
2024-11-25,Canberra,11,330,21.1,12.7,8.4,0.0,5.2
2024-11-26,Canberra,11,331,23.7,13.6,10.1,0.0,5.9
2024-11-27,Canberra,11,332,21.4,13.4,8.0,0.0,6.0
2024-11-28,Canberra,11,333,22.7,12.2,10.5,0.0,5.2
2024-11-29,Canberra,11,334,23.5,17.0,6.5,0.0,5.4
2024-11-30,Canberra,11,335,23.3,12.2,11.1,0.0,5.1
2024-12-01,Canberra,12,336,22.3,13.9,8.4,1.7,4.7
2024-12-02,Canberra,12,337,30.8,21.3,9.5,0.2,5.8
2024-12-03,Canberra,12,338,31.1,24.1,7.0,0.0,4.8
2024-12-04,Canberra,12,339,28.5,20.2,8.3,0.0,5.8
2024-12-05,Canberra,12,340,24.0,15.4,8.6,0.0,6.3
2024-12-06,Canberra,12,341,27.8,16.5,11.3,0.7,5.6
2024-12-07,Canberra,12,342,27.6,18.1,9.5,0.0,5.4
2024-12-08,Canberra,12,343,24.6,15.1,9.5,0.0,5.2
2024-12-09,Canberra,12,344,26.6,16.2,10.4,0.0,6.4
2024-12-10,Canberra,12,345,28.8,17.9,10.9,0.0,6.4
2024-12-11,Canberra,12,346,26.4,15.6,10.8,0.0,4.8
2024-12-12,Canberra,12,347,29.1,18.8,10.3,0.0,5.5
2024-12-13,Canberra,12,348,33.4,25.0,8.4,0.0,4.8
2024-12-14,Canberra,12,349,25.0,16.7,8.3,0.0,5.9
2024-12-15,Canberra,12,350,22.6,12.2,10.4,0.0,4.8
2024-12-16,Canberra,12,351,28.4,17.1,11.3,0.1,6.1
2024-12-17,Canberra,12,352,31.2,21.6,9.6,0.0,5.9
2024-12-18,Canberra,12,353,26.6,18.1,8.5,0.0,5.0
2024-12-19,Canberra,12,354,26.2,18.6,7.6,4.4,5.0
2024-12-20,Canberra,12,355,26.3,19.8,6.5,0.0,6.5
2024-12-21,Canberra,12,356,27.2,19.0,8.2,0.0,5.0
2024-12-22,Canberra,12,357,29.3,20.9,8.4,0.0,6.3
2024-12-23,Canberra,12,358,30.2,21.1,9.1,2.8,6.1
2024-12-24,Canberra,12,359,24.8,18.4,6.4,0.0,4.8
2024-12-25,Canberra,12,360,24.4,14.7,9.7,0.0,5.5
2024-12-26,Canberra,12,361,27.1,15.2,11.9,0.4,5.6
2024-12-27,Canberra,12,362,20.9,12.8,8.1,0.0,5.7
2024-12-28,Canberra,12,363,27.9,19.6,8.3,0.0,4.5
2024-12-29,Canberra,12,364,27.3,21.0,6.3,0.9,6.0
2024-12-30,Canberra,12,365,27.2,17.8,9.4,0.0,6.3
2024-12-31,Canberra,12,366,24.6,13.0,11.6,11.3,5.6
2023-01-01,Hobart,1,1,22.2,14.6,7.6,0.5,5.7
2023-01-02,Hobart,1,2,22.3,14.3,8.0,0.0,5.8
2023-01-03,Hobart,1,3,22.5,12.4,10.1,1.7,5.8
2023-01-04,Hobart,1,4,26.1,19.1,7.0,0.1,5.6
2023-01-05,Hobart,1,5,19.5,12.3,7.2,0.0,5.5
2023-01-06,Hobart,1,6,18.2,8.2,10.0,0.0,4.1
2023-01-07,Hobart,1,7,24.9,15.8,9.1,1.4,4.2
2023-01-08,Hobart,1,8,18.8,11.3,7.5,0.0,4.1
2023-01-09,Hobart,1,9,19.2,8.7,10.5,0.0,4.5
2023-01-10,Hobart,1,10,19.2,8.8,10.4,0.0,4.3
2023-01-11,Hobart,1,11,26.7,17.0,9.7,0.0,5.4
2023-01-12,Hobart,1,12,21.4,11.1,10.3,0.3,4.9
2023-01-13,Hobart,1,13,17.8,10.4,7.4,0.0,4.4
2023-01-14,Hobart,1,14,21.5,13.1,8.4,0.0,5.4
2023-01-15,Hobart,1,15,21.8,15.5,6.3,0.0,4.3
2023-01-16,Hobart,1,16,24.3,15.1,9.2,1.8,5.7
2023-01-17,Hobart,1,17,23.8,14.6,9.2,0.0,5.0
2023-01-18,Hobart,1,18,22.3,12.7,9.6,1.5,3.9
2023-01-19,Hobart,1,19,18.5,12.0,6.5,0.0,5.5
2023-01-20,Hobart,1,20,23.5,16.8,6.7,0.2,5.4
2023-01-21,Hobart,1,21,27.2,17.7,9.5,0.0,4.1
2023-01-22,Hobart,1,22,21.4,15.2,6.2,0.0,5.6
2023-01-23,Hobart,1,23,30.7,22.3,8.4,0.0,4.9
2023-01-24,Hobart,1,24,22.7,13.6,9.1,0.0,4.8
2023-01-25,Hobart,1,25,17.5,7.4,10.1,0.0,5.4
2023-01-26,Hobart,1,26,22.9,11.2,11.7,2.7,5.2
2023-01-27,Hobart,1,27,19.0,11.1,7.9,0.0,5.8
2023-01-28,Hobart,1,28,23.1,13.0,10.1,0.0,4.0
2023-01-29,Hobart,1,29,21.6,14.7,6.9,3.7,4.5
2023-01-30,Hobart,1,30,22.7,16.6,6.1,2.1,4.5
2023-01-31,Hobart,1,31,22.4,10.4,12.0,0.0,5.3
2023-02-01,Hobart,2,32,22.5,12.2,10.3,2.2,5.8
2023-02-02,Hobart,2,33,18.9,9.8,9.1,1.6,4.9
2023-02-03,Hobart,2,34,19.0,7.3,11.7,0.0,4.1
2023-02-04,Hobart,2,35,18.4,8.4,10.0,0.0,4.2
2023-02-05,Hobart,2,36,21.8,11.6,10.2,0.0,4.4
2023-02-06,Hobart,2,37,23.2,14.5,8.7,0.0,5.5
2023-02-07,Hobart,2,38,21.3,14.7,6.6,0.8,5.4
2023-02-08,Hobart,2,39,25.1,13.5,11.6,0.0,5.6
2023-02-09,Hobart,2,40,22.5,10.6,11.9,0.0,5.0
2023-02-10,Hobart,2,41,17.6,8.2,9.4,0.0,5.3
2023-02-11,Hobart,2,42,21.1,10.9,10.2,0.0,4.7
2023-02-12,Hobart,2,43,19.0,9.9,9.1,0.3,4.3
2023-02-13,Hobart,2,44,23.2,14.1,9.1,0.0,5.0
2023-02-14,Hobart,2,45,21.0,13.7,7.3,0.0,5.4
2023-02-15,Hobart,2,46,22.6,12.4,10.2,0.7,5.5
2023-02-16,Hobart,2,47,22.1,15.9,6.2,3.2,5.6
2023-02-17,Hobart,2,48,23.9,12.3,11.6,0.0,5.4
2023-02-18,Hobart,2,49,23.4,16.7,6.7,0.0,5.5
2023-02-19,Hobart,2,50,20.0,8.6,11.4,0.0,4.3
2023-02-20,Hobart,2,51,20.3,11.2,9.1,0.0,5.3
2023-02-21,Hobart,2,52,21.7,11.4,10.3,1.3,5.9
2023-02-22,Hobart,2,53,19.7,13.0,6.7,1.9,5.1
2023-02-23,Hobart,2,54,22.6,14.9,7.7,0.0,5.5
2023-02-24,Hobart,2,55,21.2,10.9,10.3,0.0,4.0
2023-02-25,Hobart,2,56,19.5,10.1,9.4,0.0,4.6
2023-02-26,Hobart,2,57,26.8,19.6,7.2,0.4,4.2
2023-02-27,Hobart,2,58,20.8,12.9,7.9,0.0,4.5
2023-02-28,Hobart,2,59,23.2,12.4,10.8,0.0,5.2
2023-03-01,Hobart,3,60,20.5,13.2,7.3,0.0,4.5
2023-03-02,Hobart,3,61,19.5,10.6,8.9,0.0,5.7
2023-03-03,Hobart,3,62,21.3,10.7,10.6,0.2,4.9
2023-03-04,Hobart,3,63,21.6,10.5,11.1,0.0,5.5
2023-03-05,Hobart,3,64,21.6,15.4,6.2,0.0,5.4
2023-03-06,Hobart,3,65,22.4,15.2,7.2,0.3,5.8
2023-03-07,Hobart,3,66,17.9,9.1,8.8,0.0,5.8
2023-03-08,Hobart,3,67,21.2,12.3,8.9,0.0,4.0
2023-03-09,Hobart,3,68,18.3,7.2,11.1,0.0,3.9
2023-03-10,Hobart,3,69,21.3,9.8,11.5,2.7,4.8
2023-03-11,Hobart,3,70,20.1,10.3,9.8,0.2,4.7
2023-03-12,Hobart,3,71,20.9,10.4,10.5,0.0,5.9
2023-03-13,Hobart,3,72,23.4,12.9,10.5,0.9,3.9
2023-03-14,Hobart,3,73,14.5,5.7,8.8,0.0,4.7
2023-03-15,Hobart,3,74,17.8,9.2,8.6,0.0,5.3
2023-03-16,Hobart,3,75,16.8,9.5,7.3,0.5,4.7
2023-03-17,Hobart,3,76,18.8,8.9,9.9,0.0,4.7
2023-03-18,Hobart,3,77,18.8,8.3,10.5,0.2,4.7
2023-03-19,Hobart,3,78,17.0,8.6,8.4,1.8,5.4
2023-03-20,Hobart,3,79,21.9,13.3,8.6,0.0,4.8
2023-03-21,Hobart,3,80,24.3,15.0,9.3,0.0,5.4
2023-03-22,Hobart,3,81,18.5,6.9,11.6,6.2,5.3
2023-03-23,Hobart,3,82,22.4,13.8,8.6,2.1,5.0
2023-03-24,Hobart,3,83,22.9,12.7,10.2,2.3,4.2
2023-03-25,Hobart,3,84,16.4,5.7,10.7,1.7,5.2
2023-03-26,Hobart,3,85,17.2,8.8,8.4,0.0,5.8
2023-03-27,Hobart,3,86,17.0,7.2,9.8,0.0,5.2
2023-03-28,Hobart,3,87,22.2,10.9,11.3,1.6,4.5
2023-03-29,Hobart,3,88,20.5,13.3,7.2,0.0,4.7
2023-03-30,Hobart,3,89,20.0,13.6,6.4,3.5,4.4
2023-03-31,Hobart,3,90,20.6,13.5,7.1,0.0,5.3
2023-04-01,Hobart,4,91,12.6,1.1,11.5,0.0,5.2
2023-04-02,Hobart,4,92,16.9,5.4,11.5,0.0,4.1
2023-04-03,Hobart,4,93,18.5,10.1,8.4,2.0,5.5
2023-04-04,Hobart,4,94,14.1,2.4,11.7,0.0,4.5
2023-04-05,Hobart,4,95,21.3,9.5,11.8,0.0,5.7
2023-04-06,Hobart,4,96,17.2,9.7,7.5,0.8,5.5
2023-04-07,Hobart,4,97,17.3,6.2,11.1,0.0,4.5
2023-04-08,Hobart,4,98,18.1,9.2,8.9,1.3,4.7
2023-04-09,Hobart,4,99,21.0,12.4,8.6,0.0,4.7
2023-04-10,Hobart,4,100,18.3,9.9,8.4,1.0,5.5
2023-04-11,Hobart,4,101,19.0,8.1,10.9,0.1,5.0
2023-04-12,Hobart,4,102,16.1,8.5,7.6,0.8,5.7
2023-04-13,Hobart,4,103,19.4,8.4,11.0,0.0,5.4
2023-04-14,Hobart,4,104,16.8,5.4,11.4,0.0,3.9
2023-04-15,Hobart,4,105,13.7,6.8,6.9,0.0,5.2
2023-04-16,Hobart,4,106,15.6,9.2,6.4,0.0,4.6
2023-04-17,Hobart,4,107,15.7,6.0,9.7,0.0,4.6
2023-04-18,Hobart,4,108,18.5,9.5,9.0,0.0,4.3
2023-04-19,Hobart,4,109,17.5,7.4,10.1,0.0,5.5
2023-04-20,Hobart,4,110,21.3,10.2,11.1,0.0,5.7
2023-04-21,Hobart,4,111,13.8,6.4,7.4,0.2,4.3
2023-04-22,Hobart,4,112,16.6,10.5,6.1,1.3,4.5
2023-04-23,Hobart,4,113,16.4,5.9,10.5,0.0,4.1
2023-04-24,Hobart,4,114,16.9,9.3,7.6,0.9,3.9
2023-04-25,Hobart,4,115,20.1,11.0,9.1,0.0,4.4
2023-04-26,Hobart,4,116,21.0,13.0,8.0,0.0,5.1
2023-04-27,Hobart,4,117,15.7,5.0,10.7,0.0,4.1
2023-04-28,Hobart,4,118,15.8,9.6,6.2,0.0,5.4
2023-04-29,Hobart,4,119,15.7,7.5,8.2,2.1,4.0
2023-04-30,Hobart,4,120,14.9,4.6,10.3,0.0,5.6
2023-05-01,Hobart,5,121,16.8,7.7,9.1,0.0,5.3
2023-05-02,Hobart,5,122,15.8,6.4,9.4,0.9,5.9
2023-05-03,Hobart,5,123,18.2,11.6,6.6,0.0,5.1
2023-05-04,Hobart,5,124,17.8,10.1,7.7,0.0,5.8
2023-05-05,Hobart,5,125,16.3,5.3,11.0,0.0,5.6
2023-05-06,Hobart,5,126,12.9,3.3,9.6,0.1,4.7
2023-05-07,Hobart,5,127,13.5,5.4,8.1,0.0,5.8
2023-05-08,Hobart,5,128,19.0,12.0,7.0,0.0,5.4
2023-05-09,Hobart,5,129,12.8,5.3,7.5,0.0,5.0
2023-05-10,Hobart,5,130,14.3,3.5,10.8,4.7,4.2
2023-05-11,Hobart,5,131,12.4,1.7,10.7,0.6,5.1
2023-05-12,Hobart,5,132,14.4,7.7,6.7,0.0,5.1
2023-05-13,Hobart,5,133,8.4,1.3,7.1,0.3,5.3
2023-05-14,Hobart,5,134,10.5,2.1,8.4,2.4,5.5
2023-05-15,Hobart,5,135,18.8,11.0,7.8,0.0,5.3
2023-05-16,Hobart,5,136,16.3,6.6,9.7,0.0,4.5
2023-05-17,Hobart,5,137,9.6,3.4,6.2,0.0,5.2
2023-05-18,Hobart,5,138,12.5,6.1,6.4,0.0,4.1
2023-05-19,Hobart,5,139,14.9,5.7,9.2,0.4,4.2
2023-05-20,Hobart,5,140,13.3,5.5,7.8,0.0,3.9
2023-05-21,Hobart,5,141,17.4,9.1,8.3,0.5,5.6
2023-05-22,Hobart,5,142,15.2,7.3,7.9,0.0,4.1
2023-05-23,Hobart,5,143,13.8,2.9,10.9,0.0,5.3
2023-05-24,Hobart,5,144,13.8,2.6,11.2,0.0,4.9
2023-05-25,Hobart,5,145,15.3,6.8,8.5,0.0,4.6
2023-05-26,Hobart,5,146,13.8,5.2,8.6,0.0,5.2
2023-05-27,Hobart,5,147,13.9,6.0,7.9,0.3,5.0
2023-05-28,Hobart,5,148,16.1,4.2,11.9,0.0,4.9
2023-05-29,Hobart,5,149,20.5,9.9,10.6,0.0,4.0
2023-05-30,Hobart,5,150,13.6,7.0,6.6,0.0,5.1
2023-05-31,Hobart,5,151,10.3,0.4,9.9,3.4,5.4
2023-06-01,Hobart,6,152,8.4,-1.4,9.8,0.0,4.1
2023-06-02,Hobart,6,153,13.0,5.3,7.7,0.0,5.5
2023-06-03,Hobart,6,154,13.5,3.4,10.1,0.0,4.3
2023-06-04,Hobart,6,155,16.1,7.5,8.6,0.0,4.0
2023-06-05,Hobart,6,156,10.3,1.9,8.4,1.1,5.9
2023-06-06,Hobart,6,157,11.7,1.7,10.0,0.0,5.9
2023-06-07,Hobart,6,158,12.4,2.8,9.6,0.0,4.6
2023-06-08,Hobart,6,159,15.0,7.5,7.5,0.0,5.1
2023-06-09,Hobart,6,160,11.4,1.7,9.7,0.0,5.7
2023-06-10,Hobart,6,161,9.0,1.4,7.6,0.0,5.3
2023-06-11,Hobart,6,162,12.3,4.1,8.2,0.0,5.9
2023-06-12,Hobart,6,163,11.7,0.1,11.6,1.5,4.8
2023-06-13,Hobart,6,164,13.4,6.2,7.2,1.3,4.9
2023-06-14,Hobart,6,165,11.8,0.3,11.5,0.0,5.7
2023-06-15,Hobart,6,166,14.4,8.0,6.4,0.8,5.0
2023-06-16,Hobart,6,167,11.8,2.1,9.7,1.5,4.7
2023-06-17,Hobart,6,168,13.3,2.2,11.1,0.5,5.7
2023-06-18,Hobart,6,169,10.3,2.1,8.2,0.0,5.7
2023-06-19,Hobart,6,170,12.8,1.7,11.1,1.5,5.4
2023-06-20,Hobart,6,171,14.0,5.9,8.1,2.8,4.9
2023-06-21,Hobart,6,172,13.0,2.7,10.3,1.6,5.3
2023-06-22,Hobart,6,173,12.7,1.7,11.0,0.0,4.8
2023-06-23,Hobart,6,174,8.8,0.1,8.7,0.0,5.4
2023-06-24,Hobart,6,175,11.1,0.6,10.5,0.0,5.7
2023-06-25,Hobart,6,176,7.0,0.6,6.4,0.0,5.5
2023-06-26,Hobart,6,177,14.3,3.7,10.6,1.4,5.0
2023-06-27,Hobart,6,178,15.9,9.1,6.8,0.1,4.2
2023-06-28,Hobart,6,179,13.0,4.2,8.8,0.0,4.2
2023-06-29,Hobart,6,180,14.9,3.4,11.5,0.0,5.6
2023-06-30,Hobart,6,181,16.1,6.9,9.2,0.0,5.4
2023-07-01,Hobart,7,182,13.1,6.2,6.9,0.0,5.2
2023-07-02,Hobart,7,183,12.1,2.8,9.3,1.5,4.6
2023-07-03,Hobart,7,184,8.8,2.7,6.1,0.3,4.2
2023-07-04,Hobart,7,185,12.6,1.5,11.1,0.0,4.0
2023-07-05,Hobart,7,186,5.8,-1.9,7.7,0.0,4.8
2023-07-06,Hobart,7,187,18.2,11.4,6.8,0.0,4.7
2023-07-07,Hobart,7,188,12.5,0.6,11.9,3.7,4.9
2023-07-08,Hobart,7,189,8.8,1.5,7.3,0.0,5.6
2023-07-09,Hobart,7,190,14.1,5.4,8.7,0.0,4.0
2023-07-10,Hobart,7,191,11.6,4.4,7.2,0.0,4.8
2023-07-11,Hobart,7,192,12.7,5.5,7.2,4.1,5.4
2023-07-12,Hobart,7,193,11.5,0.0,11.5,1.9,5.4
2023-07-13,Hobart,7,194,4.6,-7.0,11.6,0.2,5.8
2023-07-14,Hobart,7,195,10.6,1.0,9.6,0.0,5.6
2023-07-15,Hobart,7,196,11.0,0.4,10.6,0.0,5.2
2023-07-16,Hobart,7,197,9.6,0.9,8.7,2.2,5.2
2023-07-17,Hobart,7,198,9.3,-0.3,9.6,0.0,5.0
2023-07-18,Hobart,7,199,10.3,0.2,10.1,0.0,4.8
2023-07-19,Hobart,7,200,12.0,1.6,10.4,0.0,4.7
2023-07-20,Hobart,7,201,7.7,-2.0,9.7,0.0,4.2
2023-07-21,Hobart,7,202,14.3,7.0,7.3,0.0,4.5
2023-07-22,Hobart,7,203,14.8,3.1,11.7,0.0,5.4
2023-07-23,Hobart,7,204,8.3,-2.7,11.0,0.0,4.8
2023-07-24,Hobart,7,205,10.7,1.8,8.9,0.0,4.1
2023-07-25,Hobart,7,206,14.5,4.5,10.0,1.4,4.6
2023-07-26,Hobart,7,207,10.7,2.1,8.6,4.1,4.9
2023-07-27,Hobart,7,208,8.8,-1.6,10.4,0.0,4.2
2023-07-28,Hobart,7,209,19.2,11.8,7.4,0.0,5.5
2023-07-29,Hobart,7,210,18.1,10.4,7.7,0.0,5.0
2023-07-30,Hobart,7,211,13.0,7.0,6.0,2.6,5.2
2023-07-31,Hobart,7,212,14.9,6.7,8.2,3.7,4.6
2023-08-01,Hobart,8,213,18.4,12.4,6.0,0.0,4.7
2023-08-02,Hobart,8,214,11.5,1.8,9.7,7.5,5.2
2023-08-03,Hobart,8,215,10.8,0.3,10.5,0.0,5.3
2023-08-04,Hobart,8,216,15.2,7.7,7.5,0.0,4.1
2023-08-05,Hobart,8,217,8.1,-2.7,10.8,0.0,5.0
2023-08-06,Hobart,8,218,13.9,7.5,6.4,0.0,4.9
2023-08-07,Hobart,8,219,11.3,5.2,6.1,0.0,5.5
2023-08-08,Hobart,8,220,13.0,5.3,7.7,5.8,4.7
2023-08-09,Hobart,8,221,12.4,4.8,7.6,0.0,5.5
2023-08-10,Hobart,8,222,12.2,2.4,9.8,0.0,3.9
2023-08-11,Hobart,8,223,14.0,2.5,11.5,5.4,4.9
2023-08-12,Hobart,8,224,12.0,2.3,9.7,0.0,5.7
2023-08-13,Hobart,8,225,13.6,4.6,9.0,0.0,4.8
2023-08-14,Hobart,8,226,14.5,7.0,7.5,0.0,5.1
2023-08-15,Hobart,8,227,15.4,9.0,6.4,0.0,4.7
2023-08-16,Hobart,8,228,9.0,-2.8,11.8,0.0,4.7
2023-08-17,Hobart,8,229,11.2,3.7,7.5,0.0,4.4
2023-08-18,Hobart,8,230,14.1,7.1,7.0,2.7,4.7
2023-08-19,Hobart,8,231,16.7,7.9,8.8,1.8,5.0
2023-08-20,Hobart,8,232,11.4,-0.1,11.5,0.1,5.8
2023-08-21,Hobart,8,233,9.2,0.8,8.4,3.1,5.1
2023-08-22,Hobart,8,234,12.4,2.4,10.0,0.1,5.2
2023-08-23,Hobart,8,235,8.6,-1.4,10.0,5.1,4.6
2023-08-24,Hobart,8,236,9.3,0.5,8.8,0.0,5.7
2023-08-25,Hobart,8,237,18.3,8.1,10.2,0.0,4.6
2023-08-26,Hobart,8,238,15.1,4.6,10.5,0.2,4.6
2023-08-27,Hobart,8,239,7.6,-0.9,8.5,0.1,5.3
2023-08-28,Hobart,8,240,9.3,-1.0,10.3,0.0,5.0
2023-08-29,Hobart,8,241,13.1,3.7,9.4,0.0,5.8
2023-08-30,Hobart,8,242,10.7,0.8,9.9,0.0,5.6
2023-08-31,Hobart,8,243,9.2,1.6,7.6,0.0,4.3
2023-09-01,Hobart,9,244,15.2,5.1,10.1,0.0,4.7
2023-09-02,Hobart,9,245,19.6,10.2,9.4,0.0,4.9
2023-09-03,Hobart,9,246,16.2,8.4,7.8,1.1,4.3
2023-09-04,Hobart,9,247,15.9,6.0,9.9,0.0,5.6
2023-09-05,Hobart,9,248,11.2,3.3,7.9,1.3,5.7
2023-09-06,Hobart,9,249,13.1,4.2,8.9,0.0,4.8
2023-09-07,Hobart,9,250,12.8,5.3,7.5,0.0,4.1
2023-09-08,Hobart,9,251,14.1,7.9,6.2,3.8,5.3
2023-09-09,Hobart,9,252,13.8,5.8,8.0,0.0,4.9
2023-09-10,Hobart,9,253,8.5,0.6,7.9,0.2,4.6
2023-09-11,Hobart,9,254,14.0,2.1,11.9,0.0,5.4
2023-09-12,Hobart,9,255,12.4,1.6,10.8,0.0,4.3
2023-09-13,Hobart,9,256,13.0,6.7,6.3,0.0,5.2
2023-09-14,Hobart,9,257,14.8,7.2,7.6,1.2,4.5
2023-09-15,Hobart,9,258,13.3,5.1,8.2,4.1,4.6
2023-09-16,Hobart,9,259,16.6,6.9,9.7,0.0,5.5
2023-09-17,Hobart,9,260,11.8,3.2,8.6,2.5,4.1
2023-09-18,Hobart,9,261,15.2,7.2,8.0,0.1,4.7
2023-09-19,Hobart,9,262,13.3,7.2,6.1,0.5,4.9
2023-09-20,Hobart,9,263,15.1,7.7,7.4,0.7,5.5
2023-09-21,Hobart,9,264,21.2,10.5,10.7,0.0,5.5
2023-09-22,Hobart,9,265,16.5,8.5,8.0,0.0,5.1
2023-09-23,Hobart,9,266,18.2,7.3,10.9,0.0,5.3
2023-09-24,Hobart,9,267,15.9,7.5,8.4,0.0,3.9
2023-09-25,Hobart,9,268,16.5,6.6,9.9,0.3,4.1
2023-09-26,Hobart,9,269,10.4,3.5,6.9,0.0,5.8
2023-09-27,Hobart,9,270,19.9,13.7,6.2,0.0,3.9
2023-09-28,Hobart,9,271,18.6,7.5,11.1,0.0,5.1
2023-09-29,Hobart,9,272,16.7,9.8,6.9,0.0,5.5
2023-09-30,Hobart,9,273,15.3,7.0,8.3,0.0,5.8
2023-10-01,Hobart,10,274,19.0,9.2,9.8,0.0,5.8
2023-10-02,Hobart,10,275,20.1,12.5,7.6,0.0,5.5
2023-10-03,Hobart,10,276,18.5,9.2,9.3,0.0,4.5
2023-10-04,Hobart,10,277,13.1,6.9,6.2,0.0,5.8
2023-10-05,Hobart,10,278,14.3,3.7,10.6,3.0,4.9
2023-10-06,Hobart,10,279,14.8,4.9,9.9,0.9,5.3
2023-10-07,Hobart,10,280,13.6,2.1,11.5,0.0,5.3
2023-10-08,Hobart,10,281,14.8,4.8,10.0,0.0,4.9
2023-10-09,Hobart,10,282,19.9,12.2,7.7,4.0,4.5
2023-10-10,Hobart,10,283,20.9,10.3,10.6,0.0,5.6
2023-10-11,Hobart,10,284,20.3,10.7,9.6,0.0,4.8
2023-10-12,Hobart,10,285,15.2,6.8,8.4,0.0,5.5
2023-10-13,Hobart,10,286,15.4,7.3,8.1,0.0,4.8
2023-10-14,Hobart,10,287,15.9,7.8,8.1,0.0,5.0
2023-10-15,Hobart,10,288,18.0,11.1,6.9,0.0,4.9
2023-10-16,Hobart,10,289,18.9,9.0,9.9,1.7,3.9
2023-10-17,Hobart,10,290,14.1,3.8,10.3,0.0,4.4
2023-10-18,Hobart,10,291,16.7,9.8,6.9,0.0,4.3
2023-10-19,Hobart,10,292,17.9,9.1,8.8,0.0,5.1
2023-10-20,Hobart,10,293,19.0,7.7,11.3,6.6,4.8
2023-10-21,Hobart,10,294,17.0,6.6,10.4,1.5,4.4
2023-10-22,Hobart,10,295,17.6,9.7,7.9,0.0,5.1
2023-10-23,Hobart,10,296,17.3,10.2,7.1,0.9,4.5
2023-10-24,Hobart,10,297,14.5,5.3,9.2,1.7,5.1
2023-10-25,Hobart,10,298,20.5,12.4,8.1,0.0,5.8
2023-10-26,Hobart,10,299,18.7,12.4,6.3,2.1,4.3
2023-10-27,Hobart,10,300,14.3,5.5,8.8,0.0,4.7
2023-10-28,Hobart,10,301,16.5,5.2,11.3,0.0,4.5
2023-10-29,Hobart,10,302,18.6,9.9,8.7,0.0,4.8
2023-10-30,Hobart,10,303,16.4,7.8,8.6,0.0,5.1
2023-10-31,Hobart,10,304,20.5,12.6,7.9,1.2,5.6
2023-11-01,Hobart,11,305,21.3,9.8,11.5,0.1,4.8
2023-11-02,Hobart,11,306,18.7,7.1,11.6,0.0,4.7
2023-11-03,Hobart,11,307,19.2,9.4,9.8,0.0,4.4
2023-11-04,Hobart,11,308,17.0,6.8,10.2,0.0,5.8
2023-11-05,Hobart,11,309,23.8,16.5,7.3,0.0,5.6
2023-11-06,Hobart,11,310,19.6,11.7,7.9,0.0,5.3
2023-11-07,Hobart,11,311,16.2,9.8,6.4,0.0,5.5
2023-11-08,Hobart,11,312,15.5,3.9,11.6,2.5,5.6
2023-11-09,Hobart,11,313,20.8,12.2,8.6,0.0,5.2
2023-11-10,Hobart,11,314,20.8,12.6,8.2,0.0,5.1
2023-11-11,Hobart,11,315,17.5,9.6,7.9,3.6,5.9
2023-11-12,Hobart,11,316,18.8,10.6,8.2,0.4,5.6
2023-11-13,Hobart,11,317,17.5,10.2,7.3,3.3,4.5
2023-11-14,Hobart,11,318,22.8,11.5,11.3,0.0,5.8
2023-11-15,Hobart,11,319,17.6,5.7,11.9,0.0,4.7
2023-11-16,Hobart,11,320,24.0,14.9,9.1,0.0,4.4
2023-11-17,Hobart,11,321,22.1,11.4,10.7,0.0,4.2
2023-11-18,Hobart,11,322,19.7,9.6,10.1,0.0,4.8
2023-11-19,Hobart,11,323,17.4,10.2,7.2,0.0,5.9
2023-11-20,Hobart,11,324,23.7,14.5,9.2,0.2,4.2
2023-11-21,Hobart,11,325,19.9,10.1,9.8,0.1,5.0
2023-11-22,Hobart,11,326,16.4,7.4,9.0,2.7,4.4
2023-11-23,Hobart,11,327,17.6,11.2,6.4,3.8,5.6
2023-11-24,Hobart,11,328,21.9,14.9,7.0,1.1,5.1
2023-11-25,Hobart,11,329,22.8,11.0,11.8,1.5,4.5
2023-11-26,Hobart,11,330,17.8,7.0,10.8,2.0,4.9
2023-11-27,Hobart,11,331,20.0,8.1,11.9,0.0,5.1
2023-11-28,Hobart,11,332,15.9,6.6,9.3,0.0,4.4
2023-11-29,Hobart,11,333,18.2,12.1,6.1,0.0,4.9
2023-11-30,Hobart,11,334,19.0,7.8,11.2,0.0,5.8
2023-12-01,Hobart,12,335,17.8,5.8,12.0,0.0,4.4
2023-12-02,Hobart,12,336,19.4,9.6,9.8,0.0,5.2
2023-12-03,Hobart,12,337,22.6,11.9,10.7,0.0,4.3
2023-12-04,Hobart,12,338,20.2,13.1,7.1,0.0,4.2
2023-12-05,Hobart,12,339,21.1,14.9,6.2,0.0,5.8
2023-12-06,Hobart,12,340,20.6,11.7,8.9,0.0,4.1
2023-12-07,Hobart,12,341,18.1,8.7,9.4,0.0,5.2
2023-12-08,Hobart,12,342,23.8,16.8,7.0,0.0,4.3
2023-12-09,Hobart,12,343,25.0,15.2,9.8,0.0,4.8
2023-12-10,Hobart,12,344,20.5,10.8,9.7,1.9,5.5
2023-12-11,Hobart,12,345,20.3,10.3,10.0,0.0,5.9
2023-12-12,Hobart,12,346,20.9,12.1,8.8,1.5,5.5
2023-12-13,Hobart,12,347,23.6,15.0,8.6,0.6,4.7
2023-12-14,Hobart,12,348,25.5,15.2,10.3,1.0,4.0
2023-12-15,Hobart,12,349,22.3,15.1,7.2,0.2,5.2
2023-12-16,Hobart,12,350,23.6,17.6,6.0,0.8,4.7
2023-12-17,Hobart,12,351,19.1,7.8,11.3,3.6,5.3
2023-12-18,Hobart,12,352,20.2,12.0,8.2,0.0,4.1
2023-12-19,Hobart,12,353,20.8,13.2,7.6,0.0,5.3
2023-12-20,Hobart,12,354,26.1,19.4,6.7,0.0,4.0
2023-12-21,Hobart,12,355,17.6,8.4,9.2,0.0,5.4
2023-12-22,Hobart,12,356,21.4,14.5,6.9,0.0,5.7
2023-12-23,Hobart,12,357,17.7,11.1,6.6,0.1,5.6
2023-12-24,Hobart,12,358,22.2,15.9,6.3,0.0,5.5
2023-12-25,Hobart,12,359,18.4,7.4,11.0,0.0,5.4
2023-12-26,Hobart,12,360,16.2,4.9,11.3,0.0,4.0
2023-12-27,Hobart,12,361,24.0,16.8,7.2,0.0,5.4
2023-12-28,Hobart,12,362,21.9,14.3,7.6,0.0,4.9
2023-12-29,Hobart,12,363,24.8,14.7,10.1,0.3,4.4
2023-12-30,Hobart,12,364,20.0,9.0,11.0,0.0,5.3
2023-12-31,Hobart,12,365,23.0,15.8,7.2,0.0,5.2
2024-01-01,Hobart,1,1,19.3,7.9,11.4,2.2,5.7
2024-01-02,Hobart,1,2,23.3,15.0,8.3,0.0,4.3
2024-01-03,Hobart,1,3,20.7,8.7,12.0,0.2,4.2
2024-01-04,Hobart,1,4,26.2,16.5,9.7,0.0,4.2
2024-01-05,Hobart,1,5,22.8,16.1,6.7,1.9,5.2
2024-01-06,Hobart,1,6,19.8,12.6,7.2,0.0,4.0
2024-01-07,Hobart,1,7,19.9,8.9,11.0,0.7,5.0
2024-01-08,Hobart,1,8,19.4,11.3,8.1,0.7,4.9
2024-01-09,Hobart,1,9,24.6,17.1,7.5,0.0,5.0
2024-01-10,Hobart,1,10,24.3,17.5,6.8,0.8,4.7
2024-01-11,Hobart,1,11,23.1,16.6,6.5,0.0,4.0
2024-01-12,Hobart,1,12,21.5,11.8,9.7,0.0,4.4
2024-01-13,Hobart,1,13,23.0,14.9,8.1,0.0,5.5
2024-01-14,Hobart,1,14,20.8,10.3,10.5,0.2,5.1
2024-01-15,Hobart,1,15,19.7,12.5,7.2,0.0,4.7
2024-01-16,Hobart,1,16,20.4,14.3,6.1,0.0,5.0
2024-01-17,Hobart,1,17,22.4,15.6,6.8,0.0,4.1
2024-01-18,Hobart,1,18,22.8,12.1,10.7,0.0,5.4
2024-01-19,Hobart,1,19,25.2,14.4,10.8,1.2,5.8
2024-01-20,Hobart,1,20,22.3,14.1,8.2,0.3,5.7
2024-01-21,Hobart,1,21,28.8,18.6,10.2,0.0,5.6
2024-01-22,Hobart,1,22,19.2,9.4,9.8,0.0,5.6
2024-01-23,Hobart,1,23,20.0,11.8,8.2,0.9,5.4
2024-01-24,Hobart,1,24,22.8,14.0,8.8,0.0,5.1
2024-01-25,Hobart,1,25,20.3,12.1,8.2,0.8,5.5
2024-01-26,Hobart,1,26,19.0,7.7,11.3,0.0,5.2
2024-01-27,Hobart,1,27,19.5,12.3,7.2,0.0,5.7
2024-01-28,Hobart,1,28,22.0,14.4,7.6,0.0,4.0
2024-01-29,Hobart,1,29,22.5,11.9,10.6,0.0,5.8
2024-01-30,Hobart,1,30,23.9,17.3,6.6,0.5,4.7
2024-01-31,Hobart,1,31,20.2,11.3,8.9,0.0,4.6
2024-02-01,Hobart,2,32,20.7,10.7,10.0,1.1,4.0
2024-02-02,Hobart,2,33,19.9,9.1,10.8,0.0,4.9
2024-02-03,Hobart,2,34,18.8,7.3,11.5,0.0,5.2
2024-02-04,Hobart,2,35,20.7,10.4,10.3,3.6,4.7
2024-02-05,Hobart,2,36,17.8,8.4,9.4,2.7,4.9
2024-02-06,Hobart,2,37,22.5,16.1,6.4,0.0,4.1
2024-02-07,Hobart,2,38,19.4,11.8,7.6,0.0,5.3
2024-02-08,Hobart,2,39,23.2,11.4,11.8,2.1,5.1
2024-02-09,Hobart,2,40,21.4,10.1,11.3,3.6,4.9
2024-02-10,Hobart,2,41,26.2,17.1,9.1,1.2,4.0
2024-02-11,Hobart,2,42,20.7,11.3,9.4,0.0,4.4
2024-02-12,Hobart,2,43,22.5,13.0,9.5,0.0,4.3
2024-02-13,Hobart,2,44,21.1,10.5,10.6,0.0,5.7
2024-02-14,Hobart,2,45,25.2,18.4,6.8,0.4,4.7
2024-02-15,Hobart,2,46,19.9,9.4,10.5,0.0,5.1
2024-02-16,Hobart,2,47,22.9,11.8,11.1,0.0,5.5
2024-02-17,Hobart,2,48,23.4,12.5,10.9,0.0,4.3
2024-02-18,Hobart,2,49,24.7,18.3,6.4,0.0,5.4
2024-02-19,Hobart,2,50,22.5,13.9,8.6,0.0,5.2
2024-02-20,Hobart,2,51,19.3,11.8,7.5,1.4,5.5
2024-02-21,Hobart,2,52,15.1,9.0,6.1,0.0,4.5
2024-02-22,Hobart,2,53,22.6,12.0,10.6,0.0,5.5
2024-02-23,Hobart,2,54,21.3,11.8,9.5,0.0,4.5
2024-02-24,Hobart,2,55,25.6,19.4,6.2,0.0,4.1
2024-02-25,Hobart,2,56,19.5,11.1,8.4,1.0,5.2
2024-02-26,Hobart,2,57,19.1,8.0,11.1,2.1,5.4
2024-02-27,Hobart,2,58,19.5,8.6,10.9,0.0,4.0
2024-02-28,Hobart,2,59,22.2,15.4,6.8,0.0,3.9
2024-02-29,Hobart,2,60,22.0,11.1,10.9,0.0,4.3
2024-03-01,Hobart,3,61,20.7,12.9,7.8,0.0,5.1
2024-03-02,Hobart,3,62,21.4,9.8,11.6,6.5,5.2
2024-03-03,Hobart,3,63,23.0,11.8,11.2,1.4,5.1
2024-03-04,Hobart,3,64,18.9,11.2,7.7,0.0,5.6
2024-03-05,Hobart,3,65,19.9,10.2,9.7,0.0,5.3
2024-03-06,Hobart,3,66,20.1,12.2,7.9,3.2,4.7
2024-03-07,Hobart,3,67,20.9,11.4,9.5,0.0,4.0
2024-03-08,Hobart,3,68,19.1,7.9,11.2,0.0,4.6
2024-03-09,Hobart,3,69,16.7,5.8,10.9,0.0,5.5
2024-03-10,Hobart,3,70,21.1,10.1,11.0,0.0,5.1
2024-03-11,Hobart,3,71,23.5,17.3,6.2,0.0,5.4
2024-03-12,Hobart,3,72,20.2,14.2,6.0,0.0,4.0
2024-03-13,Hobart,3,73,16.2,9.7,6.5,0.0,4.0
2024-03-14,Hobart,3,74,24.0,14.1,9.9,3.5,5.1
2024-03-15,Hobart,3,75,22.9,11.2,11.7,0.0,4.6
2024-03-16,Hobart,3,76,17.7,8.2,9.5,0.0,5.5
2024-03-17,Hobart,3,77,19.7,11.8,7.9,0.0,4.1
2024-03-18,Hobart,3,78,18.8,8.7,10.1,0.0,4.7
2024-03-19,Hobart,3,79,18.1,10.6,7.5,0.0,5.4
2024-03-20,Hobart,3,80,23.9,17.3,6.6,0.0,5.5
2024-03-21,Hobart,3,81,22.8,13.1,9.7,2.1,5.7
2024-03-22,Hobart,3,82,21.7,11.1,10.6,1.3,4.1
2024-03-23,Hobart,3,83,20.7,12.9,7.8,0.0,4.2
2024-03-24,Hobart,3,84,23.0,12.9,10.1,0.0,5.8
2024-03-25,Hobart,3,85,21.6,10.9,10.7,0.0,4.2
2024-03-26,Hobart,3,86,23.3,16.8,6.5,0.0,5.3
2024-03-27,Hobart,3,87,23.3,17.0,6.3,0.0,4.8
2024-03-28,Hobart,3,88,13.4,3.8,9.6,0.0,4.3
2024-03-29,Hobart,3,89,23.7,16.1,7.6,0.0,5.8
2024-03-30,Hobart,3,90,21.5,15.3,6.2,0.0,5.6
2024-03-31,Hobart,3,91,16.2,6.1,10.1,1.8,4.2
2024-04-01,Hobart,4,92,19.7,9.1,10.6,1.5,5.5
2024-04-02,Hobart,4,93,19.9,9.7,10.2,2.8,4.3
2024-04-03,Hobart,4,94,20.7,9.9,10.8,0.0,5.2
2024-04-04,Hobart,4,95,15.6,8.9,6.7,0.6,5.0
2024-04-05,Hobart,4,96,18.7,12.0,6.7,3.9,5.4
2024-04-06,Hobart,4,97,18.3,11.0,7.3,0.0,4.0
2024-04-07,Hobart,4,98,14.8,7.9,6.9,0.0,4.3
2024-04-08,Hobart,4,99,15.6,9.6,6.0,0.0,3.9
2024-04-09,Hobart,4,100,19.0,11.2,7.8,4.4,4.5
2024-04-10,Hobart,4,101,12.7,5.9,6.8,0.0,4.3
2024-04-11,Hobart,4,102,16.3,7.1,9.2,0.0,5.8
2024-04-12,Hobart,4,103,18.6,8.5,10.1,0.0,5.2
2024-04-13,Hobart,4,104,16.9,7.5,9.4,1.7,5.3
2024-04-14,Hobart,4,105,22.1,10.6,11.5,0.0,4.4
2024-04-15,Hobart,4,106,10.1,1.5,8.6,0.0,4.4
2024-04-16,Hobart,4,107,18.1,7.5,10.6,1.1,5.5
2024-04-17,Hobart,4,108,17.8,9.0,8.8,0.0,4.1
2024-04-18,Hobart,4,109,15.3,7.4,7.9,0.0,4.0
2024-04-19,Hobart,4,110,20.1,11.1,9.0,0.0,4.4
2024-04-20,Hobart,4,111,17.9,11.1,6.8,0.0,5.3
2024-04-21,Hobart,4,112,22.3,15.3,7.0,0.0,4.6
2024-04-22,Hobart,4,113,14.7,7.4,7.3,0.0,4.1
2024-04-23,Hobart,4,114,16.7,7.0,9.7,0.6,5.5
2024-04-24,Hobart,4,115,17.0,7.4,9.6,1.4,5.3
2024-04-25,Hobart,4,116,18.3,8.9,9.4,0.0,4.9
2024-04-26,Hobart,4,117,14.3,3.6,10.7,0.0,4.9
2024-04-27,Hobart,4,118,16.8,10.3,6.5,5.3,5.5
2024-04-28,Hobart,4,119,11.8,1.5,10.3,0.0,5.8
2024-04-29,Hobart,4,120,20.7,14.0,6.7,0.0,3.9
2024-04-30,Hobart,4,121,18.2,9.7,8.5,0.0,3.9
2024-05-01,Hobart,5,122,16.2,4.5,11.7,0.0,4.6
2024-05-02,Hobart,5,123,14.3,8.1,6.2,0.0,5.8
2024-05-03,Hobart,5,124,15.3,5.2,10.1,3.3,4.1
2024-05-04,Hobart,5,125,8.9,0.6,8.3,0.0,5.7
2024-05-05,Hobart,5,126,15.5,4.4,11.1,0.0,5.1
2024-05-06,Hobart,5,127,17.2,6.3,10.9,1.0,4.4
2024-05-07,Hobart,5,128,14.3,4.9,9.4,0.9,4.3
2024-05-08,Hobart,5,129,13.5,7.3,6.2,0.0,4.7
2024-05-09,Hobart,5,130,13.8,1.8,12.0,1.7,5.0
2024-05-10,Hobart,5,131,11.0,4.2,6.8,0.0,4.8
2024-05-11,Hobart,5,132,15.9,6.3,9.6,2.4,5.1
2024-05-12,Hobart,5,133,16.5,5.2,11.3,1.8,4.3
2024-05-13,Hobart,5,134,13.2,6.7,6.5,0.0,4.2
2024-05-14,Hobart,5,135,13.3,6.3,7.0,0.0,5.2
2024-05-15,Hobart,5,136,12.8,3.2,9.6,3.1,4.0
2024-05-16,Hobart,5,137,18.4,12.0,6.4,0.0,4.6
2024-05-17,Hobart,5,138,14.7,3.5,11.2,0.0,5.6
2024-05-18,Hobart,5,139,14.7,5.9,8.8,0.0,5.7
2024-05-19,Hobart,5,140,14.0,4.1,9.9,2.5,4.0
2024-05-20,Hobart,5,141,12.5,2.7,9.8,0.6,3.9
2024-05-21,Hobart,5,142,10.3,0.5,9.8,0.0,5.4
2024-05-22,Hobart,5,143,12.8,1.2,11.6,0.0,5.4
2024-05-23,Hobart,5,144,11.9,0.7,11.2,0.0,4.2
2024-05-24,Hobart,5,145,11.1,-0.1,11.2,0.0,5.0
2024-05-25,Hobart,5,146,9.6,-0.8,10.4,0.9,5.1
2024-05-26,Hobart,5,147,20.7,13.1,7.6,0.0,5.6
2024-05-27,Hobart,5,148,11.2,1.0,10.2,0.4,5.0
2024-05-28,Hobart,5,149,12.6,1.4,11.2,0.0,5.1
2024-05-29,Hobart,5,150,14.0,7.5,6.5,0.0,4.0
2024-05-30,Hobart,5,151,14.0,8.0,6.0,0.0,4.5
2024-05-31,Hobart,5,152,12.5,2.4,10.1,0.1,5.7
2024-06-01,Hobart,6,153,14.4,4.0,10.4,1.3,5.3
2024-06-02,Hobart,6,154,10.6,4.5,6.1,0.0,5.2
2024-06-03,Hobart,6,155,10.9,4.0,6.9,5.3,5.3
2024-06-04,Hobart,6,156,15.3,8.5,6.8,8.1,5.5
2024-06-05,Hobart,6,157,12.5,2.8,9.7,0.8,4.5
2024-06-06,Hobart,6,158,13.7,7.1,6.6,0.0,4.1
2024-06-07,Hobart,6,159,11.1,0.0,11.1,0.2,5.7
2024-06-08,Hobart,6,160,14.6,4.1,10.5,0.0,5.5
2024-06-09,Hobart,6,161,11.3,1.2,10.1,0.0,4.6
2024-06-10,Hobart,6,162,13.0,3.9,9.1,0.0,4.8
2024-06-11,Hobart,6,163,11.3,4.4,6.9,0.0,5.9
2024-06-12,Hobart,6,164,13.7,4.5,9.2,2.2,5.4
2024-06-13,Hobart,6,165,9.7,1.6,8.1,0.0,5.6
2024-06-14,Hobart,6,166,12.1,2.9,9.2,0.0,4.3
2024-06-15,Hobart,6,167,11.4,0.6,10.8,0.0,4.2
2024-06-16,Hobart,6,168,9.8,-0.1,9.9,0.9,5.4
2024-06-17,Hobart,6,169,13.8,6.7,7.1,0.0,5.0
2024-06-18,Hobart,6,170,6.8,-4.8,11.6,4.1,5.8
2024-06-19,Hobart,6,171,8.0,-1.7,9.7,0.0,3.9
2024-06-20,Hobart,6,172,12.8,2.4,10.4,1.5,5.2
2024-06-21,Hobart,6,173,12.8,6.8,6.0,0.0,5.3
2024-06-22,Hobart,6,174,11.5,0.1,11.4,0.0,4.8
2024-06-23,Hobart,6,175,11.7,2.7,9.0,0.0,4.9
2024-06-24,Hobart,6,176,8.9,-2.0,10.9,0.0,4.9
2024-06-25,Hobart,6,177,11.7,4.2,7.5,0.0,5.7
2024-06-26,Hobart,6,178,11.1,0.7,10.4,0.0,4.5
2024-06-27,Hobart,6,179,10.6,2.8,7.8,0.0,4.4
2024-06-28,Hobart,6,180,14.1,3.6,10.5,0.0,4.1
2024-06-29,Hobart,6,181,11.1,-0.3,11.4,0.0,5.8
2024-06-30,Hobart,6,182,13.9,6.8,7.1,0.0,4.3
2024-07-01,Hobart,7,183,9.9,1.2,8.7,0.0,4.2
2024-07-02,Hobart,7,184,16.7,9.4,7.3,0.0,3.9
2024-07-03,Hobart,7,185,9.4,-1.5,10.9,0.0,4.1
2024-07-04,Hobart,7,186,14.2,8.2,6.0,0.0,4.5
2024-07-05,Hobart,7,187,14.3,3.6,10.7,0.0,4.8
2024-07-06,Hobart,7,188,13.2,4.0,9.2,0.0,5.6
2024-07-07,Hobart,7,189,15.3,5.9,9.4,0.0,5.1
2024-07-08,Hobart,7,190,8.1,-3.0,11.1,0.0,5.1
2024-07-09,Hobart,7,191,11.0,4.0,7.0,0.0,4.2
2024-07-10,Hobart,7,192,13.4,5.6,7.8,0.0,4.7
2024-07-11,Hobart,7,193,13.3,3.9,9.4,0.1,5.1
2024-07-12,Hobart,7,194,13.6,2.1,11.5,0.0,5.6
2024-07-13,Hobart,7,195,13.1,3.6,9.5,0.8,5.2
2024-07-14,Hobart,7,196,14.7,5.0,9.7,0.0,4.3
2024-07-15,Hobart,7,197,13.5,4.4,9.1,0.3,5.2
2024-07-16,Hobart,7,198,12.9,5.4,7.5,0.0,4.8
2024-07-17,Hobart,7,199,10.0,-1.1,11.1,1.1,4.8
2024-07-18,Hobart,7,200,9.3,1.2,8.1,0.0,5.0
2024-07-19,Hobart,7,201,9.6,2.2,7.4,0.0,5.4
2024-07-20,Hobart,7,202,12.8,6.1,6.7,0.3,4.1
2024-07-21,Hobart,7,203,10.3,-0.2,10.5,0.0,4.2
2024-07-22,Hobart,7,204,9.4,2.0,7.4,0.1,5.2
2024-07-23,Hobart,7,205,9.6,2.2,7.4,0.0,4.6
2024-07-24,Hobart,7,206,16.4,9.0,7.4,1.0,4.9
2024-07-25,Hobart,7,207,12.6,4.7,7.9,1.3,5.4
2024-07-26,Hobart,7,208,7.9,-3.1,11.0,0.0,4.9
2024-07-27,Hobart,7,209,12.9,2.7,10.2,0.0,4.9
2024-07-28,Hobart,7,210,10.5,1.8,8.7,0.0,4.5
2024-07-29,Hobart,7,211,10.8,1.0,9.8,0.0,4.9
2024-07-30,Hobart,7,212,14.5,3.2,11.3,1.7,4.7
2024-07-31,Hobart,7,213,11.1,2.6,8.5,0.0,4.0
2024-08-01,Hobart,8,214,11.1,2.1,9.0,0.7,5.6
2024-08-02,Hobart,8,215,9.7,-1.9,11.6,0.0,5.1
2024-08-03,Hobart,8,216,11.2,4.4,6.8,0.0,4.6
2024-08-04,Hobart,8,217,6.9,-1.9,8.8,0.0,5.5
2024-08-05,Hobart,8,218,20.1,12.8,7.3,0.0,4.1
2024-08-06,Hobart,8,219,13.5,1.9,11.6,2.1,5.0
2024-08-07,Hobart,8,220,13.5,6.1,7.4,0.0,4.6
2024-08-08,Hobart,8,221,12.2,2.7,9.5,0.5,4.1
2024-08-09,Hobart,8,222,9.5,-1.9,11.4,0.0,5.1
2024-08-10,Hobart,8,223,12.3,4.0,8.3,0.0,5.4
2024-08-11,Hobart,8,224,14.5,8.0,6.5,0.0,5.0
2024-08-12,Hobart,8,225,9.2,1.6,7.6,0.8,4.7
2024-08-13,Hobart,8,226,11.9,5.4,6.5,0.4,4.0
2024-08-14,Hobart,8,227,12.7,1.0,11.7,0.0,5.2
2024-08-15,Hobart,8,228,9.3,-0.9,10.2,0.0,4.8
2024-08-16,Hobart,8,229,9.4,0.4,9.0,0.0,5.6
2024-08-17,Hobart,8,230,13.8,7.2,6.6,0.0,4.4
2024-08-18,Hobart,8,231,14.0,3.3,10.7,0.0,5.5
2024-08-19,Hobart,8,232,12.4,3.1,9.3,2.3,4.0
2024-08-20,Hobart,8,233,12.5,3.9,8.6,0.0,5.9
2024-08-21,Hobart,8,234,11.1,3.0,8.1,0.0,4.3
2024-08-22,Hobart,8,235,14.0,4.8,9.2,0.0,5.2
2024-08-23,Hobart,8,236,12.7,6.5,6.2,0.0,4.5
2024-08-24,Hobart,8,237,12.7,3.6,9.1,0.0,4.8
2024-08-25,Hobart,8,238,12.0,2.7,9.3,0.0,5.7
2024-08-26,Hobart,8,239,10.4,2.9,7.5,1.6,5.7
2024-08-27,Hobart,8,240,16.2,6.4,9.8,0.6,4.5
2024-08-28,Hobart,8,241,16.8,10.6,6.2,1.5,4.5
2024-08-29,Hobart,8,242,13.0,4.1,8.9,0.0,5.8
2024-08-30,Hobart,8,243,11.4,1.0,10.4,0.0,4.3
2024-08-31,Hobart,8,244,13.0,4.3,8.7,0.5,5.5
2024-09-01,Hobart,9,245,11.8,2.6,9.2,0.9,4.2
2024-09-02,Hobart,9,246,20.1,12.9,7.2,0.0,4.3
2024-09-03,Hobart,9,247,14.1,5.3,8.8,0.0,5.5
2024-09-04,Hobart,9,248,16.1,8.9,7.2,0.0,5.6
2024-09-05,Hobart,9,249,11.2,4.6,6.6,0.0,5.1
2024-09-06,Hobart,9,250,13.4,1.5,11.9,0.2,4.6
2024-09-07,Hobart,9,251,12.6,4.3,8.3,0.0,4.0
2024-09-08,Hobart,9,252,16.6,6.7,9.9,4.8,4.7
2024-09-09,Hobart,9,253,14.1,6.2,7.9,1.1,5.8
2024-09-10,Hobart,9,254,10.4,1.6,8.8,0.0,4.5
2024-09-11,Hobart,9,255,11.7,0.4,11.3,0.0,4.8
2024-09-12,Hobart,9,256,18.5,7.7,10.8,0.2,5.9
2024-09-13,Hobart,9,257,14.1,3.0,11.1,0.0,4.4
2024-09-14,Hobart,9,258,17.0,7.3,9.7,0.0,3.9
2024-09-15,Hobart,9,259,21.5,10.6,10.9,4.2,5.4
2024-09-16,Hobart,9,260,17.0,9.6,7.4,0.0,5.7
2024-09-17,Hobart,9,261,15.0,6.1,8.9,0.0,5.6
2024-09-18,Hobart,9,262,17.7,8.4,9.3,0.0,4.9
2024-09-19,Hobart,9,263,13.4,1.9,11.5,0.0,5.7
2024-09-20,Hobart,9,264,15.7,5.0,10.7,0.0,5.6
2024-09-21,Hobart,9,265,14.0,7.7,6.3,0.0,4.3
2024-09-22,Hobart,9,266,13.4,2.5,10.9,2.4,5.3
2024-09-23,Hobart,9,267,14.2,2.4,11.8,4.5,4.5
2024-09-24,Hobart,9,268,16.0,8.9,7.1,0.0,5.3
2024-09-25,Hobart,9,269,16.9,7.4,9.5,0.0,5.8
2024-09-26,Hobart,9,270,11.1,4.7,6.4,0.0,5.4
2024-09-27,Hobart,9,271,8.9,-1.4,10.3,0.0,4.1
2024-09-28,Hobart,9,272,17.2,10.6,6.6,0.0,5.5
2024-09-29,Hobart,9,273,12.4,4.2,8.2,0.0,4.6
2024-09-30,Hobart,9,274,19.0,10.1,8.9,0.0,5.7
2024-10-01,Hobart,10,275,19.8,10.2,9.6,0.2,5.1
2024-10-02,Hobart,10,276,16.2,8.7,7.5,0.0,5.9
2024-10-03,Hobart,10,277,15.3,6.7,8.6,0.8,4.1
2024-10-04,Hobart,10,278,15.2,9.0,6.2,0.0,4.5
2024-10-05,Hobart,10,279,14.6,5.9,8.7,0.0,3.9
2024-10-06,Hobart,10,280,15.5,5.8,9.7,0.0,3.9
2024-10-07,Hobart,10,281,22.6,13.5,9.1,0.0,5.7
2024-10-08,Hobart,10,282,22.4,14.5,7.9,0.0,4.9
2024-10-09,Hobart,10,283,17.6,10.6,7.0,0.0,4.1
2024-10-10,Hobart,10,284,15.4,6.5,8.9,0.0,4.7
2024-10-11,Hobart,10,285,17.2,10.2,7.0,0.2,5.9
2024-10-12,Hobart,10,286,16.3,8.3,8.0,0.0,5.6
2024-10-13,Hobart,10,287,16.6,8.0,8.6,0.3,5.9
2024-10-14,Hobart,10,288,16.1,7.7,8.4,0.0,4.7
2024-10-15,Hobart,10,289,15.9,6.8,9.1,0.0,5.5
2024-10-16,Hobart,10,290,14.7,6.9,7.8,0.0,5.8
2024-10-17,Hobart,10,291,19.3,10.0,9.3,1.4,4.6
2024-10-18,Hobart,10,292,16.9,9.0,7.9,1.7,4.7
2024-10-19,Hobart,10,293,17.7,10.9,6.8,0.0,5.1
2024-10-20,Hobart,10,294,16.8,10.1,6.7,0.0,3.9
2024-10-21,Hobart,10,295,16.7,6.7,10.0,0.0,4.1
2024-10-22,Hobart,10,296,17.1,10.2,6.9,0.0,4.8
2024-10-23,Hobart,10,297,12.7,5.9,6.8,0.0,4.4
2024-10-24,Hobart,10,298,15.2,5.9,9.3,0.0,4.9
2024-10-25,Hobart,10,299,17.8,9.5,8.3,0.0,4.8
2024-10-26,Hobart,10,300,19.9,8.9,11.0,7.1,5.0
2024-10-27,Hobart,10,301,18.6,9.7,8.9,0.3,4.9
2024-10-28,Hobart,10,302,19.5,8.3,11.2,1.3,4.7
2024-10-29,Hobart,10,303,13.6,3.8,9.8,0.0,4.8
2024-10-30,Hobart,10,304,17.9,7.7,10.2,0.0,5.3
2024-10-31,Hobart,10,305,15.1,5.4,9.7,0.3,5.4
2024-11-01,Hobart,11,306,20.3,10.4,9.9,1.3,5.2
2024-11-02,Hobart,11,307,18.0,9.5,8.5,0.6,5.1
2024-11-03,Hobart,11,308,14.6,6.3,8.3,1.9,5.2
2024-11-04,Hobart,11,309,19.1,7.9,11.2,0.0,4.2
2024-11-05,Hobart,11,310,22.3,15.7,6.6,0.0,5.1
2024-11-06,Hobart,11,311,19.4,10.9,8.5,1.3,5.5
2024-11-07,Hobart,11,312,19.4,7.8,11.6,0.3,4.4
2024-11-08,Hobart,11,313,18.8,7.3,11.5,0.0,4.4
2024-11-09,Hobart,11,314,19.6,11.0,8.6,1.5,4.8
2024-11-10,Hobart,11,315,22.2,10.3,11.9,6.7,4.7
2024-11-11,Hobart,11,316,21.5,10.6,10.9,0.0,4.6
2024-11-12,Hobart,11,317,14.7,7.2,7.5,0.0,4.6
2024-11-13,Hobart,11,318,19.8,8.1,11.7,0.0,5.6
2024-11-14,Hobart,11,319,20.4,11.6,8.8,0.4,3.9
2024-11-15,Hobart,11,320,19.2,8.3,10.9,1.5,5.4
2024-11-16,Hobart,11,321,19.5,11.4,8.1,0.0,4.1
2024-11-17,Hobart,11,322,20.6,12.6,8.0,2.5,4.1
2024-11-18,Hobart,11,323,19.4,10.0,9.4,0.0,4.2
2024-11-19,Hobart,11,324,17.6,8.4,9.2,0.8,4.3
2024-11-20,Hobart,11,325,18.7,7.8,10.9,0.0,5.0
2024-11-21,Hobart,11,326,21.6,13.8,7.8,0.0,4.1
2024-11-22,Hobart,11,327,21.0,12.4,8.6,0.8,5.3
2024-11-23,Hobart,11,328,22.3,11.2,11.1,0.0,5.8
2024-11-24,Hobart,11,329,17.5,8.2,9.3,0.2,3.9
2024-11-25,Hobart,11,330,22.4,10.7,11.7,0.0,5.2
2024-11-26,Hobart,11,331,16.0,4.4,11.6,0.0,5.2
2024-11-27,Hobart,11,332,15.3,3.6,11.7,0.0,4.5
2024-11-28,Hobart,11,333,18.1,7.9,10.2,0.0,4.2
2024-11-29,Hobart,11,334,24.1,12.2,11.9,0.0,4.4
2024-11-30,Hobart,11,335,21.5,10.7,10.8,0.7,5.4
2024-12-01,Hobart,12,336,22.5,10.7,11.8,0.0,4.7
2024-12-02,Hobart,12,337,16.4,5.6,10.8,0.0,5.0
2024-12-03,Hobart,12,338,25.1,14.1,11.0,0.0,5.9
2024-12-04,Hobart,12,339,20.5,9.2,11.3,0.0,5.4
2024-12-05,Hobart,12,340,26.8,18.4,8.4,0.0,5.1
2024-12-06,Hobart,12,341,23.1,14.1,9.0,0.0,5.4
2024-12-07,Hobart,12,342,24.3,12.4,11.9,0.0,5.7
2024-12-08,Hobart,12,343,25.9,19.1,6.8,0.0,5.9
2024-12-09,Hobart,12,344,27.1,21.0,6.1,0.0,4.4
2024-12-10,Hobart,12,345,17.7,6.1,11.6,0.0,4.5
2024-12-11,Hobart,12,346,22.6,15.6,7.0,0.7,5.2
2024-12-12,Hobart,12,347,19.9,8.1,11.8,0.9,5.5
2024-12-13,Hobart,12,348,21.9,13.5,8.4,0.0,5.5
2024-12-14,Hobart,12,349,18.9,12.4,6.5,1.4,5.6
2024-12-15,Hobart,12,350,22.9,14.8,8.1,0.0,5.4
2024-12-16,Hobart,12,351,19.2,11.3,7.9,0.0,4.0
2024-12-17,Hobart,12,352,20.6,13.4,7.2,2.0,4.5
2024-12-18,Hobart,12,353,20.0,13.5,6.5,0.0,4.7
2024-12-19,Hobart,12,354,22.1,14.2,7.9,0.0,4.9
2024-12-20,Hobart,12,355,21.2,11.7,9.5,0.3,4.9
2024-12-21,Hobart,12,356,19.1,10.9,8.2,0.0,5.5
2024-12-22,Hobart,12,357,21.6,10.1,11.5,0.0,5.5
2024-12-23,Hobart,12,358,23.0,11.2,11.8,0.0,5.6
2024-12-24,Hobart,12,359,18.4,8.8,9.6,0.0,5.7
2024-12-25,Hobart,12,360,19.3,10.8,8.5,0.0,4.1
2024-12-26,Hobart,12,361,23.4,14.5,8.9,6.8,5.7
2024-12-27,Hobart,12,362,24.8,18.3,6.5,0.0,5.5
2024-12-28,Hobart,12,363,20.8,13.6,7.2,0.0,4.5
2024-12-29,Hobart,12,364,21.0,9.5,11.5,0.0,5.3
2024-12-30,Hobart,12,365,27.6,20.5,7.1,0.0,5.2
2024-12-31,Hobart,12,366,21.8,13.2,8.6,0.0,4.1
2023-01-01,Darwin,1,1,31.7,24.2,7.5,9.6,10.1
2023-01-02,Darwin,1,2,32.4,23.0,9.4,0.0,8.5
2023-01-03,Darwin,1,3,34.0,25.9,8.1,2.4,9.3
2023-01-04,Darwin,1,4,32.6,24.8,7.8,10.1,8.6
2023-01-05,Darwin,1,5,31.3,23.9,7.4,0.0,9.9
2023-01-06,Darwin,1,6,34.4,22.8,11.6,3.1,9.8
2023-01-07,Darwin,1,7,33.7,23.5,10.2,0.0,8.5
2023-01-08,Darwin,1,8,28.2,20.2,8.0,0.0,8.8
2023-01-09,Darwin,1,9,36.9,29.2,7.7,0.0,8.4
2023-01-10,Darwin,1,10,36.1,25.0,11.1,0.0,9.3
2023-01-11,Darwin,1,11,31.0,20.0,11.0,2.2,8.6
2023-01-12,Darwin,1,12,34.0,23.4,10.6,0.0,8.7
2023-01-13,Darwin,1,13,34.9,26.7,8.2,0.0,8.3
2023-01-14,Darwin,1,14,35.9,24.9,11.0,0.0,9.5
2023-01-15,Darwin,1,15,34.1,25.7,8.4,0.0,8.3
2023-01-16,Darwin,1,16,33.7,24.7,9.0,1.4,10.1
2023-01-17,Darwin,1,17,28.6,19.6,9.0,0.0,9.6
2023-01-18,Darwin,1,18,28.3,16.6,11.7,0.0,9.8
2023-01-19,Darwin,1,19,33.6,24.1,9.5,2.5,8.6
2023-01-20,Darwin,1,20,30.9,24.4,6.5,0.0,10.0
2023-01-21,Darwin,1,21,33.9,26.5,7.4,0.0,8.4
2023-01-22,Darwin,1,22,34.4,25.4,9.0,0.0,8.3
2023-01-23,Darwin,1,23,27.2,17.4,9.8,0.0,8.9
2023-01-24,Darwin,1,24,31.2,19.3,11.9,0.0,9.1
2023-01-25,Darwin,1,25,33.1,24.4,8.7,3.5,8.8
2023-01-26,Darwin,1,26,29.9,23.8,6.1,0.0,10.2
2023-01-27,Darwin,1,27,33.8,26.6,7.2,13.2,9.9
2023-01-28,Darwin,1,28,30.0,22.4,7.6,0.0,9.7
2023-01-29,Darwin,1,29,29.9,23.7,6.2,10.2,8.2
2023-01-30,Darwin,1,30,33.9,24.1,9.8,3.0,9.0
2023-01-31,Darwin,1,31,36.1,27.2,8.9,0.0,9.8
2023-02-01,Darwin,2,32,35.6,27.3,8.3,0.0,9.3
2023-02-02,Darwin,2,33,35.5,25.0,10.5,14.2,9.4
2023-02-03,Darwin,2,34,30.1,20.0,10.1,0.0,9.9
2023-02-04,Darwin,2,35,27.6,21.4,6.2,0.0,8.7
2023-02-05,Darwin,2,36,34.1,25.4,8.7,0.0,10.1
2023-02-06,Darwin,2,37,33.4,22.3,11.1,3.4,9.9
2023-02-07,Darwin,2,38,32.0,20.4,11.6,0.0,10.2
2023-02-08,Darwin,2,39,35.8,26.7,9.1,0.6,9.7
2023-02-09,Darwin,2,40,31.8,24.3,7.5,0.0,8.8
2023-02-10,Darwin,2,41,37.7,26.9,10.8,1.1,10.0
2023-02-11,Darwin,2,42,31.4,24.4,7.0,0.0,8.8
2023-02-12,Darwin,2,43,36.5,27.8,8.7,0.4,8.5
2023-02-13,Darwin,2,44,34.0,25.8,8.2,13.8,10.1
2023-02-14,Darwin,2,45,31.5,25.2,6.3,3.5,10.1
2023-02-15,Darwin,2,46,33.1,22.5,10.6,0.0,8.4
2023-02-16,Darwin,2,47,37.6,29.2,8.4,3.1,8.3
2023-02-17,Darwin,2,48,33.9,27.6,6.3,15.1,8.9
2023-02-18,Darwin,2,49,32.2,20.8,11.4,5.3,8.5
2023-02-19,Darwin,2,50,39.8,32.8,7.0,2.1,8.9
2023-02-20,Darwin,2,51,30.5,21.1,9.4,0.0,9.2
2023-02-21,Darwin,2,52,30.0,18.5,11.5,0.8,9.3
2023-02-22,Darwin,2,53,31.6,20.6,11.0,0.0,9.8
2023-02-23,Darwin,2,54,33.5,26.0,7.5,0.0,8.8
2023-02-24,Darwin,2,55,33.1,24.6,8.5,3.9,8.3
2023-02-25,Darwin,2,56,33.1,26.0,7.1,0.0,9.6
2023-02-26,Darwin,2,57,30.7,23.7,7.0,0.0,10.1
2023-02-27,Darwin,2,58,31.3,25.3,6.0,21.4,9.8
2023-02-28,Darwin,2,59,37.0,25.2,11.8,2.2,9.9
2023-03-01,Darwin,3,60,34.5,24.5,10.0,0.0,9.8
2023-03-02,Darwin,3,61,35.5,29.1,6.4,0.0,8.3
2023-03-03,Darwin,3,62,31.7,21.5,10.2,0.0,8.3
2023-03-04,Darwin,3,63,31.9,21.4,10.5,0.6,8.5
2023-03-05,Darwin,3,64,30.8,19.9,10.9,2.5,9.0
2023-03-06,Darwin,3,65,34.2,22.6,11.6,0.0,8.9
2023-03-07,Darwin,3,66,31.8,25.6,6.2,9.3,9.3
2023-03-08,Darwin,3,67,31.8,23.4,8.4,0.0,10.2
2023-03-09,Darwin,3,68,30.9,23.1,7.8,0.4,8.5
2023-03-10,Darwin,3,69,29.2,20.9,8.3,0.0,8.4
2023-03-11,Darwin,3,70,41.1,32.3,8.8,0.6,9.4
2023-03-12,Darwin,3,71,32.2,21.3,10.9,0.0,8.6
2023-03-13,Darwin,3,72,29.9,22.9,7.0,0.0,10.2
2023-03-14,Darwin,3,73,36.8,30.4,6.4,0.0,9.5
2023-03-15,Darwin,3,74,33.1,22.1,11.0,0.0,8.3
2023-03-16,Darwin,3,75,34.2,23.3,10.9,3.5,8.7
2023-03-17,Darwin,3,76,35.5,26.4,9.1,0.0,8.3
2023-03-18,Darwin,3,77,35.4,25.8,9.6,0.0,8.3
2023-03-19,Darwin,3,78,31.7,23.8,7.9,3.2,10.2
2023-03-20,Darwin,3,79,27.7,21.5,6.2,0.0,8.6
2023-03-21,Darwin,3,80,32.7,26.3,6.4,0.0,9.4
2023-03-22,Darwin,3,81,28.4,21.0,7.4,5.1,8.4
2023-03-23,Darwin,3,82,26.9,18.6,8.3,0.0,9.0
2023-03-24,Darwin,3,83,33.5,26.2,7.3,0.0,8.7
2023-03-25,Darwin,3,84,34.1,23.4,10.7,0.0,9.2
2023-03-26,Darwin,3,85,35.1,23.9,11.2,0.0,10.2
2023-03-27,Darwin,3,86,33.0,21.3,11.7,0.0,8.4
2023-03-28,Darwin,3,87,34.3,25.4,8.9,0.0,9.1
2023-03-29,Darwin,3,88,28.6,18.5,10.1,0.0,8.9
2023-03-30,Darwin,3,89,27.5,17.6,9.9,4.0,8.3
2023-03-31,Darwin,3,90,32.9,23.1,9.8,0.0,9.1
2023-04-01,Darwin,4,91,27.1,16.0,11.1,8.1,8.7
2023-04-02,Darwin,4,92,36.6,27.5,9.1,0.2,9.8
2023-04-03,Darwin,4,93,33.1,23.9,9.2,0.9,8.7
2023-04-04,Darwin,4,94,30.5,21.4,9.1,0.1,8.5
2023-04-05,Darwin,4,95,33.5,25.4,8.1,5.0,9.9
2023-04-06,Darwin,4,96,29.0,20.4,8.6,0.0,9.6
2023-04-07,Darwin,4,97,35.0,23.8,11.2,0.0,8.9
2023-04-08,Darwin,4,98,33.3,21.8,11.5,0.0,10.2
2023-04-09,Darwin,4,99,31.4,22.0,9.4,0.0,9.3
2023-04-10,Darwin,4,100,29.8,19.6,10.2,0.0,9.8
2023-04-11,Darwin,4,101,34.1,27.2,6.9,10.1,9.8
2023-04-12,Darwin,4,102,34.2,27.9,6.3,0.0,9.3
2023-04-13,Darwin,4,103,31.3,23.7,7.6,0.0,9.5
2023-04-14,Darwin,4,104,33.0,24.0,9.0,1.5,9.7
2023-04-15,Darwin,4,105,31.3,22.4,8.9,0.0,9.7
2023-04-16,Darwin,4,106,31.4,20.5,10.9,0.0,9.5
2023-04-17,Darwin,4,107,28.0,20.2,7.8,0.0,10.0
2023-04-18,Darwin,4,108,29.6,23.3,6.3,5.1,9.6
2023-04-19,Darwin,4,109,34.5,28.2,6.3,0.0,10.2
2023-04-20,Darwin,4,110,30.5,23.4,7.1,5.5,9.0
2023-04-21,Darwin,4,111,27.5,18.2,9.3,14.9,8.7
2023-04-22,Darwin,4,112,29.7,23.7,6.0,6.0,9.8
2023-04-23,Darwin,4,113,34.0,26.8,7.2,2.1,9.8
2023-04-24,Darwin,4,114,32.3,24.7,7.6,0.0,9.3
2023-04-25,Darwin,4,115,33.8,23.6,10.2,19.6,9.3
2023-04-26,Darwin,4,116,31.0,21.4,9.6,0.0,9.3
2023-04-27,Darwin,4,117,26.2,16.3,9.9,0.0,9.9
2023-04-28,Darwin,4,118,31.5,23.6,7.9,0.0,8.9
2023-04-29,Darwin,4,119,30.5,18.9,11.6,0.0,10.0
2023-04-30,Darwin,4,120,31.5,19.5,12.0,0.0,9.4
2023-05-01,Darwin,5,121,31.4,22.4,9.0,0.0,8.4
2023-05-02,Darwin,5,122,28.4,20.2,8.2,0.0,8.7
2023-05-03,Darwin,5,123,33.0,21.5,11.5,0.0,8.8
2023-05-04,Darwin,5,124,26.3,19.0,7.3,6.9,9.3
2023-05-05,Darwin,5,125,24.8,12.9,11.9,0.0,9.9
2023-05-06,Darwin,5,126,32.6,23.3,9.3,0.0,8.9
2023-05-07,Darwin,5,127,28.9,17.7,11.2,0.0,8.4
2023-05-08,Darwin,5,128,30.5,21.8,8.7,0.0,9.3
2023-05-09,Darwin,5,129,29.8,18.1,11.7,0.0,9.9
2023-05-10,Darwin,5,130,33.0,25.9,7.1,0.0,8.6
2023-05-11,Darwin,5,131,30.4,23.6,6.8,1.9,8.5
2023-05-12,Darwin,5,132,29.1,21.3,7.8,0.0,8.8
2023-05-13,Darwin,5,133,27.8,21.4,6.4,0.0,8.2
2023-05-14,Darwin,5,134,28.5,16.9,11.6,0.0,10.1
2023-05-15,Darwin,5,135,29.9,18.6,11.3,11.0,9.4
2023-05-16,Darwin,5,136,31.2,24.6,6.6,0.0,8.6
2023-05-17,Darwin,5,137,29.3,20.1,9.2,4.6,9.3
2023-05-18,Darwin,5,138,28.8,18.9,9.9,9.0,9.0
2023-05-19,Darwin,5,139,29.8,23.7,6.1,10.5,9.0
2023-05-20,Darwin,5,140,32.6,21.5,11.1,0.0,10.0
2023-05-21,Darwin,5,141,27.3,16.9,10.4,0.0,9.3
2023-05-22,Darwin,5,142,30.2,23.8,6.4,0.0,9.0
2023-05-23,Darwin,5,143,32.2,26.0,6.2,0.8,9.6
2023-05-24,Darwin,5,144,28.1,18.3,9.8,3.0,8.7
2023-05-25,Darwin,5,145,34.5,27.0,7.5,16.1,8.5
2023-05-26,Darwin,5,146,29.5,17.6,11.9,0.0,10.1
2023-05-27,Darwin,5,147,22.1,15.6,6.5,0.0,8.8
2023-05-28,Darwin,5,148,26.3,20.0,6.3,0.7,9.5
2023-05-29,Darwin,5,149,34.7,23.4,11.3,10.9,9.1
2023-05-30,Darwin,5,150,26.5,14.7,11.8,0.0,8.9
2023-05-31,Darwin,5,151,33.1,22.8,10.3,0.0,10.2
2023-06-01,Darwin,6,152,27.1,18.3,8.8,0.0,9.0
2023-06-02,Darwin,6,153,27.1,16.1,11.0,4.2,9.7
2023-06-03,Darwin,6,154,32.3,24.0,8.3,4.9,8.4
2023-06-04,Darwin,6,155,29.9,21.1,8.8,1.4,8.6
2023-06-05,Darwin,6,156,30.5,21.0,9.5,0.0,10.0
2023-06-06,Darwin,6,157,29.6,21.8,7.8,1.3,9.0
2023-06-07,Darwin,6,158,25.0,17.5,7.5,2.7,9.2
2023-06-08,Darwin,6,159,29.8,21.4,8.4,0.0,8.3
2023-06-09,Darwin,6,160,27.2,17.2,10.0,0.2,9.0
2023-06-10,Darwin,6,161,27.8,18.1,9.7,0.0,9.2
2023-06-11,Darwin,6,162,31.2,20.6,10.6,0.0,9.5
2023-06-12,Darwin,6,163,27.9,15.9,12.0,10.6,9.7
2023-06-13,Darwin,6,164,30.2,23.1,7.1,0.0,9.5
2023-06-14,Darwin,6,165,31.2,24.2,7.0,1.2,8.8
2023-06-15,Darwin,6,166,31.7,22.5,9.2,0.0,9.3
2023-06-16,Darwin,6,167,25.9,17.0,8.9,0.0,8.8
2023-06-17,Darwin,6,168,26.0,19.9,6.1,10.3,9.7
2023-06-18,Darwin,6,169,32.4,20.9,11.5,0.0,10.0
2023-06-19,Darwin,6,170,30.1,20.1,10.0,0.0,8.2
2023-06-20,Darwin,6,171,33.0,26.6,6.4,0.0,9.0
2023-06-21,Darwin,6,172,28.8,21.1,7.7,0.0,9.2
2023-06-22,Darwin,6,173,24.1,13.6,10.5,0.0,10.0
2023-06-23,Darwin,6,174,29.3,22.0,7.3,0.0,10.1
2023-06-24,Darwin,6,175,31.1,21.5,9.6,0.0,8.4
2023-06-25,Darwin,6,176,29.3,18.9,10.4,5.1,8.8
2023-06-26,Darwin,6,177,29.4,22.7,6.7,0.0,9.9
2023-06-27,Darwin,6,178,29.4,22.9,6.5,0.0,9.2
2023-06-28,Darwin,6,179,30.0,18.1,11.9,0.0,9.9
2023-06-29,Darwin,6,180,27.5,17.2,10.3,0.0,8.3
2023-06-30,Darwin,6,181,33.6,25.9,7.7,0.0,9.6
2023-07-01,Darwin,7,182,32.6,26.4,6.2,1.1,9.7
2023-07-02,Darwin,7,183,26.5,16.4,10.1,0.1,9.2
2023-07-03,Darwin,7,184,27.9,18.8,9.1,4.9,10.1
2023-07-04,Darwin,7,185,27.8,19.1,8.7,0.0,9.9
2023-07-05,Darwin,7,186,31.6,22.4,9.2,0.0,9.4
2023-07-06,Darwin,7,187,32.7,26.2,6.5,0.0,9.1
2023-07-07,Darwin,7,188,29.9,21.6,8.3,15.6,9.4
2023-07-08,Darwin,7,189,29.2,22.3,6.9,0.0,10.1
2023-07-09,Darwin,7,190,30.7,23.5,7.2,0.0,8.8
2023-07-10,Darwin,7,191,32.6,20.9,11.7,0.0,9.8
2023-07-11,Darwin,7,192,27.1,16.9,10.2,9.3,8.7
2023-07-12,Darwin,7,193,30.6,18.9,11.7,2.4,9.8
2023-07-13,Darwin,7,194,29.9,21.9,8.0,0.0,9.8
2023-07-14,Darwin,7,195,30.5,21.4,9.1,0.0,8.8
2023-07-15,Darwin,7,196,26.4,16.0,10.4,0.0,10.0
2023-07-16,Darwin,7,197,30.7,21.1,9.6,0.3,9.4
2023-07-17,Darwin,7,198,24.9,14.4,10.5,2.8,8.5
2023-07-18,Darwin,7,199,28.1,20.5,7.6,0.0,9.5
2023-07-19,Darwin,7,200,25.2,14.3,10.9,0.0,8.6
2023-07-20,Darwin,7,201,28.2,22.1,6.1,0.2,9.0
2023-07-21,Darwin,7,202,27.8,19.5,8.3,7.4,8.5
2023-07-22,Darwin,7,203,26.8,16.3,10.5,4.3,10.1
2023-07-23,Darwin,7,204,26.4,19.4,7.0,3.0,9.3
2023-07-24,Darwin,7,205,32.4,25.4,7.0,3.8,8.5
2023-07-25,Darwin,7,206,27.9,17.6,10.3,0.0,8.6
2023-07-26,Darwin,7,207,30.8,19.4,11.4,0.0,9.9
2023-07-27,Darwin,7,208,27.3,19.8,7.5,0.0,8.6
2023-07-28,Darwin,7,209,30.3,19.6,10.7,0.0,9.6
2023-07-29,Darwin,7,210,23.8,13.8,10.0,0.0,9.0
2023-07-30,Darwin,7,211,28.4,22.1,6.3,2.7,9.8
2023-07-31,Darwin,7,212,27.3,16.9,10.4,4.7,10.1
2023-08-01,Darwin,8,213,25.4,19.2,6.2,0.0,9.8
2023-08-02,Darwin,8,214,28.2,17.3,10.9,0.0,8.4
2023-08-03,Darwin,8,215,32.0,25.6,6.4,6.7,8.9
2023-08-04,Darwin,8,216,28.5,17.6,10.9,0.0,9.9
2023-08-05,Darwin,8,217,25.3,13.6,11.7,0.0,9.5
2023-08-06,Darwin,8,218,27.6,19.4,8.2,0.0,9.4
2023-08-07,Darwin,8,219,32.3,21.4,10.9,3.2,9.2
2023-08-08,Darwin,8,220,25.4,13.5,11.9,0.0,9.7
2023-08-09,Darwin,8,221,32.9,21.8,11.1,0.0,8.7
2023-08-10,Darwin,8,222,31.3,25.2,6.1,0.0,9.0
2023-08-11,Darwin,8,223,31.9,22.6,9.3,0.0,9.0
2023-08-12,Darwin,8,224,27.4,15.7,11.7,0.0,9.7
2023-08-13,Darwin,8,225,34.3,27.1,7.2,0.0,9.4
2023-08-14,Darwin,8,226,27.8,21.2,6.6,4.6,8.7
2023-08-15,Darwin,8,227,26.7,19.9,6.8,0.0,9.0
2023-08-16,Darwin,8,228,28.2,20.6,7.6,0.1,9.6
2023-08-17,Darwin,8,229,30.8,19.0,11.8,12.3,9.6
2023-08-18,Darwin,8,230,30.6,20.3,10.3,2.0,9.8
2023-08-19,Darwin,8,231,26.7,18.2,8.5,4.1,10.2
2023-08-20,Darwin,8,232,29.9,19.9,10.0,0.0,9.1
2023-08-21,Darwin,8,233,28.6,18.1,10.5,0.0,10.2
2023-08-22,Darwin,8,234,32.6,21.8,10.8,2.4,8.6
2023-08-23,Darwin,8,235,33.3,26.8,6.5,6.2,8.8
2023-08-24,Darwin,8,236,28.7,19.2,9.5,0.0,8.7
2023-08-25,Darwin,8,237,31.2,24.3,6.9,0.0,9.9
2023-08-26,Darwin,8,238,24.5,12.8,11.7,6.2,9.0
2023-08-27,Darwin,8,239,29.9,20.8,9.1,0.0,9.5
2023-08-28,Darwin,8,240,36.7,29.3,7.4,0.0,8.3
2023-08-29,Darwin,8,241,31.6,21.9,9.7,0.2,10.0
2023-08-30,Darwin,8,242,26.4,16.8,9.6,0.0,9.3
2023-08-31,Darwin,8,243,36.2,27.3,8.9,0.0,8.7
2023-09-01,Darwin,9,244,29.8,23.4,6.4,15.3,8.9
2023-09-02,Darwin,9,245,36.5,29.3,7.2,0.0,9.8
2023-09-03,Darwin,9,246,29.1,18.7,10.4,0.0,9.7
2023-09-04,Darwin,9,247,27.3,20.6,6.7,1.2,8.2
2023-09-05,Darwin,9,248,31.9,24.3,7.6,0.0,8.5
2023-09-06,Darwin,9,249,30.5,24.2,6.3,2.5,9.6
2023-09-07,Darwin,9,250,27.4,18.0,9.4,0.0,8.4
2023-09-08,Darwin,9,251,28.0,19.4,8.6,0.0,9.4
2023-09-09,Darwin,9,252,32.6,21.5,11.1,0.0,10.0
2023-09-10,Darwin,9,253,27.3,21.0,6.3,0.0,8.9
2023-09-11,Darwin,9,254,30.2,22.8,7.4,1.8,8.5
2023-09-12,Darwin,9,255,28.8,17.8,11.0,0.0,9.7
2023-09-13,Darwin,9,256,29.7,22.8,6.9,0.6,9.9
2023-09-14,Darwin,9,257,30.9,23.4,7.5,0.0,9.9
2023-09-15,Darwin,9,258,30.8,19.1,11.7,2.9,9.6
2023-09-16,Darwin,9,259,30.4,23.9,6.5,0.0,9.4
2023-09-17,Darwin,9,260,28.6,20.3,8.3,0.0,8.8
2023-09-18,Darwin,9,261,31.4,21.2,10.2,0.5,9.1
2023-09-19,Darwin,9,262,30.0,21.8,8.2,4.2,10.1
2023-09-20,Darwin,9,263,31.6,24.0,7.6,0.0,8.3
2023-09-21,Darwin,9,264,26.3,19.9,6.4,0.0,10.2
2023-09-22,Darwin,9,265,29.4,22.9,6.5,0.0,9.8
2023-09-23,Darwin,9,266,30.1,21.9,8.2,6.6,8.5
2023-09-24,Darwin,9,267,26.9,15.5,11.4,2.6,10.0
2023-09-25,Darwin,9,268,30.9,20.5,10.4,2.1,8.9
2023-09-26,Darwin,9,269,31.0,23.1,7.9,0.0,10.0
2023-09-27,Darwin,9,270,24.6,14.8,9.8,1.3,10.1
2023-09-28,Darwin,9,271,30.0,22.0,8.0,0.0,9.9
2023-09-29,Darwin,9,272,31.1,20.7,10.4,0.0,8.8
2023-09-30,Darwin,9,273,30.4,19.6,10.8,2.0,8.8
2023-10-01,Darwin,10,274,30.5,20.7,9.8,0.0,9.1
2023-10-02,Darwin,10,275,34.4,28.2,6.2,0.0,9.0
2023-10-03,Darwin,10,276,30.3,19.2,11.1,4.7,9.6
2023-10-04,Darwin,10,277,33.5,27.1,6.4,8.5,9.0
2023-10-05,Darwin,10,278,27.8,18.0,9.8,0.0,9.7
2023-10-06,Darwin,10,279,34.1,23.2,10.9,0.7,9.1
2023-10-07,Darwin,10,280,30.8,20.0,10.8,1.1,9.6
2023-10-08,Darwin,10,281,30.5,21.8,8.7,13.9,9.2
2023-10-09,Darwin,10,282,29.0,23.0,6.0,0.0,9.7
2023-10-10,Darwin,10,283,31.0,20.2,10.8,0.0,10.2
2023-10-11,Darwin,10,284,32.0,21.9,10.1,1.6,8.5
2023-10-12,Darwin,10,285,26.2,19.4,6.8,7.4,9.1
2023-10-13,Darwin,10,286,33.5,24.6,8.9,0.0,8.9
2023-10-14,Darwin,10,287,31.2,21.2,10.0,0.0,9.3
2023-10-15,Darwin,10,288,27.7,21.3,6.4,0.0,10.0
2023-10-16,Darwin,10,289,30.1,22.4,7.7,0.0,9.4
2023-10-17,Darwin,10,290,31.6,21.3,10.3,1.0,9.6
2023-10-18,Darwin,10,291,31.6,24.6,7.0,1.2,10.2
2023-10-19,Darwin,10,292,32.2,24.7,7.5,0.0,10.1
2023-10-20,Darwin,10,293,31.9,25.5,6.4,0.0,10.1
2023-10-21,Darwin,10,294,33.9,24.1,9.8,0.0,9.5
2023-10-22,Darwin,10,295,29.8,23.8,6.0,1.1,8.3
2023-10-23,Darwin,10,296,29.1,19.5,9.6,1.7,9.6
2023-10-24,Darwin,10,297,30.1,19.5,10.6,0.0,8.8
2023-10-25,Darwin,10,298,30.0,22.0,8.0,1.0,9.0
2023-10-26,Darwin,10,299,31.5,22.6,8.9,1.7,9.6
2023-10-27,Darwin,10,300,29.8,23.6,6.2,6.6,9.4
2023-10-28,Darwin,10,301,29.9,22.7,7.2,7.2,9.8
2023-10-29,Darwin,10,302,30.8,23.0,7.8,0.0,9.5
2023-10-30,Darwin,10,303,30.1,19.0,11.1,3.4,9.4
2023-10-31,Darwin,10,304,30.3,19.4,10.9,0.0,8.6
2023-11-01,Darwin,11,305,27.7,20.0,7.7,2.0,9.3
2023-11-02,Darwin,11,306,30.9,23.6,7.3,3.9,8.3
2023-11-03,Darwin,11,307,33.3,25.3,8.0,0.0,8.7
2023-11-04,Darwin,11,308,29.8,21.2,8.6,0.0,8.3
2023-11-05,Darwin,11,309,32.6,21.6,11.0,2.7,8.8
2023-11-06,Darwin,11,310,30.8,22.5,8.3,0.0,9.8
2023-11-07,Darwin,11,311,29.6,21.2,8.4,0.0,9.3
2023-11-08,Darwin,11,312,34.1,27.4,6.7,0.0,9.1
2023-11-09,Darwin,11,313,28.7,17.9,10.8,1.1,9.8
2023-11-10,Darwin,11,314,35.2,26.9,8.3,0.0,8.8
2023-11-11,Darwin,11,315,32.0,26.0,6.0,0.0,8.8
2023-11-12,Darwin,11,316,31.2,21.1,10.1,0.0,9.6
2023-11-13,Darwin,11,317,30.5,22.8,7.7,0.0,9.0
2023-11-14,Darwin,11,318,35.3,27.7,7.6,0.0,8.4
2023-11-15,Darwin,11,319,31.4,25.2,6.2,0.0,9.3
2023-11-16,Darwin,11,320,35.5,25.4,10.1,0.0,9.1
2023-11-17,Darwin,11,321,30.6,19.0,11.6,0.6,9.0
2023-11-18,Darwin,11,322,34.4,26.4,8.0,4.9,8.8
2023-11-19,Darwin,11,323,32.6,20.9,11.7,14.7,9.0
2023-11-20,Darwin,11,324,30.0,18.6,11.4,1.9,8.4
2023-11-21,Darwin,11,325,28.7,19.9,8.8,0.0,10.1
2023-11-22,Darwin,11,326,33.4,23.5,9.9,10.6,8.8
2023-11-23,Darwin,11,327,31.1,19.9,11.2,4.3,9.7
2023-11-24,Darwin,11,328,31.6,20.0,11.6,4.2,9.9
2023-11-25,Darwin,11,329,35.8,28.6,7.2,0.0,8.3
2023-11-26,Darwin,11,330,33.2,26.0,7.2,1.4,9.6
2023-11-27,Darwin,11,331,34.2,24.2,10.0,0.0,8.3
2023-11-28,Darwin,11,332,33.5,26.1,7.4,17.2,9.5
2023-11-29,Darwin,11,333,29.3,18.9,10.4,9.5,9.2
2023-11-30,Darwin,11,334,32.6,22.4,10.2,7.2,9.5
2023-12-01,Darwin,12,335,36.3,29.3,7.0,3.8,8.9
2023-12-02,Darwin,12,336,35.7,26.4,9.3,18.7,9.6
2023-12-03,Darwin,12,337,37.0,25.4,11.6,0.0,9.1
2023-12-04,Darwin,12,338,31.8,23.1,8.7,6.3,8.7
2023-12-05,Darwin,12,339,30.0,19.9,10.1,0.0,8.7
2023-12-06,Darwin,12,340,36.8,27.1,9.7,0.0,8.6
2023-12-07,Darwin,12,341,37.9,30.8,7.1,9.3,8.2
2023-12-08,Darwin,12,342,29.1,17.1,12.0,0.0,9.3
2023-12-09,Darwin,12,343,34.2,25.1,9.1,0.0,9.9
2023-12-10,Darwin,12,344,30.1,20.0,10.1,4.3,8.5
2023-12-11,Darwin,12,345,32.9,21.5,11.4,0.0,9.5
2023-12-12,Darwin,12,346,30.7,22.1,8.6,0.0,8.3
2023-12-13,Darwin,12,347,29.5,19.6,9.9,0.0,9.0
2023-12-14,Darwin,12,348,35.7,29.1,6.6,1.0,8.5
2023-12-15,Darwin,12,349,34.5,23.7,10.8,0.0,8.4
2023-12-16,Darwin,12,350,29.6,20.2,9.4,0.0,8.8
2023-12-17,Darwin,12,351,33.6,23.1,10.5,16.3,9.2
2023-12-18,Darwin,12,352,34.7,25.6,9.1,5.4,10.0
2023-12-19,Darwin,12,353,34.2,22.9,11.3,0.0,9.5
2023-12-20,Darwin,12,354,31.9,23.7,8.2,6.9,9.3
2023-12-21,Darwin,12,355,32.8,20.9,11.9,1.1,9.2
2023-12-22,Darwin,12,356,34.1,25.4,8.7,0.0,9.7
2023-12-23,Darwin,12,357,31.6,23.8,7.8,0.0,8.8
2023-12-24,Darwin,12,358,33.6,22.3,11.3,0.0,9.1
2023-12-25,Darwin,12,359,35.9,25.5,10.4,0.0,8.9
2023-12-26,Darwin,12,360,36.0,29.3,6.7,0.0,8.6
2023-12-27,Darwin,12,361,32.7,21.6,11.1,0.0,10.2
2023-12-28,Darwin,12,362,33.9,23.4,10.5,0.0,9.7
2023-12-29,Darwin,12,363,34.6,24.8,9.8,3.5,8.8
2023-12-30,Darwin,12,364,32.3,23.9,8.4,0.0,9.6
2023-12-31,Darwin,12,365,31.6,20.0,11.6,0.0,8.3
2024-01-01,Darwin,1,1,34.1,25.4,8.7,0.0,9.1
2024-01-02,Darwin,1,2,32.2,24.3,7.9,0.0,10.0
2024-01-03,Darwin,1,3,38.0,28.3,9.7,0.0,9.8
2024-01-04,Darwin,1,4,35.1,23.8,11.3,0.0,10.0
2024-01-05,Darwin,1,5,33.3,24.6,8.7,0.0,8.3
2024-01-06,Darwin,1,6,31.5,21.2,10.3,0.0,8.9
2024-01-07,Darwin,1,7,31.5,23.8,7.7,0.0,8.6
2024-01-08,Darwin,1,8,34.1,23.3,10.8,0.0,8.4
2024-01-09,Darwin,1,9,28.5,17.4,11.1,0.0,9.3
2024-01-10,Darwin,1,10,34.5,25.5,9.0,0.0,9.3
2024-01-11,Darwin,1,11,33.3,25.9,7.4,4.6,10.1
2024-01-12,Darwin,1,12,33.4,24.2,9.2,10.4,9.1
2024-01-13,Darwin,1,13,30.9,21.1,9.8,0.0,8.6
2024-01-14,Darwin,1,14,30.9,23.2,7.7,9.8,9.7
2024-01-15,Darwin,1,15,35.0,23.3,11.7,0.0,8.7
2024-01-16,Darwin,1,16,33.3,22.6,10.7,0.0,8.6
2024-01-17,Darwin,1,17,33.2,24.3,8.9,0.0,9.1
2024-01-18,Darwin,1,18,33.4,23.8,9.6,0.0,8.4
2024-01-19,Darwin,1,19,35.6,27.3,8.3,0.1,8.6
2024-01-20,Darwin,1,20,31.3,22.8,8.5,1.7,9.6
2024-01-21,Darwin,1,21,35.8,29.7,6.1,0.0,9.8
2024-01-22,Darwin,1,22,30.3,22.1,8.2,0.0,9.8
2024-01-23,Darwin,1,23,35.9,27.5,8.4,0.0,8.9
2024-01-24,Darwin,1,24,32.8,24.5,8.3,0.0,9.0
2024-01-25,Darwin,1,25,28.0,19.7,8.3,2.4,8.2
2024-01-26,Darwin,1,26,32.0,20.1,11.9,3.4,8.7
2024-01-27,Darwin,1,27,38.0,27.0,11.0,10.4,9.0
2024-01-28,Darwin,1,28,33.1,23.5,9.6,0.0,9.6
2024-01-29,Darwin,1,29,33.0,22.7,10.3,1.8,9.8
2024-01-30,Darwin,1,30,34.0,22.7,11.3,0.0,9.4
2024-01-31,Darwin,1,31,38.3,32.2,6.1,0.0,8.9
2024-02-01,Darwin,2,32,30.9,20.6,10.3,24.6,9.8
2024-02-02,Darwin,2,33,32.1,24.1,8.0,2.0,8.6
2024-02-03,Darwin,2,34,32.0,25.0,7.0,0.0,8.6
2024-02-04,Darwin,2,35,35.9,28.4,7.5,0.0,8.3
2024-02-05,Darwin,2,36,28.7,19.0,9.7,0.0,8.5
2024-02-06,Darwin,2,37,35.4,27.5,7.9,0.0,9.2
2024-02-07,Darwin,2,38,30.8,23.8,7.0,0.0,8.2
2024-02-08,Darwin,2,39,33.9,27.4,6.5,0.0,8.6
2024-02-09,Darwin,2,40,31.1,22.3,8.8,1.5,8.7
2024-02-10,Darwin,2,41,32.5,25.9,6.6,2.8,9.0
2024-02-11,Darwin,2,42,30.5,22.9,7.6,0.0,8.5
2024-02-12,Darwin,2,43,31.8,24.1,7.7,1.8,9.7
2024-02-13,Darwin,2,44,33.3,21.4,11.9,5.4,9.7
2024-02-14,Darwin,2,45,28.5,18.6,9.9,0.0,10.1
2024-02-15,Darwin,2,46,33.5,22.4,11.1,10.7,9.0
2024-02-16,Darwin,2,47,35.8,26.0,9.8,0.0,8.9
2024-02-17,Darwin,2,48,34.4,24.2,10.2,0.0,8.4
2024-02-18,Darwin,2,49,33.8,24.0,9.8,0.0,9.3
2024-02-19,Darwin,2,50,32.4,25.0,7.4,0.3,9.2
2024-02-20,Darwin,2,51,30.4,22.3,8.1,0.0,9.4
2024-02-21,Darwin,2,52,33.2,26.0,7.2,3.3,9.6
2024-02-22,Darwin,2,53,32.4,21.6,10.8,1.8,8.3
2024-02-23,Darwin,2,54,32.1,22.3,9.8,0.0,9.4
2024-02-24,Darwin,2,55,36.5,26.2,10.3,5.6,8.9
2024-02-25,Darwin,2,56,33.3,24.2,9.1,2.9,10.1
2024-02-26,Darwin,2,57,34.0,22.5,11.5,0.0,8.5
2024-02-27,Darwin,2,58,33.1,26.5,6.6,0.0,8.6
2024-02-28,Darwin,2,59,34.5,23.3,11.2,0.0,8.2
2024-02-29,Darwin,2,60,33.3,23.9,9.4,4.1,8.6
2024-03-01,Darwin,3,61,28.6,21.2,7.4,12.7,9.8
2024-03-02,Darwin,3,62,31.7,23.1,8.6,1.9,9.8
2024-03-03,Darwin,3,63,29.7,22.4,7.3,0.0,9.3
2024-03-04,Darwin,3,64,36.6,26.7,9.9,0.0,9.5
2024-03-05,Darwin,3,65,33.5,26.6,6.9,5.4,8.7
2024-03-06,Darwin,3,66,30.2,23.8,6.4,0.0,8.6
2024-03-07,Darwin,3,67,35.0,27.8,7.2,0.0,9.3
2024-03-08,Darwin,3,68,30.6,20.5,10.1,2.7,9.7
2024-03-09,Darwin,3,69,34.4,26.3,8.1,7.0,10.0
2024-03-10,Darwin,3,70,38.1,31.1,7.0,0.0,8.7
2024-03-11,Darwin,3,71,31.5,22.8,8.7,5.0,8.8
2024-03-12,Darwin,3,72,34.1,26.4,7.7,0.0,8.5
2024-03-13,Darwin,3,73,33.3,24.8,8.5,0.3,8.6
2024-03-14,Darwin,3,74,30.7,24.4,6.3,0.0,8.2
2024-03-15,Darwin,3,75,32.6,24.1,8.5,0.0,9.4
2024-03-16,Darwin,3,76,36.2,27.0,9.2,0.0,9.6
2024-03-17,Darwin,3,77,31.2,19.2,12.0,0.0,9.0
2024-03-18,Darwin,3,78,34.5,23.2,11.3,0.1,10.1
2024-03-19,Darwin,3,79,33.4,25.7,7.7,0.0,9.4
2024-03-20,Darwin,3,80,31.7,20.7,11.0,11.6,9.9
2024-03-21,Darwin,3,81,30.2,23.7,6.5,2.4,9.4
2024-03-22,Darwin,3,82,30.3,19.4,10.9,0.0,9.6
2024-03-23,Darwin,3,83,33.5,27.3,6.2,0.0,10.1
2024-03-24,Darwin,3,84,34.9,23.0,11.9,0.0,9.0
2024-03-25,Darwin,3,85,36.5,28.1,8.4,0.0,9.1
2024-03-26,Darwin,3,86,29.7,22.0,7.7,0.0,8.6
2024-03-27,Darwin,3,87,32.0,22.2,9.8,0.0,9.0
2024-03-28,Darwin,3,88,35.5,27.1,8.4,0.0,9.9
2024-03-29,Darwin,3,89,34.3,25.7,8.6,0.0,9.9
2024-03-30,Darwin,3,90,32.8,25.4,7.4,0.0,8.3
2024-03-31,Darwin,3,91,38.2,27.2,11.0,0.0,9.9
2024-04-01,Darwin,4,92,31.9,20.5,11.4,0.0,8.5
2024-04-02,Darwin,4,93,27.1,17.0,10.1,0.0,9.5
2024-04-03,Darwin,4,94,31.2,20.0,11.2,17.7,9.5
2024-04-04,Darwin,4,95,26.7,20.0,6.7,0.0,8.4
2024-04-05,Darwin,4,96,29.4,21.2,8.2,0.0,8.6
2024-04-06,Darwin,4,97,27.2,18.6,8.6,0.0,8.3
2024-04-07,Darwin,4,98,30.2,19.1,11.1,3.7,8.8
2024-04-08,Darwin,4,99,29.9,18.7,11.2,0.0,10.0
2024-04-09,Darwin,4,100,25.6,17.2,8.4,0.0,9.9
2024-04-10,Darwin,4,101,30.0,20.2,9.8,0.0,9.7
2024-04-11,Darwin,4,102,30.7,19.6,11.1,0.0,8.9
2024-04-12,Darwin,4,103,32.7,24.7,8.0,0.0,9.4
2024-04-13,Darwin,4,104,33.3,26.7,6.6,2.1,9.1
2024-04-14,Darwin,4,105,31.6,20.5,11.1,1.5,9.3
2024-04-15,Darwin,4,106,29.7,23.0,6.7,0.0,9.5
2024-04-16,Darwin,4,107,26.9,16.5,10.4,5.3,8.3
2024-04-17,Darwin,4,108,30.4,24.0,6.4,0.0,8.5
2024-04-18,Darwin,4,109,27.4,20.9,6.5,0.0,10.0
2024-04-19,Darwin,4,110,30.7,23.3,7.4,11.3,9.5
2024-04-20,Darwin,4,111,30.6,24.1,6.5,2.5,9.4
2024-04-21,Darwin,4,112,31.2,19.3,11.9,0.0,9.1
2024-04-22,Darwin,4,113,28.1,21.2,6.9,0.0,8.6
2024-04-23,Darwin,4,114,32.8,25.6,7.2,0.0,9.3
2024-04-24,Darwin,4,115,27.2,15.5,11.7,0.0,8.5
2024-04-25,Darwin,4,116,29.2,18.1,11.1,0.0,10.2
2024-04-26,Darwin,4,117,33.3,24.5,8.8,0.0,10.2
2024-04-27,Darwin,4,118,31.2,22.6,8.6,2.5,10.0
2024-04-28,Darwin,4,119,36.2,25.0,11.2,2.6,9.9
2024-04-29,Darwin,4,120,30.7,19.3,11.4,0.0,10.2
2024-04-30,Darwin,4,121,29.8,19.4,10.4,0.0,8.5
2024-05-01,Darwin,5,122,31.2,24.0,7.2,0.0,8.5
2024-05-02,Darwin,5,123,29.7,20.2,9.5,0.0,9.9
2024-05-03,Darwin,5,124,26.0,16.7,9.3,0.9,8.6
2024-05-04,Darwin,5,125,26.5,17.9,8.6,0.0,9.2
2024-05-05,Darwin,5,126,29.5,22.1,7.4,0.0,9.5
2024-05-06,Darwin,5,127,27.7,19.0,8.7,0.0,9.6
2024-05-07,Darwin,5,128,27.6,18.2,9.4,6.6,9.3
2024-05-08,Darwin,5,129,33.8,27.7,6.1,14.6,8.7
2024-05-09,Darwin,5,130,28.3,21.5,6.8,6.7,10.0
2024-05-10,Darwin,5,131,20.6,8.6,12.0,0.8,10.1
2024-05-11,Darwin,5,132,26.9,18.0,8.9,4.2,8.8
2024-05-12,Darwin,5,133,26.6,17.9,8.7,0.0,9.6
2024-05-13,Darwin,5,134,28.8,19.9,8.9,0.0,9.5
2024-05-14,Darwin,5,135,26.6,16.2,10.4,8.6,10.1
2024-05-15,Darwin,5,136,28.2,21.7,6.5,3.6,10.0
2024-05-16,Darwin,5,137,31.4,20.8,10.6,7.3,8.6
2024-05-17,Darwin,5,138,28.4,19.0,9.4,0.0,9.6
2024-05-18,Darwin,5,139,29.1,23.1,6.0,0.0,9.1
2024-05-19,Darwin,5,140,30.1,22.3,7.8,0.0,9.3
2024-05-20,Darwin,5,141,29.0,20.7,8.3,0.3,9.7
2024-05-21,Darwin,5,142,34.8,26.6,8.2,6.7,9.1
2024-05-22,Darwin,5,143,32.1,22.9,9.2,0.0,9.4
2024-05-23,Darwin,5,144,29.3,21.9,7.4,0.0,10.0
2024-05-24,Darwin,5,145,30.9,19.1,11.8,0.0,8.4
2024-05-25,Darwin,5,146,27.6,20.7,6.9,0.0,9.3
2024-05-26,Darwin,5,147,25.2,15.3,9.9,0.0,8.6
2024-05-27,Darwin,5,148,29.9,22.4,7.5,0.0,8.5
2024-05-28,Darwin,5,149,26.8,16.4,10.4,0.0,8.6
2024-05-29,Darwin,5,150,32.2,25.6,6.6,0.0,10.2
2024-05-30,Darwin,5,151,32.0,20.3,11.7,0.0,9.3
2024-05-31,Darwin,5,152,33.1,27.1,6.0,0.0,9.5
2024-06-01,Darwin,6,153,28.1,17.8,10.3,0.0,10.1
2024-06-02,Darwin,6,154,26.8,18.3,8.5,0.0,9.6
2024-06-03,Darwin,6,155,27.5,21.2,6.3,0.0,9.7
2024-06-04,Darwin,6,156,28.8,18.3,10.5,0.6,8.4
2024-06-05,Darwin,6,157,26.8,18.3,8.5,0.0,9.7
2024-06-06,Darwin,6,158,32.9,24.8,8.1,0.0,9.6
2024-06-07,Darwin,6,159,28.1,20.9,7.2,0.0,8.4
2024-06-08,Darwin,6,160,36.0,26.2,9.8,2.2,8.5
2024-06-09,Darwin,6,161,30.1,18.5,11.6,0.0,10.0
2024-06-10,Darwin,6,162,30.7,21.7,9.0,0.0,9.3
2024-06-11,Darwin,6,163,24.9,17.3,7.6,2.5,8.9
2024-06-12,Darwin,6,164,28.6,22.6,6.0,0.0,8.3
2024-06-13,Darwin,6,165,25.5,18.4,7.1,0.0,8.4
2024-06-14,Darwin,6,166,32.1,24.1,8.0,0.1,9.3
2024-06-15,Darwin,6,167,29.0,18.4,10.6,0.0,8.8
2024-06-16,Darwin,6,168,22.9,14.9,8.0,0.0,8.9
2024-06-17,Darwin,6,169,28.8,22.7,6.1,5.8,9.5
2024-06-18,Darwin,6,170,30.3,18.9,11.4,0.0,9.3
2024-06-19,Darwin,6,171,30.0,19.6,10.4,0.0,8.4
2024-06-20,Darwin,6,172,27.4,19.6,7.8,0.0,10.2
2024-06-21,Darwin,6,173,30.6,22.4,8.2,0.0,10.0
2024-06-22,Darwin,6,174,29.1,19.3,9.8,1.8,9.7
2024-06-23,Darwin,6,175,29.1,20.1,9.0,0.0,9.9
2024-06-24,Darwin,6,176,25.3,13.7,11.6,2.1,9.8
2024-06-25,Darwin,6,177,27.9,17.3,10.6,0.0,10.1
2024-06-26,Darwin,6,178,25.1,13.4,11.7,4.0,9.2
2024-06-27,Darwin,6,179,27.2,19.6,7.6,0.0,10.2
2024-06-28,Darwin,6,180,31.3,20.2,11.1,4.5,9.1
2024-06-29,Darwin,6,181,26.8,19.0,7.8,11.5,9.0
2024-06-30,Darwin,6,182,29.8,19.1,10.7,12.8,8.9
2024-07-01,Darwin,7,183,27.7,20.0,7.7,2.1,9.1
2024-07-02,Darwin,7,184,29.4,21.8,7.6,0.0,9.6
2024-07-03,Darwin,7,185,30.2,18.4,11.8,0.0,9.0
2024-07-04,Darwin,7,186,26.8,16.1,10.7,0.0,9.6
2024-07-05,Darwin,7,187,31.5,20.4,11.1,0.1,10.0
2024-07-06,Darwin,7,188,28.3,16.5,11.8,0.0,8.4
2024-07-07,Darwin,7,189,29.7,21.7,8.0,0.0,8.9
2024-07-08,Darwin,7,190,29.4,18.3,11.1,10.0,8.2
2024-07-09,Darwin,7,191,31.9,22.5,9.4,0.0,9.3
2024-07-10,Darwin,7,192,25.9,16.7,9.2,0.0,9.6
2024-07-11,Darwin,7,193,29.1,18.3,10.8,0.0,9.3
2024-07-12,Darwin,7,194,30.9,24.0,6.9,1.0,9.7
2024-07-13,Darwin,7,195,28.4,20.2,8.2,4.3,9.0
2024-07-14,Darwin,7,196,27.3,21.1,6.2,15.7,8.8
2024-07-15,Darwin,7,197,29.8,19.3,10.5,0.0,8.9
2024-07-16,Darwin,7,198,27.8,20.9,6.9,0.0,8.3
2024-07-17,Darwin,7,199,27.2,18.4,8.8,0.0,9.8
2024-07-18,Darwin,7,200,29.8,21.4,8.4,0.0,9.4
2024-07-19,Darwin,7,201,30.2,23.3,6.9,0.0,8.3
2024-07-20,Darwin,7,202,28.4,20.7,7.7,9.5,8.8
2024-07-21,Darwin,7,203,26.8,17.1,9.7,0.0,9.9
2024-07-22,Darwin,7,204,29.9,18.6,11.3,0.0,9.5
2024-07-23,Darwin,7,205,28.9,19.4,9.5,0.0,9.5
2024-07-24,Darwin,7,206,26.9,15.0,11.9,0.0,9.0
2024-07-25,Darwin,7,207,32.8,25.6,7.2,0.0,10.0
2024-07-26,Darwin,7,208,33.3,27.0,6.3,0.0,8.7
2024-07-27,Darwin,7,209,27.5,15.9,11.6,0.0,8.5
2024-07-28,Darwin,7,210,30.6,20.3,10.3,0.0,10.0
2024-07-29,Darwin,7,211,26.6,20.5,6.1,1.7,9.1
2024-07-30,Darwin,7,212,29.1,19.0,10.1,0.0,8.9
2024-07-31,Darwin,7,213,34.1,27.1,7.0,0.0,8.3
2024-08-01,Darwin,8,214,31.4,20.6,10.8,1.9,9.9
2024-08-02,Darwin,8,215,29.7,22.8,6.9,0.0,9.8
2024-08-03,Darwin,8,216,25.5,15.7,9.8,0.0,8.4
2024-08-04,Darwin,8,217,26.3,17.5,8.8,0.0,8.9
2024-08-05,Darwin,8,218,31.3,24.8,6.5,0.0,8.9
2024-08-06,Darwin,8,219,31.1,22.4,8.7,4.3,8.5
2024-08-07,Darwin,8,220,25.2,15.5,9.7,3.8,8.6
2024-08-08,Darwin,8,221,26.0,19.9,6.1,0.0,9.5
2024-08-09,Darwin,8,222,32.9,24.5,8.4,1.0,8.5
2024-08-10,Darwin,8,223,28.3,21.1,7.2,0.0,8.7
2024-08-11,Darwin,8,224,27.5,18.0,9.5,0.0,9.6
2024-08-12,Darwin,8,225,30.5,22.3,8.2,0.5,8.3
2024-08-13,Darwin,8,226,32.7,20.9,11.8,0.0,9.6
2024-08-14,Darwin,8,227,29.6,19.5,10.1,0.0,8.6
2024-08-15,Darwin,8,228,31.2,24.1,7.1,0.3,10.1
2024-08-16,Darwin,8,229,26.7,18.5,8.2,0.0,9.3
2024-08-17,Darwin,8,230,25.4,13.4,12.0,5.7,10.0
2024-08-18,Darwin,8,231,28.3,16.7,11.6,0.0,8.5
2024-08-19,Darwin,8,232,31.1,22.6,8.5,0.0,9.0
2024-08-20,Darwin,8,233,33.6,23.6,10.0,0.0,9.6
2024-08-21,Darwin,8,234,35.6,27.5,8.1,11.4,8.8
2024-08-22,Darwin,8,235,32.6,21.2,11.4,0.0,8.7
2024-08-23,Darwin,8,236,31.1,19.9,11.2,0.0,8.9
2024-08-24,Darwin,8,237,29.0,17.6,11.4,0.0,9.5
2024-08-25,Darwin,8,238,29.9,22.7,7.2,1.1,8.3
2024-08-26,Darwin,8,239,27.6,17.1,10.5,0.0,9.9
2024-08-27,Darwin,8,240,32.8,26.6,6.2,2.5,9.8
2024-08-28,Darwin,8,241,29.3,18.0,11.3,0.0,9.3
2024-08-29,Darwin,8,242,32.0,20.6,11.4,0.0,9.4
2024-08-30,Darwin,8,243,31.0,23.0,8.0,0.0,10.0
2024-08-31,Darwin,8,244,34.0,27.8,6.2,3.7,9.4
2024-09-01,Darwin,9,245,27.9,21.1,6.8,0.9,9.6
2024-09-02,Darwin,9,246,29.1,17.8,11.3,6.6,8.7
2024-09-03,Darwin,9,247,26.4,15.2,11.2,5.4,9.9
2024-09-04,Darwin,9,248,31.8,24.1,7.7,0.0,8.2
2024-09-05,Darwin,9,249,29.7,20.3,9.4,0.0,8.8
2024-09-06,Darwin,9,250,27.5,18.1,9.4,1.5,9.7
2024-09-07,Darwin,9,251,32.1,23.5,8.6,0.0,8.3
2024-09-08,Darwin,9,252,28.4,20.6,7.8,3.7,9.4
2024-09-09,Darwin,9,253,28.2,17.2,11.0,0.0,9.6
2024-09-10,Darwin,9,254,28.4,17.3,11.1,6.3,8.9
2024-09-11,Darwin,9,255,29.4,23.1,6.3,3.3,9.8
2024-09-12,Darwin,9,256,27.9,19.9,8.0,5.0,8.2
2024-09-13,Darwin,9,257,32.0,25.1,6.9,0.6,8.8
2024-09-14,Darwin,9,258,29.4,20.3,9.1,5.4,9.2
2024-09-15,Darwin,9,259,32.7,23.4,9.3,1.5,8.9
2024-09-16,Darwin,9,260,33.6,23.2,10.4,0.0,8.9
2024-09-17,Darwin,9,261,32.8,23.8,9.0,0.0,8.3
2024-09-18,Darwin,9,262,26.9,19.8,7.1,2.1,9.7
2024-09-19,Darwin,9,263,31.7,25.4,6.3,3.9,8.6
2024-09-20,Darwin,9,264,31.4,19.7,11.7,0.0,8.7
2024-09-21,Darwin,9,265,32.2,21.5,10.7,0.0,9.6
2024-09-22,Darwin,9,266,30.3,21.0,9.3,16.8,8.5
2024-09-23,Darwin,9,267,27.5,21.1,6.4,5.0,8.3
2024-09-24,Darwin,9,268,26.2,17.7,8.5,0.0,8.8
2024-09-25,Darwin,9,269,31.2,24.6,6.6,0.0,8.9
2024-09-26,Darwin,9,270,31.8,21.6,10.2,2.9,9.3
2024-09-27,Darwin,9,271,30.6,21.4,9.2,1.4,10.2
2024-09-28,Darwin,9,272,29.6,23.2,6.4,0.0,9.2
2024-09-29,Darwin,9,273,33.1,21.8,11.3,0.0,8.6
2024-09-30,Darwin,9,274,26.6,16.5,10.1,0.0,9.6
2024-10-01,Darwin,10,275,30.4,21.6,8.8,0.0,8.3
2024-10-02,Darwin,10,276,31.3,20.6,10.7,5.7,9.7
2024-10-03,Darwin,10,277,31.9,24.0,7.9,0.0,8.5
2024-10-04,Darwin,10,278,35.6,25.2,10.4,10.5,9.9
2024-10-05,Darwin,10,279,27.9,18.0,9.9,0.0,8.3
2024-10-06,Darwin,10,280,31.4,23.2,8.2,3.2,9.5
2024-10-07,Darwin,10,281,27.2,18.8,8.4,0.0,9.2
2024-10-08,Darwin,10,282,27.9,16.2,11.7,0.0,9.8
2024-10-09,Darwin,10,283,34.5,26.9,7.6,0.0,9.9
2024-10-10,Darwin,10,284,34.0,22.5,11.5,2.6,8.8
2024-10-11,Darwin,10,285,32.6,25.7,6.9,3.1,10.1
2024-10-12,Darwin,10,286,34.1,23.9,10.2,0.0,9.7
2024-10-13,Darwin,10,287,30.1,18.6,11.5,5.7,9.0
2024-10-14,Darwin,10,288,31.6,23.7,7.9,0.0,8.3
2024-10-15,Darwin,10,289,35.4,25.5,9.9,0.0,10.1
2024-10-16,Darwin,10,290,31.6,23.9,7.7,0.0,9.8
2024-10-17,Darwin,10,291,30.1,20.5,9.6,4.0,9.4
2024-10-18,Darwin,10,292,29.6,18.8,10.8,0.0,9.7
2024-10-19,Darwin,10,293,28.5,18.9,9.6,0.6,9.8
2024-10-20,Darwin,10,294,32.0,22.5,9.5,6.2,8.9
2024-10-21,Darwin,10,295,28.9,19.1,9.8,1.0,9.2
2024-10-22,Darwin,10,296,31.3,19.6,11.7,0.0,9.8
2024-10-23,Darwin,10,297,29.3,19.2,10.1,0.0,9.8
2024-10-24,Darwin,10,298,32.6,24.4,8.2,0.0,9.0
2024-10-25,Darwin,10,299,29.6,21.0,8.6,0.9,9.4
2024-10-26,Darwin,10,300,33.5,27.2,6.3,0.0,9.2
2024-10-27,Darwin,10,301,31.7,21.1,10.6,0.4,8.6
2024-10-28,Darwin,10,302,32.9,21.9,11.0,0.0,8.5
2024-10-29,Darwin,10,303,31.1,23.2,7.9,0.0,10.2
2024-10-30,Darwin,10,304,30.4,21.8,8.6,12.3,9.8
2024-10-31,Darwin,10,305,34.8,27.1,7.7,2.5,10.1
2024-11-01,Darwin,11,306,35.2,25.4,9.8,0.0,9.8
2024-11-02,Darwin,11,307,29.8,19.2,10.6,6.2,9.9
2024-11-03,Darwin,11,308,29.8,22.0,7.8,0.0,8.9
2024-11-04,Darwin,11,309,31.3,21.7,9.6,0.0,9.0
2024-11-05,Darwin,11,310,31.5,22.5,9.0,0.0,8.6
2024-11-06,Darwin,11,311,33.2,24.3,8.9,8.6,8.8
2024-11-07,Darwin,11,312,30.9,22.1,8.8,0.0,10.1
2024-11-08,Darwin,11,313,32.2,22.2,10.0,0.0,8.7
2024-11-09,Darwin,11,314,31.9,22.6,9.3,0.0,10.2
2024-11-10,Darwin,11,315,27.3,20.0,7.3,11.4,9.1
2024-11-11,Darwin,11,316,30.3,20.9,9.4,0.0,8.8
2024-11-12,Darwin,11,317,30.1,21.2,8.9,7.8,10.2
2024-11-13,Darwin,11,318,30.7,20.4,10.3,0.0,10.0
2024-11-14,Darwin,11,319,34.3,23.7,10.6,0.9,8.3
2024-11-15,Darwin,11,320,29.8,22.7,7.1,0.0,9.7
2024-11-16,Darwin,11,321,32.2,22.2,10.0,0.0,8.5
2024-11-17,Darwin,11,322,30.2,22.3,7.9,0.0,9.1
2024-11-18,Darwin,11,323,36.8,26.1,10.7,0.0,9.2
2024-11-19,Darwin,11,324,31.0,20.2,10.8,3.8,9.2
2024-11-20,Darwin,11,325,32.7,21.7,11.0,0.0,9.3
2024-11-21,Darwin,11,326,33.8,26.3,7.5,0.0,8.4
2024-11-22,Darwin,11,327,30.4,23.8,6.6,0.0,9.0
2024-11-23,Darwin,11,328,34.4,23.5,10.9,1.7,8.7
2024-11-24,Darwin,11,329,30.6,22.6,8.0,2.4,9.5
2024-11-25,Darwin,11,330,32.3,23.2,9.1,0.0,9.6
2024-11-26,Darwin,11,331,36.4,29.3,7.1,6.9,9.3
2024-11-27,Darwin,11,332,32.9,24.9,8.0,0.2,9.9
2024-11-28,Darwin,11,333,32.1,20.8,11.3,0.0,8.6
2024-11-29,Darwin,11,334,33.1,26.1,7.0,0.0,10.1
2024-11-30,Darwin,11,335,33.5,22.6,10.9,0.0,9.8
2024-12-01,Darwin,12,336,34.1,27.7,6.4,0.0,8.4
2024-12-02,Darwin,12,337,27.5,20.7,6.8,0.1,8.4
2024-12-03,Darwin,12,338,30.9,23.8,7.1,1.2,8.8
2024-12-04,Darwin,12,339,33.9,24.3,9.6,0.1,8.6
2024-12-05,Darwin,12,340,30.8,21.7,9.1,4.2,8.5
2024-12-06,Darwin,12,341,30.2,20.2,10.0,0.0,9.8
2024-12-07,Darwin,12,342,33.3,24.7,8.6,0.0,8.3
2024-12-08,Darwin,12,343,32.2,22.6,9.6,0.0,8.4
2024-12-09,Darwin,12,344,31.6,20.9,10.7,0.0,9.5
2024-12-10,Darwin,12,345,32.7,25.6,7.1,24.6,10.0
2024-12-11,Darwin,12,346,27.6,16.9,10.7,0.0,8.5
2024-12-12,Darwin,12,347,33.4,25.7,7.7,0.0,9.0
2024-12-13,Darwin,12,348,29.3,18.5,10.8,3.1,8.4
2024-12-14,Darwin,12,349,36.0,28.6,7.4,0.0,8.3
2024-12-15,Darwin,12,350,35.0,23.1,11.9,0.0,9.1
2024-12-16,Darwin,12,351,36.1,25.9,10.2,0.0,8.3
2024-12-17,Darwin,12,352,31.2,24.3,6.9,0.0,10.0
2024-12-18,Darwin,12,353,32.7,26.0,6.7,0.6,8.9
2024-12-19,Darwin,12,354,33.4,24.4,9.0,2.8,9.7
2024-12-20,Darwin,12,355,34.4,25.6,8.8,0.3,9.4
2024-12-21,Darwin,12,356,31.8,20.9,10.9,0.8,9.3
2024-12-22,Darwin,12,357,29.5,21.3,8.2,0.0,9.7
2024-12-23,Darwin,12,358,30.0,18.1,11.9,0.0,9.1
2024-12-24,Darwin,12,359,28.7,20.2,8.5,0.0,10.1
2024-12-25,Darwin,12,360,27.8,19.1,8.7,0.0,10.1
2024-12-26,Darwin,12,361,36.0,25.1,10.9,0.0,10.2
2024-12-27,Darwin,12,362,29.5,20.9,8.6,0.3,8.6
2024-12-28,Darwin,12,363,35.6,23.9,11.7,0.0,9.4
2024-12-29,Darwin,12,364,31.3,21.4,9.9,6.0,9.8
2024-12-30,Darwin,12,365,28.6,18.5,10.1,0.6,9.3
2024-12-31,Darwin,12,366,31.8,24.5,7.3,0.0,9.9
